chainage_m,x_utm45,y_utm45,lon,lat,elev_m
0,354347.8,3128103.6,85.51499,28.27088,5622.4
42,354317.8,3128133.6,85.51468,28.27115,5562.7
85,354287.8,3128163.6,85.51437,28.27141,5481.8
127,354257.8,3128193.6,85.51406,28.27168,5373.2
170,354227.8,3128223.6,85.51375,28.27195,5284.8
212,354197.8,3128253.6,85.51344,28.27221,5169.2
255,354167.8,3128283.6,85.51313,28.27248,5049.3
297,354137.8,3128313.6,85.51282,28.27275,4968.7
339,354107.8,3128343.6,85.51251,28.27302,4910.8
382,354077.8,3128373.6,85.51220,28.27328,4863.2
424,354047.8,3128403.6,85.51190,28.27355,4827.7
467,354017.8,3128433.6,85.51159,28.27382,4796.8
497,354017.8,3128463.6,85.51158,28.27409,4773.9
527,354017.8,3128493.6,85.51158,28.27436,4750.6
569,353987.8,3128523.6,85.51127,28.27463,4725.8
599,353987.8,3128553.6,85.51126,28.27490,4703.8
642,354017.8,3128583.6,85.51157,28.27517,4684.1
684,353987.8,3128613.6,85.51126,28.27544,4660.5
714,353987.8,3128643.6,85.51125,28.27571,4636.8
744,353987.8,3128673.6,85.51125,28.27598,4618.0
774,353987.8,3128703.6,85.51125,28.27625,4599.7
816,353957.8,3128733.6,85.51094,28.27652,4575.9
846,353957.8,3128763.6,85.51093,28.27679,4548.9
889,353987.8,3128793.6,85.51123,28.27706,4519.5
931,354017.8,3128823.6,85.51154,28.27734,4481.2
974,354047.8,3128853.6,85.51184,28.27761,4448.6
1016,354077.8,3128883.6,85.51214,28.27789,4420.9
1059,354107.8,3128913.6,85.51244,28.27816,4400.7
1101,354137.8,3128943.6,85.51274,28.27843,4374.7
1143,354167.8,3128973.6,85.51305,28.27871,4351.5
1186,354197.8,3129003.6,85.51335,28.27898,4334.0
1228,354227.8,3129033.6,85.51365,28.27926,4311.1
1258,354227.8,3129063.6,85.51365,28.27953,4290.3
1288,354227.8,3129093.6,85.51364,28.27980,4274.2
1318,354227.8,3129123.6,85.51364,28.28007,4258.9
1348,354227.8,3129153.6,85.51364,28.28034,4244.4
1391,354197.8,3129183.6,85.51333,28.28061,4222.9
1421,354197.8,3129213.6,85.51332,28.28088,4205.5
1451,354197.8,3129243.6,85.51332,28.28115,4188.1
1481,354197.8,3129273.6,85.51332,28.28142,4168.1
1523,354227.8,3129303.6,85.51362,28.28169,4153.8
1553,354227.8,3129333.6,85.51361,28.28196,4138.3
1596,354257.8,3129363.6,85.51392,28.28224,4122.5
1626,354257.8,3129393.6,85.51391,28.28251,4109.9
1668,354287.8,3129423.6,85.51421,28.28278,4098.8
1710,354317.8,3129453.6,85.51452,28.28306,4087.9
1753,354347.8,3129483.6,85.51482,28.28333,4074.5
1795,354377.8,3129513.6,85.51512,28.28360,4062.1
1838,354347.8,3129543.6,85.51481,28.28387,4050.9
1868,354347.8,3129573.6,85.51481,28.28414,4041.4
1898,354347.8,3129603.6,85.51480,28.28441,4033.1
1928,354347.8,3129633.6,85.51480,28.28468,4027.5
1958,354347.8,3129663.6,85.51480,28.28496,4021.6
2000,354317.8,3129693.6,85.51449,28.28522,4015.1
2042,354287.8,3129723.6,85.51418,28.28549,4007.0
2085,354257.8,3129753.6,85.51387,28.28576,3998.7
2127,354227.8,3129783.6,85.51356,28.28602,3989.9
2170,354197.8,3129813.6,85.51325,28.28629,3981.6
2212,354167.8,3129843.6,85.51294,28.28656,3975.6
2255,354137.8,3129873.6,85.51263,28.28683,3967.2
2297,354107.8,3129903.6,85.51232,28.28709,3957.5
2339,354077.8,3129933.6,85.51201,28.28736,3945.4
2382,354047.8,3129963.6,85.51170,28.28763,3925.8
2424,354017.8,3129993.6,85.51139,28.28790,3908.4
2454,354017.8,3130023.6,85.51139,28.28817,3887.4
2497,354047.8,3130053.6,85.51169,28.28844,3859.5
2527,354047.8,3130083.6,85.51168,28.28871,3830.1
2557,354047.8,3130113.6,85.51168,28.28898,3810.7
2599,354017.8,3130143.6,85.51137,28.28925,3793.8
2642,353987.8,3130173.6,85.51106,28.28952,3780.8
2684,354017.8,3130203.6,85.51136,28.28979,3770.4
2714,354017.8,3130233.6,85.51136,28.29006,3762.5
2744,354017.8,3130263.6,85.51136,28.29033,3754.2
2774,354017.8,3130293.6,85.51135,28.29060,3747.3
2816,354047.8,3130323.6,85.51165,28.29088,3739.5
2846,354047.8,3130353.6,85.51165,28.29115,3732.6
2876,354047.8,3130383.6,85.51165,28.29142,3729.9
2919,354017.8,3130413.6,85.51134,28.29169,3721.8
2961,354047.8,3130443.6,85.51164,28.29196,3714.7
2991,354047.8,3130473.6,85.51164,28.29223,3709.7
3021,354047.8,3130503.6,85.51163,28.29250,3706.3
3051,354047.8,3130533.6,85.51163,28.29277,3705.6
3094,354077.8,3130563.6,85.51193,28.29305,3704.9
3124,354077.8,3130593.6,85.51193,28.29332,3700.0
3166,354047.8,3130623.6,85.51162,28.29358,3696.8
3196,354047.8,3130653.6,85.51161,28.29386,3693.7
3226,354047.8,3130683.6,85.51161,28.29413,3690.6
3269,354017.8,3130713.6,85.51130,28.29439,3686.6
3311,353987.8,3130743.6,85.51099,28.29466,3676.8
3353,353957.8,3130773.6,85.51068,28.29493,3665.5
3396,353927.8,3130803.6,85.51037,28.29520,3658.0
3438,353897.8,3130833.6,85.51006,28.29546,3650.3
3468,353897.8,3130863.6,85.51006,28.29573,3644.4
3511,353867.8,3130893.6,85.50975,28.29600,3640.0
3553,353837.8,3130923.6,85.50944,28.29627,3638.0
3583,353837.8,3130953.6,85.50943,28.29654,3638.0
3626,353807.8,3130983.6,85.50912,28.29681,3640.2
3668,353777.8,3131013.6,85.50881,28.29707,3641.5
3710,353747.8,3131043.6,85.50851,28.29734,3633.7
3753,353717.8,3131073.6,85.50820,28.29761,3627.1
3795,353687.8,3131103.6,85.50789,28.29788,3621.9
3838,353657.8,3131133.6,85.50758,28.29814,3617.0
3880,353627.8,3131163.6,85.50727,28.29841,3618.4
3910,353627.8,3131193.6,85.50726,28.29868,3616.2
3953,353597.8,3131223.6,85.50695,28.29895,3618.1
3983,353597.8,3131253.6,85.50695,28.29922,3616.1
4013,353597.8,3131283.6,85.50695,28.29949,3617.1
4043,353597.8,3131313.6,85.50694,28.29976,3622.1
4085,353567.8,3131343.6,85.50663,28.30003,3619.1
4127,353537.8,3131373.6,85.50632,28.30030,3613.6
4170,353507.8,3131403.6,85.50601,28.30056,3607.5
4212,353477.8,3131433.6,85.50570,28.30083,3602.4
4255,353447.8,3131463.6,85.50539,28.30110,3592.7
4297,353417.8,3131493.6,85.50508,28.30137,3588.1
4340,353387.8,3131523.6,85.50477,28.30163,3585.2
4370,353387.8,3131553.6,85.50477,28.30190,3584.0
4412,353357.8,3131583.6,85.50446,28.30217,3577.8
4454,353327.8,3131613.6,85.50415,28.30244,3558.8
4497,353297.8,3131643.6,85.50384,28.30271,3549.6
4539,353267.8,3131673.6,85.50353,28.30297,3545.2
4582,353237.8,3131703.6,85.50322,28.30324,3539.8
4612,353237.8,3131733.6,85.50322,28.30351,3532.1
4642,353237.8,3131763.6,85.50321,28.30378,3525.8
4684,353207.8,3131793.6,85.50291,28.30405,3519.2
4727,353177.8,3131823.6,85.50260,28.30432,3513.7
4757,353177.8,3131853.6,85.50259,28.30459,3507.9
4799,353147.8,3131883.6,85.50228,28.30485,3503.0
4829,353147.8,3131913.6,85.50228,28.30513,3499.0
4871,353117.8,3131943.6,85.50197,28.30539,3495.7
4914,353087.8,3131973.6,85.50166,28.30566,3490.2
4956,353057.8,3132003.6,85.50135,28.30593,3488.7
4999,353027.8,3132033.6,85.50104,28.30619,3486.7
5041,352997.8,3132063.6,85.50073,28.30646,3485.2
5071,352997.8,3132093.6,85.50073,28.30673,3483.8
5114,352967.8,3132123.6,85.50042,28.30700,3482.3
5156,352937.8,3132153.6,85.50011,28.30727,3481.1
5186,352937.8,3132183.6,85.50010,28.30754,3480.4
5228,352907.8,3132213.6,85.49979,28.30781,3478.9
5271,352877.8,3132243.6,85.49948,28.30807,3475.0
5313,352847.8,3132273.6,85.49917,28.30834,3471.7
5343,352847.8,3132303.6,85.49917,28.30861,3467.9
5386,352817.8,3132333.6,85.49886,28.30888,3464.1
5416,352817.8,3132363.6,85.49886,28.30915,3461.0
5458,352787.8,3132393.6,85.49855,28.30942,3459.2
5488,352787.8,3132423.6,85.49854,28.30969,3456.2
5531,352757.8,3132453.6,85.49823,28.30995,3452.2
5561,352757.8,3132483.6,85.49823,28.31022,3451.0
5603,352727.8,3132513.6,85.49792,28.31049,3448.0
5645,352697.8,3132543.6,85.49761,28.31076,3446.2
5675,352697.8,3132573.6,85.49761,28.31103,3444.7
5718,352667.8,3132603.6,85.49730,28.31130,3444.0
5760,352637.8,3132633.6,85.49699,28.31157,3443.4
5803,352607.8,3132663.6,85.49668,28.31183,3441.7
5845,352577.8,3132693.6,85.49637,28.31210,3438.5
5887,352547.8,3132723.6,85.49606,28.31237,3436.2
5930,352517.8,3132753.6,85.49575,28.31263,3431.9
5972,352487.8,3132783.6,85.49544,28.31290,3429.4
6015,352457.8,3132813.6,85.49513,28.31317,3425.5
6045,352427.8,3132813.6,85.49482,28.31317,3420.5
6087,352397.8,3132843.6,85.49451,28.31343,3418.2
6117,352367.8,3132843.6,85.49421,28.31343,3413.6
6160,352337.8,3132873.6,85.49390,28.31370,3408.6
6190,352307.8,3132873.6,85.49359,28.31369,3400.4
6220,352277.8,3132873.6,85.49329,28.31369,3394.1
6250,352247.8,3132873.6,85.49298,28.31369,3389.6
6292,352217.8,3132903.6,85.49267,28.31395,3382.4
6334,352187.8,3132933.6,85.49236,28.31422,3373.8
6364,352157.8,3132933.6,85.49205,28.31422,3366.0
6407,352127.8,3132963.6,85.49174,28.31449,3371.7
6449,352097.8,3132993.6,85.49143,28.31475,3361.5
6492,352067.8,3133023.6,85.49113,28.31502,3336.3
6534,352037.8,3133053.6,85.49082,28.31529,3322.1
6577,352007.8,3133083.6,85.49051,28.31555,3304.6
6619,351977.8,3133113.6,85.49020,28.31582,3284.9
6661,351947.8,3133143.6,85.48989,28.31609,3267.3
6704,351917.8,3133173.6,85.48958,28.31636,3257.7
6746,351887.8,3133203.6,85.48927,28.31662,3246.0
6789,351857.8,3133233.6,85.48896,28.31689,3236.4
6819,351827.8,3133233.6,85.48865,28.31689,3227.0
6861,351797.8,3133263.6,85.48834,28.31716,3216.6
6904,351767.8,3133293.6,85.48803,28.31742,3211.9
6934,351767.8,3133323.6,85.48803,28.31769,3205.8
6964,351767.8,3133353.6,85.48802,28.31796,3198.3
6994,351767.8,3133383.6,85.48802,28.31823,3190.9
7024,351767.8,3133413.6,85.48802,28.31851,3184.1
7066,351797.8,3133443.6,85.48832,28.31878,3176.2
7096,351797.8,3133473.6,85.48831,28.31905,3168.2
7138,351827.8,3133503.6,85.48862,28.31932,3161.4
7181,351857.8,3133533.6,85.48892,28.31960,3156.5
7211,351857.8,3133563.6,85.48891,28.31987,3151.0
7241,351857.8,3133593.6,85.48891,28.32014,3144.9
7283,351827.8,3133623.6,85.48860,28.32041,3134.8
7313,351827.8,3133653.6,85.48860,28.32068,3127.7
7356,351797.8,3133683.6,85.48829,28.32095,3122.9
7386,351797.8,3133713.6,85.48828,28.32122,3116.1
7428,351767.8,3133743.6,85.48797,28.32148,3111.5
7458,351767.8,3133773.6,85.48797,28.32175,3106.7
7501,351737.8,3133803.6,85.48766,28.32202,3101.9
7531,351737.8,3133833.6,85.48766,28.32229,3096.1
7573,351707.8,3133863.6,85.48735,28.32256,3091.3
7615,351677.8,3133893.6,85.48704,28.32283,3089.4
7658,351647.8,3133923.6,85.48673,28.32309,3086.7
7700,351617.8,3133953.6,85.48642,28.32336,3078.1
7743,351587.8,3133983.6,85.48611,28.32363,3070.2
7785,351557.8,3134013.6,85.48580,28.32390,3064.7
7815,351557.8,3134043.6,85.48579,28.32417,3058.3
7858,351527.8,3134073.6,85.48548,28.32443,3050.8
7888,351527.8,3134103.6,85.48548,28.32470,3049.4
7930,351497.8,3134133.6,85.48517,28.32497,3044.8
7972,351467.8,3134163.6,85.48486,28.32524,3034.8
8015,351437.8,3134193.6,85.48455,28.32551,3030.5
8045,351437.8,3134223.6,85.48455,28.32578,3026.9
8075,351437.8,3134253.6,85.48454,28.32605,3024.7
8105,351437.8,3134283.6,85.48454,28.32632,3021.9
8135,351437.8,3134313.6,85.48454,28.32659,3021.0
8165,351437.8,3134343.6,85.48453,28.32686,3020.2
8195,351437.8,3134373.6,85.48453,28.32713,3015.7
8225,351437.8,3134403.6,85.48452,28.32740,3009.2
8267,351467.8,3134433.6,85.48483,28.32768,3003.3
8310,351497.8,3134463.6,85.48513,28.32795,2992.0
8352,351527.8,3134493.6,85.48543,28.32822,2981.5
8382,351527.8,3134523.6,85.48543,28.32849,2975.3
8412,351527.8,3134553.6,85.48542,28.32877,2967.7
8442,351527.8,3134583.6,85.48542,28.32904,2960.7
8472,351527.8,3134613.6,85.48542,28.32931,2956.0
8502,351527.8,3134643.6,85.48541,28.32958,2951.2
8545,351557.8,3134673.6,85.48571,28.32985,2946.3
8575,351557.8,3134703.6,85.48571,28.33012,2940.4
8605,351557.8,3134733.6,85.48571,28.33039,2935.8
8635,351557.8,3134763.6,85.48570,28.33066,2931.9
8665,351557.8,3134793.6,85.48570,28.33093,2928.1
8695,351557.8,3134823.6,85.48569,28.33121,2924.0
8725,351557.8,3134853.6,85.48569,28.33148,2919.0
8755,351557.8,3134883.6,85.48569,28.33175,2916.1
8797,351527.8,3134913.6,85.48538,28.33201,2912.3
8839,351497.8,3134943.6,85.48507,28.33228,2906.2
8882,351467.8,3134973.6,85.48476,28.33255,2904.0
8924,351437.8,3135003.6,85.48445,28.33282,2895.4
8954,351407.8,3135003.6,85.48414,28.33281,2888.9
8997,351377.8,3135033.6,85.48383,28.33308,2885.0
9027,351347.8,3135033.6,85.48353,28.33308,2876.2
9057,351317.8,3135033.6,85.48322,28.33307,2873.8
9087,351287.8,3135033.6,85.48291,28.33307,2873.4
9129,351257.8,3135003.6,85.48261,28.33280,2868.7
9159,351227.8,3135003.6,85.48231,28.33279,2862.7
9189,351197.8,3135003.6,85.48200,28.33279,2858.3
9219,351167.8,3135003.6,85.48169,28.33279,2853.8
9249,351137.8,3135003.6,85.48139,28.33278,2851.6
9279,351107.8,3135003.6,85.48108,28.33278,2848.7
9309,351077.8,3135003.6,85.48078,28.33278,2847.2
9352,351047.8,3135033.6,85.48047,28.33304,2842.5
9382,351017.8,3135033.6,85.48016,28.33304,2837.6
9412,350987.8,3135033.6,85.47985,28.33304,2833.9
9442,350957.8,3135033.6,85.47955,28.33303,2828.5
9472,350927.8,3135033.6,85.47924,28.33303,2826.8
9514,350897.8,3135003.6,85.47894,28.33275,2824.8
9544,350867.8,3135003.6,85.47863,28.33275,2821.6
9574,350837.8,3135003.6,85.47833,28.33275,2819.7
9616,350807.8,3135033.6,85.47802,28.33302,2820.8
9646,350777.8,3135033.6,85.47771,28.33301,2816.5
9676,350747.8,3135033.6,85.47741,28.33301,2821.5
9706,350717.8,3135033.6,85.47710,28.33300,2823.6
9736,350687.8,3135033.6,85.47679,28.33300,2814.1
9766,350657.8,3135033.6,85.47649,28.33300,2811.9
9796,350627.8,3135033.6,85.47618,28.33299,2813.6
9826,350597.8,3135033.6,85.47588,28.33299,2804.3
9869,350567.8,3135063.6,85.47557,28.33326,2797.8
9899,350537.8,3135063.6,85.47526,28.33326,2789.3
9929,350507.8,3135063.6,85.47496,28.33325,2787.1
9959,350477.8,3135063.6,85.47465,28.33325,2787.3
10001,350447.8,3135093.6,85.47434,28.33352,2787.3
10031,350417.8,3135093.6,85.47403,28.33351,2785.3
10061,350387.8,3135093.6,85.47373,28.33351,2781.4
10091,350357.8,3135093.6,85.47342,28.33351,2779.8
10121,350327.8,3135093.6,85.47312,28.33350,2771.7
10164,350297.8,3135123.6,85.47281,28.33377,2763.0
10194,350267.8,3135123.6,85.47250,28.33377,2753.9
10224,350237.8,3135123.6,85.47219,28.33376,2749.3
10254,350207.8,3135123.6,85.47189,28.33376,2748.8
10284,350177.8,3135123.6,85.47158,28.33376,2749.8
10314,350147.8,3135123.6,85.47128,28.33375,2752.7
10344,350117.8,3135123.6,85.47097,28.33375,2753.4
10374,350087.8,3135123.6,85.47066,28.33375,2753.0
10416,350057.8,3135153.6,85.47035,28.33401,2748.4
10446,350027.8,3135153.6,85.47005,28.33401,2737.9
10489,349997.8,3135183.6,85.46974,28.33428,2736.9
10519,349967.8,3135183.6,85.46943,28.33427,2735.6
10561,349937.8,3135213.6,85.46912,28.33454,2733.9
10603,349907.8,3135243.6,85.46881,28.33481,2725.1
10646,349877.8,3135273.6,85.46850,28.33507,2715.1
10688,349847.8,3135303.6,85.46819,28.33534,2708.8
10718,349817.8,3135303.6,85.46789,28.33534,2705.4
10761,349787.8,3135273.6,85.46759,28.33506,2698.0
10791,349757.8,3135273.6,85.46728,28.33506,2692.3
10821,349727.8,3135273.6,85.46697,28.33506,2687.3
10863,349697.8,3135303.6,85.46666,28.33532,2684.4
10893,349667.8,3135303.6,85.46636,28.33532,2682.0
10936,349637.8,3135333.6,85.46605,28.33559,2678.6
10966,349607.8,3135333.6,85.46574,28.33559,2674.1
10996,349577.8,3135333.6,85.46544,28.33558,2670.5
11038,349547.8,3135363.6,85.46513,28.33585,2668.4
11068,349517.8,3135363.6,85.46482,28.33585,2664.9
11098,349487.8,3135363.6,85.46451,28.33584,2665.5
11128,349457.8,3135363.6,85.46421,28.33584,2665.1
11158,349427.8,3135363.6,85.46390,28.33584,2658.8
11188,349397.8,3135363.6,85.46360,28.33583,2653.9
11218,349367.8,3135363.6,85.46329,28.33583,2652.7
11248,349337.8,3135363.6,85.46298,28.33582,2653.7
11290,349307.8,3135393.6,85.46267,28.33609,2653.7
11320,349277.8,3135393.6,85.46237,28.33609,2649.4
11363,349247.8,3135423.6,85.46206,28.33636,2645.0
11393,349217.8,3135423.6,85.46175,28.33635,2642.1
11423,349187.8,3135423.6,85.46145,28.33635,2639.7
11465,349157.8,3135453.6,85.46114,28.33662,2636.8
11495,349127.8,3135453.6,85.46083,28.33661,2638.3
11525,349097.8,3135453.6,85.46052,28.33661,2638.5
11555,349067.8,3135453.6,85.46022,28.33661,2639.7
11585,349037.8,3135453.6,85.45991,28.33660,2640.5
11615,349007.8,3135453.6,85.45961,28.33660,2635.8
11645,348977.8,3135453.6,85.45930,28.33660,2628.3
11675,348947.8,3135453.6,85.45899,28.33659,2621.9
11705,348917.8,3135453.6,85.45869,28.33659,2617.0
11735,348887.8,3135453.6,85.45838,28.33659,2611.8
11765,348857.8,3135453.6,85.45808,28.33658,2608.5
11808,348827.8,3135483.6,85.45777,28.33685,2611.5
11838,348797.8,3135483.6,85.45746,28.33685,2612.5
11880,348767.8,3135453.6,85.45716,28.33657,2607.8
11910,348737.8,3135453.6,85.45685,28.33657,2613.2
11952,348707.8,3135423.6,85.45655,28.33629,2612.1
11982,348677.8,3135423.6,85.45625,28.33629,2614.0
12012,348647.8,3135423.6,85.45594,28.33629,2613.7
12042,348617.8,3135423.6,85.45563,28.33628,2608.4
12072,348587.8,3135423.6,85.45533,28.33628,2602.1
12102,348557.8,3135423.6,85.45502,28.33628,2598.3
12145,348527.8,3135393.6,85.45472,28.33600,2592.6
12175,348497.8,3135393.6,85.45441,28.33600,2580.9
12205,348467.8,3135393.6,85.45411,28.33600,2572.6
12247,348437.8,3135363.6,85.45381,28.33572,2563.5
12290,348407.8,3135333.6,85.45350,28.33545,2556.8
12320,348377.8,3135333.6,85.45320,28.33544,2551.0
12350,348347.8,3135333.6,85.45289,28.33544,2551.9
12380,348317.8,3135333.6,85.45259,28.33544,2550.7
12410,348287.8,3135333.6,85.45228,28.33543,2547.4
12440,348257.8,3135333.6,85.45197,28.33543,2544.1
12470,348227.8,3135333.6,85.45167,28.33543,2539.9
12500,348197.8,3135333.6,85.45136,28.33542,2537.6
12542,348167.8,3135303.6,85.45106,28.33515,2537.0
12572,348137.8,3135303.6,85.45075,28.33514,2528.9
12602,348107.8,3135303.6,85.45045,28.33514,2523.5
12632,348077.8,3135303.6,85.45014,28.33514,2518.6
12662,348047.8,3135303.6,85.44984,28.33513,2512.2
12692,348017.8,3135303.6,85.44953,28.33513,2508.1
12722,347987.8,3135303.6,85.44922,28.33513,2510.5
12752,347957.8,3135303.6,85.44892,28.33512,2511.2
12782,347927.8,3135303.6,85.44861,28.33512,2504.3
12812,347897.8,3135303.6,85.44831,28.33512,2495.2
12842,347867.8,3135303.6,85.44800,28.33511,2483.8
12872,347837.8,3135303.6,85.44769,28.33511,2471.7
12902,347807.8,3135303.6,85.44739,28.33511,2462.8
12945,347777.8,3135333.6,85.44708,28.33537,2460.0
12975,347747.8,3135333.6,85.44677,28.33537,2452.8
13017,347717.8,3135363.6,85.44646,28.33564,2459.4
13047,347687.8,3135363.6,85.44616,28.33563,2454.9
13077,347657.8,3135363.6,85.44585,28.33563,2452.5
13107,347627.8,3135363.6,85.44554,28.33563,2454.5
13137,347597.8,3135363.6,85.44524,28.33562,2459.8
13179,347567.8,3135333.6,85.44494,28.33535,2462.3
13209,347537.8,3135333.6,85.44463,28.33535,2457.9
13239,347507.8,3135333.6,85.44432,28.33534,2444.9
13269,347477.8,3135333.6,85.44402,28.33534,2439.7
13299,347447.8,3135333.6,85.44371,28.33534,2436.7
13329,347417.8,3135333.6,85.44341,28.33533,2433.9
13359,347387.8,3135333.6,85.44310,28.33533,2425.5
13389,347357.8,3135333.6,85.44279,28.33533,2415.9
13419,347327.8,3135333.6,85.44249,28.33532,2413.2
13449,347297.8,3135333.6,85.44218,28.33532,2411.9
13492,347267.8,3135303.6,85.44188,28.33504,2405.6
13534,347237.8,3135333.6,85.44157,28.33531,2403.3
13564,347207.8,3135333.6,85.44126,28.33531,2396.2
13594,347177.8,3135333.6,85.44096,28.33530,2389.0
13624,347147.8,3135333.6,85.44065,28.33530,2383.0
13654,347117.8,3135333.6,85.44035,28.33530,2379.4
13684,347087.8,3135333.6,85.44004,28.33529,2376.8
13714,347057.8,3135333.6,85.43974,28.33529,2375.5
13744,347027.8,3135333.6,85.43943,28.33529,2376.5
13787,346997.8,3135303.6,85.43913,28.33501,2373.9
13817,346967.8,3135303.6,85.43882,28.33501,2372.1
13847,346937.8,3135303.6,85.43852,28.33501,2368.1
13877,346907.8,3135303.6,85.43821,28.33500,2365.5
13907,346877.8,3135303.6,85.43790,28.33500,2367.2
13937,346847.8,3135303.6,85.43760,28.33499,2373.8
13979,346817.8,3135273.6,85.43730,28.33472,2374.7
14009,346787.8,3135273.6,85.43699,28.33472,2376.1
14052,346757.8,3135243.6,85.43669,28.33444,2374.7
14082,346727.8,3135243.6,85.43638,28.33444,2370.5
14124,346697.8,3135213.6,85.43608,28.33417,2362.9
14154,346667.8,3135213.6,85.43577,28.33416,2354.3
14196,346637.8,3135183.6,85.43547,28.33389,2346.3
14226,346607.8,3135183.6,85.43517,28.33388,2348.2
14269,346577.8,3135153.6,85.43486,28.33361,2347.9
14311,346547.8,3135123.6,85.43456,28.33334,2343.1
14341,346517.8,3135123.6,85.43426,28.33333,2345.3
14384,346487.8,3135093.6,85.43395,28.33306,2342.7
14426,346457.8,3135063.6,85.43365,28.33278,2337.8
14469,346427.8,3135033.6,85.43335,28.33251,2332.1
14511,346397.8,3135003.6,85.43305,28.33224,2325.4
14553,346367.8,3134973.6,85.43275,28.33196,2322.7
14596,346337.8,3134943.6,85.43244,28.33169,2319.0
14638,346307.8,3134913.6,85.43214,28.33141,2316.8
14668,346277.8,3134913.6,85.43184,28.33141,2313.3
14711,346247.8,3134883.6,85.43153,28.33113,2304.2
14753,346217.8,3134853.6,85.43123,28.33086,2297.0
14796,346187.8,3134823.6,85.43093,28.33059,2291.0
14826,346157.8,3134823.6,85.43062,28.33058,2290.6
14856,346127.8,3134823.6,85.43032,28.33058,2287.6
14886,346097.8,3134823.6,85.43001,28.33058,2287.3
14916,346067.8,3134823.6,85.42971,28.33057,2290.4
14958,346037.8,3134793.6,85.42940,28.33030,2279.2
15000,346007.8,3134823.6,85.42909,28.33057,2291.7
15030,345977.8,3134823.6,85.42879,28.33056,2287.3
15060,345947.8,3134823.6,85.42848,28.33056,2284.5
15090,345917.8,3134823.6,85.42818,28.33055,2283.7
15120,345887.8,3134823.6,85.42787,28.33055,2284.4
15150,345857.8,3134823.6,85.42756,28.33055,2288.0
15193,345827.8,3134793.6,85.42726,28.33027,2289.6
15223,345797.8,3134793.6,85.42696,28.33027,2291.8
15265,345767.8,3134823.6,85.42665,28.33054,2288.8
15308,345737.8,3134793.6,85.42634,28.33026,2288.6
15338,345707.8,3134793.6,85.42604,28.33026,2286.4
15368,345677.8,3134793.6,85.42573,28.33026,2285.5
15398,345647.8,3134793.6,85.42543,28.33025,2285.0
15428,345617.8,3134793.6,85.42512,28.33025,2280.6
15458,345587.8,3134793.6,85.42482,28.33025,2273.6
15500,345557.8,3134763.6,85.42451,28.32997,2260.6
15530,345527.8,3134763.6,85.42421,28.32997,2248.5
15560,345497.8,3134763.6,85.42390,28.32996,2246.2
15590,345467.8,3134763.6,85.42360,28.32996,2243.0
15620,345437.8,3134763.6,85.42329,28.32996,2242.4
15650,345407.8,3134763.6,85.42298,28.32995,2243.0
15693,345377.8,3134733.6,85.42268,28.32968,2241.5
15723,345347.8,3134733.6,85.42238,28.32968,2237.1
15753,345317.8,3134733.6,85.42207,28.32967,2235.7
15783,345287.8,3134733.6,85.42176,28.32967,2234.5
15813,345257.8,3134733.6,85.42146,28.32966,2236.0
15855,345227.8,3134703.6,85.42116,28.32939,2234.4
15897,345197.8,3134673.6,85.42085,28.32912,2238.4
15940,345167.8,3134643.6,85.42055,28.32884,2233.9
15982,345137.8,3134613.6,85.42025,28.32857,2225.8
16025,345107.8,3134583.6,85.41995,28.32829,2216.5
16055,345077.8,3134583.6,85.41964,28.32829,2217.3
16097,345047.8,3134553.6,85.41934,28.32802,2212.1
16127,345017.8,3134553.6,85.41903,28.32801,2216.4
16170,344987.8,3134523.6,85.41873,28.32774,2217.6
16200,344957.8,3134523.6,85.41843,28.32773,2219.1
16242,344927.8,3134493.6,85.41812,28.32746,2219.4
16284,344897.8,3134463.6,85.41782,28.32719,2215.6
16314,344867.8,3134463.6,85.41752,28.32718,2212.6
16344,344837.8,3134463.6,85.41721,28.32718,2212.5
16387,344807.8,3134493.6,85.41690,28.32745,2218.5
16417,344777.8,3134493.6,85.41659,28.32744,2213.6
16447,344747.8,3134493.6,85.41629,28.32744,2210.1
16489,344717.8,3134463.6,85.41599,28.32716,2202.2
16532,344687.8,3134433.6,85.41569,28.32689,2213.3
16574,344657.8,3134403.6,85.41538,28.32662,2214.2
16617,344627.8,3134373.6,85.41508,28.32634,2211.5
16659,344597.8,3134343.6,85.41478,28.32607,2207.7
16701,344567.8,3134313.6,85.41448,28.32579,2206.0
16744,344537.8,3134283.6,85.41418,28.32552,2214.7
16786,344507.8,3134253.6,85.41387,28.32524,2219.0
16829,344477.8,3134223.6,85.41357,28.32497,2219.1
16871,344447.8,3134193.6,85.41327,28.32470,2212.3
16901,344447.8,3134163.6,85.41327,28.32443,2211.4
16944,344417.8,3134133.6,85.41297,28.32415,2206.5
16974,344417.8,3134103.6,85.41298,28.32388,2198.3
17016,344387.8,3134073.6,85.41267,28.32361,2193.5
17046,344387.8,3134043.6,85.41268,28.32334,2186.9
17076,344387.8,3134013.6,85.41268,28.32306,2179.8
17106,344387.8,3133983.6,85.41269,28.32279,2168.6
17148,344357.8,3133953.6,85.41238,28.32252,2169.7
17178,344357.8,3133923.6,85.41239,28.32225,2166.1
17208,344357.8,3133893.6,85.41239,28.32198,2165.2
17238,344357.8,3133863.6,85.41240,28.32171,2161.1
17268,344357.8,3133833.6,85.41240,28.32144,2161.6
17298,344357.8,3133803.6,85.41240,28.32117,2165.6
17328,344357.8,3133773.6,85.41241,28.32090,2167.8
17358,344357.8,3133743.6,85.41241,28.32063,2169.4
17401,344387.8,3133713.6,85.41272,28.32036,2149.4
17431,344387.8,3133683.6,85.41273,28.32009,2152.6
17461,344387.8,3133653.6,85.41273,28.31982,2155.7
17491,344387.8,3133623.6,85.41273,28.31955,2156.8
17521,344387.8,3133593.6,85.41274,28.31928,2158.3
17551,344387.8,3133563.6,85.41274,28.31900,2161.1
17581,344387.8,3133533.6,85.41275,28.31873,2163.9
17611,344387.8,3133503.6,85.41275,28.31846,2166.8
17641,344387.8,3133473.6,85.41275,28.31819,2169.9
17683,344417.8,3133443.6,85.41306,28.31793,2146.4
17726,344387.8,3133413.6,85.41276,28.31765,2169.6
17768,344417.8,3133383.6,85.41307,28.31738,2153.6
17798,344417.8,3133353.6,85.41308,28.31711,2161.9
17828,344417.8,3133323.6,85.41308,28.31684,2166.5
17858,344417.8,3133293.6,85.41308,28.31657,2162.1
17900,344387.8,3133263.6,85.41278,28.31630,2169.0
17930,344387.8,3133233.6,85.41279,28.31603,2159.9
17960,344387.8,3133203.6,85.41279,28.31576,2157.2
18003,344357.8,3133173.6,85.41249,28.31548,2168.0
18033,344357.8,3133143.6,85.41249,28.31521,2160.2
18075,344327.8,3133113.6,85.41219,28.31494,2169.5
18105,344327.8,3133083.6,85.41220,28.31467,2167.8
18135,344327.8,3133053.6,85.41220,28.31440,2169.2
18165,344327.8,3133023.6,85.41220,28.31412,2168.0
18208,344357.8,3132993.6,85.41251,28.31386,2155.6
18238,344357.8,3132963.6,85.41252,28.31359,2157.0
18268,344357.8,3132933.6,85.41252,28.31332,2165.4
18310,344387.8,3132903.6,85.41283,28.31305,2152.1
18340,344387.8,3132873.6,85.41283,28.31278,2150.7
18383,344357.8,3132843.6,85.41253,28.31250,2163.7
18413,344357.8,3132813.6,85.41254,28.31223,2159.3
18443,344357.8,3132783.6,85.41254,28.31196,2160.9
18473,344357.8,3132753.6,85.41255,28.31169,2168.5
18515,344327.8,3132723.6,85.41224,28.31142,2169.9
18557,344297.8,3132693.6,85.41194,28.31114,2155.3
18600,344267.8,3132663.6,85.41164,28.31087,2135.6
18630,344267.8,3132633.6,85.41164,28.31060,2135.8
18660,344267.8,3132603.6,85.41165,28.31033,2141.7
18702,344297.8,3132573.6,85.41196,28.31006,2140.2
18732,344297.8,3132543.6,85.41196,28.30979,2133.8
18762,344297.8,3132513.6,85.41197,28.30952,2128.0
18792,344297.8,3132483.6,85.41197,28.30925,2123.5
18835,344267.8,3132453.6,85.41167,28.30897,2120.0
18865,344267.8,3132423.6,85.41167,28.30870,2108.3
18907,344237.8,3132393.6,85.41137,28.30843,2104.0
18950,344207.8,3132363.6,85.41107,28.30816,2104.0
18992,344177.8,3132333.6,85.41077,28.30788,2102.3
19022,344147.8,3132333.6,85.41046,28.30788,2099.9
19064,344117.8,3132303.6,85.41016,28.30760,2099.4
19107,344087.8,3132273.6,85.40986,28.30733,2108.2
19149,344057.8,3132243.6,85.40955,28.30705,2108.8
19192,344027.8,3132213.6,85.40925,28.30678,2099.5
19222,344027.8,3132183.6,85.40926,28.30651,2097.0
19264,343997.8,3132153.6,85.40896,28.30624,2093.4
19307,343967.8,3132123.6,85.40865,28.30596,2087.9
19349,343937.8,3132093.6,85.40835,28.30569,2078.4
19391,343907.8,3132063.6,85.40805,28.30541,2080.1
19434,343877.8,3132033.6,85.40775,28.30514,2081.2
19464,343847.8,3132033.6,85.40744,28.30513,2084.1
19506,343817.8,3132003.6,85.40714,28.30486,2078.7
19549,343787.8,3131973.6,85.40684,28.30459,2073.6
19591,343757.8,3131943.6,85.40654,28.30431,2067.9
19634,343727.8,3131913.6,85.40623,28.30404,2067.7
19676,343697.8,3131883.6,85.40593,28.30376,2066.8
19718,343667.8,3131853.6,85.40563,28.30349,2061.0
19761,343637.8,3131823.6,85.40533,28.30321,2064.5
19803,343607.8,3131793.6,85.40503,28.30294,2069.6
19846,343577.8,3131763.6,85.40473,28.30267,2063.4
19876,343547.8,3131763.6,85.40442,28.30266,2076.4
19918,343517.8,3131733.6,85.40412,28.30239,2057.9
19948,343487.8,3131733.6,85.40381,28.30238,2071.4
19991,343457.8,3131703.6,85.40351,28.30211,2061.9
20021,343427.8,3131703.6,85.40320,28.30211,2075.7
20063,343397.8,3131673.6,85.40290,28.30183,2056.9
20105,343367.8,3131643.6,85.40260,28.30156,2049.9
20148,343337.8,3131613.6,85.40230,28.30128,2050.0
20190,343307.8,3131583.6,85.40200,28.30101,2046.4
20233,343277.8,3131553.6,85.40170,28.30074,2039.1
20275,343247.8,3131523.6,85.40139,28.30046,2030.1
20318,343217.8,3131493.6,85.40109,28.30019,2019.0
20360,343187.8,3131463.6,85.40079,28.29991,2016.8
20402,343157.8,3131433.6,85.40049,28.29964,2024.6
20445,343127.8,3131403.6,85.40019,28.29936,2028.5
20487,343097.8,3131373.6,85.39988,28.29909,2032.8
20530,343067.8,3131343.6,85.39958,28.29882,2044.0
20572,343037.8,3131313.6,85.39928,28.29854,2060.9
20615,343007.8,3131283.6,85.39898,28.29827,2070.2
20657,342977.8,3131253.6,85.39868,28.29799,2075.4
20699,342947.8,3131223.6,85.39838,28.29772,2078.6
20742,342917.8,3131193.6,85.39807,28.29744,2083.5
20784,342887.8,3131163.6,85.39777,28.29717,2082.1
20827,342857.8,3131133.6,85.39747,28.29690,2083.9
20857,342857.8,3131103.6,85.39747,28.29662,2087.1
20887,342857.8,3131073.6,85.39748,28.29635,2086.2
20917,342857.8,3131043.6,85.39748,28.29608,2084.6
20959,342827.8,3131013.6,85.39718,28.29581,2081.1
21002,342797.8,3130983.6,85.39688,28.29553,2071.5
21032,342797.8,3130953.6,85.39688,28.29526,2060.5
21074,342767.8,3130923.6,85.39658,28.29499,2047.3
21104,342767.8,3130893.6,85.39659,28.29472,2037.9
21134,342767.8,3130863.6,85.39659,28.29445,2029.2
21164,342767.8,3130833.6,85.39659,28.29418,2020.6
21206,342737.8,3130803.6,85.39629,28.29390,2012.2
21249,342707.8,3130773.6,85.39599,28.29363,2001.9
21279,342707.8,3130743.6,85.39599,28.29336,1991.6
21309,342707.8,3130713.6,85.39600,28.29309,1991.3
21351,342677.8,3130683.6,85.39570,28.29281,1989.6
21394,342647.8,3130653.6,85.39539,28.29254,1988.7
21436,342617.8,3130623.6,85.39509,28.29226,1988.1
21479,342587.8,3130593.6,85.39479,28.29199,1988.5
21521,342557.8,3130563.6,85.39449,28.29172,1985.1
21563,342527.8,3130533.6,85.39419,28.29144,1983.6
21606,342497.8,3130503.6,85.39389,28.29117,1984.4
21648,342467.8,3130473.6,85.39358,28.29089,1974.0
21691,342437.8,3130443.6,85.39328,28.29062,1966.8
21733,342407.8,3130413.6,85.39298,28.29034,1954.0
21775,342377.8,3130383.6,85.39268,28.29007,1949.3
21805,342377.8,3130353.6,85.39268,28.28980,1949.1
21848,342347.8,3130323.6,85.39238,28.28953,1951.3
21890,342317.8,3130293.6,85.39208,28.28925,1950.5
21933,342287.8,3130263.6,85.39178,28.28898,1943.9
21963,342257.8,3130263.6,85.39147,28.28897,1938.3
21993,342227.8,3130263.6,85.39117,28.28897,1934.3
22035,342197.8,3130233.6,85.39086,28.28870,1924.8
22078,342167.8,3130203.6,85.39056,28.28842,1918.5
22120,342137.8,3130173.6,85.39026,28.28815,1917.1
22162,342107.8,3130143.6,85.38996,28.28787,1913.2
22205,342077.8,3130113.6,85.38966,28.28760,1910.0
22247,342047.8,3130083.6,85.38936,28.28732,1915.9
22290,342017.8,3130053.6,85.38905,28.28705,1928.1
22332,341987.8,3130023.6,85.38875,28.28678,1941.3
22375,341957.8,3129993.6,85.38845,28.28650,1941.8
22417,341927.8,3129963.6,85.38815,28.28623,1929.2
22459,341897.8,3129933.6,85.38785,28.28595,1914.4
22502,341867.8,3129963.6,85.38754,28.28622,1913.8
22532,341837.8,3129963.6,85.38723,28.28622,1902.6
22562,341807.8,3129963.6,85.38692,28.28621,1894.6
22592,341777.8,3129963.6,85.38662,28.28621,1896.6
22634,341747.8,3129933.6,85.38632,28.28593,1889.2
22677,341717.8,3129903.6,85.38602,28.28566,1893.2
22719,341687.8,3129873.6,85.38571,28.28539,1905.7
22762,341657.8,3129843.6,85.38541,28.28511,1913.0
22792,341627.8,3129843.6,85.38511,28.28511,1914.3
22834,341597.8,3129813.6,85.38480,28.28483,1912.4
22876,341567.8,3129783.6,85.38450,28.28456,1904.9
22919,341537.8,3129753.6,85.38420,28.28428,1896.6
22961,341507.8,3129723.6,85.38390,28.28401,1880.6
23004,341477.8,3129693.6,85.38360,28.28374,1866.1
23034,341477.8,3129663.6,85.38360,28.28347,1858.0
23076,341447.8,3129633.6,85.38330,28.28319,1851.6
23119,341417.8,3129603.6,85.38300,28.28292,1848.2
23161,341387.8,3129573.6,85.38270,28.28264,1849.6
23203,341357.8,3129543.6,85.38240,28.28237,1848.6
23246,341327.8,3129513.6,85.38209,28.28209,1841.4
23288,341297.8,3129483.6,85.38179,28.28182,1831.2
23331,341267.8,3129453.6,85.38149,28.28154,1826.8
23373,341237.8,3129423.6,85.38119,28.28127,1828.5
23403,341237.8,3129393.6,85.38119,28.28100,1827.3
23446,341207.8,3129363.6,85.38089,28.28073,1826.8
23476,341177.8,3129363.6,85.38058,28.28072,1828.5
23518,341147.8,3129333.6,85.38028,28.28045,1826.8
23560,341117.8,3129303.6,85.37998,28.28017,1820.6
23590,341087.8,3129303.6,85.37968,28.28017,1819.6
23633,341057.8,3129273.6,85.37937,28.27990,1816.5
23663,341027.8,3129273.6,85.37907,28.27989,1820.2
23705,340997.8,3129243.6,85.37877,28.27962,1818.4
23748,340967.8,3129213.6,85.37846,28.27934,1820.6
23778,340937.8,3129213.6,85.37816,28.27934,1821.7
23820,340907.8,3129183.6,85.37786,28.27907,1820.2
23863,340877.8,3129153.6,85.37756,28.27879,1811.7
23905,340847.8,3129123.6,85.37725,28.27852,1802.2
23947,340817.8,3129093.6,85.37695,28.27824,1801.2
23990,340787.8,3129063.6,85.37665,28.27797,1802.3
24020,340787.8,3129033.6,85.37665,28.27770,1796.5
24050,340787.8,3129003.6,85.37666,28.27743,1786.8
24080,340787.8,3128973.6,85.37666,28.27716,1784.0
24110,340787.8,3128943.6,85.37667,28.27689,1784.1
24140,340787.8,3128913.6,85.37667,28.27661,1783.5
24170,340787.8,3128883.6,85.37668,28.27634,1782.3
24200,340787.8,3128853.6,85.37668,28.27607,1780.1
24230,340787.8,3128823.6,85.37668,28.27580,1777.4
24260,340787.8,3128793.6,85.37669,28.27553,1777.4
24290,340787.8,3128763.6,85.37669,28.27526,1779.9
24332,340817.8,3128733.6,85.37700,28.27499,1776.1
24362,340817.8,3128703.6,85.37701,28.27472,1778.7
24392,340817.8,3128673.6,85.37701,28.27445,1777.6
24422,340817.8,3128643.6,85.37701,28.27418,1772.5
24465,340787.8,3128613.6,85.37671,28.27391,1778.1
24495,340787.8,3128583.6,85.37672,28.27364,1774.3
24537,340757.8,3128553.6,85.37641,28.27336,1779.8
24567,340757.8,3128523.6,85.37642,28.27309,1779.0
24610,340787.8,3128493.6,85.37673,28.27282,1773.5
24640,340787.8,3128463.6,85.37673,28.27255,1773.0
24682,340757.8,3128433.6,85.37643,28.27228,1781.3
24712,340757.8,3128403.6,85.37644,28.27201,1777.1
24742,340757.8,3128373.6,85.37644,28.27174,1773.7
24772,340757.8,3128343.6,85.37644,28.27147,1770.2
24814,340727.8,3128313.6,85.37614,28.27119,1780.2
24844,340727.8,3128283.6,85.37615,28.27092,1778.4
24874,340727.8,3128253.6,85.37615,28.27065,1778.7
24904,340727.8,3128223.6,85.37615,28.27038,1780.6
24934,340727.8,3128193.6,85.37616,28.27011,1780.1
24964,340727.8,3128163.6,85.37616,28.26984,1776.2
24994,340727.8,3128133.6,85.37617,28.26957,1772.4
25024,340727.8,3128103.6,85.37617,28.26930,1773.5
25054,340727.8,3128073.6,85.37617,28.26903,1779.5
25097,340757.8,3128043.6,85.37648,28.26876,1780.2
25139,340727.8,3128013.6,85.37618,28.26849,1782.4
25182,340697.8,3127983.6,85.37588,28.26821,1779.5
25212,340697.8,3127953.6,85.37589,28.26794,1775.7
25254,340667.8,3127923.6,85.37558,28.26767,1772.3
25284,340667.8,3127893.6,85.37559,28.26740,1770.4
25314,340667.8,3127863.6,85.37559,28.26713,1767.4
25357,340637.8,3127833.6,85.37529,28.26685,1759.9
25399,340607.8,3127803.6,85.37499,28.26658,1747.8
25441,340577.8,3127773.6,85.37469,28.26630,1742.1
25484,340547.8,3127743.6,85.37439,28.26603,1739.7
25526,340517.8,3127713.6,85.37408,28.26575,1739.7
25569,340487.8,3127683.6,85.37378,28.26548,1743.7
25599,340487.8,3127653.6,85.37379,28.26521,1744.8
25641,340457.8,3127623.6,85.37348,28.26493,1746.5
25684,340427.8,3127593.6,85.37318,28.26466,1745.1
25726,340397.8,3127563.6,85.37288,28.26439,1741.4
25768,340367.8,3127533.6,85.37258,28.26411,1735.6
25811,340337.8,3127503.6,85.37228,28.26384,1733.5
25853,340307.8,3127473.6,85.37198,28.26356,1734.0
25883,340307.8,3127443.6,85.37198,28.26329,1727.7
25913,340307.8,3127413.6,85.37198,28.26302,1726.9
25943,340307.8,3127383.6,85.37199,28.26275,1725.6
25973,340307.8,3127353.6,85.37199,28.26248,1725.5
26016,340277.8,3127323.6,85.37169,28.26221,1730.6
26058,340247.8,3127293.6,85.37139,28.26193,1724.0
26100,340217.8,3127263.6,85.37109,28.26166,1723.6
26143,340187.8,3127233.6,85.37079,28.26138,1729.2
26185,340157.8,3127203.6,85.37048,28.26111,1732.7
26228,340127.8,3127173.6,85.37018,28.26083,1735.4
26270,340097.8,3127143.6,85.36988,28.26056,1733.3
26313,340067.8,3127113.6,85.36958,28.26029,1726.2
26355,340037.8,3127083.6,85.36928,28.26001,1717.3
26385,340007.8,3127083.6,85.36897,28.26001,1708.3
26427,339977.8,3127113.6,85.36866,28.26027,1711.1
26470,339947.8,3127083.6,85.36836,28.26000,1700.8
26512,339917.8,3127053.6,85.36806,28.25973,1702.0
26555,339887.8,3127023.6,85.36776,28.25945,1706.7
26597,339857.8,3126993.6,85.36746,28.25918,1711.3
26640,339827.8,3126963.6,85.36715,28.25890,1714.0
26682,339797.8,3126933.6,85.36685,28.25863,1714.4
26724,339767.8,3126903.6,85.36655,28.25835,1712.7
26767,339737.8,3126873.6,85.36625,28.25808,1713.6
26809,339767.8,3126843.6,85.36656,28.25781,1714.0
26839,339767.8,3126813.6,85.36656,28.25754,1710.1
26882,339737.8,3126783.6,85.36626,28.25727,1705.8
26912,339737.8,3126753.6,85.36627,28.25700,1704.4
26954,339707.8,3126723.6,85.36596,28.25672,1706.8
26997,339677.8,3126693.6,85.36566,28.25645,1701.4
27039,339647.8,3126663.6,85.36536,28.25617,1692.1
27069,339647.8,3126633.6,85.36537,28.25590,1690.0
27111,339617.8,3126603.6,85.36506,28.25563,1692.9
27141,339617.8,3126573.6,85.36507,28.25536,1692.1
27171,339617.8,3126543.6,85.36507,28.25509,1692.6
27201,339617.8,3126513.6,85.36508,28.25482,1693.1
27244,339587.8,3126483.6,85.36477,28.25454,1691.4
27274,339587.8,3126453.6,85.36478,28.25427,1688.3
27316,339557.8,3126423.6,85.36448,28.25400,1690.7
27346,339557.8,3126393.6,85.36448,28.25373,1691.0
27376,339557.8,3126363.6,85.36449,28.25346,1691.9
27406,339557.8,3126333.6,85.36449,28.25318,1693.1
27449,339587.8,3126303.6,85.36480,28.25292,1692.3
27479,339587.8,3126273.6,85.36480,28.25265,1693.8
27521,339617.8,3126243.6,85.36511,28.25238,1689.4
27551,339617.8,3126213.6,85.36512,28.25211,1683.7
27594,339587.8,3126183.6,85.36482,28.25183,1677.5
27636,339557.8,3126153.6,85.36451,28.25156,1673.1
27666,339557.8,3126123.6,85.36452,28.25129,1674.4
27696,339557.8,3126093.6,85.36452,28.25102,1675.9
27726,339557.8,3126063.6,85.36453,28.25075,1676.3
27768,339527.8,3126033.6,85.36423,28.25047,1673.4
27798,339527.8,3126003.6,85.36423,28.25020,1669.5
27828,339527.8,3125973.6,85.36423,28.24993,1669.6
27858,339527.8,3125943.6,85.36424,28.24966,1676.5
27901,339557.8,3125913.6,85.36455,28.24939,1676.5
27931,339557.8,3125883.6,85.36455,28.24912,1676.8
27973,339527.8,3125853.6,85.36425,28.24885,1675.0
28016,339497.8,3125823.6,85.36395,28.24858,1671.4
28058,339467.8,3125793.6,85.36365,28.24830,1676.6
28088,339467.8,3125763.6,85.36365,28.24803,1673.2
28131,339437.8,3125733.6,85.36335,28.24776,1676.8
28161,339437.8,3125703.6,85.36335,28.24749,1666.7
28203,339407.8,3125673.6,85.36305,28.24721,1668.4
28245,339377.8,3125643.6,85.36275,28.24694,1672.1
28288,339347.8,3125613.6,85.36245,28.24666,1678.8
28330,339317.8,3125583.6,85.36215,28.24639,1678.6
28373,339287.8,3125553.6,85.36185,28.24611,1676.9
28415,339257.8,3125523.6,85.36154,28.24584,1672.1
28458,339227.8,3125493.6,85.36124,28.24556,1663.2
28500,339197.8,3125463.6,85.36094,28.24529,1661.9
28542,339167.8,3125433.6,85.36064,28.24502,1666.8
28585,339137.8,3125403.6,85.36034,28.24474,1673.6
28627,339107.8,3125373.6,85.36004,28.24447,1681.9
28670,339077.8,3125403.6,85.35973,28.24473,1676.3
28712,339047.8,3125373.6,85.35943,28.24446,1674.1
28755,339017.8,3125343.6,85.35912,28.24419,1680.3
28797,338987.8,3125313.6,85.35882,28.24391,1670.5
28839,338957.8,3125283.6,85.35852,28.24364,1662.5
28882,338927.8,3125253.6,85.35822,28.24336,1661.5
28912,338927.8,3125223.6,85.35822,28.24309,1662.8
28942,338927.8,3125193.6,85.35823,28.24282,1664.8
28984,338897.8,3125163.6,85.35793,28.24255,1663.4
29014,338897.8,3125133.6,85.35793,28.24228,1655.4
29057,338867.8,3125103.6,85.35763,28.24200,1645.5
29099,338837.8,3125073.6,85.35733,28.24173,1646.5
29129,338837.8,3125043.6,85.35733,28.24146,1639.2
29159,338837.8,3125013.6,85.35734,28.24119,1635.5
29189,338837.8,3124983.6,85.35734,28.24092,1636.4
29219,338837.8,3124953.6,85.35734,28.24064,1639.9
29262,338867.8,3124923.6,85.35765,28.24038,1636.8
29304,338897.8,3124893.6,85.35796,28.24011,1643.0
29334,338897.8,3124863.6,85.35797,28.23984,1645.3
29364,338897.8,3124833.6,85.35797,28.23957,1642.9
29406,338867.8,3124803.6,85.35767,28.23929,1646.6
29436,338867.8,3124773.6,85.35767,28.23902,1643.4
29466,338867.8,3124743.6,85.35768,28.23875,1645.1
29509,338897.8,3124713.6,85.35799,28.23849,1635.4
29539,338897.8,3124683.6,85.35799,28.23822,1634.7
29581,338867.8,3124653.6,85.35769,28.23794,1642.8
29611,338867.8,3124623.6,85.35769,28.23767,1640.9
29641,338867.8,3124593.6,85.35770,28.23740,1639.3
29671,338867.8,3124563.6,85.35770,28.23713,1638.0
29701,338867.8,3124533.6,85.35771,28.23686,1638.8
29731,338867.8,3124503.6,85.35771,28.23659,1643.8
29774,338897.8,3124473.6,85.35802,28.23632,1638.9
29816,338927.8,3124443.6,85.35833,28.23605,1638.1
29846,338927.8,3124413.6,85.35834,28.23578,1640.0
29876,338927.8,3124383.6,85.35834,28.23551,1642.5
29906,338927.8,3124353.6,85.35834,28.23524,1646.9
29949,338957.8,3124323.6,85.35865,28.23497,1642.7
29991,338987.8,3124293.6,85.35896,28.23471,1641.0
30021,338987.8,3124263.6,85.35897,28.23444,1645.7
30063,339017.8,3124233.6,85.35928,28.23417,1640.2
30093,339017.8,3124203.6,85.35928,28.23390,1646.3
30136,339047.8,3124173.6,85.35959,28.23363,1640.4
30166,339047.8,3124143.6,85.35960,28.23336,1644.8
30196,339047.8,3124113.6,85.35960,28.23309,1647.0
30238,339077.8,3124083.6,85.35991,28.23282,1638.7
30268,339077.8,3124053.6,85.35991,28.23255,1643.7
30311,339107.8,3124023.6,85.36022,28.23229,1640.9
30341,339107.8,3123993.6,85.36023,28.23202,1643.4
30371,339107.8,3123963.6,85.36023,28.23174,1647.1
30413,339077.8,3123933.6,85.35993,28.23147,1646.8
30455,339107.8,3123903.6,85.36024,28.23120,1640.7
30485,339107.8,3123873.6,85.36024,28.23093,1631.4
30515,339107.8,3123843.6,85.36025,28.23066,1625.1
30558,339137.8,3123813.6,85.36056,28.23039,1619.7
30588,339137.8,3123783.6,85.36056,28.23012,1617.5
30618,339137.8,3123753.6,85.36057,28.22985,1619.8
30660,339167.8,3123723.6,85.36088,28.22959,1620.6
30690,339167.8,3123693.6,85.36088,28.22932,1620.7
30720,339167.8,3123663.6,85.36088,28.22905,1619.7
30763,339137.8,3123633.6,85.36058,28.22877,1616.7
30793,339137.8,3123603.6,85.36059,28.22850,1614.9
30823,339137.8,3123573.6,85.36059,28.22823,1611.1
30853,339137.8,3123543.6,85.36059,28.22796,1606.7
30895,339167.8,3123513.6,85.36090,28.22769,1603.8
30925,339167.8,3123483.6,85.36091,28.22742,1601.3
30955,339167.8,3123453.6,85.36091,28.22715,1603.0
30985,339167.8,3123423.6,85.36092,28.22688,1605.0
31015,339167.8,3123393.6,85.36092,28.22661,1604.1
31045,339167.8,3123363.6,85.36093,28.22634,1598.9
31075,339167.8,3123333.6,85.36093,28.22607,1593.5
31105,339167.8,3123303.6,85.36093,28.22580,1591.3
31135,339167.8,3123273.6,85.36094,28.22553,1590.7
31178,339197.8,3123243.6,85.36125,28.22526,1589.2
31208,339197.8,3123213.6,85.36125,28.22499,1588.7
31238,339197.8,3123183.6,85.36126,28.22472,1587.9
31268,339197.8,3123153.6,85.36126,28.22445,1586.9
31298,339197.8,3123123.6,85.36126,28.22418,1587.1
31340,339167.8,3123093.6,85.36096,28.22390,1590.7
31370,339167.8,3123063.6,85.36097,28.22363,1588.5
31412,339137.8,3123033.6,85.36067,28.22336,1591.2
31442,339137.8,3123003.6,85.36067,28.22309,1586.5
31472,339137.8,3122973.6,85.36067,28.22282,1584.9
31515,339107.8,3122943.6,85.36037,28.22254,1585.7
31557,339077.8,3122913.6,85.36007,28.22227,1585.6
31600,339047.8,3122883.6,85.35977,28.22199,1582.8
31642,339017.8,3122853.6,85.35947,28.22172,1581.8
31685,338987.8,3122823.6,85.35917,28.22144,1573.5
31727,338957.8,3122793.6,85.35886,28.22117,1571.3
31769,338927.8,3122763.6,85.35856,28.22089,1571.2
31812,338897.8,3122733.6,85.35826,28.22062,1581.9
31854,338867.8,3122703.6,85.35796,28.22035,1590.1
31884,338867.8,3122673.6,85.35796,28.22008,1577.7
31927,338837.8,3122643.6,85.35766,28.21980,1591.3
31969,338807.8,3122613.6,85.35736,28.21953,1584.2
32012,338777.8,3122583.6,85.35706,28.21925,1580.1
32042,338777.8,3122553.6,85.35706,28.21898,1581.8
32084,338747.8,3122523.6,85.35676,28.21871,1578.7
32126,338717.8,3122493.6,85.35646,28.21843,1578.4
32156,338717.8,3122463.6,85.35647,28.21816,1574.3
32199,338687.8,3122433.6,85.35616,28.21789,1571.8
32241,338657.8,3122403.6,85.35586,28.21761,1571.8
32271,338657.8,3122373.6,85.35587,28.21734,1567.2
32314,338627.8,3122343.6,85.35557,28.21707,1561.1
32356,338597.8,3122313.6,85.35526,28.21679,1560.4
32386,338597.8,3122283.6,85.35527,28.21652,1559.1
32429,338567.8,3122253.6,85.35497,28.21625,1557.8
32459,338567.8,3122223.6,85.35497,28.21598,1558.2
32501,338537.8,3122193.6,85.35467,28.21570,1559.4
32531,338537.8,3122163.6,85.35467,28.21543,1558.6
32561,338537.8,3122133.6,85.35468,28.21516,1556.3
32591,338537.8,3122103.6,85.35468,28.21489,1554.7
32621,338537.8,3122073.6,85.35469,28.21462,1554.1
32651,338537.8,3122043.6,85.35469,28.21435,1554.0
32693,338567.8,3122013.6,85.35500,28.21408,1553.0
32723,338567.8,3121983.6,85.35500,28.21381,1552.4
32766,338537.8,3121953.6,85.35470,28.21354,1552.3
32796,338537.8,3121923.6,85.35471,28.21327,1551.4
32826,338537.8,3121893.6,85.35471,28.21300,1550.0
32856,338537.8,3121863.6,85.35471,28.21273,1548.3
32886,338537.8,3121833.6,85.35472,28.21246,1547.8
32916,338537.8,3121803.6,85.35472,28.21218,1547.6
32946,338537.8,3121773.6,85.35473,28.21191,1548.2
32988,338507.8,3121743.6,85.35443,28.21164,1546.4
33018,338507.8,3121713.6,85.35443,28.21137,1545.8
33048,338507.8,3121683.6,85.35443,28.21110,1546.0
33078,338507.8,3121653.6,85.35444,28.21083,1545.2
33121,338477.8,3121623.6,85.35414,28.21055,1542.7
33151,338477.8,3121593.6,85.35414,28.21028,1541.8
33181,338477.8,3121563.6,85.35414,28.21001,1542.5
33211,338477.8,3121533.6,85.35415,28.20974,1542.6
33241,338477.8,3121503.6,85.35415,28.20947,1541.1
33271,338477.8,3121473.6,85.35416,28.20920,1540.6
33313,338507.8,3121443.6,85.35447,28.20893,1541.3
33343,338507.8,3121413.6,85.35447,28.20866,1540.1
33373,338507.8,3121383.6,85.35448,28.20839,1539.9
33403,338507.8,3121353.6,85.35448,28.20812,1539.5
33433,338507.8,3121323.6,85.35448,28.20785,1539.3
33476,338537.8,3121293.6,85.35479,28.20758,1538.7
33506,338537.8,3121263.6,85.35480,28.20731,1536.1
33536,338537.8,3121233.6,85.35480,28.20704,1535.9
33566,338537.8,3121203.6,85.35481,28.20677,1536.4
33596,338537.8,3121173.6,85.35481,28.20650,1536.2
33626,338537.8,3121143.6,85.35481,28.20623,1534.7
33656,338537.8,3121113.6,85.35482,28.20596,1533.9
33698,338507.8,3121083.6,85.35452,28.20568,1534.4
33728,338507.8,3121053.6,85.35452,28.20541,1532.2
33770,338477.8,3121023.6,85.35422,28.20514,1530.3
33813,338447.8,3120993.6,85.35392,28.20486,1529.8
33843,338447.8,3120963.6,85.35392,28.20459,1527.7
33873,338447.8,3120933.6,85.35393,28.20432,1528.9
33915,338417.8,3120903.6,85.35363,28.20405,1526.4
33958,338387.8,3120873.6,85.35332,28.20377,1526.3
33988,338387.8,3120843.6,85.35333,28.20350,1524.6
34018,338387.8,3120813.6,85.35333,28.20323,1524.6
34060,338357.8,3120783.6,85.35303,28.20296,1526.2
34090,338357.8,3120753.6,85.35303,28.20269,1523.8
34120,338357.8,3120723.6,85.35304,28.20242,1522.8
34150,338357.8,3120693.6,85.35304,28.20215,1522.7
34193,338327.8,3120663.6,85.35274,28.20187,1522.2
34223,338327.8,3120633.6,85.35275,28.20160,1522.1
34253,338327.8,3120603.6,85.35275,28.20133,1522.1
34283,338327.8,3120573.6,85.35275,28.20106,1521.6
34313,338327.8,3120543.6,85.35276,28.20079,1523.5
34355,338297.8,3120513.6,85.35246,28.20052,1523.7
34385,338297.8,3120483.6,85.35246,28.20024,1520.1
34415,338297.8,3120453.6,85.35247,28.19997,1517.6
34445,338297.8,3120423.6,85.35247,28.19970,1514.7
34475,338297.8,3120393.6,85.35247,28.19943,1512.4
34517,338267.8,3120363.6,85.35217,28.19916,1509.8
34547,338267.8,3120333.6,85.35218,28.19889,1507.6
34577,338267.8,3120303.6,85.35218,28.19862,1508.0
34620,338237.8,3120273.6,85.35188,28.19834,1508.4
34650,338237.8,3120243.6,85.35188,28.19807,1509.2
34692,338207.8,3120213.6,85.35158,28.19780,1505.6
34735,338177.8,3120183.6,85.35128,28.19752,1504.4
34765,338177.8,3120153.6,85.35128,28.19725,1502.3
34807,338147.8,3120123.6,85.35098,28.19698,1500.2
34850,338117.8,3120093.6,85.35068,28.19670,1498.0
34892,338087.8,3120063.6,85.35038,28.19643,1496.7
34922,338087.8,3120033.6,85.35038,28.19616,1494.7
34952,338087.8,3120003.6,85.35039,28.19589,1494.2
34982,338087.8,3119973.6,85.35039,28.19562,1494.5
35024,338057.8,3119943.6,85.35009,28.19534,1495.1
35054,338057.8,3119913.6,85.35010,28.19507,1496.6
35097,338027.8,3119883.6,85.34979,28.19480,1496.1
35127,338027.8,3119853.6,85.34980,28.19453,1493.4
35157,338027.8,3119823.6,85.34980,28.19426,1493.6
35199,337997.8,3119793.6,85.34950,28.19398,1491.2
35242,337967.8,3119763.6,85.34920,28.19371,1493.4
35272,337967.8,3119733.6,85.34920,28.19344,1489.8
35302,337967.8,3119703.6,85.34921,28.19317,1488.9
35344,337937.8,3119673.6,85.34891,28.19289,1488.8
35374,337937.8,3119643.6,85.34891,28.19262,1486.7
35404,337937.8,3119613.6,85.34891,28.19235,1484.9
35434,337937.8,3119583.6,85.34892,28.19208,1484.0
35477,337907.8,3119553.6,85.34862,28.19180,1484.9
35507,337907.8,3119523.6,85.34862,28.19153,1484.1
35549,337877.8,3119493.6,85.34832,28.19126,1483.1
35579,337877.8,3119463.6,85.34832,28.19099,1482.6
35621,337847.8,3119433.6,85.34802,28.19071,1480.0
35651,337847.8,3119403.6,85.34803,28.19044,1479.5
35694,337817.8,3119373.6,85.34773,28.19017,1480.5
35724,337817.8,3119343.6,85.34773,28.18990,1481.0
35766,337787.8,3119313.6,85.34743,28.18962,1480.0
35809,337757.8,3119283.6,85.34713,28.18935,1479.4
35851,337727.8,3119253.6,85.34683,28.18908,1478.2
35893,337697.8,3119223.6,85.34652,28.18880,1477.6
35936,337667.8,3119193.6,85.34622,28.18853,1476.9
35966,337667.8,3119163.6,85.34623,28.18826,1475.6
35996,337667.8,3119133.6,85.34623,28.18799,1477.8
36038,337637.8,3119103.6,85.34593,28.18771,1475.5
36068,337637.8,3119073.6,85.34593,28.18744,1473.2
36098,337637.8,3119043.6,85.34594,28.18717,1472.5
36128,337637.8,3119013.6,85.34594,28.18690,1472.6
36158,337637.8,3118983.6,85.34595,28.18663,1473.2
36201,337607.8,3118953.6,85.34565,28.18635,1475.3
36231,337607.8,3118923.6,85.34565,28.18608,1472.6
36273,337577.8,3118893.6,85.34535,28.18581,1469.6
36316,337547.8,3118863.6,85.34505,28.18553,1467.4
36358,337517.8,3118833.6,85.34475,28.18526,1466.4
36400,337487.8,3118803.6,85.34444,28.18499,1466.8
36443,337457.8,3118773.6,85.34414,28.18471,1468.0
36473,337457.8,3118743.6,85.34415,28.18444,1465.5
36515,337427.8,3118713.6,85.34385,28.18417,1472.5
36545,337427.8,3118683.6,85.34385,28.18390,1466.8
36575,337427.8,3118653.6,85.34385,28.18362,1463.2
36618,337397.8,3118623.6,85.34355,28.18335,1466.3
36660,337367.8,3118593.6,85.34325,28.18308,1472.5
36690,337367.8,3118563.6,85.34326,28.18281,1467.0
36733,337337.8,3118533.6,85.34295,28.18253,1473.8
36763,337337.8,3118503.6,85.34296,28.18226,1467.9
36805,337307.8,3118473.6,85.34266,28.18199,1466.2
36847,337277.8,3118443.6,85.34236,28.18171,1464.4
36877,337277.8,3118413.6,85.34236,28.18144,1463.0
36907,337277.8,3118383.6,85.34236,28.18117,1464.2
36937,337277.8,3118353.6,85.34237,28.18090,1465.2
36967,337277.8,3118323.6,85.34237,28.18063,1464.5
36997,337277.8,3118293.6,85.34238,28.18036,1464.3
37027,337277.8,3118263.6,85.34238,28.18009,1463.6
37057,337277.8,3118233.6,85.34239,28.17982,1463.5
37087,337277.8,3118203.6,85.34239,28.17955,1469.3
37130,337307.8,3118173.6,85.34270,28.17928,1470.6
37160,337307.8,3118143.6,85.34270,28.17901,1474.1
37190,337307.8,3118113.6,85.34271,28.17874,1473.2
37220,337307.8,3118083.6,85.34271,28.17847,1469.2
37250,337307.8,3118053.6,85.34272,28.17820,1466.7
37280,337307.8,3118023.6,85.34272,28.17793,1465.8
37310,337307.8,3117993.6,85.34272,28.17765,1462.3
37340,337307.8,3117963.6,85.34273,28.17738,1456.8
37370,337307.8,3117933.6,85.34273,28.17711,1453.5
37400,337307.8,3117903.6,85.34274,28.17684,1456.3
37430,337307.8,3117873.6,85.34274,28.17657,1460.2
37460,337307.8,3117843.6,85.34275,28.17630,1457.5
37490,337307.8,3117813.6,85.34275,28.17603,1452.9
37532,337277.8,3117783.6,85.34245,28.17576,1445.9
37575,337247.8,3117753.6,85.34215,28.17548,1440.6
37605,337247.8,3117723.6,85.34215,28.17521,1432.9
37635,337247.8,3117693.6,85.34215,28.17494,1430.2
37665,337247.8,3117663.6,85.34216,28.17467,1431.7
37695,337247.8,3117633.6,85.34216,28.17440,1434.2
37725,337247.8,3117603.6,85.34217,28.17413,1441.5
37755,337247.8,3117573.6,85.34217,28.17386,1446.3
37797,337277.8,3117543.6,85.34248,28.17359,1443.6
37827,337277.8,3117513.6,85.34249,28.17332,1449.4
37870,337247.8,3117483.6,85.34218,28.17305,1451.1
37900,337247.8,3117453.6,85.34219,28.17277,1447.3
37942,337217.8,3117423.6,85.34189,28.17250,1446.6
37972,337217.8,3117393.6,85.34189,28.17223,1444.4
38002,337217.8,3117363.6,85.34190,28.17196,1442.3
38032,337217.8,3117333.6,85.34190,28.17169,1440.3
38062,337217.8,3117303.6,85.34190,28.17142,1437.8
38092,337217.8,3117273.6,85.34191,28.17115,1439.8
38122,337217.8,3117243.6,85.34191,28.17088,1442.4
38152,337217.8,3117213.6,85.34192,28.17061,1442.6
38182,337217.8,3117183.6,85.34192,28.17033,1444.8
38212,337217.8,3117153.6,85.34192,28.17006,1447.2
38242,337217.8,3117123.6,85.34193,28.16979,1448.4
38284,337247.8,3117093.6,85.34224,28.16953,1447.7
38327,337277.8,3117063.6,85.34255,28.16926,1450.6
38357,337277.8,3117033.6,85.34255,28.16899,1451.2
38387,337277.8,3117003.6,85.34256,28.16872,1450.8
38417,337277.8,3116973.6,85.34256,28.16845,1447.4
38447,337277.8,3116943.6,85.34256,28.16818,1444.0
38489,337247.8,3116913.6,85.34226,28.16790,1441.4
38519,337247.8,3116883.6,85.34227,28.16763,1441.6
38562,337277.8,3116853.6,85.34258,28.16736,1444.3
38604,337307.8,3116823.6,85.34289,28.16710,1442.5
38634,337307.8,3116793.6,85.34289,28.16683,1439.3
38664,337307.8,3116763.6,85.34290,28.16656,1439.1
38694,337307.8,3116733.6,85.34290,28.16629,1439.6
38737,337277.8,3116703.6,85.34260,28.16601,1436.6
38779,337247.8,3116673.6,85.34230,28.16574,1433.3
38809,337247.8,3116643.6,85.34230,28.16547,1429.0
38839,337247.8,3116613.6,85.34231,28.16520,1429.4
38881,337217.8,3116583.6,85.34200,28.16492,1428.4
38924,337187.8,3116553.6,85.34170,28.16465,1422.6
38954,337157.8,3116553.6,85.34140,28.16464,1421.7
38996,337127.8,3116523.6,85.34110,28.16437,1421.1
39026,337097.8,3116523.6,85.34079,28.16436,1418.8
39056,337067.8,3116523.6,85.34048,28.16436,1417.0
39086,337037.8,3116523.6,85.34018,28.16436,1419.1
39129,337007.8,3116493.6,85.33988,28.16408,1421.1
39171,336977.8,3116463.6,85.33958,28.16381,1417.9
39214,336947.8,3116433.6,85.33928,28.16353,1418.3
39256,336917.8,3116403.6,85.33897,28.16326,1421.0
39286,336887.8,3116403.6,85.33867,28.16326,1419.1
39328,336857.8,3116373.6,85.33837,28.16298,1417.0
39371,336827.8,3116343.6,85.33807,28.16271,1421.8
39413,336797.8,3116313.6,85.33777,28.16243,1421.7
39456,336767.8,3116283.6,85.33746,28.16216,1421.3
39486,336767.8,3116253.6,85.33747,28.16189,1418.6
39516,336767.8,3116223.6,85.33747,28.16162,1414.0
39546,336767.8,3116193.6,85.33748,28.16135,1410.1
39576,336767.8,3116163.6,85.33748,28.16108,1407.3
39606,336767.8,3116133.6,85.33748,28.16080,1405.8
39648,336737.8,3116103.6,85.33718,28.16053,1410.5
39678,336737.8,3116073.6,85.33719,28.16026,1409.2
39721,336707.8,3116043.6,85.33689,28.15999,1410.7
39751,336677.8,3116043.6,85.33658,28.15998,1408.6
39793,336647.8,3116013.6,85.33628,28.15971,1408.0
39835,336617.8,3115983.6,85.33598,28.15943,1406.1
39865,336587.8,3115983.6,85.33567,28.15943,1403.7
39908,336557.8,3115953.6,85.33537,28.15915,1402.1
39950,336527.8,3115923.6,85.33507,28.15888,1403.3
39980,336497.8,3115923.6,85.33477,28.15888,1400.1
40010,336467.8,3115923.6,85.33446,28.15887,1399.6
40053,336437.8,3115893.6,85.33416,28.15860,1398.3
40083,336407.8,3115893.6,85.33385,28.15859,1396.2
40113,336377.8,3115893.6,85.33355,28.15859,1397.6
40155,336347.8,3115863.6,85.33325,28.15832,1395.6
40198,336317.8,3115833.6,85.33295,28.15804,1396.2
40228,336317.8,3115803.6,85.33295,28.15777,1395.6
40270,336287.8,3115773.6,85.33265,28.15750,1393.5
40312,336257.8,3115743.6,85.33235,28.15722,1392.4
40342,336227.8,3115743.6,85.33204,28.15722,1389.7
40385,336197.8,3115713.6,85.33174,28.15694,1388.1
40415,336167.8,3115713.6,85.33143,28.15694,1385.5
40457,336137.8,3115683.6,85.33113,28.15667,1387.9
40500,336107.8,3115653.6,85.33083,28.15639,1387.9
40530,336077.8,3115653.6,85.33053,28.15639,1384.5
40572,336047.8,3115623.6,85.33023,28.15611,1386.8
40615,336017.8,3115593.6,85.32992,28.15584,1384.7
40657,335987.8,3115563.6,85.32962,28.15556,1384.2
40699,335957.8,3115533.6,85.32932,28.15529,1384.4
40742,335927.8,3115503.6,85.32902,28.15502,1382.2
40784,335897.8,3115473.6,85.32872,28.15474,1383.0
40814,335897.8,3115443.6,85.32872,28.15447,1385.5
40857,335867.8,3115413.6,85.32842,28.15420,1384.4
40899,335837.8,3115383.6,85.32812,28.15392,1383.3
40929,335807.8,3115383.6,85.32782,28.15392,1382.3
40972,335777.8,3115353.6,85.32751,28.15364,1379.1
41014,335747.8,3115323.6,85.32721,28.15337,1377.2
41056,335717.8,3115293.6,85.32691,28.15310,1378.9
41086,335717.8,3115263.6,85.32692,28.15282,1377.8
41129,335687.8,3115233.6,85.32662,28.15255,1376.3
41171,335657.8,3115203.6,85.32631,28.15228,1374.1
41214,335627.8,3115173.6,85.32601,28.15200,1370.6
41256,335597.8,3115143.6,85.32571,28.15173,1368.1
41286,335567.8,3115143.6,85.32541,28.15172,1368.8
41328,335537.8,3115113.6,85.32510,28.15145,1367.0
41358,335507.8,3115113.6,85.32480,28.15144,1365.6
41401,335477.8,3115083.6,85.32450,28.15117,1365.7
41431,335447.8,3115083.6,85.32419,28.15117,1365.4
41473,335417.8,3115053.6,85.32389,28.15089,1363.9
41503,335387.8,3115053.6,85.32359,28.15089,1362.8
41533,335357.8,3115053.6,85.32328,28.15088,1362.9
41576,335327.8,3115023.6,85.32298,28.15061,1365.1
41606,335297.8,3115023.6,85.32267,28.15061,1362.2
41636,335267.8,3115023.6,85.32237,28.15060,1364.0
41678,335237.8,3114993.6,85.32207,28.15033,1364.0
41721,335207.8,3114963.6,85.32177,28.15005,1364.6
41763,335177.8,3114933.6,85.32147,28.14978,1364.0
41805,335147.8,3114903.6,85.32116,28.14951,1358.6
41835,335117.8,3114903.6,85.32086,28.14950,1361.4
41878,335087.8,3114873.6,85.32056,28.14923,1357.3
41920,335057.8,3114843.6,85.32026,28.14895,1357.5
41963,335027.8,3114813.6,85.31996,28.14868,1359.0
42005,334997.8,3114783.6,85.31965,28.14840,1358.8
42035,334967.8,3114783.6,85.31935,28.14840,1359.7
42065,334937.8,3114783.6,85.31904,28.14840,1361.0
42095,334907.8,3114783.6,85.31874,28.14839,1363.1
42138,334877.8,3114753.6,85.31844,28.14812,1350.2
42168,334847.8,3114753.6,85.31813,28.14811,1354.2
42210,334817.8,3114723.6,85.31783,28.14784,1351.4
42252,334787.8,3114693.6,85.31753,28.14757,1357.4
42295,334757.8,3114663.6,85.31723,28.14729,1356.8
42337,334727.8,3114633.6,85.31693,28.14702,1357.0
42380,334697.8,3114603.6,85.31663,28.14674,1353.8
42410,334667.8,3114603.6,85.31632,28.14674,1359.4
42452,334637.8,3114573.6,85.31602,28.14646,1349.9
42482,334607.8,3114573.6,85.31571,28.14646,1357.0
42525,334577.8,3114543.6,85.31541,28.14619,1346.9
42555,334547.8,3114543.6,85.31511,28.14618,1352.1
42597,334517.8,3114513.6,85.31481,28.14591,1342.7
42639,334487.8,3114483.6,85.31450,28.14563,1342.2
42682,334457.8,3114453.6,85.31420,28.14536,1347.2
42724,334427.8,3114423.6,85.31390,28.14508,1354.9
42767,334397.8,3114393.6,85.31360,28.14481,1354.9
42809,334367.8,3114363.6,85.31330,28.14453,1344.9
42852,334337.8,3114333.6,85.31300,28.14426,1333.7
42894,334307.8,3114303.6,85.31270,28.14399,1343.8
42924,334307.8,3114273.6,85.31270,28.14372,1345.6
42966,334277.8,3114243.6,85.31240,28.14344,1358.7
42996,334277.8,3114213.6,85.31240,28.14317,1355.0
43026,334277.8,3114183.6,85.31241,28.14290,1357.1
43056,334277.8,3114153.6,85.31241,28.14263,1363.5
43099,334247.8,3114123.6,85.31211,28.14235,1358.4
43141,334217.8,3114093.6,85.31181,28.14208,1339.2
43171,334187.8,3114093.6,85.31151,28.14208,1335.6
43214,334157.8,3114123.6,85.31120,28.14234,1345.7
43244,334127.8,3114123.6,85.31089,28.14234,1336.9
43286,334097.8,3114153.6,85.31058,28.14261,1343.7
43316,334067.8,3114153.6,85.31028,28.14260,1338.4
43346,334037.8,3114153.6,85.30997,28.14260,1337.0
43376,334007.8,3114153.6,85.30966,28.14259,1343.0
43419,333977.8,3114123.6,85.30936,28.14232,1340.4
43461,333947.8,3114093.6,85.30906,28.14205,1339.4
43503,333917.8,3114063.6,85.30876,28.14177,1336.6
43546,333887.8,3114033.6,85.30846,28.14150,1331.3
43588,333857.8,3114003.6,85.30816,28.14122,1331.1
43631,333827.8,3113973.6,85.30786,28.14095,1331.3
43673,333797.8,3113943.6,85.30756,28.14067,1329.7
43716,333767.8,3113913.6,85.30726,28.14040,1331.4
43758,333737.8,3113883.6,85.30695,28.14012,1336.9
43800,333707.8,3113853.6,85.30665,28.13985,1342.2
43843,333677.8,3113823.6,85.30635,28.13958,1333.0
43885,333647.8,3113793.6,85.30605,28.13930,1324.1
43928,333617.8,3113763.6,85.30575,28.13903,1325.1
43970,333587.8,3113733.6,85.30545,28.13875,1325.1
44013,333557.8,3113703.6,85.30515,28.13848,1327.9
44055,333527.8,3113673.6,85.30485,28.13820,1341.6
44085,333527.8,3113643.6,85.30485,28.13793,1344.0
44115,333527.8,3113613.6,85.30486,28.13766,1349.7
44157,333497.8,3113583.6,85.30455,28.13739,1347.8
44187,333497.8,3113553.6,85.30456,28.13712,1339.0
44217,333497.8,3113523.6,85.30456,28.13685,1330.4
44260,333467.8,3113493.6,85.30426,28.13657,1326.7
44290,333467.8,3113463.6,85.30427,28.13630,1326.7
44332,333437.8,3113433.6,85.30396,28.13603,1326.1
44375,333407.8,3113403.6,85.30366,28.13575,1326.1
44417,333377.8,3113373.6,85.30336,28.13548,1323.7
44447,333377.8,3113343.6,85.30337,28.13521,1323.0
44477,333377.8,3113313.6,85.30337,28.13494,1322.7
44520,333347.8,3113283.6,85.30307,28.13466,1321.6
44562,333317.8,3113253.6,85.30277,28.13439,1319.7
44592,333317.8,3113223.6,85.30277,28.13412,1320.2
44622,333317.8,3113193.6,85.30278,28.13385,1321.1
44664,333287.8,3113163.6,85.30248,28.13357,1319.7
44707,333257.8,3113133.6,85.30218,28.13330,1318.3
44749,333227.8,3113103.6,85.30187,28.13302,1318.4
44779,333197.8,3113103.6,85.30157,28.13302,1319.3
44822,333167.8,3113073.6,85.30127,28.13274,1319.4
44864,333137.8,3113043.6,85.30097,28.13247,1318.2
44894,333137.8,3113013.6,85.30097,28.13220,1319.0
44937,333107.8,3112983.6,85.30067,28.13192,1316.4
44967,333107.8,3112953.6,85.30067,28.13165,1312.2
44997,333107.8,3112923.6,85.30068,28.13138,1308.1
45027,333107.8,3112893.6,85.30068,28.13111,1302.5
45069,333077.8,3112863.6,85.30038,28.13084,1298.7
45099,333077.8,3112833.6,85.30039,28.13057,1293.4
45129,333077.8,3112803.6,85.30039,28.13030,1289.9
45159,333077.8,3112773.6,85.30039,28.13003,1286.2
45201,333047.8,3112743.6,85.30009,28.12975,1285.0
45231,333047.8,3112713.6,85.30010,28.12948,1280.0
45274,333017.8,3112683.6,85.29980,28.12921,1290.2
45316,332987.8,3112653.6,85.29950,28.12893,1292.4
45359,332957.8,3112623.6,85.29919,28.12866,1274.7
45401,332927.8,3112593.6,85.29889,28.12838,1264.5
45443,332897.8,3112563.6,85.29859,28.12811,1260.5
45486,332867.8,3112533.6,85.29829,28.12783,1262.1
45516,332867.8,3112503.6,85.29830,28.12756,1261.5
45558,332837.8,3112473.6,85.29799,28.12729,1260.7
45588,332837.8,3112443.6,85.29800,28.12702,1266.7
45631,332807.8,3112413.6,85.29770,28.12674,1265.0
45673,332777.8,3112383.6,85.29740,28.12647,1260.6
45703,332747.8,3112383.6,85.29709,28.12647,1260.9
45746,332717.8,3112353.6,85.29679,28.12619,1253.9
45788,332687.8,3112323.6,85.29649,28.12592,1247.4
45818,332657.8,3112323.6,85.29618,28.12591,1248.5
45848,332627.8,3112323.6,85.29588,28.12591,1255.6
45890,332597.8,3112293.6,85.29558,28.12563,1248.0
45920,332567.8,3112293.6,85.29527,28.12563,1257.3
45963,332537.8,3112263.6,85.29497,28.12536,1250.2
46005,332507.8,3112233.6,85.29467,28.12508,1245.5
46048,332477.8,3112203.6,85.29437,28.12481,1244.0
46090,332447.8,3112173.6,85.29407,28.12453,1244.6
46133,332417.8,3112143.6,85.29377,28.12426,1243.6
46175,332387.8,3112113.6,85.29347,28.12398,1249.5
46217,332357.8,3112083.6,85.29316,28.12371,1254.8
46260,332327.8,3112053.6,85.29286,28.12343,1249.7
46290,332297.8,3112053.6,85.29256,28.12343,1256.2
46332,332267.8,3112023.6,85.29226,28.12316,1257.8
46375,332237.8,3111993.6,85.29196,28.12288,1258.9
46417,332207.8,3111963.6,85.29166,28.12261,1257.0
46460,332177.8,3111933.6,85.29135,28.12233,1247.7
46502,332147.8,3111903.6,85.29105,28.12206,1241.9
46544,332117.8,3111873.6,85.29075,28.12178,1252.4
46587,332087.8,3111843.6,85.29045,28.12151,1256.6
46629,332057.8,3111813.6,85.29015,28.12123,1247.4
46672,332027.8,3111783.6,85.28985,28.12096,1242.7
46714,331997.8,3111753.6,85.28955,28.12069,1245.7
46757,331967.8,3111723.6,85.28925,28.12041,1250.3
46799,331937.8,3111693.6,85.28895,28.12014,1251.8
46841,331907.8,3111663.6,85.28864,28.11986,1253.2
46871,331907.8,3111633.6,85.28865,28.11959,1260.1
46914,331877.8,3111603.6,85.28835,28.11932,1261.5
46956,331847.8,3111573.6,85.28805,28.11904,1256.4
46999,331817.8,3111543.6,85.28775,28.11877,1250.9
47029,331787.8,3111543.6,85.28744,28.11876,1248.1
47071,331757.8,3111513.6,85.28714,28.11849,1248.2
47101,331727.8,3111513.6,85.28683,28.11849,1251.2
47144,331697.8,3111483.6,85.28653,28.11821,1251.8
47186,331667.8,3111453.6,85.28623,28.11794,1250.9
47216,331637.8,3111453.6,85.28593,28.11793,1247.9
47258,331607.8,3111423.6,85.28563,28.11766,1242.2
47288,331577.8,3111423.6,85.28532,28.11765,1242.6
47331,331547.8,3111393.6,85.28502,28.11738,1243.5
47373,331517.8,3111363.6,85.28472,28.11711,1242.4
47403,331487.8,3111363.6,85.28441,28.11710,1241.6
47446,331457.8,3111333.6,85.28411,28.11683,1238.1
47488,331427.8,3111303.6,85.28381,28.11655,1231.1
47518,331397.8,3111303.6,85.28351,28.11655,1226.0
47561,331367.8,3111273.6,85.28321,28.11627,1222.3
47603,331337.8,3111243.6,85.28290,28.11600,1220.5
47645,331307.8,3111213.6,85.28260,28.11573,1218.1
47688,331277.8,3111183.6,85.28230,28.11545,1216.5
47718,331277.8,3111153.6,85.28231,28.11518,1215.6
47748,331277.8,3111123.6,85.28231,28.11491,1217.8
47778,331277.8,3111093.6,85.28232,28.11464,1218.6
47820,331247.8,3111063.6,85.28201,28.11436,1216.2
47863,331217.8,3111033.6,85.28171,28.11409,1217.8
47893,331217.8,3111003.6,85.28172,28.11382,1211.9
47935,331187.8,3110973.6,85.28142,28.11354,1216.0
47965,331187.8,3110943.6,85.28142,28.11327,1214.9
48008,331157.8,3110913.6,85.28112,28.11300,1219.6
48050,331127.8,3110883.6,85.28082,28.11272,1220.7
48080,331097.8,3110883.6,85.28051,28.11272,1219.2
48122,331067.8,3110853.6,85.28021,28.11245,1217.8
48152,331037.8,3110853.6,85.27991,28.11244,1214.7
48195,331007.8,3110823.6,85.27961,28.11217,1212.8
48225,331007.8,3110793.6,85.27961,28.11190,1214.0
48267,330977.8,3110763.6,85.27931,28.11162,1209.4
48297,330947.8,3110763.6,85.27900,28.11162,1209.1
48340,330917.8,3110733.6,85.27870,28.11134,1214.4
48382,330887.8,3110703.6,85.27840,28.11107,1213.7
48425,330857.8,3110733.6,85.27809,28.11134,1213.8
48467,330827.8,3110703.6,85.27779,28.11106,1202.7
48509,330797.8,3110673.6,85.27749,28.11079,1200.5
48552,330767.8,3110643.6,85.27719,28.11051,1200.5
48594,330737.8,3110613.6,85.27689,28.11024,1203.3
48637,330707.8,3110583.6,85.27659,28.10996,1207.7
48679,330677.8,3110553.6,85.27629,28.10969,1211.1
48721,330647.8,3110523.6,85.27599,28.10942,1208.8
48764,330617.8,3110493.6,85.27569,28.10914,1199.6
48806,330587.8,3110463.6,85.27538,28.10887,1190.6
48849,330557.8,3110433.6,85.27508,28.10859,1188.5
48891,330527.8,3110403.6,85.27478,28.10832,1190.1
48934,330497.8,3110373.6,85.27448,28.10804,1193.2
48976,330467.8,3110343.6,85.27418,28.10777,1202.7
49018,330437.8,3110313.6,85.27388,28.10749,1210.0
49061,330407.8,3110283.6,85.27358,28.10722,1214.4
49103,330377.8,3110253.6,85.27328,28.10694,1212.1
49133,330347.8,3110253.6,85.27297,28.10694,1206.5
49176,330317.8,3110223.6,85.27267,28.10667,1203.7
49206,330287.8,3110223.6,85.27237,28.10666,1205.8
49248,330257.8,3110193.6,85.27207,28.10639,1203.7
49278,330257.8,3110163.6,85.27207,28.10612,1202.0
49321,330227.8,3110133.6,85.27177,28.10584,1201.3
49363,330197.8,3110103.6,85.27147,28.10557,1200.1
49405,330167.8,3110073.6,85.27117,28.10529,1196.6
49448,330137.8,3110043.6,85.27087,28.10502,1196.4
49490,330107.8,3110013.6,85.27056,28.10474,1192.1
49533,330077.8,3109983.6,85.27026,28.10447,1178.4
49575,330047.8,3109953.6,85.26996,28.10420,1180.1
49618,330017.8,3109923.6,85.26966,28.10392,1184.4
49648,329987.8,3109923.6,85.26936,28.10392,1199.6
49690,329957.8,3109893.6,85.26906,28.10364,1189.5
49732,329927.8,3109863.6,85.26875,28.10337,1180.9
49762,329897.8,3109863.6,85.26845,28.10336,1195.2
49805,329867.8,3109833.6,85.26815,28.10309,1185.7
49847,329837.8,3109803.6,85.26785,28.10281,1170.6
49890,329807.8,3109773.6,85.26755,28.10254,1159.8
49932,329777.8,3109743.6,85.26725,28.10227,1154.2
49975,329747.8,3109713.6,85.26695,28.10199,1152.3
50017,329717.8,3109683.6,85.26664,28.10172,1159.0
50059,329687.8,3109653.6,85.26634,28.10144,1173.3
50102,329657.8,3109623.6,85.26604,28.10117,1168.9
50144,329627.8,3109593.6,85.26574,28.10089,1173.4
50187,329597.8,3109563.6,85.26544,28.10062,1185.5
50229,329567.8,3109533.6,85.26514,28.10034,1197.1
50272,329537.8,3109503.6,85.26484,28.10007,1198.4
50314,329507.8,3109473.6,85.26454,28.09979,1199.8
50356,329477.8,3109443.6,85.26424,28.09952,1195.4
50399,329447.8,3109413.6,85.26394,28.09925,1180.0
50429,329447.8,3109383.6,85.26394,28.09897,1169.1
50471,329417.8,3109353.6,85.26364,28.09870,1150.6
50501,329417.8,3109323.6,85.26364,28.09843,1138.0
50544,329387.8,3109293.6,85.26334,28.09815,1141.7
50586,329357.8,3109263.6,85.26304,28.09788,1145.7
50629,329327.8,3109233.6,85.26274,28.09761,1144.4
50659,329297.8,3109233.6,85.26244,28.09760,1142.1
50701,329267.8,3109203.6,85.26213,28.09733,1138.9
50743,329237.8,3109173.6,85.26183,28.09705,1134.1
50786,329207.8,3109143.6,85.26153,28.09678,1124.0
50828,329177.8,3109113.6,85.26123,28.09650,1115.0
50871,329147.8,3109083.6,85.26093,28.09623,1113.0
50913,329117.8,3109053.6,85.26063,28.09595,1115.9
50956,329087.8,3109023.6,85.26033,28.09568,1120.3
50998,329057.8,3108993.6,85.26003,28.09541,1118.7
51028,329027.8,3108993.6,85.25972,28.09540,1112.5
51058,328997.8,3108993.6,85.25942,28.09540,1113.6
51088,328967.8,3108993.6,85.25911,28.09539,1114.0
51130,328937.8,3108963.6,85.25881,28.09512,1114.6
51160,328907.8,3108963.6,85.25851,28.09512,1113.3
51190,328877.8,3108963.6,85.25820,28.09511,1109.3
51220,328847.8,3108963.6,85.25790,28.09511,1104.0
51250,328817.8,3108963.6,85.25759,28.09510,1101.8
51280,328787.8,3108963.6,85.25729,28.09510,1100.9
51310,328757.8,3108963.6,85.25698,28.09510,1099.2
51340,328727.8,3108963.6,85.25668,28.09509,1098.7
51383,328697.8,3108933.6,85.25637,28.09482,1090.9
51413,328667.8,3108933.6,85.25607,28.09481,1091.5
51443,328637.8,3108933.6,85.25576,28.09481,1095.6
51473,328607.8,3108933.6,85.25546,28.09481,1102.4
51515,328577.8,3108903.6,85.25516,28.09453,1096.8
51545,328547.8,3108903.6,85.25485,28.09453,1100.5
51588,328517.8,3108873.6,85.25455,28.09425,1101.3
51630,328487.8,3108843.6,85.25425,28.09398,1100.6
51660,328457.8,3108843.6,85.25395,28.09397,1102.5
51703,328427.8,3108813.6,85.25364,28.09370,1101.1
51745,328397.8,3108783.6,85.25334,28.09343,1102.9
51775,328367.8,3108783.6,85.25304,28.09342,1101.6
51817,328337.8,3108753.6,85.25274,28.09315,1100.8
51847,328307.8,3108753.6,85.25243,28.09314,1097.1
51890,328277.8,3108723.6,85.25213,28.09287,1094.5
51920,328247.8,3108723.6,85.25183,28.09286,1088.1
51950,328217.8,3108723.6,85.25152,28.09286,1079.0
51980,328187.8,3108723.6,85.25122,28.09286,1075.0
52010,328157.8,3108723.6,85.25091,28.09285,1075.2
52040,328127.8,3108723.6,85.25061,28.09285,1077.1
52082,328097.8,3108693.6,85.25030,28.09257,1071.0
52112,328067.8,3108693.6,85.25000,28.09257,1072.2
52142,328037.8,3108693.6,85.24969,28.09257,1075.3
52172,328007.8,3108693.6,85.24939,28.09256,1073.6
52202,327977.8,3108693.6,85.24908,28.09256,1078.7
52245,327947.8,3108663.6,85.24878,28.09228,1079.0
52287,327917.8,3108633.6,85.24848,28.09201,1078.0
52317,327887.8,3108633.6,85.24818,28.09201,1077.4
52347,327857.8,3108633.6,85.24787,28.09200,1073.7
52377,327827.8,3108633.6,85.24757,28.09200,1068.4
52407,327797.8,3108633.6,85.24726,28.09199,1063.0
52437,327767.8,3108633.6,85.24696,28.09199,1060.5
52480,327737.8,3108663.6,85.24665,28.09226,1060.3
52510,327707.8,3108663.6,85.24634,28.09225,1058.7
52540,327677.8,3108663.6,85.24604,28.09225,1056.9
52582,327647.8,3108693.6,85.24573,28.09252,1058.8
52612,327617.8,3108693.6,85.24542,28.09251,1058.0
52642,327587.8,3108693.6,85.24512,28.09251,1058.2
52672,327557.8,3108693.6,85.24481,28.09250,1057.3
52702,327527.8,3108693.6,85.24451,28.09250,1057.4
52732,327497.8,3108693.6,85.24420,28.09250,1058.7
52762,327467.8,3108693.6,85.24389,28.09249,1059.2
52792,327437.8,3108693.6,85.24359,28.09249,1058.1
52822,327407.8,3108693.6,85.24328,28.09248,1056.3
52852,327377.8,3108693.6,85.24298,28.09248,1055.9
52882,327347.8,3108693.6,85.24267,28.09248,1058.6
52924,327317.8,3108663.6,85.24237,28.09220,1059.4
52954,327287.8,3108663.6,85.24207,28.09220,1061.4
52997,327257.8,3108633.6,85.24177,28.09192,1059.6
53027,327227.8,3108633.6,85.24146,28.09192,1056.3
53057,327197.8,3108633.6,85.24116,28.09192,1056.9
53087,327167.8,3108633.6,85.24085,28.09191,1058.0
53117,327137.8,3108633.6,85.24055,28.09191,1058.7
53147,327107.8,3108633.6,85.24024,28.09190,1057.4
53177,327077.8,3108633.6,85.23994,28.09190,1053.3
53207,327047.8,3108633.6,85.23963,28.09190,1048.1
53237,327017.8,3108633.6,85.23933,28.09189,1046.6
53267,326987.8,3108633.6,85.23902,28.09189,1046.9
53309,326957.8,3108603.6,85.23872,28.09161,1045.1
53339,326927.8,3108603.6,85.23841,28.09161,1046.6
53382,326897.8,3108573.6,85.23811,28.09134,1048.3
53412,326867.8,3108573.6,85.23781,28.09133,1047.0
53442,326837.8,3108573.6,85.23750,28.09133,1048.7
53472,326807.8,3108573.6,85.23720,28.09132,1047.0
53502,326777.8,3108573.6,85.23689,28.09132,1043.4
53532,326747.8,3108573.6,85.23659,28.09132,1044.5
53574,326717.8,3108543.6,85.23629,28.09104,1044.8
53604,326687.8,3108543.6,85.23598,28.09104,1044.8
53646,326657.8,3108573.6,85.23567,28.09130,1044.4
53676,326627.8,3108573.6,85.23537,28.09130,1042.4
53706,326597.8,3108573.6,85.23506,28.09130,1040.5
53749,326567.8,3108543.6,85.23476,28.09102,1040.3
53791,326537.8,3108513.6,85.23446,28.09075,1041.2
53834,326507.8,3108483.6,85.23416,28.09047,1042.5
53876,326477.8,3108453.6,85.23386,28.09020,1045.0
53906,326447.8,3108453.6,85.23355,28.09019,1044.6
53949,326417.8,3108423.6,85.23325,28.08992,1043.3
53979,326387.8,3108423.6,85.23295,28.08992,1040.9
54009,326357.8,3108423.6,85.23264,28.08991,1038.8
54051,326327.8,3108393.6,85.23234,28.08964,1036.2
54081,326297.8,3108393.6,85.23204,28.08963,1040.1
54123,326267.8,3108363.6,85.23173,28.08936,1036.4
54166,326237.8,3108333.6,85.23143,28.08908,1034.2
54208,326207.8,3108303.6,85.23113,28.08881,1039.0
54251,326177.8,3108273.6,85.23083,28.08853,1033.2
54293,326147.8,3108243.6,85.23053,28.08826,1027.3
54336,326117.8,3108213.6,85.23023,28.08798,1017.4
54378,326087.8,3108183.6,85.22993,28.08771,1011.4
54420,326057.8,3108153.6,85.22963,28.08744,1009.1
54450,326027.8,3108153.6,85.22932,28.08743,1006.6
54493,325997.8,3108123.6,85.22902,28.08716,1007.6
54535,325967.8,3108093.6,85.22872,28.08688,1008.2
54578,325937.8,3108063.6,85.22842,28.08661,1004.9
54620,325907.8,3108033.6,85.22812,28.08633,1003.7
54663,325877.8,3108003.6,85.22782,28.08606,1005.0
54693,325877.8,3107973.6,85.22782,28.08579,1005.8
54723,325877.8,3107943.6,85.22783,28.08552,1005.6
54765,325847.8,3107913.6,85.22753,28.08524,1002.8
54795,325817.8,3107913.6,85.22722,28.08524,1005.3
54837,325787.8,3107883.6,85.22692,28.08496,1004.9
54880,325757.8,3107853.6,85.22662,28.08469,1004.7
54922,325727.8,3107823.6,85.22632,28.08441,1005.0
54965,325697.8,3107793.6,85.22602,28.08414,1004.0
54995,325667.8,3107793.6,85.22571,28.08414,1004.6
55037,325637.8,3107763.6,85.22541,28.08386,1005.2
55067,325607.8,3107763.6,85.22511,28.08386,1003.0
55097,325577.8,3107763.6,85.22480,28.08385,1003.2
55140,325547.8,3107733.6,85.22450,28.08358,1004.6
55182,325517.8,3107703.6,85.22420,28.08330,1005.4
55224,325487.8,3107673.6,85.22390,28.08303,1003.2
55254,325457.8,3107673.6,85.22360,28.08303,998.9
55284,325427.8,3107673.6,85.22329,28.08302,997.1
55327,325397.8,3107643.6,85.22299,28.08275,998.8
55369,325367.8,3107613.6,85.22269,28.08247,1003.0
55399,325337.8,3107613.6,85.22238,28.08247,998.5
55442,325307.8,3107583.6,85.22208,28.08219,994.3
55472,325277.8,3107583.6,85.22178,28.08219,990.3
55514,325247.8,3107553.6,85.22148,28.08192,984.1
55544,325217.8,3107553.6,85.22117,28.08191,982.3
55587,325187.8,3107523.6,85.22087,28.08164,978.7
55617,325157.8,3107523.6,85.22057,28.08163,978.0
55659,325127.8,3107493.6,85.22027,28.08136,975.3
55701,325097.8,3107463.6,85.21996,28.08108,973.0
55731,325067.8,3107463.6,85.21966,28.08108,970.9
55774,325037.8,3107433.6,85.21936,28.08080,971.0
55804,325007.8,3107433.6,85.21905,28.08080,969.4
55846,324977.8,3107403.6,85.21875,28.08053,968.4
55876,324977.8,3107373.6,85.21876,28.08026,967.7
55919,324947.8,3107343.6,85.21846,28.07998,968.1
55961,324917.8,3107313.6,85.21816,28.07971,968.0
56004,324887.8,3107283.6,85.21785,28.07943,963.1
56034,324857.8,3107283.6,85.21755,28.07943,963.1
56076,324827.8,3107253.6,85.21725,28.07915,961.7
56118,324797.8,3107223.6,85.21695,28.07888,958.3
56161,324767.8,3107193.6,85.21665,28.07860,959.1
56203,324737.8,3107163.6,85.21635,28.07833,959.1
56246,324707.8,3107133.6,85.21605,28.07805,956.2
56288,324677.8,3107103.6,85.21575,28.07778,952.1
56331,324647.8,3107073.6,85.21544,28.07751,949.5
56373,324617.8,3107043.6,85.21514,28.07723,943.1
56415,324587.8,3107013.6,85.21484,28.07696,934.8
56445,324557.8,3107013.6,85.21454,28.07695,931.3
56488,324527.8,3106983.6,85.21424,28.07668,932.2
56530,324497.8,3106953.6,85.21394,28.07640,932.2
56573,324467.8,3106923.6,85.21364,28.07613,934.9
56603,324437.8,3106923.6,85.21333,28.07612,929.9
56633,324407.8,3106923.6,85.21303,28.07612,932.0
56675,324377.8,3106893.6,85.21272,28.07585,932.0
56705,324347.8,3106893.6,85.21242,28.07584,932.2
56748,324317.8,3106863.6,85.21212,28.07557,928.3
56778,324287.8,3106863.6,85.21181,28.07556,925.2
56820,324257.8,3106833.6,85.21151,28.07529,921.6
56850,324227.8,3106833.6,85.21121,28.07528,924.4
56892,324197.8,3106803.6,85.21091,28.07501,921.6
56922,324167.8,3106803.6,85.21060,28.07501,921.2
56952,324137.8,3106803.6,85.21030,28.07500,921.1
56995,324107.8,3106773.6,85.21000,28.07473,916.3
57037,324077.8,3106743.6,85.20970,28.07445,920.3
57080,324047.8,3106713.6,85.20939,28.07418,925.5
57110,324047.8,3106683.6,85.20940,28.07391,923.1
57152,324017.8,3106653.6,85.20910,28.07363,917.2
57182,324017.8,3106623.6,85.20910,28.07336,915.1
57225,323987.8,3106593.6,85.20880,28.07309,914.4
57255,323987.8,3106563.6,85.20881,28.07282,913.4
57297,323957.8,3106533.6,85.20851,28.07254,912.1
57339,323927.8,3106503.6,85.20821,28.07227,909.9
57382,323897.8,3106473.6,85.20790,28.07199,907.6
57412,323897.8,3106443.6,85.20791,28.07172,905.6
57442,323897.8,3106413.6,85.20791,28.07145,904.9
57472,323897.8,3106383.6,85.20792,28.07118,905.1
57502,323897.8,3106353.6,85.20792,28.07091,906.1
57544,323867.8,3106323.6,85.20762,28.07063,907.6
57587,323837.8,3106293.6,85.20732,28.07036,901.2
57629,323807.8,3106263.6,85.20702,28.07009,896.9
57659,323807.8,3106233.6,85.20703,28.06981,898.0
57701,323777.8,3106203.6,85.20672,28.06954,898.6
57744,323747.8,3106173.6,85.20642,28.06927,895.1
57786,323717.8,3106143.6,85.20612,28.06899,887.4
57829,323687.8,3106113.6,85.20582,28.06872,886.0
57871,323657.8,3106083.6,85.20552,28.06844,890.0
57914,323627.8,3106053.6,85.20522,28.06817,888.7
57944,323627.8,3106023.6,85.20523,28.06790,884.4
57974,323627.8,3105993.6,85.20523,28.06763,879.6
58004,323627.8,3105963.6,85.20523,28.06735,872.6
58034,323627.8,3105933.6,85.20524,28.06708,864.9
58064,323627.8,3105903.6,85.20524,28.06681,860.2
58106,323597.8,3105873.6,85.20494,28.06654,860.9
58136,323597.8,3105843.6,85.20495,28.06627,859.6
58166,323597.8,3105813.6,85.20495,28.06600,859.3
58208,323627.8,3105783.6,85.20526,28.06573,856.3
58251,323657.8,3105753.6,85.20557,28.06546,859.5
58293,323687.8,3105723.6,85.20588,28.06520,860.6
58323,323687.8,3105693.6,85.20589,28.06493,858.1
58353,323687.8,3105663.6,85.20589,28.06466,857.9
58383,323687.8,3105633.6,85.20589,28.06439,860.1
58426,323717.8,3105603.6,85.20620,28.06412,851.7
58456,323717.8,3105573.6,85.20621,28.06385,857.1
58498,323747.8,3105543.6,85.20652,28.06358,858.5
58541,323777.8,3105513.6,85.20683,28.06331,861.1
58571,323777.8,3105483.6,85.20683,28.06304,857.2
58601,323777.8,3105453.6,85.20684,28.06277,854.9
58643,323807.8,3105423.6,85.20715,28.06251,853.9
58673,323807.8,3105393.6,85.20715,28.06224,849.8
58703,323807.8,3105363.6,85.20716,28.06196,847.5
58733,323807.8,3105333.6,85.20716,28.06169,844.6
58763,323807.8,3105303.6,85.20716,28.06142,839.1
58793,323807.8,3105273.6,85.20717,28.06115,835.6
58823,323807.8,3105243.6,85.20717,28.06088,836.9
58853,323807.8,3105213.6,85.20718,28.06061,839.2
58895,323837.8,3105183.6,85.20749,28.06034,831.7
58925,323837.8,3105153.6,85.20749,28.06007,837.2
58968,323867.8,3105123.6,85.20780,28.05981,832.9
58998,323867.8,3105093.6,85.20781,28.05954,831.6
59040,323837.8,3105063.6,85.20751,28.05926,838.1
59070,323837.8,3105033.6,85.20751,28.05899,837.1
59100,323837.8,3105003.6,85.20751,28.05872,840.5
59143,323867.8,3104973.6,85.20782,28.05845,832.9
59173,323867.8,3104943.6,85.20783,28.05818,834.4
59203,323867.8,3104913.6,85.20783,28.05791,837.9
59245,323897.8,3104883.6,85.20814,28.05765,834.8
59275,323897.8,3104853.6,85.20815,28.05738,836.7
59305,323897.8,3104823.6,85.20815,28.05710,839.4
59348,323927.8,3104793.6,85.20846,28.05684,839.8
59378,323927.8,3104763.6,85.20847,28.05657,840.5
59420,323897.8,3104733.6,85.20817,28.05629,838.1
59462,323867.8,3104703.6,85.20786,28.05602,833.9
59492,323867.8,3104673.6,85.20787,28.05575,829.7
59522,323867.8,3104643.6,85.20787,28.05548,828.8
59552,323867.8,3104613.6,85.20788,28.05521,832.2
59595,323837.8,3104583.6,85.20758,28.05493,834.4
59625,323837.8,3104553.6,85.20758,28.05466,833.6
59655,323837.8,3104523.6,85.20759,28.05439,832.6
59685,323837.8,3104493.6,85.20759,28.05412,832.4
59727,323807.8,3104463.6,85.20729,28.05384,834.2
59770,323777.8,3104433.6,85.20699,28.05357,832.5
59800,323777.8,3104403.6,85.20699,28.05330,830.6
59842,323747.8,3104373.6,85.20669,28.05302,829.9
59885,323717.8,3104343.6,85.20639,28.05275,829.0
59915,323717.8,3104313.6,85.20640,28.05248,827.5
59957,323687.8,3104283.6,85.20610,28.05220,829.0
59999,323657.8,3104253.6,85.20580,28.05193,826.8
60042,323627.8,3104223.6,85.20550,28.05165,819.8
60072,323597.8,3104223.6,85.20519,28.05165,818.1
60114,323567.8,3104193.6,85.20489,28.05138,819.0
60157,323537.8,3104163.6,85.20459,28.05110,819.2
60199,323507.8,3104133.6,85.20429,28.05083,815.6
60242,323477.8,3104103.6,85.20399,28.05055,814.9
60284,323447.8,3104073.6,85.20369,28.05028,814.6
60326,323417.8,3104043.6,85.20339,28.05000,814.1
60369,323387.8,3104013.6,85.20309,28.04973,815.0
60399,323387.8,3103983.6,85.20309,28.04946,815.6
60429,323387.8,3103953.6,85.20310,28.04919,815.6
60471,323357.8,3103923.6,85.20279,28.04891,814.3
60514,323327.8,3103893.6,85.20249,28.04864,808.0
60544,323327.8,3103863.6,85.20250,28.04837,806.3
60586,323297.8,3103833.6,85.20220,28.04809,806.4
60616,323297.8,3103803.6,85.20220,28.04782,806.5
60646,323297.8,3103773.6,85.20221,28.04755,806.3
60689,323267.8,3103743.6,85.20191,28.04728,804.4
60719,323267.8,3103713.6,85.20191,28.04701,804.3
60761,323237.8,3103683.6,85.20161,28.04673,804.5
60803,323207.8,3103653.6,85.20131,28.04646,803.9
60833,323207.8,3103623.6,85.20131,28.04619,802.8
60876,323177.8,3103593.6,85.20101,28.04591,802.5
60918,323147.8,3103563.6,85.20071,28.04564,799.7
60961,323117.8,3103533.6,85.20041,28.04536,799.1
60991,323087.8,3103533.6,85.20011,28.04536,799.0
61033,323057.8,3103503.6,85.19981,28.04508,796.2
61076,323027.8,3103473.6,85.19951,28.04481,792.8
61118,322997.8,3103443.6,85.19921,28.04453,792.6
61160,322967.8,3103413.6,85.19891,28.04426,796.2
61203,322937.8,3103383.6,85.19860,28.04398,798.3
61245,322907.8,3103353.6,85.19830,28.04371,799.9
61275,322877.8,3103353.6,85.19800,28.04371,797.4
61318,322847.8,3103323.6,85.19770,28.04343,792.5
61348,322817.8,3103323.6,85.19739,28.04343,791.7
61390,322787.8,3103293.6,85.19709,28.04315,792.0
61433,322757.8,3103263.6,85.19679,28.04288,789.7
61463,322757.8,3103233.6,85.19680,28.04261,788.6
61505,322727.8,3103203.6,85.19650,28.04233,788.4
61535,322697.8,3103203.6,85.19619,28.04233,788.5
61577,322667.8,3103173.6,85.19589,28.04205,787.9
61620,322637.8,3103143.6,85.19559,28.04178,785.6
61662,322607.8,3103113.6,85.19529,28.04150,781.4
61705,322577.8,3103083.6,85.19499,28.04123,782.0
61747,322547.8,3103053.6,85.19469,28.04095,782.3
61777,322547.8,3103023.6,85.19469,28.04068,782.1
61820,322517.8,3102993.6,85.19439,28.04041,779.9
61862,322487.8,3102963.6,85.19409,28.04013,779.1
61904,322457.8,3102933.6,85.19379,28.03986,775.3
61934,322457.8,3102903.6,85.19380,28.03959,771.7
61964,322457.8,3102873.6,85.19380,28.03932,772.3
62007,322487.8,3102843.6,85.19411,28.03905,773.0
62037,322487.8,3102813.6,85.19411,28.03878,772.8
62067,322487.8,3102783.6,85.19412,28.03851,772.7
62109,322457.8,3102753.6,85.19382,28.03824,769.8
62152,322427.8,3102723.6,85.19352,28.03796,769.9
62182,322427.8,3102693.6,85.19352,28.03769,771.4
62224,322457.8,3102663.6,85.19383,28.03742,771.6
62254,322457.8,3102633.6,85.19384,28.03715,768.2
62296,322427.8,3102603.6,85.19354,28.03688,763.4
62326,322427.8,3102573.6,85.19354,28.03661,762.6
62356,322427.8,3102543.6,85.19354,28.03634,765.9
62386,322427.8,3102513.6,85.19355,28.03607,767.8
62416,322427.8,3102483.6,85.19355,28.03580,765.8
62446,322427.8,3102453.6,85.19356,28.03552,763.3
62476,322427.8,3102423.6,85.19356,28.03525,765.5
62506,322427.8,3102393.6,85.19357,28.03498,769.3
62549,322457.8,3102363.6,85.19388,28.03472,763.2
62591,322427.8,3102333.6,85.19358,28.03444,768.4
62634,322397.8,3102303.6,85.19328,28.03417,765.1
62664,322397.8,3102273.6,85.19328,28.03390,763.5
62694,322397.8,3102243.6,85.19328,28.03363,765.8
62724,322397.8,3102213.6,85.19329,28.03336,767.6
62754,322397.8,3102183.6,85.19329,28.03308,768.9
62796,322427.8,3102153.6,85.19360,28.03282,761.8
62826,322427.8,3102123.6,85.19361,28.03255,762.5
62856,322427.8,3102093.6,85.19361,28.03228,761.5
62886,322427.8,3102063.6,85.19362,28.03201,759.9
62916,322427.8,3102033.6,85.19362,28.03174,760.7
62946,322427.8,3102003.6,85.19363,28.03146,763.0
62976,322427.8,3101973.6,85.19363,28.03119,766.0
63006,322427.8,3101943.6,85.19364,28.03092,768.1
63036,322427.8,3101913.6,85.19364,28.03065,769.5
63079,322397.8,3101883.6,85.19334,28.03038,768.9
63109,322397.8,3101853.6,85.19334,28.03011,765.7
63151,322367.8,3101823.6,85.19304,28.02983,763.5
63181,322367.8,3101793.6,85.19305,28.02956,760.6
63223,322337.8,3101763.6,85.19275,28.02929,758.2
63266,322307.8,3101733.6,85.19245,28.02901,753.3
63308,322277.8,3101703.6,85.19215,28.02874,749.2
63338,322277.8,3101673.6,85.19215,28.02847,747.4
63381,322247.8,3101643.6,85.19185,28.02819,745.0
63423,322217.8,3101613.6,85.19155,28.02792,742.5
63466,322187.8,3101583.6,85.19125,28.02764,740.6
63508,322217.8,3101553.6,85.19156,28.02738,740.4
63538,322217.8,3101523.6,85.19156,28.02711,739.1
63568,322217.8,3101493.6,85.19157,28.02683,738.5
63610,322187.8,3101463.6,85.19127,28.02656,737.2
63653,322157.8,3101433.6,85.19097,28.02629,736.0
63695,322127.8,3101403.6,85.19067,28.02601,735.0
63725,322097.8,3101403.6,85.19036,28.02601,733.0
63755,322067.8,3101403.6,85.19006,28.02600,733.3
63798,322037.8,3101373.6,85.18976,28.02573,731.3
63828,322007.8,3101373.6,85.18945,28.02572,729.4
63858,321977.8,3101373.6,85.18915,28.02572,728.9
63888,321947.8,3101373.6,85.18884,28.02572,727.6
63918,321917.8,3101373.6,85.18854,28.02571,727.4
63960,321887.8,3101343.6,85.18823,28.02544,727.8
63990,321857.8,3101343.6,85.18793,28.02543,726.4
64033,321827.8,3101313.6,85.18763,28.02516,726.7
64063,321797.8,3101313.6,85.18732,28.02515,726.7
64105,321767.8,3101343.6,85.18701,28.02542,724.8
64147,321737.8,3101313.6,85.18671,28.02515,724.9
64190,321707.8,3101283.6,85.18641,28.02487,725.6
64232,321677.8,3101253.6,85.18611,28.02460,725.6
64275,321647.8,3101223.6,85.18581,28.02432,723.8
64317,321617.8,3101193.6,85.18551,28.02405,722.2
64360,321587.8,3101163.6,85.18521,28.02377,721.4
64390,321587.8,3101133.6,85.18522,28.02350,720.1
64420,321587.8,3101103.6,85.18522,28.02323,719.4
64450,321587.8,3101073.6,85.18523,28.02296,719.2
64492,321557.8,3101043.6,85.18492,28.02269,717.9
64522,321557.8,3101013.6,85.18493,28.02242,717.5
64552,321557.8,3100983.6,85.18493,28.02214,717.2
64582,321557.8,3100953.6,85.18494,28.02187,716.9
64624,321587.8,3100923.6,85.18525,28.02161,716.5
64667,321617.8,3100893.6,85.18556,28.02134,715.2
64709,321647.8,3100863.6,85.18587,28.02107,714.4
64752,321677.8,3100833.6,85.18618,28.02081,716.0
64794,321707.8,3100803.6,85.18649,28.02054,717.7
64837,321737.8,3100773.6,85.18680,28.02027,715.4
64879,321767.8,3100743.6,85.18711,28.02001,713.9
64909,321767.8,3100713.6,85.18711,28.01974,714.0
64951,321797.8,3100683.6,85.18742,28.01947,713.8
64981,321797.8,3100653.6,85.18742,28.01920,711.8
65011,321797.8,3100623.6,85.18743,28.01893,710.8
65054,321767.8,3100593.6,85.18713,28.01865,708.3
65084,321767.8,3100563.6,85.18713,28.01838,706.5
65114,321767.8,3100533.6,85.18714,28.01811,706.1
65156,321797.8,3100503.6,85.18745,28.01785,705.2
65186,321797.8,3100473.6,85.18745,28.01758,703.2
65216,321797.8,3100443.6,85.18746,28.01730,701.5
65246,321797.8,3100413.6,85.18746,28.01703,700.3
65276,321797.8,3100383.6,85.18746,28.01676,700.1
65319,321767.8,3100353.6,85.18716,28.01649,702.5
65361,321737.8,3100323.6,85.18686,28.01621,700.3
65404,321707.8,3100293.6,85.18656,28.01594,698.0
65446,321677.8,3100263.6,85.18626,28.01566,694.9
65488,321647.8,3100233.6,85.18596,28.01539,692.1
65531,321617.8,3100203.6,85.18566,28.01511,690.6
65573,321587.8,3100173.6,85.18536,28.01484,690.3
65603,321587.8,3100143.6,85.18537,28.01457,690.1
65646,321557.8,3100113.6,85.18507,28.01429,690.0
65688,321527.8,3100083.6,85.18477,28.01402,689.1
65731,321497.8,3100053.6,85.18446,28.01375,687.8
65761,321497.8,3100023.6,85.18447,28.01347,687.4
65791,321497.8,3099993.6,85.18447,28.01320,686.4
65821,321497.8,3099963.6,85.18448,28.01293,686.3
65863,321467.8,3099933.6,85.18418,28.01266,686.0
65893,321467.8,3099903.6,85.18418,28.01239,685.4
65923,321467.8,3099873.6,85.18419,28.01212,684.5
65965,321437.8,3099843.6,85.18389,28.01184,683.6
65995,321437.8,3099813.6,85.18389,28.01157,682.7
66025,321437.8,3099783.6,85.18390,28.01130,682.6
66068,321407.8,3099753.6,85.18360,28.01103,682.0
66098,321407.8,3099723.6,85.18360,28.01076,680.9
66128,321407.8,3099693.6,85.18360,28.01049,680.4
66158,321407.8,3099663.6,85.18361,28.01021,679.3
66188,321407.8,3099633.6,85.18361,28.00994,678.4
66218,321407.8,3099603.6,85.18362,28.00967,677.6
66248,321407.8,3099573.6,85.18362,28.00940,676.2
66278,321407.8,3099543.6,85.18363,28.00913,675.0
66308,321407.8,3099513.6,85.18363,28.00886,675.8
66338,321407.8,3099483.6,85.18364,28.00859,673.2
66368,321407.8,3099453.6,85.18364,28.00832,670.3
66398,321407.8,3099423.6,85.18364,28.00805,672.3
66428,321407.8,3099393.6,85.18365,28.00778,671.3
66458,321407.8,3099363.6,85.18365,28.00751,671.0
66488,321407.8,3099333.6,85.18366,28.00724,670.8
66530,321437.8,3099303.6,85.18397,28.00697,670.7
66560,321437.8,3099273.6,85.18397,28.00670,670.0
66603,321407.8,3099243.6,85.18367,28.00642,669.5
66633,321407.8,3099213.6,85.18368,28.00615,668.6
66675,321437.8,3099183.6,85.18399,28.00589,668.1
66705,321437.8,3099153.6,85.18399,28.00562,667.8
66748,321467.8,3099123.6,85.18430,28.00535,667.9
66778,321467.8,3099093.6,85.18430,28.00508,667.4
66808,321467.8,3099063.6,85.18431,28.00481,667.0
66838,321467.8,3099033.6,85.18431,28.00454,666.0
66868,321467.8,3099003.6,85.18432,28.00427,665.2
66898,321467.8,3098973.6,85.18432,28.00400,664.9
66928,321467.8,3098943.6,85.18433,28.00373,664.1
66970,321437.8,3098913.6,85.18403,28.00345,663.3
67000,321437.8,3098883.6,85.18403,28.00318,662.8
67030,321437.8,3098853.6,85.18404,28.00291,661.9
67060,321437.8,3098823.6,85.18404,28.00264,662.2
67090,321437.8,3098793.6,85.18405,28.00237,663.0
67132,321407.8,3098763.6,85.18374,28.00209,661.6
67162,321407.8,3098733.6,85.18375,28.00182,661.1
67205,321437.8,3098703.6,85.18406,28.00156,661.6
67247,321467.8,3098673.6,85.18437,28.00129,661.9
67277,321467.8,3098643.6,85.18437,28.00102,660.7
67307,321467.8,3098613.6,85.18438,28.00075,659.9
67337,321467.8,3098583.6,85.18438,28.00048,658.0
67367,321467.8,3098553.6,85.18439,28.00021,656.3
67410,321497.8,3098523.6,85.18470,27.99994,653.6
67452,321527.8,3098493.6,85.18501,27.99967,652.9
67482,321527.8,3098463.6,85.18501,27.99940,652.1
67512,321527.8,3098433.6,85.18501,27.99913,651.9
67554,321557.8,3098403.6,85.18532,27.99887,650.9
67584,321557.8,3098373.6,85.18533,27.99860,650.5
67627,321587.8,3098343.6,85.18564,27.99833,649.9
67657,321587.8,3098313.6,85.18564,27.99806,649.0
67699,321617.8,3098283.6,85.18595,27.99779,648.1
67729,321617.8,3098253.6,85.18596,27.99752,647.5
67759,321617.8,3098223.6,85.18596,27.99725,647.5
67789,321617.8,3098193.6,85.18597,27.99698,646.4
67819,321617.8,3098163.6,85.18597,27.99671,645.6
67862,321587.8,3098133.6,85.18567,27.99643,644.9
67904,321557.8,3098103.6,85.18537,27.99616,644.0
67947,321527.8,3098073.6,85.18507,27.99588,643.6
67977,321527.8,3098043.6,85.18507,27.99561,644.3
68019,321497.8,3098013.6,85.18477,27.99534,642.5
68061,321467.8,3097983.6,85.18447,27.99506,641.9
68104,321437.8,3097953.6,85.18417,27.99479,640.9
68146,321407.8,3097923.6,85.18387,27.99451,639.5
68189,321377.8,3097893.6,85.18357,27.99424,638.7
68231,321347.8,3097863.6,85.18327,27.99397,637.6
68274,321317.8,3097833.6,85.18297,27.99369,637.0
68316,321287.8,3097803.6,85.18267,27.99342,637.4
68358,321257.8,3097773.6,85.18237,27.99314,637.0
68388,321257.8,3097743.6,85.18237,27.99287,636.2
68418,321257.8,3097713.6,85.18238,27.99260,636.5
68461,321227.8,3097683.6,85.18208,27.99233,634.7
68503,321257.8,3097653.6,85.18239,27.99206,634.0
68533,321257.8,3097623.6,85.18239,27.99179,632.9
68576,321287.8,3097593.6,85.18270,27.99152,633.0
68606,321287.8,3097563.6,85.18271,27.99125,632.1
68648,321317.8,3097533.6,85.18302,27.99098,631.3
68678,321317.8,3097503.6,85.18302,27.99071,630.8
68708,321317.8,3097473.6,85.18303,27.99044,630.5
68738,321317.8,3097443.6,85.18303,27.99017,630.3
68781,321287.8,3097413.6,85.18273,27.98990,630.0
68823,321257.8,3097383.6,85.18243,27.98962,629.7
68865,321227.8,3097353.6,85.18213,27.98935,629.2
68895,321197.8,3097353.6,85.18182,27.98934,628.8
68938,321167.8,3097323.6,85.18152,27.98907,627.9
68980,321137.8,3097293.6,85.18122,27.98879,627.7
69010,321107.8,3097293.6,85.18092,27.98879,627.2
69053,321077.8,3097263.6,85.18062,27.98852,626.7
69083,321077.8,3097233.6,85.18062,27.98824,626.7
69125,321047.8,3097203.6,85.18032,27.98797,625.6
69155,321047.8,3097173.6,85.18033,27.98770,625.6
69185,321047.8,3097143.6,85.18033,27.98743,625.1
69215,321047.8,3097113.6,85.18034,27.98716,624.5
69245,321047.8,3097083.6,85.18034,27.98689,623.8
69275,321047.8,3097053.6,85.18034,27.98662,623.8
69318,321077.8,3097023.6,85.18065,27.98635,623.9
69348,321077.8,3096993.6,85.18066,27.98608,623.4
69390,321047.8,3096963.6,85.18036,27.98580,622.4
69432,321077.8,3096933.6,85.18067,27.98554,622.3
69462,321077.8,3096903.6,85.18067,27.98527,621.8
69505,321047.8,3096873.6,85.18037,27.98499,621.0
69547,321077.8,3096843.6,85.18068,27.98473,619.5
69577,321077.8,3096813.6,85.18069,27.98446,619.5
69620,321047.8,3096783.6,85.18039,27.98418,619.6
69650,321047.8,3096753.6,85.18039,27.98391,618.6
69680,321047.8,3096723.6,85.18039,27.98364,617.8
69710,321047.8,3096693.6,85.18040,27.98337,617.5
69740,321047.8,3096663.6,85.18040,27.98310,616.8
69770,321047.8,3096633.6,85.18041,27.98283,617.2
69812,321017.8,3096603.6,85.18011,27.98255,616.2
69842,321017.8,3096573.6,85.18011,27.98228,615.1
69872,321017.8,3096543.6,85.18012,27.98201,614.6
69915,321047.8,3096513.6,85.18043,27.98174,614.3
69945,321047.8,3096483.6,85.18043,27.98147,613.9
69987,321077.8,3096453.6,85.18074,27.98121,614.3
70017,321077.8,3096423.6,85.18074,27.98094,612.7
70047,321077.8,3096393.6,85.18075,27.98067,612.8
70077,321077.8,3096363.6,85.18075,27.98040,613.1
70119,321107.8,3096333.6,85.18106,27.98013,611.2
70162,321137.8,3096303.6,85.18137,27.97986,610.5
70192,321137.8,3096273.6,85.18138,27.97959,610.3
70222,321137.8,3096243.6,85.18138,27.97932,609.8
70252,321137.8,3096213.6,85.18139,27.97905,609.3
70282,321137.8,3096183.6,85.18139,27.97878,608.8
70312,321137.8,3096153.6,85.18140,27.97851,608.1
70354,321167.8,3096123.6,85.18170,27.97824,608.0
70384,321167.8,3096093.6,85.18171,27.97797,607.2
70414,321167.8,3096063.6,85.18171,27.97770,606.5
70444,321167.8,3096033.6,85.18172,27.97743,607.0
70487,321197.8,3096003.6,85.18203,27.97716,607.1
70517,321197.8,3095973.6,85.18203,27.97689,605.5
70547,321197.8,3095943.6,85.18204,27.97662,605.4
70577,321197.8,3095913.6,85.18204,27.97635,605.0
70607,321197.8,3095883.6,85.18205,27.97608,605.0
70649,321227.8,3095853.6,85.18236,27.97581,604.5
70679,321227.8,3095823.6,85.18236,27.97554,604.0
70709,321227.8,3095793.6,85.18236,27.97527,604.0
70752,321257.8,3095763.6,85.18267,27.97501,603.6
70782,321257.8,3095733.6,85.18268,27.97473,603.0
70812,321257.8,3095703.6,85.18268,27.97446,605.0
70854,321287.8,3095673.6,85.18299,27.97420,602.8
70896,321317.8,3095643.6,85.18330,27.97393,602.6
70926,321317.8,3095613.6,85.18331,27.97366,602.5
70969,321347.8,3095583.6,85.18362,27.97339,601.6
70999,321347.8,3095553.6,85.18362,27.97312,601.1
71041,321377.8,3095523.6,85.18393,27.97286,600.7
71084,321407.8,3095493.6,85.18424,27.97259,600.7
71114,321407.8,3095463.6,85.18424,27.97232,600.1
71144,321407.8,3095433.6,85.18425,27.97205,600.7
71174,321407.8,3095403.6,85.18425,27.97178,601.0
71204,321407.8,3095373.6,85.18426,27.97151,600.4
71234,321407.8,3095343.6,85.18426,27.97124,599.2
71276,321377.8,3095313.6,85.18396,27.97096,598.8
71319,321347.8,3095283.6,85.18366,27.97069,599.0
71361,321317.8,3095253.6,85.18336,27.97041,597.6
71391,321287.8,3095253.6,85.18306,27.97041,597.5
71421,321257.8,3095253.6,85.18275,27.97040,597.4
71463,321227.8,3095223.6,85.18245,27.97013,596.4
71493,321197.8,3095223.6,85.18215,27.97013,596.4
71523,321167.8,3095223.6,85.18184,27.97012,596.1
71553,321137.8,3095223.6,85.18154,27.97012,595.6
71596,321107.8,3095193.6,85.18124,27.96984,594.6
71626,321077.8,3095193.6,85.18093,27.96984,594.1
71656,321047.8,3095193.6,85.18063,27.96983,593.9
71698,321017.8,3095163.6,85.18033,27.96956,594.1
71728,320987.8,3095163.6,85.18002,27.96956,592.7
71758,320957.8,3095163.6,85.17972,27.96955,592.1
71801,320927.8,3095133.6,85.17942,27.96928,592.1
71831,320897.8,3095133.6,85.17911,27.96927,591.8
71873,320867.8,3095103.6,85.17881,27.96900,591.7
71916,320837.8,3095073.6,85.17851,27.96872,591.3
71958,320807.8,3095043.6,85.17821,27.96845,590.4
71988,320807.8,3095013.6,85.17821,27.96818,589.3
72030,320777.8,3094983.6,85.17791,27.96790,588.1
72060,320777.8,3094953.6,85.17792,27.96763,588.4
72103,320747.8,3094923.6,85.17762,27.96736,588.5
72133,320747.8,3094893.6,85.17762,27.96709,587.0
72163,320747.8,3094863.6,85.17763,27.96682,587.6
72205,320717.8,3094833.6,85.17733,27.96654,586.4
72235,320717.8,3094803.6,85.17733,27.96627,586.7
72278,320687.8,3094773.6,85.17703,27.96600,585.3
72308,320687.8,3094743.6,85.17704,27.96573,585.5
72350,320657.8,3094713.6,85.17674,27.96545,585.2
72393,320627.8,3094683.6,85.17644,27.96518,584.8
72435,320597.8,3094653.6,85.17613,27.96490,584.7
72465,320567.8,3094653.6,85.17583,27.96490,584.8
72507,320537.8,3094623.6,85.17553,27.96462,584.1
72537,320507.8,3094623.6,85.17522,27.96462,584.6
72580,320477.8,3094593.6,85.17492,27.96434,584.5
72610,320447.8,3094593.6,85.17462,27.96434,583.2
72640,320417.8,3094593.6,85.17431,27.96434,583.5
72682,320387.8,3094563.6,85.17401,27.96406,583.7
72712,320357.8,3094563.6,85.17371,27.96406,581.9
72742,320327.8,3094563.6,85.17340,27.96405,583.1
72785,320297.8,3094533.6,85.17310,27.96378,581.5
72815,320267.8,3094533.6,85.17280,27.96377,580.8
72857,320237.8,3094503.6,85.17250,27.96350,580.0
72887,320207.8,3094503.6,85.17219,27.96350,579.9
72929,320177.8,3094473.6,85.17189,27.96322,579.0
72972,320147.8,3094503.6,85.17158,27.96349,579.0
73014,320117.8,3094473.6,85.17128,27.96321,578.7
73057,320087.8,3094443.6,85.17098,27.96294,578.0
73099,320057.8,3094413.6,85.17068,27.96266,578.0
73142,320027.8,3094383.6,85.17038,27.96239,576.8
73172,319997.8,3094383.6,85.17008,27.96238,575.8
73214,319967.8,3094353.6,85.16978,27.96211,575.3
73256,319937.8,3094323.6,85.16948,27.96183,573.6
73299,319907.8,3094293.6,85.16918,27.96156,572.4
73341,319877.8,3094263.6,85.16888,27.96129,572.5
73371,319877.8,3094233.6,85.16888,27.96101,571.6
73414,319847.8,3094203.6,85.16858,27.96074,571.9
73444,319847.8,3094173.6,85.16859,27.96047,570.7
73474,319847.8,3094143.6,85.16859,27.96020,570.6
73516,319817.8,3094113.6,85.16829,27.95992,571.1
73546,319817.8,3094083.6,85.16830,27.95965,570.2
73576,319817.8,3094053.6,85.16830,27.95938,569.5
73619,319787.8,3094023.6,85.16800,27.95911,570.1
73649,319787.8,3093993.6,85.16800,27.95884,569.1
73679,319787.8,3093963.6,85.16801,27.95857,568.5
73721,319757.8,3093933.6,85.16771,27.95829,568.8
73751,319757.8,3093903.6,85.16771,27.95802,567.8
73793,319727.8,3093873.6,85.16741,27.95775,568.1
73836,319697.8,3093843.6,85.16711,27.95747,567.4
73866,319697.8,3093813.6,85.16712,27.95720,566.7
73908,319667.8,3093783.6,85.16682,27.95693,566.5
73951,319637.8,3093753.6,85.16652,27.95665,565.7
73981,319607.8,3093753.6,85.16621,27.95665,565.5
74023,319577.8,3093723.6,85.16591,27.95637,566.5
74053,319547.8,3093723.6,85.16561,27.95637,564.9
74096,319517.8,3093693.6,85.16531,27.95609,566.5
74126,319487.8,3093693.6,85.16500,27.95609,565.7
74156,319457.8,3093693.6,85.16470,27.95609,563.5
74198,319427.8,3093663.6,85.16440,27.95581,564.0
74228,319397.8,3093663.6,85.16409,27.95581,563.8
74258,319367.8,3093663.6,85.16379,27.95580,563.4
74288,319337.8,3093663.6,85.16348,27.95580,562.8
74330,319307.8,3093633.6,85.16318,27.95552,562.5
74373,319277.8,3093603.6,85.16288,27.95525,562.8
74415,319247.8,3093573.6,85.16258,27.95497,563.0
74458,319217.8,3093543.6,85.16228,27.95470,561.5
74500,319187.8,3093513.6,85.16198,27.95442,560.5
74530,319187.8,3093483.6,85.16199,27.95415,560.5
74560,319187.8,3093453.6,85.16199,27.95388,563.3
74603,319217.8,3093423.6,85.16230,27.95362,559.8
74633,319217.8,3093393.6,85.16230,27.95335,558.5
74663,319217.8,3093363.6,85.16231,27.95308,559.6
74693,319217.8,3093333.6,85.16231,27.95280,560.0
74723,319217.8,3093303.6,85.16232,27.95253,559.4
74753,319217.8,3093273.6,85.16232,27.95226,559.8
74783,319217.8,3093243.6,85.16233,27.95199,559.5
74813,319217.8,3093213.6,85.16233,27.95172,559.3
74843,319217.8,3093183.6,85.16234,27.95145,558.9
74873,319217.8,3093153.6,85.16234,27.95118,558.0
74903,319217.8,3093123.6,85.16235,27.95091,557.7
74933,319217.8,3093093.6,85.16235,27.95064,558.0
74963,319217.8,3093063.6,85.16235,27.95037,559.0
74993,319217.8,3093033.6,85.16236,27.95010,557.1
75023,319217.8,3093003.6,85.16236,27.94983,558.5
75053,319217.8,3092973.6,85.16237,27.94956,560.1
75083,319217.8,3092943.6,85.16237,27.94929,559.9
75113,319217.8,3092913.6,85.16238,27.94902,559.9
75155,319247.8,3092883.6,85.16269,27.94875,560.9
75197,319277.8,3092853.6,85.16300,27.94848,563.3
75227,319277.8,3092823.6,85.16300,27.94821,558.2
75270,319247.8,3092793.6,85.16270,27.94794,559.6
75300,319247.8,3092763.6,85.16270,27.94767,558.2
75330,319247.8,3092733.6,85.16271,27.94740,557.5
75360,319247.8,3092703.6,85.16271,27.94712,561.4
75402,319217.8,3092673.6,85.16241,27.94685,558.8
75445,319187.8,3092643.6,85.16211,27.94658,555.7
75487,319157.8,3092613.6,85.16181,27.94630,554.9
75517,319157.8,3092583.6,85.16182,27.94603,554.1
75560,319127.8,3092553.6,85.16152,27.94576,554.1
75590,319127.8,3092523.6,85.16152,27.94548,553.8
75632,319097.8,3092493.6,85.16122,27.94521,554.7
75662,319097.8,3092463.6,85.16123,27.94494,555.2
75704,319067.8,3092433.6,85.16093,27.94466,553.8
75747,319037.8,3092403.6,85.16063,27.94439,553.6
75777,319037.8,3092373.6,85.16063,27.94412,553.1
75819,319007.8,3092343.6,85.16033,27.94384,551.6
75849,319007.8,3092313.6,85.16034,27.94357,551.3
75879,319007.8,3092283.6,85.16034,27.94330,552.3
75922,318977.8,3092253.6,85.16004,27.94303,553.4
75952,318977.8,3092223.6,85.16004,27.94276,552.1
75994,318947.8,3092193.6,85.15974,27.94248,551.7
76024,318947.8,3092163.6,85.15975,27.94221,550.4
76054,318947.8,3092133.6,85.15975,27.94194,551.4
76097,318917.8,3092103.6,85.15945,27.94167,550.4
76139,318887.8,3092073.6,85.15915,27.94139,551.1
76169,318887.8,3092043.6,85.15916,27.94112,549.3
76211,318857.8,3092013.6,85.15886,27.94085,549.5
76254,318887.8,3091983.6,85.15917,27.94058,547.5
76296,318857.8,3091953.6,85.15887,27.94030,547.7
76339,318827.8,3091923.6,85.15857,27.94003,547.7
76369,318827.8,3091893.6,85.15857,27.93976,546.4
76411,318797.8,3091863.6,85.15827,27.93948,543.3
76454,318767.8,3091833.6,85.15797,27.93921,546.9
76484,318767.8,3091803.6,85.15797,27.93894,546.5
76526,318737.8,3091773.6,85.15767,27.93866,546.0
76568,318707.8,3091743.6,85.15737,27.93839,545.7
76598,318707.8,3091713.6,85.15738,27.93812,545.7
76641,318677.8,3091683.6,85.15708,27.93784,547.0
76683,318647.8,3091653.6,85.15678,27.93757,546.8
76713,318647.8,3091623.6,85.15678,27.93730,546.1
76743,318647.8,3091593.6,85.15679,27.93703,545.2
76786,318617.8,3091563.6,85.15649,27.93675,545.2
76816,318617.8,3091533.6,85.15649,27.93648,544.5
76858,318587.8,3091503.6,85.15619,27.93621,543.0
76888,318587.8,3091473.6,85.15620,27.93594,542.6
76918,318587.8,3091443.6,85.15620,27.93567,542.6
76961,318557.8,3091413.6,85.15590,27.93539,541.5
77003,318527.8,3091383.6,85.15560,27.93512,540.5
77033,318527.8,3091353.6,85.15561,27.93485,539.8
77063,318527.8,3091323.6,85.15561,27.93458,539.8
77093,318527.8,3091293.6,85.15561,27.93430,540.2
77135,318497.8,3091263.6,85.15531,27.93403,540.8
77165,318497.8,3091233.6,85.15532,27.93376,540.5
77195,318497.8,3091203.6,85.15532,27.93349,540.4
77238,318467.8,3091173.6,85.15502,27.93321,539.5
77268,318467.8,3091143.6,85.15503,27.93294,540.9
77310,318437.8,3091113.6,85.15473,27.93267,539.8
77353,318407.8,3091083.6,85.15443,27.93239,539.9
77395,318377.8,3091053.6,85.15413,27.93212,539.7
77438,318347.8,3091023.6,85.15383,27.93184,539.0
77468,318317.8,3091023.6,85.15352,27.93184,537.7
77510,318287.8,3091053.6,85.15321,27.93211,536.8
77552,318257.8,3091083.6,85.15290,27.93237,536.0
77595,318227.8,3091113.6,85.15259,27.93264,535.1
77637,318197.8,3091143.6,85.15229,27.93291,534.8
77680,318167.8,3091173.6,85.15198,27.93317,533.4
77722,318137.8,3091203.6,85.15167,27.93344,531.8
77764,318107.8,3091233.6,85.15136,27.93371,531.0
77794,318077.8,3091233.6,85.15105,27.93370,530.9
77824,318047.8,3091233.6,85.15075,27.93370,530.7
77867,318017.8,3091203.6,85.15045,27.93342,531.2
77909,317987.8,3091173.6,85.15015,27.93315,529.3
77939,317987.8,3091143.6,85.15015,27.93288,529.0
77969,317987.8,3091113.6,85.15016,27.93261,530.3
78012,317957.8,3091083.6,85.14986,27.93233,529.5
78042,317957.8,3091053.6,85.14986,27.93206,528.3
78072,317957.8,3091023.6,85.14987,27.93179,527.4
78102,317957.8,3090993.6,85.14987,27.93152,527.0
78132,317957.8,3090963.6,85.14987,27.93125,526.7
78162,317957.8,3090933.6,85.14988,27.93098,526.2
78192,317957.8,3090903.6,85.14988,27.93071,526.0
78234,317927.8,3090873.6,85.14958,27.93043,525.4
78264,317927.8,3090843.6,85.14959,27.93016,525.0
78294,317927.8,3090813.6,85.14959,27.92989,524.9
78337,317897.8,3090783.6,85.14929,27.92962,524.3
78379,317867.8,3090753.6,85.14899,27.92934,524.9
78409,317867.8,3090723.6,85.14900,27.92907,523.4
78439,317867.8,3090693.6,85.14900,27.92880,523.0
78469,317867.8,3090663.6,85.14901,27.92853,523.0
78511,317897.8,3090633.6,85.14932,27.92826,522.6
78554,317927.8,3090603.6,85.14963,27.92800,522.0
78596,317957.8,3090573.6,85.14993,27.92773,521.5
78626,317957.8,3090543.6,85.14994,27.92746,521.1
78669,317987.8,3090513.6,85.15025,27.92719,520.9
78711,318017.8,3090483.6,85.15056,27.92693,520.2
78741,318017.8,3090453.6,85.15056,27.92666,520.3
78771,318017.8,3090423.6,85.15057,27.92639,519.5
78801,318017.8,3090393.6,85.15057,27.92611,519.1
78844,318047.8,3090363.6,85.15088,27.92585,519.0
78874,318047.8,3090333.6,85.15089,27.92558,518.5
78904,318047.8,3090303.6,85.15089,27.92531,518.0
78934,318047.8,3090273.6,85.15090,27.92504,518.0
78976,318077.8,3090243.6,85.15120,27.92477,517.6
79006,318077.8,3090213.6,85.15121,27.92450,517.1
79036,318077.8,3090183.6,85.15121,27.92423,516.6
79066,318077.8,3090153.6,85.15122,27.92396,516.1
79096,318077.8,3090123.6,85.15122,27.92369,516.0
79126,318077.8,3090093.6,85.15123,27.92342,515.6
79156,318077.8,3090063.6,85.15123,27.92315,515.5
79198,318047.8,3090033.6,85.15093,27.92287,519.9
79228,318047.8,3090003.6,85.15094,27.92260,516.5
79271,318017.8,3089973.6,85.15064,27.92233,517.7
79313,317987.8,3089943.6,85.15034,27.92205,516.7
79343,317957.8,3089943.6,85.15003,27.92205,517.1
79373,317927.8,3089943.6,85.14973,27.92204,518.7
79416,317897.8,3089913.6,85.14943,27.92177,519.9
79446,317867.8,3089913.6,85.14912,27.92176,518.1
79488,317837.8,3089883.6,85.14882,27.92149,517.3
79518,317807.8,3089883.6,85.14852,27.92148,516.0
79561,317777.8,3089853.6,85.14822,27.92121,515.3
79591,317747.8,3089853.6,85.14791,27.92121,516.7
79633,317717.8,3089823.6,85.14761,27.92093,515.4
79663,317687.8,3089823.6,85.14731,27.92093,516.0
79693,317657.8,3089823.6,85.14700,27.92092,516.3
79723,317627.8,3089823.6,85.14670,27.92092,516.9
79753,317597.8,3089823.6,85.14639,27.92091,516.2
79783,317567.8,3089823.6,85.14609,27.92091,515.7
79825,317537.8,3089793.6,85.14579,27.92064,512.5
79855,317507.8,3089793.6,85.14548,27.92063,513.0
79885,317477.8,3089793.6,85.14518,27.92063,514.2
79915,317447.8,3089793.6,85.14487,27.92062,514.1
79945,317417.8,3089793.6,85.14457,27.92062,514.2
79975,317387.8,3089793.6,85.14426,27.92062,513.9
80018,317357.8,3089763.6,85.14396,27.92034,513.3
80048,317327.8,3089763.6,85.14366,27.92034,511.1
80078,317297.8,3089763.6,85.14336,27.92033,512.7
80120,317267.8,3089733.6,85.14305,27.92006,510.6
80163,317237.8,3089703.6,85.14275,27.91978,510.7
80205,317207.8,3089673.6,85.14245,27.91951,510.5
80248,317177.8,3089643.6,85.14215,27.91923,510.7
80290,317147.8,3089613.6,85.14185,27.91896,511.5
80320,317147.8,3089583.6,85.14186,27.91869,509.8
80362,317117.8,3089553.6,85.14156,27.91841,509.7
80405,317087.8,3089523.6,85.14126,27.91814,509.4
80447,317057.8,3089493.6,85.14096,27.91786,509.3
80490,317027.8,3089463.6,85.14066,27.91759,509.0
80520,316997.8,3089463.6,85.14035,27.91758,510.5
80562,316967.8,3089433.6,85.14005,27.91731,509.0
80605,316937.8,3089403.6,85.13975,27.91703,508.5
80635,316907.8,3089403.6,85.13945,27.91703,508.2
80665,316877.8,3089403.6,85.13914,27.91703,508.3
80695,316847.8,3089403.6,85.13884,27.91702,508.2
80725,316817.8,3089403.6,85.13853,27.91702,508.4
80767,316787.8,3089373.6,85.13823,27.91674,507.1
80797,316757.8,3089373.6,85.13793,27.91674,507.3
80827,316727.8,3089373.6,85.13763,27.91674,507.4
80857,316697.8,3089373.6,85.13732,27.91673,507.2
80899,316667.8,3089343.6,85.13702,27.91646,506.3
80929,316637.8,3089343.6,85.13672,27.91645,506.4
80959,316607.8,3089343.6,85.13641,27.91645,506.4
81002,316577.8,3089313.6,85.13611,27.91617,507.1
81032,316547.8,3089313.6,85.13581,27.91617,505.1
81062,316517.8,3089313.6,85.13550,27.91617,506.2
81104,316487.8,3089283.6,85.13520,27.91589,505.3
81134,316457.8,3089283.6,85.13490,27.91589,506.5
81177,316427.8,3089253.6,85.13460,27.91561,505.2
81219,316397.8,3089223.6,85.13430,27.91534,505.2
81249,316397.8,3089193.6,85.13430,27.91507,504.8
81279,316397.8,3089163.6,85.13431,27.91480,503.9
81309,316397.8,3089133.6,85.13431,27.91452,504.2
81352,316427.8,3089103.6,85.13462,27.91426,504.8
81382,316427.8,3089073.6,85.13462,27.91399,504.2
81424,316457.8,3089043.6,85.13493,27.91372,503.5
81466,316487.8,3089013.6,85.13524,27.91345,502.6
81509,316517.8,3088983.6,85.13555,27.91319,503.0
81551,316547.8,3088953.6,85.13586,27.91292,502.4
81594,316577.8,3088923.6,85.13617,27.91265,502.8
81624,316577.8,3088893.6,85.13618,27.91238,502.5
81666,316607.8,3088863.6,85.13649,27.91212,502.0
81709,316637.8,3088833.6,85.13679,27.91185,501.4
81751,316667.8,3088803.6,85.13710,27.91158,500.9
81793,316697.8,3088773.6,85.13741,27.91132,500.7
81836,316727.8,3088743.6,85.13772,27.91105,500.2
81866,316727.8,3088713.6,85.13773,27.91078,500.7
81908,316757.8,3088683.6,85.13804,27.91051,499.6
81938,316757.8,3088653.6,85.13804,27.91024,500.0
81981,316787.8,3088623.6,85.13835,27.90998,499.6
82023,316817.8,3088593.6,85.13866,27.90971,500.6
82053,316817.8,3088563.6,85.13866,27.90944,499.1
82083,316817.8,3088533.6,85.13867,27.90917,500.2
82126,316847.8,3088503.6,85.13898,27.90890,498.5
82156,316847.8,3088473.6,85.13898,27.90863,498.0
82186,316847.8,3088443.6,85.13899,27.90836,498.0
82216,316847.8,3088413.6,85.13899,27.90809,498.0
82246,316847.8,3088383.6,85.13900,27.90782,498.1
82276,316847.8,3088353.6,85.13900,27.90755,498.6
82306,316847.8,3088323.6,85.13901,27.90728,498.2
82336,316847.8,3088293.6,85.13901,27.90701,497.2
82378,316877.8,3088263.6,85.13932,27.90674,498.8
82408,316877.8,3088233.6,85.13933,27.90647,497.1
82450,316907.8,3088203.6,85.13963,27.90620,497.9
82480,316907.8,3088173.6,85.13964,27.90593,496.5
82523,316937.8,3088143.6,85.13995,27.90567,497.3
82553,316937.8,3088113.6,85.13995,27.90540,496.9
82595,316967.8,3088083.6,85.14026,27.90513,497.2
82625,316967.8,3088053.6,85.14027,27.90486,495.6
82668,316997.8,3088023.6,85.14058,27.90459,495.1
82698,316997.8,3087993.6,85.14058,27.90432,496.2
82740,317027.8,3087963.6,85.14089,27.90405,495.4
82770,317027.8,3087933.6,85.14089,27.90378,494.6
82800,317027.8,3087903.6,85.14090,27.90351,494.7
82830,317027.8,3087873.6,85.14090,27.90324,495.1
82872,317057.8,3087843.6,85.14121,27.90298,493.8
82915,317027.8,3087813.6,85.14091,27.90270,495.4
82945,317027.8,3087783.6,85.14092,27.90243,494.5
82987,316997.8,3087753.6,85.14062,27.90216,494.5
83030,316967.8,3087723.6,85.14032,27.90188,493.1
83060,316937.8,3087723.6,85.14001,27.90188,493.0
83102,316907.8,3087693.6,85.13971,27.90160,492.5
83145,316877.8,3087663.6,85.13941,27.90133,492.8
83175,316847.8,3087663.6,85.13911,27.90132,492.4
83205,316817.8,3087663.6,85.13880,27.90132,492.6
83247,316787.8,3087633.6,85.13850,27.90104,492.1
83277,316757.8,3087633.6,85.13820,27.90104,491.6
83319,316727.8,3087603.6,85.13790,27.90077,491.9
83349,316697.8,3087603.6,85.13759,27.90076,491.9
83392,316667.8,3087573.6,85.13729,27.90049,492.1
83434,316637.8,3087543.6,85.13699,27.90021,492.2
83464,316637.8,3087513.6,85.13700,27.89994,491.9
83507,316607.8,3087483.6,85.13670,27.89967,491.8
83537,316607.8,3087453.6,85.13670,27.89940,487.7
83567,316607.8,3087423.6,85.13671,27.89912,489.2
83597,316607.8,3087393.6,85.13671,27.89885,490.8
83627,316607.8,3087363.6,85.13672,27.89858,490.0
83657,316607.8,3087333.6,85.13672,27.89831,488.5
83699,316577.8,3087303.6,85.13642,27.89804,491.7
83729,316577.8,3087273.6,85.13643,27.89777,490.7
83759,316577.8,3087243.6,85.13643,27.89750,489.7
83802,316547.8,3087213.6,85.13613,27.89722,490.4
83832,316547.8,3087183.6,85.13614,27.89695,488.2
83874,316517.8,3087153.6,85.13584,27.89668,490.6
83904,316517.8,3087123.6,85.13584,27.89641,489.0
83934,316517.8,3087093.6,85.13585,27.89613,486.6
83964,316517.8,3087063.6,85.13585,27.89586,487.2
83994,316517.8,3087033.6,85.13585,27.89559,489.4
84024,316517.8,3087003.6,85.13586,27.89532,488.3
84054,316517.8,3086973.6,85.13586,27.89505,487.3
84084,316517.8,3086943.6,85.13587,27.89478,487.3
84114,316517.8,3086913.6,85.13587,27.89451,489.0
84144,316517.8,3086883.6,85.13588,27.89424,490.3
84186,316547.8,3086853.6,85.13619,27.89397,491.0
84216,316547.8,3086823.6,85.13619,27.89370,489.3
84246,316547.8,3086793.6,85.13620,27.89343,488.4
84276,316547.8,3086763.6,85.13620,27.89316,488.0
84306,316547.8,3086733.6,85.13621,27.89289,486.5
84336,316547.8,3086703.6,85.13621,27.89262,487.9
84379,316577.8,3086673.6,85.13652,27.89235,490.9
84409,316577.8,3086643.6,85.13652,27.89208,487.1
84439,316577.8,3086613.6,85.13653,27.89181,484.5
84469,316577.8,3086583.6,85.13653,27.89154,485.3
84511,316607.8,3086553.6,85.13684,27.89127,485.2
84541,316607.8,3086523.6,85.13685,27.89100,484.0
84571,316607.8,3086493.6,85.13685,27.89073,484.9
84614,316637.8,3086463.6,85.13716,27.89047,483.9
84644,316637.8,3086433.6,85.13717,27.89020,483.2
84674,316637.8,3086403.6,85.13717,27.88993,483.6
84704,316637.8,3086373.6,85.13718,27.88966,482.9
84746,316607.8,3086343.6,85.13688,27.88938,483.0
84776,316607.8,3086313.6,85.13688,27.88911,483.9
84819,316577.8,3086283.6,85.13658,27.88883,483.8
84861,316547.8,3086253.6,85.13628,27.88856,481.9
84903,316517.8,3086223.6,85.13598,27.88829,480.5
84946,316487.8,3086193.6,85.13568,27.88801,480.2
84976,316457.8,3086193.6,85.13538,27.88801,479.6
85018,316427.8,3086163.6,85.13508,27.88773,479.7
85048,316397.8,3086163.6,85.13477,27.88773,479.5
85091,316367.8,3086133.6,85.13447,27.88745,479.5
85133,316337.8,3086103.6,85.13417,27.88718,479.0
85176,316307.8,3086073.6,85.13387,27.88690,479.0
85218,316277.8,3086043.6,85.13357,27.88663,479.0
85260,316247.8,3086013.6,85.13327,27.88635,478.5
85290,316217.8,3086013.6,85.13297,27.88635,478.5
85333,316187.8,3085983.6,85.13267,27.88607,478.5
85375,316157.8,3085953.6,85.13237,27.88580,478.2
85405,316127.8,3085953.6,85.13206,27.88580,478.0
85435,316097.8,3085953.6,85.13176,27.88579,478.0
85478,316067.8,3085923.6,85.13146,27.88552,478.0
85520,316037.8,3085893.6,85.13116,27.88524,477.6
85563,316007.8,3085863.6,85.13086,27.88497,477.5
85605,315977.8,3085833.6,85.13056,27.88469,477.5
85647,315947.8,3085803.6,85.13026,27.88442,477.4
85677,315917.8,3085803.6,85.12995,27.88441,477.0
85720,315887.8,3085773.6,85.12965,27.88414,477.0
85762,315857.8,3085743.6,85.12935,27.88386,477.0
85805,315827.8,3085713.6,85.12905,27.88359,476.5
85835,315797.8,3085713.6,85.12875,27.88358,476.5
85877,315767.8,3085683.6,85.12845,27.88331,476.5
85920,315737.8,3085653.6,85.12815,27.88303,476.1
85962,315707.8,3085623.6,85.12785,27.88276,476.0
86004,315677.8,3085593.6,85.12755,27.88249,476.0
86047,315647.8,3085563.6,85.12725,27.88221,475.5
86089,315617.8,3085533.6,85.12695,27.88194,475.5
86119,315617.8,3085503.6,85.12695,27.88166,475.5
86162,315587.8,3085473.6,85.12665,27.88139,475.5
86204,315557.8,3085443.6,85.12635,27.88112,475.0
86234,315557.8,3085413.6,85.12636,27.88084,475.0
86264,315557.8,3085383.6,85.12636,27.88057,475.0
86294,315557.8,3085353.6,85.12637,27.88030,475.0
86337,315527.8,3085323.6,85.12607,27.88003,475.0
86367,315527.8,3085293.6,85.12607,27.87976,474.5
86397,315527.8,3085263.6,85.12608,27.87949,474.5
86427,315527.8,3085233.6,85.12608,27.87922,474.5
86457,315527.8,3085203.6,85.12609,27.87895,474.1
86499,315497.8,3085173.6,85.12579,27.87867,474.3
86529,315497.8,3085143.6,85.12579,27.87840,474.0
86559,315497.8,3085113.6,85.12579,27.87813,474.0
86589,315497.8,3085083.6,85.12580,27.87786,474.0
86619,315497.8,3085053.6,85.12580,27.87759,473.6
86649,315497.8,3085023.6,85.12581,27.87732,473.5
86691,315527.8,3084993.6,85.12612,27.87705,473.5
86721,315527.8,3084963.6,85.12612,27.87678,473.6
86764,315497.8,3084933.6,85.12582,27.87651,473.6
86794,315497.8,3084903.6,85.12583,27.87623,473.3
86824,315497.8,3084873.6,85.12583,27.87596,473.0
86854,315497.8,3084843.6,85.12584,27.87569,473.0
86884,315497.8,3084813.6,85.12584,27.87542,473.1
86926,315467.8,3084783.6,85.12554,27.87515,472.8
86956,315467.8,3084753.6,85.12555,27.87488,472.5
86999,315437.8,3084723.6,85.12525,27.87460,472.4
87029,315407.8,3084723.6,85.12494,27.87460,472.2
87071,315377.8,3084693.6,85.12464,27.87432,471.9
87101,315347.8,3084693.6,85.12434,27.87432,472.0
87144,315317.8,3084663.6,85.12404,27.87404,471.4
87174,315287.8,3084663.6,85.12373,27.87404,471.1
87204,315257.8,3084663.6,85.12343,27.87404,471.0
87234,315227.8,3084663.6,85.12312,27.87403,470.6
87276,315197.8,3084633.6,85.12282,27.87376,470.5
87318,315167.8,3084603.6,85.12252,27.87348,470.4
87348,315137.8,3084603.6,85.12222,27.87348,470.0
87378,315107.8,3084603.6,85.12191,27.87347,469.9
87408,315077.8,3084603.6,85.12161,27.87347,469.5
87451,315047.8,3084573.6,85.12131,27.87320,469.4
87493,315017.8,3084543.6,85.12101,27.87292,469.0
87536,314987.8,3084513.6,85.12071,27.87265,468.9
87566,314957.8,3084513.6,85.12040,27.87264,468.6
87608,314927.8,3084483.6,85.12010,27.87237,468.3
87651,314897.8,3084453.6,85.11981,27.87209,468.0
87693,314867.8,3084423.6,85.11951,27.87182,467.8
87723,314837.8,3084423.6,85.11920,27.87181,467.5
87753,314807.8,3084423.6,85.11890,27.87181,467.5
87795,314777.8,3084393.6,85.11860,27.87153,467.0
87838,314747.8,3084363.6,85.11830,27.87126,467.0
87868,314717.8,3084363.6,85.11799,27.87125,466.7
87910,314687.8,3084333.6,85.11769,27.87098,466.4
87940,314657.8,3084333.6,85.11739,27.87098,466.1
87970,314627.8,3084333.6,85.11708,27.87097,466.5
88013,314597.8,3084303.6,85.11678,27.87070,465.6
88055,314567.8,3084273.6,85.11648,27.87042,465.5
88085,314537.8,3084273.6,85.11618,27.87042,465.3
88127,314507.8,3084243.6,85.11588,27.87014,465.0
88170,314477.8,3084213.6,85.11558,27.86987,464.6
88212,314447.8,3084183.6,85.11528,27.86959,464.3
88255,314417.8,3084153.6,85.11498,27.86932,464.0
88297,314387.8,3084123.6,85.11468,27.86904,464.4
88340,314357.8,3084093.6,85.11438,27.86877,463.9
88382,314327.8,3084063.6,85.11408,27.86849,463.5
88424,314297.8,3084033.6,85.11378,27.86822,463.4
88467,314267.8,3084003.6,85.11348,27.86794,463.5
88509,314237.8,3083973.6,85.11318,27.86767,463.8
88539,314237.8,3083943.6,85.11318,27.86740,462.9
88582,314207.8,3083913.6,85.11288,27.86712,462.5
88624,314177.8,3083883.6,85.11258,27.86685,462.3
88667,314147.8,3083853.6,85.11228,27.86657,462.0
88697,314147.8,3083823.6,85.11229,27.86630,462.0
88739,314117.8,3083793.6,85.11199,27.86603,461.6
88781,314147.8,3083763.6,85.11230,27.86576,461.6
88811,314147.8,3083733.6,85.11230,27.86549,461.6
88854,314117.8,3083703.6,85.11200,27.86522,461.5
88896,314087.8,3083673.6,85.11170,27.86494,461.1
88926,314087.8,3083643.6,85.11171,27.86467,461.4
88969,314057.8,3083613.6,85.11141,27.86440,460.9
88999,314057.8,3083583.6,85.11141,27.86413,460.8
89041,314027.8,3083553.6,85.11111,27.86385,460.5
89071,314027.8,3083523.6,85.11112,27.86358,460.8
89114,313997.8,3083493.6,85.11082,27.86331,460.2
89144,313997.8,3083463.6,85.11082,27.86303,460.0
89174,313997.8,3083433.6,85.11083,27.86276,460.0
89216,313967.8,3083403.6,85.11053,27.86249,459.5
89246,313937.8,3083403.6,85.11022,27.86248,459.5
89288,313907.8,3083373.6,85.10992,27.86221,459.5
89331,313877.8,3083343.6,85.10962,27.86194,459.0
89373,313847.8,3083313.6,85.10932,27.86166,459.0
89416,313817.8,3083283.6,85.10902,27.86139,458.7
89458,313787.8,3083253.6,85.10872,27.86111,458.5
89501,313757.8,3083223.6,85.10842,27.86084,458.5
89543,313727.8,3083193.6,85.10812,27.86056,458.0
89585,313697.8,3083163.6,85.10782,27.86029,458.0
89628,313667.8,3083133.6,85.10752,27.86001,458.0
89658,313667.8,3083103.6,85.10753,27.85974,458.0
89700,313637.8,3083073.6,85.10723,27.85947,458.0
89730,313637.8,3083043.6,85.10723,27.85919,458.0
89773,313607.8,3083013.6,85.10693,27.85892,458.0
89815,313577.8,3082983.6,85.10663,27.85865,458.0
89858,313547.8,3082953.6,85.10633,27.85837,457.5
89900,313517.8,3082983.6,85.10602,27.85864,457.5
89930,313487.8,3082983.6,85.10572,27.85863,457.5
89960,313457.8,3082983.6,85.10542,27.85863,457.2
89990,313427.8,3082983.6,85.10511,27.85862,457.0
90032,313397.8,3083013.6,85.10480,27.85889,457.0
90062,313367.8,3083013.6,85.10450,27.85889,456.6
90092,313337.8,3083013.6,85.10419,27.85888,456.5
90122,313307.8,3083013.6,85.10389,27.85888,456.5
90165,313277.8,3082983.6,85.10359,27.85860,456.5
90195,313247.8,3082983.6,85.10328,27.85860,456.0
90225,313217.8,3082983.6,85.10298,27.85859,456.0
90255,313187.8,3082983.6,85.10267,27.85859,455.8
90285,313157.8,3082983.6,85.10237,27.85859,455.5
90315,313127.8,3082983.6,85.10207,27.85858,455.5
90345,313097.8,3082983.6,85.10176,27.85858,455.2
90375,313067.8,3082983.6,85.10146,27.85857,455.0
90405,313037.8,3082983.6,85.10115,27.85857,455.0
90435,313007.8,3082983.6,85.10085,27.85857,454.6
90465,312977.8,3082983.6,85.10054,27.85856,454.5
90507,312947.8,3083013.6,85.10023,27.85883,454.4
90537,312917.8,3083013.6,85.09993,27.85882,454.1
90567,312887.8,3083013.6,85.09962,27.85882,454.0
90597,312857.8,3083013.6,85.09932,27.85882,454.0
90640,312827.8,3083043.6,85.09901,27.85908,453.6
90682,312797.8,3083073.6,85.09870,27.85935,453.5
90712,312767.8,3083073.6,85.09840,27.85934,453.3
90755,312737.8,3083103.6,85.09809,27.85961,453.0
90785,312707.8,3083103.6,85.09778,27.85961,453.0
90815,312677.8,3083103.6,85.09748,27.85960,453.2
90857,312647.8,3083133.6,85.09717,27.85987,452.5
90887,312617.8,3083133.6,85.09686,27.85986,452.4
90917,312587.8,3083133.6,85.09656,27.85986,452.2
90959,312557.8,3083163.6,85.09625,27.86013,452.0
90989,312527.8,3083163.6,85.09595,27.86012,452.0
91019,312497.8,3083163.6,85.09564,27.86012,451.7
91049,312467.8,3083163.6,85.09534,27.86011,451.5
91079,312437.8,3083163.6,85.09503,27.86011,451.5
91109,312407.8,3083163.6,85.09473,27.86011,451.5
91152,312377.8,3083193.6,85.09442,27.86037,451.5
91182,312347.8,3083193.6,85.09411,27.86037,451.0
91224,312317.8,3083223.6,85.09380,27.86063,451.0
91254,312287.8,3083223.6,85.09350,27.86063,451.0
91284,312257.8,3083223.6,85.09320,27.86063,451.0
91314,312227.8,3083223.6,85.09289,27.86062,450.7
91344,312197.8,3083223.6,85.09259,27.86062,450.5
91374,312167.8,3083223.6,85.09228,27.86061,450.5
91404,312137.8,3083223.6,85.09198,27.86061,450.5
91434,312107.8,3083223.6,85.09167,27.86060,450.5
91464,312077.8,3083223.6,85.09137,27.86060,450.0
91494,312047.8,3083223.6,85.09106,27.86060,450.0
91524,312017.8,3083223.6,85.09076,27.86059,450.0
91554,311987.8,3083223.6,85.09045,27.86059,450.0
91597,311957.8,3083193.6,85.09015,27.86031,449.8
91639,311927.8,3083163.6,85.08985,27.86004,449.5
91682,311897.8,3083133.6,85.08955,27.85976,449.5
91724,311867.8,3083103.6,85.08926,27.85949,449.2
91766,311837.8,3083073.6,85.08896,27.85921,449.0
91809,311807.8,3083043.6,85.08866,27.85894,449.0
91839,311807.8,3083013.6,85.08866,27.85867,449.0
91869,311807.8,3082983.6,85.08866,27.85840,448.6
91899,311807.8,3082953.6,85.08867,27.85813,448.5
91929,311807.8,3082923.6,85.08867,27.85786,448.5
91971,311777.8,3082893.6,85.08837,27.85758,448.5
92014,311747.8,3082863.6,85.08807,27.85731,448.0
92056,311717.8,3082833.6,85.08778,27.85703,448.0
92086,311717.8,3082803.6,85.08778,27.85676,448.0
92129,311687.8,3082773.6,85.08748,27.85649,448.0
92159,311657.8,3082773.6,85.08718,27.85648,447.6
92189,311627.8,3082773.6,85.08687,27.85648,447.5
92219,311597.8,3082773.6,85.08657,27.85647,447.5
92249,311567.8,3082773.6,85.08626,27.85647,447.5
92291,311537.8,3082743.6,85.08596,27.85619,447.2
92321,311507.8,3082743.6,85.08566,27.85619,447.0
92351,311477.8,3082743.6,85.08535,27.85619,447.0
92393,311447.8,3082773.6,85.08504,27.85645,447.0
92423,311417.8,3082773.6,85.08474,27.85645,447.0
92453,311387.8,3082773.6,85.08443,27.85644,446.5
92483,311357.8,3082773.6,85.08413,27.85644,446.5
92513,311327.8,3082773.6,85.08383,27.85643,446.5
92543,311297.8,3082773.6,85.08352,27.85643,446.5
92573,311267.8,3082773.6,85.08322,27.85643,446.3
92603,311237.8,3082773.6,85.08291,27.85642,446.0
92633,311207.8,3082773.6,85.08261,27.85642,446.0
92676,311177.8,3082743.6,85.08231,27.85614,446.0
92706,311147.8,3082743.6,85.08200,27.85614,446.0
92736,311117.8,3082743.6,85.08170,27.85613,445.6
92778,311087.8,3082773.6,85.08139,27.85640,445.5
92821,311057.8,3082743.6,85.08109,27.85613,445.5
92851,311027.8,3082743.6,85.08078,27.85612,445.5
92893,310997.8,3082773.6,85.08048,27.85639,445.4
92923,310967.8,3082773.6,85.08017,27.85638,445.0
92953,310937.8,3082773.6,85.07987,27.85638,445.0
92996,310907.8,3082743.6,85.07957,27.85610,445.0
93038,310877.8,3082713.6,85.07927,27.85583,445.0
93080,310847.8,3082683.6,85.07897,27.85556,444.5
93123,310817.8,3082713.6,85.07866,27.85582,444.5
93165,310787.8,3082683.6,85.07836,27.85555,444.5
93208,310757.8,3082653.6,85.07806,27.85527,444.5
93250,310727.8,3082623.6,85.07776,27.85500,444.0
93292,310697.8,3082593.6,85.07746,27.85472,444.0
93335,310667.8,3082563.6,85.07716,27.85445,443.9
93365,310637.8,3082563.6,85.07685,27.85444,443.5
93407,310607.8,3082533.6,85.07655,27.85417,443.5
93450,310577.8,3082503.6,85.07625,27.85389,443.5
93492,310547.8,3082473.6,85.07596,27.85362,443.2
93522,310517.8,3082473.6,85.07565,27.85361,443.0
93552,310487.8,3082473.6,85.07535,27.85361,443.0
93582,310457.8,3082473.6,85.07504,27.85361,443.1
93625,310427.8,3082443.6,85.07474,27.85333,443.1
93655,310397.8,3082443.6,85.07444,27.85333,442.5
93685,310367.8,3082443.6,85.07413,27.85332,442.5
93715,310337.8,3082443.6,85.07383,27.85332,442.5
93745,310307.8,3082443.6,85.07352,27.85331,442.3
93775,310277.8,3082443.6,85.07322,27.85331,442.0
93805,310247.8,3082443.6,85.07291,27.85330,442.0
93847,310217.8,3082473.6,85.07261,27.85357,442.0
93877,310187.8,3082473.6,85.07230,27.85357,441.7
93907,310157.8,3082473.6,85.07200,27.85356,441.5
93937,310127.8,3082473.6,85.07169,27.85356,441.5
93979,310097.8,3082503.6,85.07138,27.85382,441.5
94022,310067.8,3082533.6,85.07107,27.85409,441.1
94064,310037.8,3082563.6,85.07076,27.85436,441.0
94094,310007.8,3082563.6,85.07046,27.85435,441.0
94137,309977.8,3082593.6,85.07015,27.85462,441.0
94167,309947.8,3082593.6,85.06985,27.85462,440.7
94197,309917.8,3082593.6,85.06954,27.85461,440.5
94239,309887.8,3082623.6,85.06923,27.85488,440.5
94269,309857.8,3082623.6,85.06893,27.85487,440.5
94312,309827.8,3082653.6,85.06862,27.85514,440.0
94354,309797.8,3082683.6,85.06831,27.85541,440.0
94396,309767.8,3082713.6,85.06800,27.85567,440.0
94439,309737.8,3082743.6,85.06769,27.85594,439.7
94469,309707.8,3082743.6,85.06738,27.85593,439.5
94511,309677.8,3082773.6,85.06708,27.85620,439.5
94554,309647.8,3082803.6,85.06677,27.85647,439.4
94584,309617.8,3082803.6,85.06646,27.85646,439.1
94626,309587.8,3082833.6,85.06615,27.85673,439.0
94656,309557.8,3082833.6,85.06585,27.85673,438.5
94699,309527.8,3082863.6,85.06554,27.85699,438.5
94741,309497.8,3082893.6,85.06523,27.85726,438.5
94771,309467.8,3082893.6,85.06492,27.85725,438.4
94801,309437.8,3082893.6,85.06462,27.85725,438.0
94831,309407.8,3082893.6,85.06432,27.85725,438.0
94861,309377.8,3082893.6,85.06401,27.85724,438.0
94903,309347.8,3082923.6,85.06370,27.85751,438.0
94946,309317.8,3082953.6,85.06339,27.85777,438.0
94976,309287.8,3082953.6,85.06309,27.85777,437.6
95018,309257.8,3082983.6,85.06278,27.85804,437.5
95061,309227.8,3083013.6,85.06247,27.85830,437.5
95091,309227.8,3083043.6,85.06246,27.85857,437.4
95133,309197.8,3083073.6,85.06215,27.85884,437.3
95176,309167.8,3083103.6,85.06185,27.85911,437.4
95206,309167.8,3083133.6,85.06184,27.85938,437.0
95248,309137.8,3083163.6,85.06153,27.85964,436.6
95290,309107.8,3083193.6,85.06122,27.85991,436.5
95333,309077.8,3083223.6,85.06091,27.86018,436.5
95375,309047.8,3083193.6,85.06061,27.85990,436.5
95405,309017.8,3083193.6,85.06031,27.85990,436.1
95435,308987.8,3083193.6,85.06000,27.85989,436.0
95465,308957.8,3083193.6,85.05970,27.85989,436.0
95508,308927.8,3083163.6,85.05940,27.85961,436.0
95550,308897.8,3083133.6,85.05910,27.85934,435.5
95580,308867.8,3083133.6,85.05880,27.85933,435.5
95623,308837.8,3083103.6,85.05850,27.85906,435.4
95665,308807.8,3083073.6,85.05820,27.85878,435.0
95707,308777.8,3083043.6,85.05790,27.85851,435.0
95750,308747.8,3083013.6,85.05760,27.85823,435.0
95792,308717.8,3082983.6,85.05730,27.85796,434.8
95822,308717.8,3082953.6,85.05730,27.85769,434.5
95865,308747.8,3082923.6,85.05761,27.85742,434.5
95895,308747.8,3082893.6,85.05762,27.85715,434.5
95925,308747.8,3082863.6,85.05762,27.85688,434.4
95967,308717.8,3082833.6,85.05732,27.85661,434.0
96010,308687.8,3082803.6,85.05702,27.85633,434.0
96040,308687.8,3082773.6,85.05703,27.85606,434.0
96082,308657.8,3082743.6,85.05673,27.85579,433.9
96124,308627.8,3082713.6,85.05643,27.85551,433.5
96167,308597.8,3082683.6,85.05613,27.85524,433.5
96209,308567.8,3082653.6,85.05583,27.85496,433.5
96252,308537.8,3082623.6,85.05553,27.85469,433.0
96282,308507.8,3082623.6,85.05522,27.85468,433.0
96324,308477.8,3082593.6,85.05492,27.85441,433.0
96367,308447.8,3082563.6,85.05462,27.85413,433.0
96409,308417.8,3082533.6,85.05432,27.85386,432.8
96439,308387.8,3082533.6,85.05402,27.85385,432.5
96469,308357.8,3082533.6,85.05371,27.85385,432.5
96499,308327.8,3082533.6,85.05341,27.85384,432.5
96529,308297.8,3082533.6,85.05311,27.85384,432.5
96571,308267.8,3082503.6,85.05281,27.85356,432.1
96601,308237.8,3082503.6,85.05250,27.85356,432.0
96644,308207.8,3082473.6,85.05220,27.85328,432.0
96674,308177.8,3082473.6,85.05190,27.85328,432.0
96716,308147.8,3082443.6,85.05160,27.85301,431.9
96746,308117.8,3082443.6,85.05129,27.85300,431.5
96776,308087.8,3082443.6,85.05099,27.85300,431.5
96806,308057.8,3082443.6,85.05068,27.85299,431.5
96836,308027.8,3082443.6,85.05038,27.85299,431.5
96866,307997.8,3082443.6,85.05007,27.85298,431.5
96896,307967.8,3082443.6,85.04977,27.85298,431.1
96926,307937.8,3082443.6,85.04947,27.85298,431.0
96956,307907.8,3082443.6,85.04916,27.85297,431.0
96986,307877.8,3082443.6,85.04886,27.85297,431.0
97016,307847.8,3082443.6,85.04855,27.85296,430.9
97059,307817.8,3082473.6,85.04824,27.85323,430.5
97101,307787.8,3082503.6,85.04793,27.85349,430.5
97144,307757.8,3082533.6,85.04762,27.85376,430.5
97186,307727.8,3082563.6,85.04731,27.85403,430.3
97216,307697.8,3082563.6,85.04701,27.85402,430.1
97246,307667.8,3082563.6,85.04671,27.85402,430.0
97276,307637.8,3082563.6,85.04640,27.85401,430.0
97318,307607.8,3082593.6,85.04609,27.85428,430.0
97361,307577.8,3082623.6,85.04578,27.85455,429.5
97403,307547.8,3082653.6,85.04547,27.85481,429.5
97446,307517.8,3082683.6,85.04516,27.85508,429.2
97488,307487.8,3082713.6,85.04485,27.85535,429.0
97531,307457.8,3082743.6,85.04454,27.85561,429.0
97573,307427.8,3082773.6,85.04424,27.85588,429.0
97615,307397.8,3082803.6,85.04393,27.85615,428.6
97658,307367.8,3082833.6,85.04362,27.85641,428.5
97688,307337.8,3082833.6,85.04331,27.85641,428.5
97730,307307.8,3082863.6,85.04300,27.85667,428.5
97760,307277.8,3082863.6,85.04270,27.85667,428.4
97790,307247.8,3082863.6,85.04239,27.85667,428.0
97820,307217.8,3082863.6,85.04209,27.85666,428.0
97863,307187.8,3082833.6,85.04179,27.85639,428.0
97905,307157.8,3082803.6,85.04149,27.85611,428.0
97947,307127.8,3082773.6,85.04119,27.85584,427.5
97990,307097.8,3082743.6,85.04089,27.85556,427.5
98032,307067.8,3082713.6,85.04059,27.85529,427.5
98075,307037.8,3082683.6,85.04029,27.85501,427.5
98117,307007.8,3082653.6,85.03999,27.85474,427.1
98147,307007.8,3082623.6,85.04000,27.85447,427.0
98190,306977.8,3082593.6,85.03970,27.85419,427.0
98232,306947.8,3082563.6,85.03940,27.85392,426.5
98274,306917.8,3082533.6,85.03910,27.85364,426.5
98317,306887.8,3082503.6,85.03880,27.85337,426.5
98359,306857.8,3082533.6,85.03849,27.85363,426.5
98402,306827.8,3082563.6,85.03818,27.85390,426.5
98444,306797.8,3082593.6,85.03787,27.85416,426.5
98487,306767.8,3082623.6,85.03756,27.85443,426.5
98529,306737.8,3082593.6,85.03726,27.85416,426.1
98559,306707.8,3082593.6,85.03696,27.85415,426.0
98589,306677.8,3082593.6,85.03665,27.85415,426.0
98619,306647.8,3082593.6,85.03635,27.85414,425.9
98649,306617.8,3082593.6,85.03604,27.85414,425.5
98679,306587.8,3082593.6,85.03574,27.85413,425.5
98709,306557.8,3082593.6,85.03543,27.85413,425.5
98739,306527.8,3082593.6,85.03513,27.85413,425.2
98769,306497.8,3082593.6,85.03482,27.85412,425.0
98799,306467.8,3082593.6,85.03452,27.85412,425.0
98829,306437.8,3082593.6,85.03421,27.85411,425.0
98859,306407.8,3082593.6,85.03391,27.85411,425.0
98889,306377.8,3082593.6,85.03361,27.85410,424.5
98919,306347.8,3082593.6,85.03330,27.85410,424.5
98961,306317.8,3082563.6,85.03300,27.85382,424.4
98991,306287.8,3082563.6,85.03270,27.85382,424.0
99034,306257.8,3082593.6,85.03239,27.85409,424.0
99076,306227.8,3082563.6,85.03209,27.85381,424.0
99119,306197.8,3082533.6,85.03179,27.85354,423.9
99161,306167.8,3082503.6,85.03149,27.85326,423.5
99204,306137.8,3082533.6,85.03118,27.85353,423.5
99246,306107.8,3082503.6,85.03088,27.85325,423.4
99288,306077.8,3082473.6,85.03058,27.85298,423.0
99331,306047.8,3082443.6,85.03028,27.85270,423.0
99361,306047.8,3082413.6,85.03029,27.85243,422.9
99403,306017.8,3082383.6,85.02999,27.85216,422.5
99433,306017.8,3082353.6,85.02999,27.85189,422.5
99463,306017.8,3082323.6,85.03000,27.85162,422.5
99506,305987.8,3082293.6,85.02970,27.85134,422.0
99536,305987.8,3082263.6,85.02970,27.85107,422.0
99566,305987.8,3082233.6,85.02971,27.85080,422.0
99608,305957.8,3082203.6,85.02941,27.85052,421.9
99638,305957.8,3082173.6,85.02941,27.85025,421.5
99668,305957.8,3082143.6,85.02942,27.84998,421.5
99698,305957.8,3082113.6,85.02942,27.84971,421.5
99741,305927.8,3082083.6,85.02912,27.84944,421.4
99771,305927.8,3082053.6,85.02913,27.84917,421.0
99801,305927.8,3082023.6,85.02913,27.84890,421.0
99843,305897.8,3081993.6,85.02883,27.84862,421.0
99873,305897.8,3081963.6,85.02884,27.84835,420.5
99915,305867.8,3081933.6,85.02854,27.84808,420.5
99945,305837.8,3081933.6,85.02823,27.84807,420.5
99988,305807.8,3081903.6,85.02793,27.84780,420.0
100030,305777.8,3081873.6,85.02763,27.84752,420.0
100073,305747.8,3081843.6,85.02733,27.84725,420.0
100103,305717.8,3081843.6,85.02703,27.84724,419.7
100145,305687.8,3081813.6,85.02673,27.84697,419.5
100175,305657.8,3081813.6,85.02642,27.84696,419.6
100218,305627.8,3081783.6,85.02613,27.84669,419.1
100260,305597.8,3081753.6,85.02583,27.84641,419.0
100290,305567.8,3081753.6,85.02552,27.84641,419.1
100332,305537.8,3081723.6,85.02522,27.84613,418.9
100362,305507.8,3081723.6,85.02492,27.84613,418.6
100405,305477.8,3081693.6,85.02462,27.84585,418.5
100435,305447.8,3081693.6,85.02431,27.84585,418.6
100477,305417.8,3081663.6,85.02401,27.84557,418.1
100507,305387.8,3081663.6,85.02371,27.84557,418.1
100550,305357.8,3081633.6,85.02341,27.84529,418.0
100580,305327.8,3081633.6,85.02310,27.84529,417.6
100610,305297.8,3081633.6,85.02280,27.84529,417.5
100652,305267.8,3081603.6,85.02250,27.84501,417.5
100695,305237.8,3081573.6,85.02220,27.84474,417.5
100737,305207.8,3081543.6,85.02190,27.84446,417.0
100779,305177.8,3081513.6,85.02160,27.84419,417.0
100822,305147.8,3081483.6,85.02130,27.84391,416.5
100864,305117.8,3081453.6,85.02100,27.84364,416.5
100907,305087.8,3081423.6,85.02070,27.84336,416.3
100949,305057.8,3081393.6,85.02040,27.84309,416.0
100992,305027.8,3081363.6,85.02010,27.84281,416.0
101034,304997.8,3081333.6,85.01980,27.84254,415.6
101064,304997.8,3081303.6,85.01981,27.84226,415.5
101094,304997.8,3081273.6,85.01981,27.84199,415.5
101136,304967.8,3081243.6,85.01951,27.84172,415.5
101166,304967.8,3081213.6,85.01952,27.84145,415.1
101196,304967.8,3081183.6,85.01952,27.84118,415.0
101239,304997.8,3081153.6,85.01983,27.84091,415.0
101281,305027.8,3081123.6,85.02014,27.84065,414.8
101324,305057.8,3081093.6,85.02045,27.84038,414.5
101354,305057.8,3081063.6,85.02046,27.84011,414.5
101396,305087.8,3081033.6,85.02077,27.83984,414.3
101439,305117.8,3081003.6,85.02108,27.83958,414.0
101469,305117.8,3080973.6,85.02108,27.83930,414.0
101511,305147.8,3080943.6,85.02139,27.83904,414.0
101541,305147.8,3080913.6,85.02140,27.83877,413.8
101571,305147.8,3080883.6,85.02140,27.83850,413.5
101613,305177.8,3080853.6,85.02171,27.83823,413.5
101656,305207.8,3080823.6,85.02202,27.83796,413.0
101686,305207.8,3080793.6,85.02202,27.83769,413.0
101728,305237.8,3080763.6,85.02233,27.83743,412.9
101771,305267.8,3080733.6,85.02264,27.83716,412.5
101813,305237.8,3080703.6,85.02234,27.83689,412.5
101855,305267.8,3080673.6,85.02265,27.83662,412.5
101885,305267.8,3080643.6,85.02266,27.83635,412.7
101928,305297.8,3080613.6,85.02297,27.83608,412.1
101970,305327.8,3080583.6,85.02328,27.83582,412.0
102000,305327.8,3080553.6,85.02328,27.83555,412.0
102030,305327.8,3080523.6,85.02329,27.83528,412.0
102060,305327.8,3080493.6,85.02329,27.83500,412.0
102103,305297.8,3080463.6,85.02299,27.83473,412.0
102133,305297.8,3080433.6,85.02300,27.83446,412.0
102163,305297.8,3080403.6,85.02300,27.83419,412.0
102193,305297.8,3080373.6,85.02301,27.83392,411.9
102223,305297.8,3080343.6,85.02301,27.83365,411.9
102253,305297.8,3080313.6,85.02302,27.83338,411.8
102283,305297.8,3080283.6,85.02302,27.83311,411.5
102325,305267.8,3080253.6,85.02272,27.83283,412.1
102355,305267.8,3080223.6,85.02273,27.83256,411.6
102398,305237.8,3080193.6,85.02243,27.83229,411.7
102440,305207.8,3080163.6,85.02213,27.83201,411.8
102482,305177.8,3080133.6,85.02183,27.83174,411.9
102525,305147.8,3080103.6,85.02153,27.83146,412.0
102567,305117.8,3080073.6,85.02123,27.83119,412.1
102610,305087.8,3080043.6,85.02093,27.83091,412.3
102640,305087.8,3080013.6,85.02093,27.83064,411.3
102682,305057.8,3079983.6,85.02063,27.83036,411.0
102725,305027.8,3079953.6,85.02033,27.83009,411.0
102767,304997.8,3079923.6,85.02004,27.82981,411.0
102809,304967.8,3079893.6,85.01974,27.82954,411.0
102852,304937.8,3079863.6,85.01944,27.82926,411.0
102894,304907.8,3079833.6,85.01914,27.82899,411.0
102937,304877.8,3079803.6,85.01884,27.82871,411.0
102979,304847.8,3079773.6,85.01854,27.82844,411.0
103022,304817.8,3079743.6,85.01824,27.82816,411.0
103052,304817.8,3079713.6,85.01824,27.82789,410.7
103094,304787.8,3079683.6,85.01794,27.82762,410.8
103124,304787.8,3079653.6,85.01795,27.82735,410.7
103154,304787.8,3079623.6,85.01795,27.82708,410.5
103196,304757.8,3079593.6,85.01765,27.82680,410.5
103239,304727.8,3079563.6,85.01735,27.82653,410.8
103281,304697.8,3079533.6,85.01705,27.82625,410.6
103324,304667.8,3079503.6,85.01676,27.82598,410.5
103354,304667.8,3079473.6,85.01676,27.82571,410.5
103396,304697.8,3079443.6,85.01707,27.82544,410.5
103439,304727.8,3079413.6,85.01738,27.82517,410.5
103469,304727.8,3079383.6,85.01738,27.82490,410.5
103499,304727.8,3079353.6,85.01739,27.82463,410.3
103529,304727.8,3079323.6,85.01739,27.82436,410.0
103559,304727.8,3079293.6,85.01740,27.82409,410.0
103589,304727.8,3079263.6,85.01740,27.82382,410.0
103619,304727.8,3079233.6,85.01741,27.82355,410.0
103649,304727.8,3079203.6,85.01741,27.82328,410.0
103679,304727.8,3079173.6,85.01742,27.82301,410.0
103709,304727.8,3079143.6,85.01742,27.82274,410.0
103739,304727.8,3079113.6,85.01743,27.82247,410.0
103781,304697.8,3079083.6,85.01713,27.82219,410.0
103811,304697.8,3079053.6,85.01713,27.82192,410.0
103853,304667.8,3079023.6,85.01683,27.82165,410.0
103896,304697.8,3078993.6,85.01714,27.82138,410.0
103926,304697.8,3078963.6,85.01715,27.82111,410.0
103968,304667.8,3078933.6,85.01685,27.82083,410.0
103998,304667.8,3078903.6,85.01685,27.82056,409.5
104041,304637.8,3078873.6,85.01655,27.82029,409.5
104083,304607.8,3078843.6,85.01625,27.82001,409.5
104126,304577.8,3078813.6,85.01595,27.81974,409.5
104168,304607.8,3078783.6,85.01626,27.81947,409.5
104210,304637.8,3078753.6,85.01657,27.81921,409.5
104240,304637.8,3078723.6,85.01658,27.81894,409.7
104270,304637.8,3078693.6,85.01658,27.81866,409.5
104313,304607.8,3078663.6,85.01628,27.81839,409.6
104355,304577.8,3078633.6,85.01598,27.81811,409.6
104398,304547.8,3078603.6,85.01568,27.81784,409.7
104428,304547.8,3078573.6,85.01569,27.81757,409.5
104470,304517.8,3078543.6,85.01539,27.81729,409.5
104513,304487.8,3078513.6,85.01509,27.81702,409.1
104543,304487.8,3078483.6,85.01510,27.81675,409.0
104573,304487.8,3078453.6,85.01510,27.81648,409.0
104615,304457.8,3078423.6,85.01480,27.81620,409.0
104657,304427.8,3078393.6,85.01450,27.81593,409.0
104687,304427.8,3078363.6,85.01451,27.81566,409.0
104730,304397.8,3078333.6,85.01421,27.81538,409.0
104760,304397.8,3078303.6,85.01421,27.81511,409.0
104802,304367.8,3078273.6,85.01391,27.81484,409.0
104845,304337.8,3078243.6,85.01361,27.81456,409.0
104887,304307.8,3078213.6,85.01331,27.81429,409.0
104917,304307.8,3078183.6,85.01332,27.81402,409.0
104947,304307.8,3078153.6,85.01332,27.81374,408.7
104990,304277.8,3078123.6,85.01302,27.81347,408.5
105032,304247.8,3078093.6,85.01272,27.81319,408.5
105074,304217.8,3078063.6,85.01243,27.81292,408.5
105104,304217.8,3078033.6,85.01243,27.81265,408.5
105134,304217.8,3078003.6,85.01243,27.81238,408.5
105177,304187.8,3077973.6,85.01214,27.81210,408.5
105207,304187.8,3077943.6,85.01214,27.81183,408.5
105237,304187.8,3077913.6,85.01215,27.81156,408.5
105267,304187.8,3077883.6,85.01215,27.81129,408.5
105297,304187.8,3077853.6,85.01216,27.81102,408.5
105327,304187.8,3077823.6,85.01216,27.81075,408.5
105369,304217.8,3077793.6,85.01247,27.81048,408.5
105412,304247.8,3077763.6,85.01278,27.81022,408.4
105442,304247.8,3077733.6,85.01278,27.80995,408.0
105484,304277.8,3077703.6,85.01309,27.80968,408.0
105514,304307.8,3077703.6,85.01340,27.80968,408.0
105557,304337.8,3077673.6,85.01371,27.80942,408.0
105599,304367.8,3077643.6,85.01402,27.80915,408.0
105629,304367.8,3077613.6,85.01402,27.80888,408.0
105671,304397.8,3077583.6,85.01433,27.80862,408.0
105701,304397.8,3077553.6,85.01434,27.80834,408.0
105731,304397.8,3077523.6,85.01434,27.80807,408.0
105761,304397.8,3077493.6,85.01435,27.80780,408.0
105791,304397.8,3077463.6,85.01435,27.80753,408.0
105834,304367.8,3077433.6,85.01405,27.80726,408.0
105864,304337.8,3077433.6,85.01375,27.80725,407.8
105906,304307.8,3077403.6,85.01345,27.80698,407.5
105936,304277.8,3077403.6,85.01314,27.80697,407.5
105966,304247.8,3077403.6,85.01284,27.80697,407.5
106009,304217.8,3077433.6,85.01253,27.80724,407.5
106051,304187.8,3077463.6,85.01222,27.80750,407.5
106094,304157.8,3077433.6,85.01192,27.80723,407.5
106124,304127.8,3077433.6,85.01162,27.80722,407.5
106166,304097.8,3077403.6,85.01132,27.80695,407.5
106196,304067.8,3077403.6,85.01101,27.80694,407.5
106238,304037.8,3077373.6,85.01071,27.80667,407.5
106281,304007.8,3077343.6,85.01041,27.80639,407.5
106323,303977.8,3077313.6,85.01011,27.80612,407.5
106366,303947.8,3077283.6,85.00981,27.80584,407.2
106396,303917.8,3077283.6,85.00951,27.80584,407.0
106438,303887.8,3077313.6,85.00920,27.80610,407.0
106480,303857.8,3077283.6,85.00890,27.80583,407.0
106510,303827.8,3077283.6,85.00860,27.80583,407.0
106540,303797.8,3077283.6,85.00829,27.80582,407.0
106583,303767.8,3077253.6,85.00799,27.80555,407.0
106613,303737.8,3077253.6,85.00769,27.80554,407.0
106643,303707.8,3077253.6,85.00738,27.80554,407.0
106685,303677.8,3077223.6,85.00708,27.80526,407.0
106728,303647.8,3077193.6,85.00678,27.80499,407.0
106770,303617.8,3077163.6,85.00649,27.80471,407.0
106813,303587.8,3077133.6,85.00619,27.80444,407.0
106855,303557.8,3077103.6,85.00589,27.80416,407.0
106897,303527.8,3077133.6,85.00558,27.80443,406.5
106940,303497.8,3077103.6,85.00528,27.80415,406.5
106970,303467.8,3077103.6,85.00497,27.80415,406.5
107012,303437.8,3077133.6,85.00466,27.80441,406.5
107055,303407.8,3077103.6,85.00436,27.80414,406.5
107097,303377.8,3077073.6,85.00406,27.80386,406.5
107140,303347.8,3077043.6,85.00377,27.80359,406.5
107182,303317.8,3077013.6,85.00347,27.80331,406.5
107224,303287.8,3076983.6,85.00317,27.80304,406.5
107267,303257.8,3076953.6,85.00287,27.80276,406.5
107309,303227.8,3076923.6,85.00257,27.80249,406.5
107339,303197.8,3076923.6,85.00226,27.80248,406.1
107369,303167.8,3076923.6,85.00196,27.80248,406.0
107412,303137.8,3076893.6,85.00166,27.80221,406.0
107442,303107.8,3076893.6,85.00136,27.80220,406.0
107472,303077.8,3076893.6,85.00105,27.80220,406.0
107502,303047.8,3076893.6,85.00075,27.80219,406.0
107532,303017.8,3076893.6,85.00044,27.80219,406.1
107562,302987.8,3076893.6,85.00014,27.80218,406.3
107604,302957.8,3076923.6,84.99983,27.80245,406.0
107634,302927.8,3076923.6,84.99952,27.80245,405.4
107664,302897.8,3076923.6,84.99922,27.80244,405.2
107707,302867.8,3076953.6,84.99891,27.80271,405.1
107737,302837.8,3076953.6,84.99861,27.80270,404.4
107779,302807.8,3076983.6,84.99830,27.80297,403.9
107809,302777.8,3076983.6,84.99799,27.80296,403.6
107851,302747.8,3077013.6,84.99768,27.80323,404.2
107881,302717.8,3077013.6,84.99738,27.80323,402.4
107911,302687.8,3077013.6,84.99707,27.80322,402.8
107954,302657.8,3077043.6,84.99676,27.80349,402.5
107984,302627.8,3077043.6,84.99646,27.80348,401.2
108014,302597.8,3077043.6,84.99616,27.80348,401.0
108044,302567.8,3077043.6,84.99585,27.80347,400.5
108086,302537.8,3077073.6,84.99554,27.80374,400.5
108129,302507.8,3077103.6,84.99523,27.80401,400.2
108159,302477.8,3077103.6,84.99493,27.80400,400.0
108189,302447.8,3077103.6,84.99462,27.80400,400.0
108231,302417.8,3077073.6,84.99432,27.80372,400.0
108274,302387.8,3077043.6,84.99403,27.80345,399.6
108316,302357.8,3077073.6,84.99372,27.80371,399.5
108346,302327.8,3077073.6,84.99341,27.80371,399.5
108376,302297.8,3077073.6,84.99311,27.80371,399.1
108418,302267.8,3077043.6,84.99281,27.80343,399.3
108448,302237.8,3077043.6,84.99250,27.80343,399.0
108478,302207.8,3077043.6,84.99220,27.80342,398.9
108521,302177.8,3077013.6,84.99190,27.80315,398.5
108551,302147.8,3077013.6,84.99160,27.80314,398.5
108581,302117.8,3077013.6,84.99129,27.80314,398.3
108623,302087.8,3077043.6,84.99098,27.80340,398.0
108666,302057.8,3077073.6,84.99067,27.80367,397.9
108708,302027.8,3077103.6,84.99036,27.80394,397.5
108751,301997.8,3077133.6,84.99005,27.80420,397.4
108793,301967.8,3077163.6,84.98974,27.80447,397.0
108835,301937.8,3077193.6,84.98943,27.80474,397.0
108878,301907.8,3077223.6,84.98913,27.80500,397.0
108920,301877.8,3077253.6,84.98882,27.80527,396.5
108963,301847.8,3077283.6,84.98851,27.80553,396.5
109005,301817.8,3077313.6,84.98820,27.80580,396.5
109035,301787.8,3077313.6,84.98789,27.80580,396.5
109065,301757.8,3077313.6,84.98759,27.80579,396.5
109095,301727.8,3077313.6,84.98728,27.80579,396.5
109138,301697.8,3077283.6,84.98698,27.80551,396.5
109168,301667.8,3077283.6,84.98668,27.80551,396.0
109198,301637.8,3077283.6,84.98638,27.80550,396.0
109240,301607.8,3077253.6,84.98608,27.80523,396.0
109270,301577.8,3077253.6,84.98577,27.80522,396.0
109312,301547.8,3077223.6,84.98547,27.80495,396.0
109355,301517.8,3077193.6,84.98517,27.80467,395.5
109385,301487.8,3077193.6,84.98487,27.80467,395.5
109415,301457.8,3077193.6,84.98456,27.80466,395.5
109457,301427.8,3077163.6,84.98427,27.80439,395.5
109500,301397.8,3077133.6,84.98397,27.80411,395.5
109542,301367.8,3077103.6,84.98367,27.80384,395.4
109585,301337.8,3077073.6,84.98337,27.80356,395.0
109615,301307.8,3077073.6,84.98306,27.80356,395.0
109657,301277.8,3077043.6,84.98276,27.80328,395.0
109699,301247.8,3077013.6,84.98246,27.80301,395.0
109742,301217.8,3076983.6,84.98216,27.80273,394.9
109772,301187.8,3076983.6,84.98186,27.80273,394.5
109814,301157.8,3076953.6,84.98156,27.80245,394.5
109844,301127.8,3076953.6,84.98126,27.80245,394.5
109874,301097.8,3076953.6,84.98095,27.80245,394.5
109904,301067.8,3076953.6,84.98065,27.80244,394.5
109934,301037.8,3076953.6,84.98034,27.80244,394.5
109977,301007.8,3076923.6,84.98004,27.80216,394.1
110007,300977.8,3076923.6,84.97974,27.80216,394.0
110037,300947.8,3076923.6,84.97944,27.80215,394.0
110079,300917.8,3076893.6,84.97914,27.80188,394.0
110109,300887.8,3076893.6,84.97883,27.80187,394.0
110152,300857.8,3076863.6,84.97853,27.80160,394.0
110182,300827.8,3076863.6,84.97823,27.80159,393.7
110212,300797.8,3076863.6,84.97792,27.80159,393.5
110242,300767.8,3076863.6,84.97762,27.80158,393.5
110272,300737.8,3076863.6,84.97731,27.80158,393.5
110302,300707.8,3076863.6,84.97701,27.80158,393.5
110332,300677.8,3076863.6,84.97671,27.80157,393.7
110362,300647.8,3076863.6,84.97640,27.80157,393.7
110392,300617.8,3076863.6,84.97610,27.80156,393.2
110422,300587.8,3076863.6,84.97579,27.80156,393.1
110452,300557.8,3076863.6,84.97549,27.80155,393.0
110482,300527.8,3076863.6,84.97518,27.80155,393.0
110512,300497.8,3076863.6,84.97488,27.80154,393.0
110554,300467.8,3076893.6,84.97457,27.80181,393.0
110584,300437.8,3076893.6,84.97427,27.80181,392.7
110614,300407.8,3076893.6,84.97396,27.80180,392.5
110644,300377.8,3076893.6,84.97366,27.80180,392.5
110686,300347.8,3076923.6,84.97335,27.80206,392.6
110716,300317.8,3076923.6,84.97304,27.80206,392.5
110759,300287.8,3076953.6,84.97273,27.80233,392.5
110801,300257.8,3076983.6,84.97242,27.80259,392.9
110844,300227.8,3077013.6,84.97212,27.80286,392.8
110874,300227.8,3077043.6,84.97211,27.80313,393.0
110904,300227.8,3077073.6,84.97211,27.80340,392.5
110934,300227.8,3077103.6,84.97210,27.80367,391.9
110964,300227.8,3077133.6,84.97210,27.80394,391.5
110994,300227.8,3077163.6,84.97209,27.80421,391.5
111036,300257.8,3077193.6,84.97239,27.80449,391.5
111066,300257.8,3077223.6,84.97238,27.80476,391.5
111109,300227.8,3077253.6,84.97207,27.80502,391.5
111151,300197.8,3077283.6,84.97177,27.80529,391.6
111193,300167.8,3077313.6,84.97146,27.80556,391.0
111223,300137.8,3077313.6,84.97115,27.80555,391.0
111253,300107.8,3077313.6,84.97085,27.80555,391.0
111296,300077.8,3077343.6,84.97054,27.80581,391.0
111338,300047.8,3077373.6,84.97023,27.80608,391.0
111381,300017.8,3077403.6,84.96992,27.80634,390.6
111423,299987.8,3077433.6,84.96961,27.80661,390.5
111465,299957.8,3077463.6,84.96930,27.80688,390.5
111495,299957.8,3077493.6,84.96930,27.80715,390.5
111525,299957.8,3077523.6,84.96929,27.80742,390.5
111568,299927.8,3077553.6,84.96898,27.80768,390.5
111610,299957.8,3077583.6,84.96928,27.80796,390.2
111653,299927.8,3077613.6,84.96897,27.80823,390.0
111683,299927.8,3077643.6,84.96897,27.80850,390.0
111725,299957.8,3077673.6,84.96926,27.80877,390.0
111755,299957.8,3077703.6,84.96926,27.80904,390.0
111785,299957.8,3077733.6,84.96925,27.80931,390.0
111828,299927.8,3077763.6,84.96895,27.80958,389.9
111858,299927.8,3077793.6,84.96894,27.80985,389.8
111900,299957.8,3077823.6,84.96924,27.81013,389.8
111942,299987.8,3077853.6,84.96954,27.81040,389.5
111985,299957.8,3077883.6,84.96923,27.81067,389.8
112015,299957.8,3077913.6,84.96922,27.81094,389.5
112057,299927.8,3077943.6,84.96892,27.81120,390.0
112087,299927.8,3077973.6,84.96891,27.81147,389.4
112130,299897.8,3078003.6,84.96860,27.81174,389.0
112172,299867.8,3078033.6,84.96829,27.81201,389.0
112215,299837.8,3078003.6,84.96799,27.81173,389.0
112257,299807.8,3077973.6,84.96769,27.81146,388.9
112287,299777.8,3077973.6,84.96739,27.81145,388.6
112329,299747.8,3077943.6,84.96709,27.81118,388.5
112359,299717.8,3077943.6,84.96678,27.81117,388.5
112402,299687.8,3077913.6,84.96649,27.81090,388.5
112444,299657.8,3077883.6,84.96619,27.81062,388.5
112474,299627.8,3077883.6,84.96588,27.81062,388.5
112517,299597.8,3077913.6,84.96557,27.81088,388.0
112559,299567.8,3077943.6,84.96526,27.81115,388.0
112589,299567.8,3077973.6,84.96526,27.81142,388.0
112619,299567.8,3078003.6,84.96525,27.81169,388.0
112662,299537.8,3078033.6,84.96494,27.81196,387.9
112704,299507.8,3078063.6,84.96463,27.81222,387.6
112734,299507.8,3078093.6,84.96463,27.81249,387.5
112764,299507.8,3078123.6,84.96462,27.81276,387.5
112794,299507.8,3078153.6,84.96462,27.81303,387.5
112836,299477.8,3078183.6,84.96431,27.81330,387.9
112866,299477.8,3078213.6,84.96430,27.81357,387.1
112896,299477.8,3078243.6,84.96430,27.81384,387.0
112939,299447.8,3078273.6,84.96399,27.81411,387.2
112969,299447.8,3078303.6,84.96398,27.81438,387.0
113011,299417.8,3078333.6,84.96367,27.81465,387.9
113041,299417.8,3078363.6,84.96367,27.81492,387.2
113084,299387.8,3078393.6,84.96336,27.81518,387.2
113114,299387.8,3078423.6,84.96336,27.81545,386.5
113156,299357.8,3078453.6,84.96305,27.81572,386.5
113186,299357.8,3078483.6,84.96304,27.81599,386.5
113229,299327.8,3078513.6,84.96273,27.81626,386.5
113271,299297.8,3078543.6,84.96242,27.81652,386.0
113313,299267.8,3078573.6,84.96211,27.81679,386.0
113356,299237.8,3078603.6,84.96180,27.81705,386.0
113386,299207.8,3078603.6,84.96150,27.81705,386.0
113416,299177.8,3078603.6,84.96119,27.81705,386.0
113458,299147.8,3078633.6,84.96088,27.81731,385.6
113501,299117.8,3078663.6,84.96058,27.81758,385.5
113531,299087.8,3078663.6,84.96027,27.81757,385.5
113573,299057.8,3078693.6,84.95996,27.81784,385.5
113603,299027.8,3078693.6,84.95966,27.81783,385.5
113646,298997.8,3078723.6,84.95935,27.81810,385.3
113676,298967.8,3078723.6,84.95904,27.81810,385.0
113706,298937.8,3078723.6,84.95874,27.81809,385.0
113736,298907.8,3078723.6,84.95843,27.81809,385.0
113778,298877.8,3078693.6,84.95813,27.81781,385.0
113808,298847.8,3078693.6,84.95783,27.81781,385.0
113850,298817.8,3078663.6,84.95753,27.81753,384.6
113893,298787.8,3078693.6,84.95722,27.81780,384.5
113935,298757.8,3078663.6,84.95692,27.81752,384.5
113978,298727.8,3078633.6,84.95662,27.81725,384.5
114020,298697.8,3078603.6,84.95632,27.81697,384.5
114063,298667.8,3078573.6,84.95602,27.81670,384.4
114093,298637.8,3078573.6,84.95572,27.81669,384.0
114135,298607.8,3078603.6,84.95541,27.81696,384.0
114177,298577.8,3078573.6,84.95511,27.81668,384.0
114207,298547.8,3078573.6,84.95481,27.81668,384.0
114250,298517.8,3078543.6,84.95451,27.81641,384.0
114292,298487.8,3078513.6,84.95421,27.81613,383.6
114322,298457.8,3078513.6,84.95390,27.81613,383.5
114365,298427.8,3078483.6,84.95360,27.81585,383.5
114407,298397.8,3078513.6,84.95329,27.81612,383.5
114437,298367.8,3078513.6,84.95299,27.81611,383.5
114467,298337.8,3078513.6,84.95269,27.81611,383.5
114497,298307.8,3078513.6,84.95238,27.81610,383.3
114527,298277.8,3078513.6,84.95208,27.81610,383.0
114557,298247.8,3078513.6,84.95177,27.81609,383.0
114587,298217.8,3078513.6,84.95147,27.81609,383.1
114630,298187.8,3078543.6,84.95116,27.81636,383.0
114672,298157.8,3078573.6,84.95085,27.81662,383.0
114714,298127.8,3078603.6,84.95054,27.81689,382.5
114744,298097.8,3078603.6,84.95024,27.81688,382.5
114774,298067.8,3078603.6,84.94993,27.81688,382.5
114804,298037.8,3078603.6,84.94963,27.81687,382.8
114847,298007.8,3078573.6,84.94933,27.81660,382.5
114889,297977.8,3078543.6,84.94903,27.81632,382.2
114919,297947.8,3078543.6,84.94872,27.81632,382.0
114949,297917.8,3078543.6,84.94842,27.81631,382.0
114979,297887.8,3078543.6,84.94811,27.81631,382.0
115009,297857.8,3078543.6,84.94781,27.81631,382.0
115052,297827.8,3078513.6,84.94751,27.81603,382.5
115094,297797.8,3078483.6,84.94721,27.81576,382.5
115137,297767.8,3078453.6,84.94691,27.81548,382.2
115179,297737.8,3078423.6,84.94661,27.81520,381.7
115221,297707.8,3078393.6,84.94631,27.81493,381.5
115264,297677.8,3078363.6,84.94601,27.81465,381.2
115306,297647.8,3078333.6,84.94572,27.81438,382.2
115336,297647.8,3078303.6,84.94572,27.81411,381.0
115379,297617.8,3078273.6,84.94542,27.81383,381.0
115421,297587.8,3078243.6,84.94512,27.81356,381.8
115451,297587.8,3078213.6,84.94513,27.81329,381.3
115493,297557.8,3078183.6,84.94483,27.81301,382.7
115523,297557.8,3078153.6,84.94483,27.81274,382.1
115566,297527.8,3078123.6,84.94453,27.81247,382.5
115608,297497.8,3078093.6,84.94423,27.81219,382.7
115651,297467.8,3078063.6,84.94393,27.81192,382.8
115693,297437.8,3078033.6,84.94364,27.81164,382.1
115736,297407.8,3078003.6,84.94334,27.81137,382.6
115766,297407.8,3077973.6,84.94334,27.81110,381.6
115808,297377.8,3077943.6,84.94304,27.81082,382.8
115850,297347.8,3077913.6,84.94274,27.81054,382.6
115880,297347.8,3077883.6,84.94275,27.81027,381.1
115910,297347.8,3077853.6,84.94275,27.81000,379.7
115953,297317.8,3077823.6,84.94245,27.80973,380.3
115995,297347.8,3077793.6,84.94276,27.80946,380.3
116038,297317.8,3077763.6,84.94246,27.80919,380.3
116068,297317.8,3077733.6,84.94247,27.80892,380.3
116098,297317.8,3077703.6,84.94247,27.80865,379.8
116128,297317.8,3077673.6,84.94248,27.80838,378.3
116158,297317.8,3077643.6,84.94248,27.80810,378.0
116200,297287.8,3077613.6,84.94218,27.80783,378.0
116243,297257.8,3077583.6,84.94189,27.80755,377.6
116273,297257.8,3077553.6,84.94189,27.80728,377.5
116315,297227.8,3077523.6,84.94159,27.80701,377.5
116357,297197.8,3077493.6,84.94129,27.80673,377.5
116387,297197.8,3077463.6,84.94130,27.80646,377.5
116430,297167.8,3077433.6,84.94100,27.80619,377.5
116460,297167.8,3077403.6,84.94100,27.80592,377.5
116502,297137.8,3077373.6,84.94070,27.80564,377.1
116545,297107.8,3077343.6,84.94040,27.80537,377.0
116587,297077.8,3077313.6,84.94011,27.80509,377.0
116630,297047.8,3077283.6,84.93981,27.80482,377.0
116672,297017.8,3077253.6,84.93951,27.80454,377.0
116702,296987.8,3077253.6,84.93920,27.80454,377.0
116732,296957.8,3077253.6,84.93890,27.80453,377.0
116762,296927.8,3077253.6,84.93859,27.80453,376.5
116792,296897.8,3077253.6,84.93829,27.80452,376.5
116834,296867.8,3077283.6,84.93798,27.80479,376.5
116877,296837.8,3077313.6,84.93767,27.80505,376.5
116907,296807.8,3077313.6,84.93737,27.80505,376.5
116937,296777.8,3077313.6,84.93706,27.80505,376.5
116967,296747.8,3077313.6,84.93676,27.80504,376.5
116997,296717.8,3077313.6,84.93645,27.80504,376.1
117027,296687.8,3077313.6,84.93615,27.80503,376.0
117069,296657.8,3077283.6,84.93585,27.80476,376.0
117112,296627.8,3077253.6,84.93555,27.80448,376.0
117142,296597.8,3077253.6,84.93525,27.80448,376.0
117184,296567.8,3077223.6,84.93495,27.80420,376.0
117227,296537.8,3077193.6,84.93465,27.80393,375.9
117257,296507.8,3077193.6,84.93434,27.80392,375.5
117299,296477.8,3077163.6,84.93404,27.80365,375.5
117341,296447.8,3077133.6,84.93374,27.80337,375.5
117384,296417.8,3077103.6,84.93344,27.80310,375.5
117426,296387.8,3077073.6,84.93315,27.80282,375.5
117469,296357.8,3077043.6,84.93285,27.80255,375.2
117511,296327.8,3077013.6,84.93255,27.80227,375.0
117554,296297.8,3076983.6,84.93225,27.80200,375.0
117596,296267.8,3076953.6,84.93195,27.80172,375.0
117638,296237.8,3076923.6,84.93165,27.80145,375.0
117681,296207.8,3076893.6,84.93135,27.80117,374.5
117711,296177.8,3076893.6,84.93105,27.80117,374.5
117741,296147.8,3076893.6,84.93074,27.80116,374.5
117783,296117.8,3076863.6,84.93044,27.80089,374.3
117826,296087.8,3076833.6,84.93014,27.80061,374.0
117856,296057.8,3076833.6,84.92984,27.80061,374.0
117898,296027.8,3076803.6,84.92954,27.80033,374.0
117941,295997.8,3076773.6,84.92924,27.80006,373.7
117983,295967.8,3076743.6,84.92894,27.79978,373.5
118025,295937.8,3076773.6,84.92863,27.80005,373.5
118068,295907.8,3076743.6,84.92833,27.79977,373.5
118110,295877.8,3076713.6,84.92803,27.79950,373.5
118140,295847.8,3076713.6,84.92773,27.79949,373.0
118183,295817.8,3076683.6,84.92743,27.79922,373.0
118225,295787.8,3076653.6,84.92713,27.79894,373.0
118268,295757.8,3076623.6,84.92683,27.79867,372.8
118298,295727.8,3076623.6,84.92653,27.79866,372.5
118340,295697.8,3076593.6,84.92623,27.79839,372.5
118370,295667.8,3076593.6,84.92592,27.79838,372.5
118412,295637.8,3076563.6,84.92562,27.79811,372.2
118455,295607.8,3076533.6,84.92532,27.79783,372.0
118485,295577.8,3076533.6,84.92502,27.79783,372.0
118527,295547.8,3076503.6,84.92472,27.79755,372.0
118557,295517.8,3076503.6,84.92442,27.79755,372.0
118587,295487.8,3076503.6,84.92411,27.79754,371.5
118630,295457.8,3076473.6,84.92381,27.79727,371.5
118660,295427.8,3076473.6,84.92351,27.79726,371.5
118690,295397.8,3076473.6,84.92320,27.79726,371.5
118732,295367.8,3076503.6,84.92289,27.79752,371.2
118762,295337.8,3076503.6,84.92259,27.79752,371.0
118792,295307.8,3076503.6,84.92229,27.79751,371.0
118835,295277.8,3076533.6,84.92198,27.79778,371.0
118877,295247.8,3076563.6,84.92167,27.79805,370.5
118919,295217.8,3076593.6,84.92136,27.79831,370.5
118949,295187.8,3076593.6,84.92105,27.79831,370.5
118992,295157.8,3076623.6,84.92074,27.79857,370.5
119034,295127.8,3076653.6,84.92043,27.79884,370.1
119077,295097.8,3076683.6,84.92012,27.79911,370.0
119107,295067.8,3076683.6,84.91982,27.79910,370.0
119149,295037.8,3076713.6,84.91951,27.79937,369.5
119192,295007.8,3076743.6,84.91920,27.79963,369.5
119234,294977.8,3076773.6,84.91889,27.79990,369.0
119264,294947.8,3076773.6,84.91859,27.79990,369.1
119306,294917.8,3076803.6,84.91828,27.80016,368.9
119349,294887.8,3076833.6,84.91797,27.80043,368.5
119391,294857.8,3076863.6,84.91766,27.80069,368.5
119421,294827.8,3076863.6,84.91735,27.80069,368.5
119451,294797.8,3076863.6,84.91705,27.80068,368.5
119481,294767.8,3076863.6,84.91675,27.80068,368.5
119524,294737.8,3076893.6,84.91644,27.80095,368.1
119554,294707.8,3076893.6,84.91613,27.80094,368.0
119596,294677.8,3076923.6,84.91582,27.80121,368.0
119626,294647.8,3076923.6,84.91552,27.80120,368.0
119668,294617.8,3076953.6,84.91521,27.80147,368.0
119711,294587.8,3076983.6,84.91490,27.80173,368.0
119741,294587.8,3077013.6,84.91489,27.80201,368.7
119783,294557.8,3077043.6,84.91458,27.80227,368.0
119826,294527.8,3077073.6,84.91427,27.80254,368.0
119856,294527.8,3077103.6,84.91427,27.80281,368.0
119898,294557.8,3077133.6,84.91457,27.80308,368.0
119941,294527.8,3077163.6,84.91426,27.80335,367.5
119971,294527.8,3077193.6,84.91425,27.80362,367.5
120001,294527.8,3077223.6,84.91425,27.80389,367.5
120031,294527.8,3077253.6,84.91424,27.80416,367.5
120061,294527.8,3077283.6,84.91424,27.80443,367.5
120103,294497.8,3077313.6,84.91393,27.80470,367.6
120145,294467.8,3077343.6,84.91362,27.80496,367.5
120188,294437.8,3077373.6,84.91331,27.80523,367.5
120218,294407.8,3077373.6,84.91301,27.80523,367.5
120248,294377.8,3077373.6,84.91270,27.80522,367.5
120278,294347.8,3077373.6,84.91240,27.80522,367.3
120320,294317.8,3077343.6,84.91210,27.80494,367.0
120350,294287.8,3077343.6,84.91179,27.80494,367.0
120380,294257.8,3077343.6,84.91149,27.80493,367.0
120410,294227.8,3077343.6,84.91118,27.80493,367.0
120440,294197.8,3077343.6,84.91088,27.80492,367.0
120470,294167.8,3077343.6,84.91058,27.80492,367.0
120513,294137.8,3077313.6,84.91028,27.80464,367.0
120543,294107.8,3077313.6,84.90997,27.80464,367.0
120573,294077.8,3077313.6,84.90967,27.80463,367.0
120603,294047.8,3077313.6,84.90936,27.80463,367.0
120633,294017.8,3077313.6,84.90906,27.80462,366.8
120663,293987.8,3077313.6,84.90875,27.80462,366.5
120693,293957.8,3077313.6,84.90845,27.80462,366.5
120723,293927.8,3077313.6,84.90815,27.80461,367.5
120765,293897.8,3077283.6,84.90785,27.80434,367.5
120808,293867.8,3077253.6,84.90755,27.80406,366.5
120838,293837.8,3077253.6,84.90724,27.80406,366.5
120880,293807.8,3077283.6,84.90693,27.80432,366.5
120910,293807.8,3077313.6,84.90693,27.80459,366.5
120940,293807.8,3077343.6,84.90692,27.80486,367.6
120982,293837.8,3077373.6,84.90722,27.80514,366.3
121012,293837.8,3077403.6,84.90722,27.80541,366.0
121042,293837.8,3077433.6,84.90721,27.80568,366.0
121072,293837.8,3077463.6,84.90721,27.80595,366.0
121102,293837.8,3077493.6,84.90720,27.80622,366.0
121132,293837.8,3077523.6,84.90720,27.80649,366.0
121162,293837.8,3077553.6,84.90719,27.80676,366.0
121192,293837.8,3077583.6,84.90719,27.80703,366.0
121235,293807.8,3077613.6,84.90688,27.80730,366.0
121277,293777.8,3077643.6,84.90657,27.80756,366.0
121320,293747.8,3077673.6,84.90626,27.80783,365.7
121350,293717.8,3077673.6,84.90595,27.80783,365.5
121380,293687.8,3077673.6,84.90565,27.80782,365.5
121410,293657.8,3077673.6,84.90534,27.80782,365.5
121440,293627.8,3077673.6,84.90504,27.80781,365.5
121470,293597.8,3077673.6,84.90474,27.80781,365.5
121512,293567.8,3077643.6,84.90444,27.80753,365.5
121555,293537.8,3077613.6,84.90414,27.80726,365.5
121585,293507.8,3077613.6,84.90383,27.80725,365.5
121627,293477.8,3077583.6,84.90353,27.80698,365.0
121669,293447.8,3077613.6,84.90322,27.80724,365.0
121712,293417.8,3077583.6,84.90293,27.80697,365.0
121742,293387.8,3077583.6,84.90262,27.80696,365.0
121772,293357.8,3077583.6,84.90232,27.80696,365.0
121814,293327.8,3077553.6,84.90202,27.80668,365.0
121857,293297.8,3077523.6,84.90172,27.80641,365.0
121899,293267.8,3077493.6,84.90142,27.80613,365.0
121929,293237.8,3077493.6,84.90111,27.80613,365.0
121959,293207.8,3077493.6,84.90081,27.80612,365.0
121989,293177.8,3077493.6,84.90051,27.80612,364.5
122019,293147.8,3077493.6,84.90020,27.80611,364.5
122049,293117.8,3077493.6,84.89990,27.80611,364.5
122079,293087.8,3077493.6,84.89959,27.80611,364.5
122109,293057.8,3077493.6,84.89929,27.80610,364.7
122152,293027.8,3077523.6,84.89898,27.80637,364.5
122182,292997.8,3077523.6,84.89867,27.80636,364.5
122224,292967.8,3077553.6,84.89836,27.80663,364.5
122266,292937.8,3077583.6,84.89806,27.80689,364.5
122296,292907.8,3077583.6,84.89775,27.80689,364.0
122339,292877.8,3077613.6,84.89744,27.80716,364.0
122381,292847.8,3077643.6,84.89713,27.80742,364.0
