chainage_m,x_utm45,y_utm45,lon,lat,elev_m
0,354347.8,3128103.6,85.51499,28.27088,5622.4
42,354317.8,3128133.6,85.51468,28.27115,5562.7
85,354287.8,3128163.6,85.51437,28.27141,5481.8
127,354257.8,3128193.6,85.51406,28.27168,5373.2
170,354227.8,3128223.6,85.51375,28.27195,5284.8
212,354197.8,3128253.6,85.51344,28.27221,5169.2
255,354167.8,3128283.6,85.51313,28.27248,5049.3
297,354137.8,3128313.6,85.51282,28.27275,4968.7
339,354107.8,3128343.6,85.51251,28.27302,4910.8
382,354077.8,3128373.6,85.51220,28.27328,4863.2
424,354047.8,3128403.6,85.51190,28.27355,4827.7
467,354017.8,3128433.6,85.51159,28.27382,4796.8
497,354017.8,3128463.6,85.51158,28.27409,4773.9
527,354017.8,3128493.6,85.51158,28.27436,4750.6
569,353987.8,3128523.6,85.51127,28.27463,4725.8
599,353987.8,3128553.6,85.51126,28.27490,4703.8
642,354017.8,3128583.6,85.51157,28.27517,4684.1
684,353987.8,3128613.6,85.51126,28.27544,4660.5
714,353987.8,3128643.6,85.51125,28.27571,4636.8
744,353987.8,3128673.6,85.51125,28.27598,4618.0
774,353987.8,3128703.6,85.51125,28.27625,4599.7
816,353957.8,3128733.6,85.51094,28.27652,4575.9
846,353957.8,3128763.6,85.51093,28.27679,4548.9
889,353987.8,3128793.6,85.51123,28.27706,4519.5
931,354017.8,3128823.6,85.51154,28.27734,4481.2
974,354047.8,3128853.6,85.51184,28.27761,4448.6
1016,354077.8,3128883.6,85.51214,28.27789,4420.9
1059,354107.8,3128913.6,85.51244,28.27816,4400.7
1101,354137.8,3128943.6,85.51274,28.27843,4374.7
1143,354167.8,3128973.6,85.51305,28.27871,4351.5
1186,354197.8,3129003.6,85.51335,28.27898,4334.0
1228,354227.8,3129033.6,85.51365,28.27926,4311.1
1258,354227.8,3129063.6,85.51365,28.27953,4290.3
1288,354227.8,3129093.6,85.51364,28.27980,4274.2
1318,354227.8,3129123.6,85.51364,28.28007,4258.9
1348,354227.8,3129153.6,85.51364,28.28034,4244.4
1391,354197.8,3129183.6,85.51333,28.28061,4222.9
1421,354197.8,3129213.6,85.51332,28.28088,4205.5
1451,354197.8,3129243.6,85.51332,28.28115,4188.1
1481,354197.8,3129273.6,85.51332,28.28142,4168.1
1523,354227.8,3129303.6,85.51362,28.28169,4153.8
1553,354227.8,3129333.6,85.51361,28.28196,4138.3
1596,354257.8,3129363.6,85.51392,28.28224,4122.5
1626,354257.8,3129393.6,85.51391,28.28251,4109.9
1668,354287.8,3129423.6,85.51421,28.28278,4098.8
1710,354317.8,3129453.6,85.51452,28.28306,4087.9
1753,354347.8,3129483.6,85.51482,28.28333,4074.5
1795,354377.8,3129513.6,85.51512,28.28360,4062.1
1838,354347.8,3129543.6,85.51481,28.28387,4050.9
1868,354347.8,3129573.6,85.51481,28.28414,4041.4
1898,354347.8,3129603.6,85.51480,28.28441,4033.1
1928,354347.8,3129633.6,85.51480,28.28468,4027.5
1958,354347.8,3129663.6,85.51480,28.28496,4021.6
2000,354317.8,3129693.6,85.51449,28.28522,4015.1
2042,354287.8,3129723.6,85.51418,28.28549,4007.0
2085,354257.8,3129753.6,85.51387,28.28576,3998.7
2127,354227.8,3129783.6,85.51356,28.28602,3989.9
2170,354197.8,3129813.6,85.51325,28.28629,3981.6
2212,354167.8,3129843.6,85.51294,28.28656,3975.6
2255,354137.8,3129873.6,85.51263,28.28683,3967.2
2297,354107.8,3129903.6,85.51232,28.28709,3957.5
2339,354077.8,3129933.6,85.51201,28.28736,3945.4
2382,354047.8,3129963.6,85.51170,28.28763,3925.8
2424,354017.8,3129993.6,85.51139,28.28790,3908.4
2454,354017.8,3130023.6,85.51139,28.28817,3887.4
2497,354047.8,3130053.6,85.51169,28.28844,3859.5
2527,354047.8,3130083.6,85.51168,28.28871,3830.1
2557,354047.8,3130113.6,85.51168,28.28898,3810.7
2599,354017.8,3130143.6,85.51137,28.28925,3793.8
2642,353987.8,3130173.6,85.51106,28.28952,3780.8
2684,354017.8,3130203.6,85.51136,28.28979,3770.4
2714,354017.8,3130233.6,85.51136,28.29006,3762.5
2744,354017.8,3130263.6,85.51136,28.29033,3754.2
2774,354017.8,3130293.6,85.51135,28.29060,3747.3
2816,354047.8,3130323.6,85.51165,28.29088,3739.5
2846,354047.8,3130353.6,85.51165,28.29115,3732.6
2876,354047.8,3130383.6,85.51165,28.29142,3729.9
2919,354017.8,3130413.6,85.51134,28.29169,3721.8
2961,354047.8,3130443.6,85.51164,28.29196,3714.7
2991,354047.8,3130473.6,85.51164,28.29223,3709.7
3021,354047.8,3130503.6,85.51163,28.29250,3706.3
3051,354047.8,3130533.6,85.51163,28.29277,3705.6
3094,354077.8,3130563.6,85.51193,28.29305,3704.9
3124,354077.8,3130593.6,85.51193,28.29332,3700.0
3166,354047.8,3130623.6,85.51162,28.29358,3696.8
3196,354047.8,3130653.6,85.51161,28.29386,3693.7
3226,354047.8,3130683.6,85.51161,28.29413,3690.6
3269,354017.8,3130713.6,85.51130,28.29439,3686.6
3311,353987.8,3130743.6,85.51099,28.29466,3676.8
3353,353957.8,3130773.6,85.51068,28.29493,3665.5
3396,353927.8,3130803.6,85.51037,28.29520,3658.0
3438,353897.8,3130833.6,85.51006,28.29546,3650.3
3468,353897.8,3130863.6,85.51006,28.29573,3644.4
3511,353867.8,3130893.6,85.50975,28.29600,3640.0
3553,353837.8,3130923.6,85.50944,28.29627,3638.0
3583,353837.8,3130953.6,85.50943,28.29654,3638.0
3626,353867.8,3130923.6,85.50974,28.29627,3638.9
3668,353837.8,3130893.6,85.50944,28.29600,3643.6
3710,353807.8,3130923.6,85.50913,28.29627,3645.6
3740,353807.8,3130953.6,85.50913,28.29654,3641.7
3770,353807.8,3130983.6,85.50912,28.29681,3640.2
3813,353777.8,3131013.6,85.50881,28.29707,3641.5
3855,353747.8,3131043.6,85.50851,28.29734,3633.7
3898,353717.8,3131073.6,85.50820,28.29761,3627.1
3940,353687.8,3131103.6,85.50789,28.29788,3621.9
3983,353657.8,3131133.6,85.50758,28.29814,3617.0
4013,353657.8,3131163.6,85.50757,28.29841,3615.5
4055,353627.8,3131193.6,85.50726,28.29868,3616.2
4085,353627.8,3131223.6,85.50726,28.29895,3612.8
4127,353597.8,3131253.6,85.50695,28.29922,3616.1
4157,353597.8,3131283.6,85.50695,28.29949,3617.1
4200,353627.8,3131253.6,85.50726,28.29922,3618.7
4242,353597.8,3131223.6,85.50695,28.29895,3618.1
4272,353597.8,3131193.6,85.50696,28.29868,3623.1
4315,353627.8,3131163.6,85.50727,28.29841,3618.4
4357,353657.8,3131193.6,85.50757,28.29868,3618.2
4400,353687.8,3131163.6,85.50788,28.29842,3623.2
4430,353687.8,3131133.6,85.50788,28.29815,3618.3
4472,353717.8,3131103.6,85.50819,28.29788,3624.9
4502,353717.8,3131133.6,85.50819,28.29815,3628.5
4544,353747.8,3131103.6,85.50850,28.29788,3635.3
4574,353747.8,3131073.6,85.50850,28.29761,3630.9
4617,353717.8,3131043.6,85.50820,28.29734,3635.0
4659,353687.8,3131073.6,85.50789,28.29761,3630.9
4702,353657.8,3131103.6,85.50758,28.29787,3625.5
4744,353627.8,3131133.6,85.50727,28.29814,3623.4
4787,353597.8,3131163.6,85.50696,28.29841,3626.9
4829,353567.8,3131193.6,85.50665,28.29867,3630.3
4859,353567.8,3131223.6,85.50665,28.29895,3628.1
4889,353567.8,3131253.6,85.50664,28.29922,3625.6
4919,353567.8,3131283.6,85.50664,28.29949,3624.2
4961,353597.8,3131313.6,85.50694,28.29976,3622.1
5004,353567.8,3131343.6,85.50663,28.30003,3619.1
5046,353537.8,3131373.6,85.50632,28.30030,3613.6
5089,353507.8,3131403.6,85.50601,28.30056,3607.5
5131,353477.8,3131433.6,85.50570,28.30083,3602.4
5174,353447.8,3131463.6,85.50539,28.30110,3592.7
5216,353417.8,3131493.6,85.50508,28.30137,3588.1
5258,353387.8,3131523.6,85.50477,28.30163,3585.2
5288,353387.8,3131553.6,85.50477,28.30190,3584.0
5331,353357.8,3131583.6,85.50446,28.30217,3577.8
5373,353327.8,3131613.6,85.50415,28.30244,3558.8
5416,353297.8,3131643.6,85.50384,28.30271,3549.6
5458,353267.8,3131673.6,85.50353,28.30297,3545.2
5501,353237.8,3131703.6,85.50322,28.30324,3539.8
5531,353237.8,3131733.6,85.50322,28.30351,3532.1
5561,353237.8,3131763.6,85.50321,28.30378,3525.8
5603,353207.8,3131793.6,85.50291,28.30405,3519.2
5645,353177.8,3131823.6,85.50260,28.30432,3513.7
5675,353177.8,3131853.6,85.50259,28.30459,3507.9
5718,353147.8,3131883.6,85.50228,28.30485,3503.0
5748,353147.8,3131913.6,85.50228,28.30513,3499.0
5790,353117.8,3131943.6,85.50197,28.30539,3495.7
5833,353087.8,3131973.6,85.50166,28.30566,3490.2
5875,353057.8,3132003.6,85.50135,28.30593,3488.7
5917,353027.8,3132033.6,85.50104,28.30619,3486.7
5960,352997.8,3132063.6,85.50073,28.30646,3485.2
5990,352997.8,3132093.6,85.50073,28.30673,3483.8
6032,352967.8,3132123.6,85.50042,28.30700,3482.3
6075,352937.8,3132153.6,85.50011,28.30727,3481.1
6105,352937.8,3132183.6,85.50010,28.30754,3480.4
6147,352907.8,3132213.6,85.49979,28.30781,3478.9
6190,352877.8,3132243.6,85.49948,28.30807,3475.0
6232,352847.8,3132273.6,85.49917,28.30834,3471.7
6262,352847.8,3132303.6,85.49917,28.30861,3467.9
6304,352817.8,3132333.6,85.49886,28.30888,3464.1
6334,352817.8,3132363.6,85.49886,28.30915,3461.0
6377,352787.8,3132393.6,85.49855,28.30942,3459.2
6407,352787.8,3132423.6,85.49854,28.30969,3456.2
6449,352757.8,3132453.6,85.49823,28.30995,3452.2
6479,352757.8,3132483.6,85.49823,28.31022,3451.0
6522,352727.8,3132513.6,85.49792,28.31049,3448.0
6564,352697.8,3132543.6,85.49761,28.31076,3446.2
6594,352697.8,3132573.6,85.49761,28.31103,3444.7
6637,352667.8,3132603.6,85.49730,28.31130,3444.0
6679,352637.8,3132633.6,85.49699,28.31157,3443.4
6721,352607.8,3132663.6,85.49668,28.31183,3441.7
6764,352577.8,3132693.6,85.49637,28.31210,3438.5
6806,352547.8,3132723.6,85.49606,28.31237,3436.2
6849,352517.8,3132753.6,85.49575,28.31263,3431.9
6891,352487.8,3132783.6,85.49544,28.31290,3429.4
6934,352457.8,3132813.6,85.49513,28.31317,3425.5
6964,352427.8,3132813.6,85.49482,28.31317,3420.5
7006,352397.8,3132843.6,85.49451,28.31343,3418.2
7036,352367.8,3132843.6,85.49421,28.31343,3413.6
7078,352337.8,3132873.6,85.49390,28.31370,3408.6
7108,352307.8,3132873.6,85.49359,28.31369,3400.4
7138,352277.8,3132873.6,85.49329,28.31369,3394.1
7168,352247.8,3132873.6,85.49298,28.31369,3389.6
7211,352217.8,3132903.6,85.49267,28.31395,3382.4
7253,352187.8,3132933.6,85.49236,28.31422,3373.8
7283,352157.8,3132933.6,85.49205,28.31422,3366.0
7326,352127.8,3132963.6,85.49174,28.31449,3371.7
7368,352097.8,3132993.6,85.49143,28.31475,3361.5
7411,352067.8,3133023.6,85.49113,28.31502,3336.3
7453,352037.8,3133053.6,85.49082,28.31529,3322.1
7495,352007.8,3133083.6,85.49051,28.31555,3304.6
7538,351977.8,3133113.6,85.49020,28.31582,3284.9
7580,351947.8,3133143.6,85.48989,28.31609,3267.3
7623,351917.8,3133173.6,85.48958,28.31636,3257.7
7665,351887.8,3133203.6,85.48927,28.31662,3246.0
7708,351857.8,3133233.6,85.48896,28.31689,3236.4
7738,351827.8,3133233.6,85.48865,28.31689,3227.0
7780,351797.8,3133263.6,85.48834,28.31716,3216.6
7822,351767.8,3133293.6,85.48803,28.31742,3211.9
7852,351767.8,3133323.6,85.48803,28.31769,3205.8
7882,351767.8,3133353.6,85.48802,28.31796,3198.3
7912,351767.8,3133383.6,85.48802,28.31823,3190.9
7942,351767.8,3133413.6,85.48802,28.31851,3184.1
7985,351797.8,3133443.6,85.48832,28.31878,3176.2
8015,351797.8,3133473.6,85.48831,28.31905,3168.2
8057,351827.8,3133503.6,85.48862,28.31932,3161.4
8100,351857.8,3133533.6,85.48892,28.31960,3156.5
8130,351857.8,3133563.6,85.48891,28.31987,3151.0
8160,351857.8,3133593.6,85.48891,28.32014,3144.9
8202,351827.8,3133623.6,85.48860,28.32041,3134.8
8232,351827.8,3133653.6,85.48860,28.32068,3127.7
8275,351797.8,3133683.6,85.48829,28.32095,3122.9
8305,351797.8,3133713.6,85.48828,28.32122,3116.1
8347,351767.8,3133743.6,85.48797,28.32148,3111.5
8377,351767.8,3133773.6,85.48797,28.32175,3106.7
8419,351737.8,3133803.6,85.48766,28.32202,3101.9
8449,351737.8,3133833.6,85.48766,28.32229,3096.1
8492,351707.8,3133863.6,85.48735,28.32256,3091.3
8534,351677.8,3133893.6,85.48704,28.32283,3089.4
8577,351647.8,3133923.6,85.48673,28.32309,3086.7
8619,351617.8,3133953.6,85.48642,28.32336,3078.1
8662,351587.8,3133983.6,85.48611,28.32363,3070.2
8704,351557.8,3134013.6,85.48580,28.32390,3064.7
8734,351557.8,3134043.6,85.48579,28.32417,3058.3
8776,351527.8,3134073.6,85.48548,28.32443,3050.8
8806,351527.8,3134103.6,85.48548,28.32470,3049.4
8849,351497.8,3134133.6,85.48517,28.32497,3044.8
8891,351467.8,3134163.6,85.48486,28.32524,3034.8
8934,351437.8,3134193.6,85.48455,28.32551,3030.5
8964,351437.8,3134223.6,85.48455,28.32578,3026.9
8994,351437.8,3134253.6,85.48454,28.32605,3024.7
9024,351437.8,3134283.6,85.48454,28.32632,3021.9
9054,351437.8,3134313.6,85.48454,28.32659,3021.0
9084,351437.8,3134343.6,85.48453,28.32686,3020.2
9114,351437.8,3134373.6,85.48453,28.32713,3015.7
9144,351437.8,3134403.6,85.48452,28.32740,3009.2
9186,351467.8,3134433.6,85.48483,28.32768,3003.3
9229,351497.8,3134463.6,85.48513,28.32795,2992.0
9271,351527.8,3134493.6,85.48543,28.32822,2981.5
9301,351527.8,3134523.6,85.48543,28.32849,2975.3
9331,351527.8,3134553.6,85.48542,28.32877,2967.7
9361,351527.8,3134583.6,85.48542,28.32904,2960.7
9391,351527.8,3134613.6,85.48542,28.32931,2956.0
9421,351527.8,3134643.6,85.48541,28.32958,2951.2
9463,351557.8,3134673.6,85.48571,28.32985,2946.3
9493,351557.8,3134703.6,85.48571,28.33012,2940.4
9523,351557.8,3134733.6,85.48571,28.33039,2935.8
9553,351557.8,3134763.6,85.48570,28.33066,2931.9
9583,351557.8,3134793.6,85.48570,28.33093,2928.1
9613,351557.8,3134823.6,85.48569,28.33121,2924.0
9643,351557.8,3134853.6,85.48569,28.33148,2919.0
9673,351557.8,3134883.6,85.48569,28.33175,2916.1
9716,351527.8,3134913.6,85.48538,28.33201,2912.3
9758,351497.8,3134943.6,85.48507,28.33228,2906.2
9801,351467.8,3134973.6,85.48476,28.33255,2904.0
9843,351437.8,3135003.6,85.48445,28.33282,2895.4
9873,351407.8,3135003.6,85.48414,28.33281,2888.9
9916,351377.8,3135033.6,85.48383,28.33308,2885.0
9946,351347.8,3135033.6,85.48353,28.33308,2876.2
9976,351317.8,3135033.6,85.48322,28.33307,2873.8
10006,351287.8,3135033.6,85.48291,28.33307,2873.4
10048,351257.8,3135003.6,85.48261,28.33280,2868.7
10078,351227.8,3135003.6,85.48231,28.33279,2862.7
10108,351197.8,3135003.6,85.48200,28.33279,2858.3
10138,351167.8,3135003.6,85.48169,28.33279,2853.8
10168,351137.8,3135003.6,85.48139,28.33278,2851.6
10198,351107.8,3135003.6,85.48108,28.33278,2848.7
10228,351077.8,3135003.6,85.48078,28.33278,2847.2
10270,351047.8,3135033.6,85.48047,28.33304,2842.5
10300,351017.8,3135033.6,85.48016,28.33304,2837.6
10330,350987.8,3135033.6,85.47985,28.33304,2833.9
10360,350957.8,3135033.6,85.47955,28.33303,2828.5
10390,350927.8,3135033.6,85.47924,28.33303,2826.8
10433,350897.8,3135003.6,85.47894,28.33275,2824.8
10463,350867.8,3135003.6,85.47863,28.33275,2821.6
10493,350837.8,3135003.6,85.47833,28.33275,2819.7
10523,350807.8,3135003.6,85.47802,28.33274,2819.8
10565,350777.8,3135033.6,85.47771,28.33301,2816.5
10595,350807.8,3135033.6,85.47802,28.33302,2820.8
10638,350777.8,3135003.6,85.47772,28.33274,2822.4
10680,350747.8,3135033.6,85.47741,28.33301,2821.5
10710,350717.8,3135033.6,85.47710,28.33300,2823.6
10740,350687.8,3135033.6,85.47679,28.33300,2814.1
10770,350657.8,3135033.6,85.47649,28.33300,2811.9
10800,350627.8,3135033.6,85.47618,28.33299,2813.6
10830,350597.8,3135033.6,85.47588,28.33299,2804.3
10872,350567.8,3135063.6,85.47557,28.33326,2797.8
10902,350537.8,3135063.6,85.47526,28.33326,2789.3
10932,350507.8,3135063.6,85.47496,28.33325,2787.1
10962,350477.8,3135063.6,85.47465,28.33325,2787.3
11005,350447.8,3135093.6,85.47434,28.33352,2787.3
11035,350417.8,3135093.6,85.47403,28.33351,2785.3
11065,350387.8,3135093.6,85.47373,28.33351,2781.4
11095,350357.8,3135093.6,85.47342,28.33351,2779.8
11125,350327.8,3135093.6,85.47312,28.33350,2771.7
11167,350297.8,3135123.6,85.47281,28.33377,2763.0
11197,350267.8,3135123.6,85.47250,28.33377,2753.9
11227,350237.8,3135123.6,85.47219,28.33376,2749.3
11257,350207.8,3135123.6,85.47189,28.33376,2748.8
11287,350177.8,3135123.6,85.47158,28.33376,2749.8
11317,350147.8,3135123.6,85.47128,28.33375,2752.7
11347,350117.8,3135123.6,85.47097,28.33375,2753.4
11377,350087.8,3135123.6,85.47066,28.33375,2753.0
11420,350057.8,3135153.6,85.47035,28.33401,2748.4
11450,350027.8,3135153.6,85.47005,28.33401,2737.9
11492,349997.8,3135183.6,85.46974,28.33428,2736.9
11522,349967.8,3135183.6,85.46943,28.33427,2735.6
11565,349937.8,3135213.6,85.46912,28.33454,2733.9
11607,349907.8,3135243.6,85.46881,28.33481,2725.1
11649,349877.8,3135273.6,85.46850,28.33507,2715.1
11692,349847.8,3135303.6,85.46819,28.33534,2708.8
11722,349817.8,3135303.6,85.46789,28.33534,2705.4
11764,349787.8,3135273.6,85.46759,28.33506,2698.0
11794,349757.8,3135273.6,85.46728,28.33506,2692.3
11824,349727.8,3135273.6,85.46697,28.33506,2687.3
11867,349697.8,3135303.6,85.46666,28.33532,2684.4
11897,349667.8,3135303.6,85.46636,28.33532,2682.0
11939,349637.8,3135333.6,85.46605,28.33559,2678.6
11969,349607.8,3135333.6,85.46574,28.33559,2674.1
11999,349577.8,3135333.6,85.46544,28.33558,2670.5
12042,349547.8,3135363.6,85.46513,28.33585,2668.4
12072,349517.8,3135363.6,85.46482,28.33585,2664.9
12102,349487.8,3135363.6,85.46451,28.33584,2665.5
12132,349457.8,3135363.6,85.46421,28.33584,2665.1
12162,349427.8,3135363.6,85.46390,28.33584,2658.8
12192,349397.8,3135363.6,85.46360,28.33583,2653.9
12222,349367.8,3135363.6,85.46329,28.33583,2652.7
12252,349337.8,3135363.6,85.46298,28.33582,2653.7
12294,349307.8,3135393.6,85.46267,28.33609,2653.7
12324,349277.8,3135393.6,85.46237,28.33609,2649.4
12366,349247.8,3135423.6,85.46206,28.33636,2645.0
12396,349217.8,3135423.6,85.46175,28.33635,2642.1
12426,349187.8,3135423.6,85.46145,28.33635,2639.7
12469,349157.8,3135453.6,85.46114,28.33662,2636.8
12499,349127.8,3135453.6,85.46083,28.33661,2638.3
12541,349157.8,3135423.6,85.46114,28.33635,2638.4
12571,349127.8,3135423.6,85.46083,28.33634,2639.1
12614,349097.8,3135453.6,85.46052,28.33661,2638.5
12644,349067.8,3135453.6,85.46022,28.33661,2639.7
12686,349097.8,3135423.6,85.46053,28.33634,2639.8
12716,349067.8,3135423.6,85.46022,28.33634,2642.3
12759,349037.8,3135453.6,85.45991,28.33660,2640.5
12789,349007.8,3135453.6,85.45961,28.33660,2635.8
12819,348977.8,3135453.6,85.45930,28.33660,2628.3
12849,348947.8,3135453.6,85.45899,28.33659,2621.9
12879,348917.8,3135453.6,85.45869,28.33659,2617.0
12909,348887.8,3135453.6,85.45838,28.33659,2611.8
12939,348857.8,3135453.6,85.45808,28.33658,2608.5
12969,348827.8,3135453.6,85.45777,28.33658,2604.1
12999,348797.8,3135453.6,85.45747,28.33657,2603.3
13029,348767.8,3135453.6,85.45716,28.33657,2607.8
13059,348767.8,3135423.6,85.45716,28.33630,2609.0
13089,348797.8,3135423.6,85.45747,28.33630,2609.1
13119,348827.8,3135423.6,85.45777,28.33631,2610.8
13149,348857.8,3135423.6,85.45808,28.33631,2614.7
13179,348887.8,3135423.6,85.45839,28.33631,2618.4
13209,348917.8,3135423.6,85.45869,28.33632,2626.2
13239,348947.8,3135423.6,85.45900,28.33632,2633.1
13269,348977.8,3135423.6,85.45930,28.33632,2640.6
13299,349007.8,3135423.6,85.45961,28.33633,2642.4
13329,349037.8,3135423.6,85.45992,28.33633,2645.0
13371,349007.8,3135393.6,85.45961,28.33606,2651.4
13401,348977.8,3135393.6,85.45931,28.33605,2649.4
13431,348947.8,3135393.6,85.45900,28.33605,2645.3
13461,348917.8,3135393.6,85.45870,28.33605,2642.2
13491,348887.8,3135393.6,85.45839,28.33604,2636.7
13521,348857.8,3135393.6,85.45808,28.33604,2630.5
13551,348827.8,3135393.6,85.45778,28.33604,2626.9
13581,348797.8,3135393.6,85.45747,28.33603,2628.0
13611,348767.8,3135393.6,85.45717,28.33603,2623.1
13653,348737.8,3135423.6,85.45686,28.33630,2610.6
13683,348707.8,3135423.6,85.45655,28.33629,2612.1
13726,348737.8,3135453.6,85.45685,28.33657,2613.2
13768,348767.8,3135483.6,85.45716,28.33684,2616.7
13798,348797.8,3135483.6,85.45746,28.33685,2612.5
13828,348827.8,3135483.6,85.45777,28.33685,2611.5
13858,348857.8,3135483.6,85.45807,28.33685,2615.1
13888,348887.8,3135483.6,85.45838,28.33686,2619.4
13918,348917.8,3135483.6,85.45869,28.33686,2624.2
13948,348947.8,3135483.6,85.45899,28.33686,2626.7
13978,348977.8,3135483.6,85.45930,28.33687,2632.0
14008,349007.8,3135483.6,85.45960,28.33687,2641.1
14038,349037.8,3135483.6,85.45991,28.33687,2645.0
14068,349067.8,3135483.6,85.46021,28.33688,2646.8
14098,349097.8,3135483.6,85.46052,28.33688,2647.3
14128,349127.8,3135483.6,85.46083,28.33688,2648.1
14158,349157.8,3135483.6,85.46113,28.33689,2649.5
14201,349187.8,3135453.6,85.46144,28.33662,2640.8
14231,349217.8,3135453.6,85.46175,28.33662,2646.5
14261,349247.8,3135453.6,85.46205,28.33663,2654.0
14303,349277.8,3135423.6,85.46236,28.33636,2649.7
14346,349247.8,3135393.6,85.46206,28.33609,2648.0
14376,349217.8,3135393.6,85.46176,28.33608,2651.6
14406,349187.8,3135393.6,85.46145,28.33608,2652.5
14436,349157.8,3135393.6,85.46114,28.33607,2652.2
14466,349127.8,3135393.6,85.46084,28.33607,2653.4
14496,349097.8,3135393.6,85.46053,28.33607,2653.3
14526,349067.8,3135393.6,85.46023,28.33606,2654.0
14556,349037.8,3135393.6,85.45992,28.33606,2654.9
14598,349007.8,3135363.6,85.45962,28.33579,2665.6
14628,348977.8,3135363.6,85.45931,28.33578,2664.2
14658,348947.8,3135363.6,85.45901,28.33578,2659.6
14688,348917.8,3135363.6,85.45870,28.33578,2654.7
14718,348887.8,3135363.6,85.45839,28.33577,2650.8
14748,348857.8,3135363.6,85.45809,28.33577,2645.4
14778,348827.8,3135363.6,85.45778,28.33577,2644.7
14808,348797.8,3135363.6,85.45748,28.33576,2645.3
14838,348767.8,3135363.6,85.45717,28.33576,2639.4
14880,348737.8,3135393.6,85.45686,28.33603,2618.9
14910,348707.8,3135393.6,85.45656,28.33602,2616.9
14953,348677.8,3135423.6,85.45625,28.33629,2614.0
14983,348647.8,3135423.6,85.45594,28.33629,2613.7
15013,348617.8,3135423.6,85.45563,28.33628,2608.4
15043,348587.8,3135423.6,85.45533,28.33628,2602.1
15073,348557.8,3135423.6,85.45502,28.33628,2598.3
15115,348527.8,3135393.6,85.45472,28.33600,2592.6
15145,348497.8,3135393.6,85.45441,28.33600,2580.9
15175,348467.8,3135393.6,85.45411,28.33600,2572.6
15218,348437.8,3135363.6,85.45381,28.33572,2563.5
15260,348407.8,3135333.6,85.45350,28.33545,2556.8
15290,348377.8,3135333.6,85.45320,28.33544,2551.0
15320,348347.8,3135333.6,85.45289,28.33544,2551.9
15350,348317.8,3135333.6,85.45259,28.33544,2550.7
15380,348287.8,3135333.6,85.45228,28.33543,2547.4
15410,348257.8,3135333.6,85.45197,28.33543,2544.1
15440,348227.8,3135333.6,85.45167,28.33543,2539.9
15470,348197.8,3135333.6,85.45136,28.33542,2537.6
15513,348167.8,3135303.6,85.45106,28.33515,2537.0
15543,348137.8,3135303.6,85.45075,28.33514,2528.9
15573,348107.8,3135303.6,85.45045,28.33514,2523.5
15603,348077.8,3135303.6,85.45014,28.33514,2518.6
15633,348047.8,3135303.6,85.44984,28.33513,2512.2
15663,348017.8,3135303.6,85.44953,28.33513,2508.1
15693,347987.8,3135303.6,85.44922,28.33513,2510.5
15723,347957.8,3135303.6,85.44892,28.33512,2511.2
15753,347927.8,3135303.6,85.44861,28.33512,2504.3
15783,347897.8,3135303.6,85.44831,28.33512,2495.2
15813,347867.8,3135303.6,85.44800,28.33511,2483.8
15843,347837.8,3135303.6,85.44769,28.33511,2471.7
15873,347807.8,3135303.6,85.44739,28.33511,2462.8
15915,347777.8,3135333.6,85.44708,28.33537,2460.0
15945,347747.8,3135333.6,85.44677,28.33537,2452.8
15975,347717.8,3135333.6,85.44647,28.33537,2450.4
16005,347687.8,3135333.6,85.44616,28.33536,2448.5
16035,347657.8,3135333.6,85.44585,28.33536,2447.2
16065,347627.8,3135333.6,85.44555,28.33536,2448.3
16107,347657.8,3135363.6,85.44585,28.33563,2452.5
16137,347627.8,3135363.6,85.44554,28.33563,2454.5
16180,347597.8,3135333.6,85.44524,28.33535,2458.5
16210,347597.8,3135363.6,85.44524,28.33562,2459.8
16252,347567.8,3135333.6,85.44494,28.33535,2462.3
16282,347537.8,3135333.6,85.44463,28.33535,2457.9
16312,347507.8,3135333.6,85.44432,28.33534,2444.9
16342,347477.8,3135333.6,85.44402,28.33534,2439.7
16372,347447.8,3135333.6,85.44371,28.33534,2436.7
16402,347417.8,3135333.6,85.44341,28.33533,2433.9
16432,347387.8,3135333.6,85.44310,28.33533,2425.5
16462,347357.8,3135333.6,85.44279,28.33533,2415.9
16492,347327.8,3135333.6,85.44249,28.33532,2413.2
16522,347297.8,3135333.6,85.44218,28.33532,2411.9
16565,347267.8,3135303.6,85.44188,28.33504,2405.6
16607,347237.8,3135333.6,85.44157,28.33531,2403.3
16637,347207.8,3135333.6,85.44126,28.33531,2396.2
16667,347177.8,3135333.6,85.44096,28.33530,2389.0
16697,347147.8,3135333.6,85.44065,28.33530,2383.0
16727,347117.8,3135333.6,85.44035,28.33530,2379.4
16757,347087.8,3135333.6,85.44004,28.33529,2376.8
16787,347057.8,3135333.6,85.43974,28.33529,2375.5
16817,347027.8,3135333.6,85.43943,28.33529,2376.5
16860,346997.8,3135303.6,85.43913,28.33501,2373.9
16890,346967.8,3135303.6,85.43882,28.33501,2372.1
16920,346937.8,3135303.6,85.43852,28.33501,2368.1
16950,346907.8,3135303.6,85.43821,28.33500,2365.5
16992,346877.8,3135273.6,85.43791,28.33473,2363.9
17022,346907.8,3135273.6,85.43821,28.33473,2366.5
17064,346877.8,3135303.6,85.43790,28.33500,2367.2
17107,346847.8,3135273.6,85.43760,28.33472,2368.8
17137,346847.8,3135303.6,85.43760,28.33499,2373.8
17179,346817.8,3135273.6,85.43730,28.33472,2374.7
17209,346787.8,3135273.6,85.43699,28.33472,2376.1
17252,346757.8,3135243.6,85.43669,28.33444,2374.7
17282,346727.8,3135243.6,85.43638,28.33444,2370.5
17324,346697.8,3135213.6,85.43608,28.33417,2362.9
17354,346667.8,3135213.6,85.43577,28.33416,2354.3
17397,346637.8,3135183.6,85.43547,28.33389,2346.3
17427,346607.8,3135183.6,85.43517,28.33388,2348.2
17469,346577.8,3135153.6,85.43486,28.33361,2347.9
17511,346547.8,3135123.6,85.43456,28.33334,2343.1
17541,346517.8,3135123.6,85.43426,28.33333,2345.3
17584,346487.8,3135093.6,85.43395,28.33306,2342.7
17626,346457.8,3135063.6,85.43365,28.33278,2337.8
17669,346427.8,3135033.6,85.43335,28.33251,2332.1
17711,346397.8,3135003.6,85.43305,28.33224,2325.4
17754,346367.8,3134973.6,85.43275,28.33196,2322.7
17796,346337.8,3134943.6,85.43244,28.33169,2319.0
17838,346307.8,3134913.6,85.43214,28.33141,2316.8
17868,346277.8,3134913.6,85.43184,28.33141,2313.3
17911,346247.8,3134883.6,85.43153,28.33113,2304.2
17953,346217.8,3134853.6,85.43123,28.33086,2297.0
17996,346187.8,3134823.6,85.43093,28.33059,2291.0
18026,346157.8,3134823.6,85.43062,28.33058,2290.6
18056,346127.8,3134823.6,85.43032,28.33058,2287.6
18098,346097.8,3134793.6,85.43002,28.33031,2286.0
18128,346067.8,3134793.6,85.42971,28.33030,2282.6
18158,346037.8,3134793.6,85.42940,28.33030,2279.2
18200,346007.8,3134763.6,85.42910,28.33002,2275.4
18230,345977.8,3134763.6,85.42880,28.33002,2272.4
18260,345947.8,3134763.6,85.42849,28.33002,2274.1
18303,345917.8,3134793.6,85.42818,28.33028,2271.4
18333,345887.8,3134793.6,85.42787,28.33028,2269.9
18375,345917.8,3134763.6,85.42818,28.33001,2278.4
18418,345947.8,3134793.6,85.42849,28.33029,2274.1
18448,345977.8,3134793.6,85.42879,28.33029,2277.0
18478,346007.8,3134793.6,85.42910,28.33029,2278.1
18520,346037.8,3134763.6,85.42941,28.33003,2286.4
18563,346007.8,3134733.6,85.42911,28.32975,2298.1
18593,345977.8,3134733.6,85.42880,28.32975,2298.0
18623,345947.8,3134733.6,85.42849,28.32975,2302.6
18653,345917.8,3134733.6,85.42819,28.32974,2308.1
18695,345887.8,3134763.6,85.42788,28.33001,2282.9
18737,345857.8,3134793.6,85.42757,28.33028,2279.4
18780,345887.8,3134823.6,85.42787,28.33055,2284.4
18810,345917.8,3134823.6,85.42818,28.33055,2283.7
18840,345947.8,3134823.6,85.42848,28.33056,2284.5
18870,345977.8,3134823.6,85.42879,28.33056,2287.3
18900,346007.8,3134823.6,85.42909,28.33057,2291.7
18930,346037.8,3134823.6,85.42940,28.33057,2292.5
18960,346067.8,3134823.6,85.42971,28.33057,2290.4
18990,346097.8,3134823.6,85.43001,28.33058,2287.3
19032,346127.8,3134793.6,85.43032,28.33031,2294.3
19062,346157.8,3134793.6,85.43063,28.33031,2303.5
19092,346187.8,3134793.6,85.43093,28.33032,2306.7
19135,346217.8,3134823.6,85.43124,28.33059,2300.3
19177,346187.8,3134853.6,85.43093,28.33086,2295.4
19207,346157.8,3134853.6,85.43062,28.33085,2297.0
19237,346127.8,3134853.6,85.43031,28.33085,2301.6
19267,346097.8,3134853.6,85.43001,28.33085,2303.3
19297,346067.8,3134853.6,85.42970,28.33084,2304.4
19327,346037.8,3134853.6,85.42940,28.33084,2308.0
19357,346007.8,3134853.6,85.42909,28.33084,2303.2
19387,345977.8,3134853.6,85.42878,28.33083,2299.2
19417,345947.8,3134853.6,85.42848,28.33083,2299.1
19447,345917.8,3134853.6,85.42817,28.33083,2303.2
19477,345887.8,3134853.6,85.42787,28.33082,2307.0
19520,345857.8,3134823.6,85.42756,28.33055,2288.0
19562,345827.8,3134793.6,85.42726,28.33027,2289.6
19592,345797.8,3134793.6,85.42696,28.33027,2291.8
19634,345767.8,3134823.6,85.42665,28.33054,2288.8
19677,345737.8,3134793.6,85.42634,28.33026,2288.6
19707,345707.8,3134793.6,85.42604,28.33026,2286.4
19737,345677.8,3134793.6,85.42573,28.33026,2285.5
19767,345647.8,3134793.6,85.42543,28.33025,2285.0
19797,345617.8,3134793.6,85.42512,28.33025,2280.6
19827,345587.8,3134793.6,85.42482,28.33025,2273.6
19869,345557.8,3134763.6,85.42451,28.32997,2260.6
19899,345527.8,3134763.6,85.42421,28.32997,2248.5
19929,345497.8,3134763.6,85.42390,28.32996,2246.2
19959,345467.8,3134763.6,85.42360,28.32996,2243.0
19989,345437.8,3134763.6,85.42329,28.32996,2242.4
20019,345407.8,3134763.6,85.42298,28.32995,2243.0
20062,345377.8,3134733.6,85.42268,28.32968,2241.5
20092,345347.8,3134733.6,85.42238,28.32968,2237.1
20122,345317.8,3134733.6,85.42207,28.32967,2235.7
20152,345287.8,3134733.6,85.42176,28.32967,2234.5
20194,345257.8,3134703.6,85.42146,28.32939,2234.2
20224,345227.8,3134703.6,85.42116,28.32939,2234.4
20267,345257.8,3134733.6,85.42146,28.32966,2236.0
20309,345287.8,3134703.6,85.42177,28.32940,2237.3
20351,345257.8,3134673.6,85.42147,28.32912,2243.9
20381,345227.8,3134673.6,85.42116,28.32912,2239.6
20424,345197.8,3134703.6,85.42085,28.32939,2237.6
20454,345197.8,3134673.6,85.42085,28.32912,2238.4
20496,345167.8,3134643.6,85.42055,28.32884,2233.9
20539,345137.8,3134613.6,85.42025,28.32857,2225.8
20581,345107.8,3134583.6,85.41995,28.32829,2216.5
20624,345077.8,3134553.6,85.41965,28.32802,2210.8
20654,345047.8,3134553.6,85.41934,28.32802,2212.1
20684,345047.8,3134523.6,85.41934,28.32775,2213.4
20714,345017.8,3134523.6,85.41904,28.32774,2215.6
20744,345017.8,3134553.6,85.41903,28.32801,2216.4
20786,344987.8,3134523.6,85.41873,28.32774,2217.6
20816,344957.8,3134523.6,85.41843,28.32773,2219.1
20858,344927.8,3134493.6,85.41812,28.32746,2219.4
20901,344897.8,3134463.6,85.41782,28.32719,2215.6
20931,344867.8,3134463.6,85.41752,28.32718,2212.6
20973,344837.8,3134433.6,85.41721,28.32691,2209.4
21003,344807.8,3134433.6,85.41691,28.32690,2203.6
21033,344777.8,3134433.6,85.41660,28.32690,2203.5
21076,344747.8,3134463.6,85.41629,28.32717,2201.3
21106,344717.8,3134463.6,85.41599,28.32716,2202.2
21148,344747.8,3134433.6,85.41630,28.32690,2208.7
21191,344777.8,3134463.6,85.41660,28.32717,2204.6
21221,344807.8,3134463.6,85.41690,28.32718,2209.1
21251,344837.8,3134463.6,85.41721,28.32718,2212.5
21293,344807.8,3134493.6,85.41690,28.32745,2218.5
21323,344777.8,3134493.6,85.41659,28.32744,2213.6
21353,344747.8,3134493.6,85.41629,28.32744,2210.1
21383,344717.8,3134493.6,85.41598,28.32744,2210.6
21425,344687.8,3134463.6,85.41568,28.32716,2210.8
21468,344657.8,3134433.6,85.41538,28.32689,2211.3
21510,344627.8,3134403.6,85.41508,28.32661,2208.2
21553,344597.8,3134373.6,85.41478,28.32634,2204.6
21595,344567.8,3134343.6,85.41447,28.32606,2200.2
21625,344567.8,3134313.6,85.41448,28.32579,2206.0
21668,344597.8,3134343.6,85.41478,28.32607,2207.7
21710,344567.8,3134373.6,85.41447,28.32633,2206.7
21752,344597.8,3134403.6,85.41477,28.32661,2210.4
21795,344627.8,3134373.6,85.41508,28.32634,2211.5
21837,344657.8,3134403.6,85.41538,28.32662,2214.2
21880,344627.8,3134433.6,85.41507,28.32688,2212.5
21922,344657.8,3134463.6,85.41538,28.32716,2217.6
21965,344687.8,3134433.6,85.41569,28.32689,2213.3
21995,344717.8,3134433.6,85.41599,28.32689,2213.9
22037,344747.8,3134403.6,85.41630,28.32663,2219.6
22067,344777.8,3134403.6,85.41661,28.32663,2210.6
22097,344807.8,3134403.6,85.41691,28.32663,2212.4
22829,344387.8,3133803.6,85.41271,28.32117,2143.1
22872,344417.8,3133773.6,85.41302,28.32090,2145.6
22902,344417.8,3133803.6,85.41302,28.32117,2146.1
22944,344387.8,3133833.6,85.41271,28.32144,2146.4
22974,344417.8,3133833.6,85.41301,28.32144,2150.9
23017,344387.8,3133863.6,85.41270,28.32171,2152.7
23047,344387.8,3133893.6,85.41270,28.32198,2155.4
23077,344387.8,3133923.6,85.41269,28.32225,2154.8
23107,344417.8,3133923.6,85.41300,28.32226,2155.9
23149,344387.8,3133953.6,85.41269,28.32252,2158.2
23179,344417.8,3133953.6,85.41300,28.32253,2164.5
23221,344387.8,3133983.6,85.41269,28.32279,2168.6
23264,344357.8,3133953.6,85.41238,28.32252,2169.7
23294,344357.8,3133923.6,85.41239,28.32225,2166.1
23324,344357.8,3133893.6,85.41239,28.32198,2165.2
23354,344357.8,3133863.6,85.41240,28.32171,2161.1
23384,344357.8,3133833.6,85.41240,28.32144,2161.6
23414,344357.8,3133803.6,85.41240,28.32117,2165.6
23456,344387.8,3133773.6,85.41271,28.32090,2146.4
23499,344417.8,3133743.6,85.41302,28.32063,2147.6
23529,344417.8,3133713.6,85.41303,28.32036,2147.8
23559,344417.8,3133683.6,85.41303,28.32009,2145.5
23589,344417.8,3133653.6,85.41304,28.31982,2143.5
23631,344447.8,3133623.6,85.41335,28.31955,2138.0
23661,344447.8,3133593.6,85.41335,28.31928,2133.2
23691,344447.8,3133563.6,85.41335,28.31901,2130.7
23721,344447.8,3133533.6,85.41336,28.31874,2129.6
23751,344447.8,3133503.6,85.41336,28.31847,2130.5
23781,344447.8,3133473.6,85.41337,28.31820,2133.4
23811,344447.8,3133443.6,85.41337,28.31793,2137.1
23841,344447.8,3133413.6,85.41337,28.31766,2141.0
23871,344447.8,3133383.6,85.41338,28.31739,2145.9
23914,344417.8,3133413.6,85.41307,28.31765,2148.4
23944,344417.8,3133443.6,85.41306,28.31793,2146.4
23974,344417.8,3133473.6,85.41306,28.31820,2143.9
24004,344417.8,3133503.6,85.41306,28.31847,2141.0
24034,344417.8,3133533.6,85.41305,28.31874,2138.9
24064,344417.8,3133563.6,85.41305,28.31901,2137.5
24094,344417.8,3133593.6,85.41304,28.31928,2138.0
24124,344417.8,3133623.6,85.41304,28.31955,2140.8
24166,344447.8,3133653.6,85.41334,28.31982,2147.2
24208,344477.8,3133623.6,85.41365,28.31956,2157.4
24238,344477.8,3133593.6,85.41366,28.31929,2148.2
24268,344477.8,3133563.6,85.41366,28.31902,2142.9
24298,344477.8,3133533.6,85.41366,28.31874,2140.9
24328,344477.8,3133503.6,85.41367,28.31847,2141.8
24358,344477.8,3133473.6,85.41367,28.31820,2143.8
24388,344477.8,3133443.6,85.41368,28.31793,2146.2
24418,344477.8,3133413.6,85.41368,28.31766,2149.4
24448,344477.8,3133383.6,85.41368,28.31739,2154.5
24491,344447.8,3133353.6,85.41338,28.31712,2151.6
24533,344417.8,3133383.6,85.41307,28.31738,2153.6
24563,344417.8,3133353.6,85.41308,28.31711,2161.9
24606,344447.8,3133323.6,85.41339,28.31685,2154.5
24636,344447.8,3133293.6,85.41339,28.31658,2151.8
24666,344447.8,3133263.6,85.41339,28.31630,2146.3
24696,344447.8,3133233.6,85.41340,28.31603,2142.1
24726,344447.8,3133203.6,85.41340,28.31576,2142.6
24756,344447.8,3133173.6,85.41341,28.31549,2143.1
24798,344417.8,3133143.6,85.41310,28.31522,2139.9
24828,344417.8,3133113.6,85.41311,28.31495,2136.7
24858,344417.8,3133083.6,85.41311,28.31468,2131.9
24888,344417.8,3133053.6,85.41312,28.31441,2129.0
24918,344417.8,3133023.6,85.41312,28.31414,2129.4
24948,344417.8,3132993.6,85.41312,28.31386,2130.6
24978,344417.8,3132963.6,85.41313,28.31359,2133.8
25021,344447.8,3132993.6,85.41343,28.31387,2136.9
25051,344447.8,3132963.6,85.41343,28.31360,2137.5
25093,344417.8,3132933.6,85.41313,28.31332,2139.4
25135,344387.8,3132963.6,85.41282,28.31359,2138.8
25165,344387.8,3132993.6,85.41282,28.31386,2138.2
25195,344387.8,3133023.6,85.41281,28.31413,2137.9
25225,344387.8,3133053.6,85.41281,28.31440,2137.3
25255,344387.8,3133083.6,85.41281,28.31467,2139.1
25285,344387.8,3133113.6,85.41280,28.31494,2144.7
25315,344387.8,3133143.6,85.41280,28.31521,2147.9
25358,344417.8,3133173.6,85.41310,28.31549,2144.1
25400,344447.8,3133143.6,85.41341,28.31522,2141.4
25430,344447.8,3133113.6,85.41341,28.31495,2141.6
25460,344447.8,3133083.6,85.41342,28.31468,2140.9
25490,344447.8,3133053.6,85.41342,28.31441,2138.5
25520,344447.8,3133023.6,85.41343,28.31414,2137.9
25563,344477.8,3132993.6,85.41374,28.31387,2151.4
25593,344477.8,3132963.6,85.41374,28.31360,2147.1
25635,344447.8,3132933.6,85.41344,28.31333,2141.2
25665,344447.8,3132903.6,85.41344,28.31306,2144.1
25695,344417.8,3132903.6,85.41314,28.31305,2144.2
25725,344417.8,3132873.6,85.41314,28.31278,2145.6
25755,344447.8,3132873.6,85.41345,28.31279,2146.3
25785,344477.8,3132873.6,85.41375,28.31279,2145.6
25815,344477.8,3132903.6,85.41375,28.31306,2146.6
25845,344477.8,3132933.6,85.41374,28.31333,2148.4
25888,344507.8,3132903.6,85.41405,28.31306,2157.1
25918,344507.8,3132873.6,85.41406,28.31279,2153.0
25960,344477.8,3132843.6,85.41376,28.31252,2153.0
25990,344447.8,3132843.6,85.41345,28.31251,2152.7
26020,344417.8,3132843.6,85.41314,28.31251,2149.5
26050,344387.8,3132843.6,85.41284,28.31251,2149.2
26080,344387.8,3132813.6,85.41284,28.31224,2150.3
26110,344387.8,3132783.6,85.41285,28.31197,2158.0
26152,344417.8,3132813.6,85.41315,28.31224,2158.9
26182,344447.8,3132813.6,85.41345,28.31224,2166.2
26212,344477.8,3132813.6,85.41376,28.31225,2166.8
26255,344507.8,3132843.6,85.41406,28.31252,2159.9
26297,344537.8,3132873.6,85.41436,28.31280,2171.3
26327,344537.8,3132843.6,85.41437,28.31253,2171.8
26370,344507.8,3132813.6,85.41407,28.31225,2171.4
26400,344537.8,3132813.6,85.41437,28.31225,2181.2
26442,344567.8,3132843.6,85.41467,28.31253,2192.5
26472,344567.8,3132813.6,85.41468,28.31226,2194.5
26515,344537.8,3132783.6,85.41438,28.31198,2197.7
26545,344507.8,3132783.6,85.41407,28.31198,2193.4
26575,344477.8,3132783.6,85.41376,28.31198,2190.1
26605,344447.8,3132783.6,85.41346,28.31197,2185.0
26635,344417.8,3132783.6,85.41315,28.31197,2172.3
26677,344387.8,3132753.6,85.41285,28.31170,2172.4
26719,344357.8,3132783.6,85.41254,28.31196,2160.9
26749,344357.8,3132813.6,85.41254,28.31223,2159.3
26779,344357.8,3132843.6,85.41253,28.31250,2163.7
26822,344387.8,3132873.6,85.41283,28.31278,2150.7
26852,344387.8,3132903.6,85.41283,28.31305,2152.1
26882,344387.8,3132933.6,85.41283,28.31332,2145.7
26924,344357.8,3132963.6,85.41252,28.31359,2157.0
26954,344357.8,3132993.6,85.41251,28.31386,2155.6
26984,344357.8,3133023.6,85.41251,28.31413,2152.6
27014,344357.8,3133053.6,85.41250,28.31440,2150.9
27044,344357.8,3133083.6,85.41250,28.31467,2150.6
27074,344357.8,3133113.6,85.41250,28.31494,2154.7
27104,344357.8,3133143.6,85.41249,28.31521,2160.2
27147,344387.8,3133173.6,85.41279,28.31549,2153.3
27189,344417.8,3133203.6,85.41310,28.31576,2145.8
27219,344417.8,3133233.6,85.41309,28.31603,2146.5
27249,344417.8,3133263.6,85.41309,28.31630,2151.9
27292,344387.8,3133233.6,85.41279,28.31603,2159.9
27322,344387.8,3133203.6,85.41279,28.31576,2157.2
27364,344357.8,3133173.6,85.41249,28.31548,2168.0
27394,344357.8,3133203.6,85.41248,28.31575,2172.9
27424,344357.8,3133233.6,85.41248,28.31602,2178.3
27466,344387.8,3133263.6,85.41278,28.31630,2169.0
27509,344417.8,3133293.6,85.41308,28.31657,2162.1
27539,344417.8,3133323.6,85.41308,28.31684,2166.5
28216,344267.8,3132663.6,85.41164,28.31087,2135.6
28246,344267.8,3132633.6,85.41164,28.31060,2135.8
28276,344267.8,3132603.6,85.41165,28.31033,2141.7
28318,344297.8,3132573.6,85.41196,28.31006,2140.2
28348,344297.8,3132543.6,85.41196,28.30979,2133.8
28378,344297.8,3132513.6,85.41197,28.30952,2128.0
28408,344297.8,3132483.6,85.41197,28.30925,2123.5
28451,344267.8,3132453.6,85.41167,28.30897,2120.0
28481,344267.8,3132423.6,85.41167,28.30870,2108.3
28511,344267.8,3132393.6,85.41168,28.30843,2102.0
28553,344237.8,3132363.6,85.41137,28.30816,2101.6
28583,344207.8,3132363.6,85.41107,28.30816,2104.0
28625,344177.8,3132333.6,85.41077,28.30788,2102.3
28668,344147.8,3132303.6,85.41046,28.30761,2091.9
28698,344117.8,3132303.6,85.41016,28.30760,2099.4
28728,344117.8,3132273.6,85.41016,28.30733,2099.6
28758,344147.8,3132273.6,85.41047,28.30734,2101.9
28800,344177.8,3132303.6,85.41077,28.30761,2104.6
28843,344147.8,3132333.6,85.41046,28.30788,2099.9
28885,344177.8,3132363.6,85.41076,28.30815,2111.5
28928,344207.8,3132333.6,85.41107,28.30788,2110.6
28958,344237.8,3132333.6,85.41138,28.30789,2124.4
29000,344267.8,3132363.6,85.41168,28.30816,2108.3
29042,344237.8,3132393.6,85.41137,28.30843,2104.0
29072,344207.8,3132393.6,85.41106,28.30843,2114.8
29115,344237.8,3132423.6,85.41137,28.30870,2117.5
29145,344207.8,3132423.6,85.41106,28.30870,2131.4
29187,344177.8,3132393.6,85.41076,28.30842,2130.4
29230,344147.8,3132363.6,85.41046,28.30815,2122.3
29272,344117.8,3132333.6,85.41015,28.30787,2115.1
29314,344087.8,3132303.6,85.40985,28.30760,2118.2
29344,344087.8,3132273.6,85.40986,28.30733,2108.2
29387,344057.8,3132243.6,85.40955,28.30705,2108.8
29429,344027.8,3132213.6,85.40925,28.30678,2099.5
29459,344027.8,3132183.6,85.40926,28.30651,2097.0
29502,343997.8,3132153.6,85.40896,28.30624,2093.4
29544,343967.8,3132123.6,85.40865,28.30596,2087.9
29587,343937.8,3132093.6,85.40835,28.30569,2078.4
29617,343937.8,3132063.6,85.40836,28.30542,2072.4
29659,343907.8,3132033.6,85.40805,28.30514,2078.4
29689,343937.8,3132033.6,85.40836,28.30515,2079.3
29731,343907.8,3132063.6,85.40805,28.30541,2080.1
29774,343877.8,3132033.6,85.40775,28.30514,2081.2
29816,343847.8,3132003.6,85.40745,28.30486,2076.8
29859,343817.8,3131973.6,85.40714,28.30459,2071.8
29901,343787.8,3131943.6,85.40684,28.30432,2066.3
29944,343757.8,3131913.6,85.40654,28.30404,2063.9
29986,343727.8,3131883.6,85.40624,28.30377,2063.5
30028,343697.8,3131853.6,85.40594,28.30349,2060.8
30071,343667.8,3131823.6,85.40563,28.30322,2059.5
30113,343637.8,3131793.6,85.40533,28.30294,2060.8
30156,343607.8,3131763.6,85.40503,28.30267,2059.3
30198,343577.8,3131733.6,85.40473,28.30240,2049.1
30241,343547.8,3131703.6,85.40443,28.30212,2037.2
30283,343517.8,3131673.6,85.40413,28.30185,2031.7
30325,343487.8,3131643.6,85.40382,28.30157,2032.9
30355,343457.8,3131643.6,85.40352,28.30157,2032.5
30398,343487.8,3131673.6,85.40382,28.30184,2034.5
30440,343517.8,3131703.6,85.40412,28.30212,2037.9
30483,343547.8,3131673.6,85.40443,28.30185,2037.7
30525,343517.8,3131643.6,85.40413,28.30158,2039.4
30568,343487.8,3131613.6,85.40383,28.30130,2041.7
30598,343457.8,3131613.6,85.40352,28.30130,2036.8
30640,343427.8,3131643.6,85.40321,28.30157,2036.1
30670,343427.8,3131613.6,85.40322,28.30129,2038.8
30700,343397.8,3131613.6,85.40291,28.30129,2039.8
30730,343397.8,3131643.6,85.40291,28.30156,2040.7
30772,343367.8,3131613.6,85.40260,28.30129,2043.6
30802,343367.8,3131643.6,85.40260,28.30156,2049.9
30845,343337.8,3131613.6,85.40230,28.30128,2050.0
30887,343307.8,3131583.6,85.40200,28.30101,2046.4
30917,343277.8,3131583.6,85.40169,28.30101,2037.2
30960,343247.8,3131553.6,85.40139,28.30073,2026.3
31002,343217.8,3131523.6,85.40109,28.30046,2018.3
31045,343187.8,3131493.6,85.40079,28.30018,2016.2
31075,343187.8,3131463.6,85.40079,28.29991,2016.8
31117,343217.8,3131493.6,85.40109,28.30019,2019.0
31159,343187.8,3131523.6,85.40078,28.30045,2023.2
31202,343217.8,3131553.6,85.40108,28.30073,2023.1
31244,343247.8,3131523.6,85.40139,28.30046,2030.1
31274,343247.8,3131493.6,85.40140,28.30019,2035.2
31317,343217.8,3131463.6,85.40110,28.29992,2023.6
31359,343187.8,3131433.6,85.40079,28.29964,2027.8
31402,343157.8,3131463.6,85.40048,28.29991,2023.8
31432,343157.8,3131433.6,85.40049,28.29964,2024.6
31474,343127.8,3131403.6,85.40019,28.29936,2028.5
31504,343097.8,3131403.6,85.39988,28.29936,2028.2
31546,343067.8,3131373.6,85.39958,28.29909,2029.3
31576,343037.8,3131373.6,85.39927,28.29908,2026.8
31606,343007.8,3131373.6,85.39897,28.29908,2018.3
31636,342977.8,3131373.6,85.39866,28.29908,2012.3
31666,342977.8,3131343.6,85.39867,28.29880,2016.1
31696,342947.8,3131343.6,85.39836,28.29880,2020.2
31726,342947.8,3131373.6,85.39836,28.29907,2024.5
31769,342977.8,3131403.6,85.39866,28.29935,2038.3
31799,343007.8,3131403.6,85.39896,28.29935,2035.8
31829,343037.8,3131403.6,85.39927,28.29935,2035.7
31859,343067.8,3131403.6,85.39957,28.29936,2030.6
31901,343097.8,3131373.6,85.39988,28.29909,2032.8
31931,343127.8,3131373.6,85.40019,28.29909,2037.3
31974,343157.8,3131403.6,85.40049,28.29937,2031.8
32016,343127.8,3131433.6,85.40018,28.29963,2029.5
32046,343097.8,3131433.6,85.39988,28.29963,2035.3
32089,343127.8,3131463.6,85.40018,28.29991,2037.0
32131,343157.8,3131493.6,85.40048,28.30018,2032.5
33006,342707.8,3130743.6,85.39599,28.29336,1991.6
33036,342707.8,3130713.6,85.39600,28.29309,1991.3
33078,342677.8,3130683.6,85.39570,28.29281,1989.6
33120,342647.8,3130653.6,85.39539,28.29254,1988.7
33163,342617.8,3130623.6,85.39509,28.29226,1988.1
33205,342587.8,3130593.6,85.39479,28.29199,1988.5
33248,342557.8,3130563.6,85.39449,28.29172,1985.1
33290,342527.8,3130533.6,85.39419,28.29144,1983.6
33333,342497.8,3130503.6,85.39389,28.29117,1984.4
33375,342467.8,3130473.6,85.39358,28.29089,1974.0
33417,342437.8,3130443.6,85.39328,28.29062,1966.8
33460,342407.8,3130413.6,85.39298,28.29034,1954.0
33490,342407.8,3130383.6,85.39298,28.29007,1947.0
33520,342407.8,3130353.6,85.39299,28.28980,1948.4
33550,342377.8,3130353.6,85.39268,28.28980,1949.1
33580,342377.8,3130383.6,85.39268,28.29007,1949.3
33622,342347.8,3130353.6,85.39238,28.28980,1954.2
33665,342377.8,3130323.6,85.39269,28.28953,1950.1
33695,342347.8,3130323.6,85.39238,28.28953,1951.3
33737,342317.8,3130293.6,85.39208,28.28925,1950.5
33780,342287.8,3130263.6,85.39178,28.28898,1943.9
33822,342257.8,3130233.6,85.39148,28.28870,1929.0
33864,342227.8,3130203.6,85.39117,28.28843,1920.5
33907,342197.8,3130173.6,85.39087,28.28815,1913.3
33949,342167.8,3130143.6,85.39057,28.28788,1909.4
33992,342137.8,3130113.6,85.39027,28.28761,1909.6
34022,342107.8,3130113.6,85.38996,28.28760,1907.3
34064,342077.8,3130083.6,85.38966,28.28733,1909.3
34094,342077.8,3130113.6,85.38966,28.28760,1910.0
34137,342107.8,3130083.6,85.38997,28.28733,1911.4
34167,342137.8,3130083.6,85.39027,28.28733,1918.1
34209,342167.8,3130113.6,85.39057,28.28761,1913.5
34251,342137.8,3130143.6,85.39026,28.28788,1909.8
34294,342167.8,3130173.6,85.39057,28.28815,1912.6
34336,342197.8,3130143.6,85.39088,28.28788,1912.7
34379,342227.8,3130173.6,85.39118,28.28816,1918.9
34421,342197.8,3130203.6,85.39087,28.28842,1917.7
34451,342167.8,3130203.6,85.39056,28.28842,1918.5
34494,342137.8,3130173.6,85.39026,28.28815,1917.1
34536,342107.8,3130143.6,85.38996,28.28787,1913.2
34566,342077.8,3130143.6,85.38965,28.28787,1924.6
34608,342047.8,3130113.6,85.38935,28.28759,1924.0
34638,342047.8,3130083.6,85.38936,28.28732,1915.9
34681,342077.8,3130053.6,85.38966,28.28706,1918.9
34711,342047.8,3130053.6,85.38936,28.28705,1920.5
34741,342017.8,3130053.6,85.38905,28.28705,1928.1
34771,342017.8,3130083.6,85.38905,28.28732,1930.6
34813,341987.8,3130053.6,85.38875,28.28705,1939.0
34856,342017.8,3130023.6,85.38906,28.28678,1936.6
34886,342047.8,3130023.6,85.38936,28.28678,1933.6
34916,342077.8,3130023.6,85.38967,28.28679,1934.2
34958,342107.8,3130053.6,85.38997,28.28706,1922.7
34988,342137.8,3130053.6,85.39028,28.28706,1932.2
35031,342167.8,3130083.6,85.39058,28.28734,1926.3
35073,342197.8,3130113.6,85.39088,28.28761,1919.0
35115,342227.8,3130143.6,85.39118,28.28789,1920.1
35158,342257.8,3130173.6,85.39148,28.28816,1928.1
35188,342257.8,3130203.6,85.39148,28.28843,1925.3
35230,342227.8,3130233.6,85.39117,28.28870,1923.0
35260,342197.8,3130233.6,85.39086,28.28870,1924.8
35290,342167.8,3130233.6,85.39056,28.28869,1932.9
35333,342137.8,3130203.6,85.39026,28.28842,1929.6
35375,342107.8,3130173.6,85.38995,28.28814,1928.2
36374,341357.8,3129513.6,85.38240,28.28210,1846.7
36417,341327.8,3129483.6,85.38210,28.28182,1839.5
36447,341297.8,3129483.6,85.38179,28.28182,1831.2
36489,341267.8,3129453.6,85.38149,28.28154,1826.8
36519,341267.8,3129423.6,85.38149,28.28127,1828.1
36561,341237.8,3129393.6,85.38119,28.28100,1827.3
36604,341207.8,3129363.6,85.38089,28.28073,1826.8
36634,341177.8,3129363.6,85.38058,28.28072,1828.5
36676,341147.8,3129333.6,85.38028,28.28045,1826.8
36719,341117.8,3129303.6,85.37998,28.28017,1820.6
36761,341087.8,3129273.6,85.37968,28.27990,1814.8
36804,341057.8,3129243.6,85.37938,28.27962,1813.9
36834,341027.8,3129243.6,85.37907,28.27962,1815.7
36876,341057.8,3129273.6,85.37937,28.27990,1816.5
36918,341087.8,3129243.6,85.37968,28.27963,1817.8
36961,341117.8,3129273.6,85.37999,28.27990,1821.6
37003,341087.8,3129303.6,85.37968,28.28017,1819.6
37033,341057.8,3129303.6,85.37937,28.28017,1822.7
37076,341027.8,3129273.6,85.37907,28.27989,1820.2
37118,340997.8,3129243.6,85.37877,28.27962,1818.4
37148,340997.8,3129213.6,85.37877,28.27935,1817.4
37178,341027.8,3129213.6,85.37908,28.27935,1817.7
37221,340997.8,3129183.6,85.37877,28.27908,1824.2
37263,340967.8,3129213.6,85.37846,28.27934,1820.6
37293,340967.8,3129183.6,85.37847,28.27907,1821.7
37335,340937.8,3129213.6,85.37816,28.27934,1821.7
37378,340907.8,3129183.6,85.37786,28.27907,1820.2
37420,340877.8,3129153.6,85.37756,28.27879,1811.7
37450,340847.8,3129153.6,85.37725,28.27879,1800.5
37480,340817.8,3129153.6,85.37694,28.27878,1793.7
37510,340787.8,3129153.6,85.37664,28.27878,1792.2
37540,340787.8,3129183.6,85.37663,28.27905,1792.6
37570,340817.8,3129183.6,85.37694,28.27905,1794.7
37613,340787.8,3129213.6,85.37663,28.27932,1797.4
37643,340817.8,3129213.6,85.37694,28.27932,1799.7
37685,340847.8,3129183.6,85.37725,28.27906,1803.4
37715,340847.8,3129213.6,85.37724,28.27933,1808.8
37758,340817.8,3129243.6,85.37693,28.27960,1804.9
37788,340787.8,3129243.6,85.37663,28.27959,1804.0
37830,340817.8,3129273.6,85.37693,28.27987,1807.5
37860,340787.8,3129273.6,85.37662,28.27986,1807.8
37902,340817.8,3129303.6,85.37692,28.28014,1808.4
37932,340787.8,3129303.6,85.37662,28.28013,1808.5
37962,340787.8,3129333.6,85.37661,28.28040,1808.6
37992,340787.8,3129363.6,85.37661,28.28067,1808.2
38035,340757.8,3129393.6,85.37630,28.28094,1806.9
38077,340727.8,3129423.6,85.37599,28.28121,1800.7
38120,340697.8,3129453.6,85.37568,28.28148,1795.9
38150,340697.8,3129483.6,85.37568,28.28175,1795.1
38180,340727.8,3129483.6,85.37598,28.28175,1796.8
38210,340727.8,3129453.6,85.37599,28.28148,1797.3
38252,340697.8,3129423.6,85.37568,28.28121,1801.8
38295,340667.8,3129453.6,85.37537,28.28147,1801.9
38325,340667.8,3129483.6,85.37537,28.28174,1799.5
38367,340697.8,3129513.6,85.37567,28.28202,1799.1
38397,340727.8,3129513.6,85.37598,28.28202,1800.2
38439,340757.8,3129483.6,85.37629,28.28175,1804.3
38469,340757.8,3129453.6,85.37629,28.28148,1803.2
38499,340757.8,3129423.6,85.37630,28.28121,1803.9
38542,340787.8,3129393.6,85.37661,28.28095,1807.1
38572,340787.8,3129423.6,85.37660,28.28122,1807.9
38602,340787.8,3129453.6,85.37660,28.28149,1810.1
38632,340787.8,3129483.6,85.37659,28.28176,1811.5
38674,340757.8,3129513.6,85.37628,28.28202,1807.4
38717,340727.8,3129543.6,85.37597,28.28229,1807.5
38747,340697.8,3129543.6,85.37567,28.28229,1805.6
38789,340667.8,3129513.6,85.37537,28.28201,1803.0
38819,340667.8,3129543.6,85.37536,28.28228,1807.0
38861,340697.8,3129573.6,85.37566,28.28256,1808.4
38891,340667.8,3129573.6,85.37536,28.28256,1808.8
38921,340667.8,3129603.6,85.37535,28.28283,1809.0
38951,340637.8,3129603.6,85.37505,28.28282,1810.2
38994,340667.8,3129633.6,85.37535,28.28310,1811.7
39036,340697.8,3129603.6,85.37566,28.28283,1810.7
39079,340727.8,3129573.6,85.37597,28.28256,1812.4
39121,340757.8,3129543.6,85.37628,28.28230,1813.6
39164,340787.8,3129513.6,85.37659,28.28203,1816.2
39206,340817.8,3129483.6,85.37690,28.28176,1821.4
39236,340817.8,3129453.6,85.37690,28.28149,1817.3
39266,340817.8,3129423.6,85.37691,28.28122,1813.7
39296,340817.8,3129393.6,85.37691,28.28095,1811.7
39326,340817.8,3129363.6,85.37692,28.28068,1810.6
39356,340817.8,3129333.6,85.37692,28.28041,1809.3
39386,340847.8,3129333.6,85.37723,28.28041,1812.4
39416,340847.8,3129303.6,85.37723,28.28014,1812.5
39446,340847.8,3129273.6,85.37723,28.27987,1813.2
39476,340847.8,3129243.6,85.37724,28.27960,1812.8
39518,340877.8,3129213.6,85.37755,28.27933,1817.7
39548,340877.8,3129183.6,85.37755,28.27906,1814.3
39591,340907.8,3129153.6,85.37786,28.27879,1820.4
39633,340877.8,3129123.6,85.37756,28.27852,1811.0
39663,340847.8,3129123.6,85.37725,28.27852,1802.2
39693,340817.8,3129123.6,85.37695,28.27851,1796.5
39723,340787.8,3129123.6,85.37664,28.27851,1795.2
39753,340787.8,3129093.6,85.37665,28.27824,1800.2
39796,340757.8,3129123.6,85.37634,28.27851,1801.1
39826,340757.8,3129153.6,85.37633,28.27878,1800.8
39856,340757.8,3129183.6,85.37633,28.27905,1804.2
39886,340757.8,3129213.6,85.37632,28.27932,1811.0
39916,340757.8,3129243.6,85.37632,28.27959,1817.6
39946,340757.8,3129273.6,85.37632,28.27986,1819.8
39976,340757.8,3129303.6,85.37631,28.28013,1817.6
40006,340757.8,3129333.6,85.37631,28.28040,1813.9
40036,340757.8,3129363.6,85.37630,28.28067,1810.5
40078,340727.8,3129393.6,85.37599,28.28094,1807.5
40108,340697.8,3129393.6,85.37569,28.28093,1814.2
40151,340667.8,3129423.6,85.37538,28.28120,1813.7
40193,340637.8,3129453.6,85.37507,28.28147,1819.2
40223,340637.8,3129483.6,85.37506,28.28174,1811.5
40253,340637.8,3129513.6,85.37506,28.28201,1813.1
40283,340637.8,3129543.6,85.37506,28.28228,1815.3
40313,340637.8,3129573.6,85.37505,28.28255,1813.9
40355,340607.8,3129603.6,85.37474,28.28282,1815.8
40398,340637.8,3129633.6,85.37504,28.28309,1811.8
40440,340607.8,3129663.6,85.37473,28.28336,1811.7
40470,340577.8,3129663.6,85.37443,28.28336,1811.8
40500,340577.8,3129693.6,85.37442,28.28363,1812.3
40530,340547.8,3129693.6,85.37412,28.28362,1813.3
40573,340517.8,3129723.6,85.37381,28.28389,1810.5
40603,340487.8,3129723.6,85.37350,28.28389,1810.9
40645,340457.8,3129753.6,85.37319,28.28415,1810.3
40675,340487.8,3129753.6,85.37350,28.28416,1811.5
40718,340457.8,3129783.6,85.37319,28.28442,1813.1
40748,340427.8,3129783.6,85.37288,28.28442,1811.7
40778,340427.8,3129753.6,85.37289,28.28415,1812.2
40820,340397.8,3129783.6,85.37258,28.28442,1812.9
40862,340367.8,3129813.6,85.37227,28.28468,1815.1
40892,340337.8,3129813.6,85.37196,28.28468,1813.0
40935,340307.8,3129843.6,85.37165,28.28495,1814.8
40965,340307.8,3129813.6,85.37166,28.28468,1816.3
41007,340337.8,3129843.6,85.37196,28.28495,1817.4
41050,340307.8,3129873.6,85.37165,28.28522,1820.5
41080,340277.8,3129873.6,85.37134,28.28521,1818.5
41122,340247.8,3129903.6,85.37103,28.28548,1818.5
41152,340217.8,3129903.6,85.37073,28.28548,1816.3
41182,340187.8,3129903.6,85.37042,28.28547,1818.2
41212,340187.8,3129933.6,85.37042,28.28575,1818.6
41242,340157.8,3129933.6,85.37011,28.28574,1819.0
41272,340127.8,3129933.6,85.36980,28.28574,1820.2
41302,340097.8,3129933.6,85.36950,28.28573,1820.9
41332,340067.8,3129933.6,85.36919,28.28573,1821.8
41375,340037.8,3129963.6,85.36888,28.28600,1822.3
41405,340067.8,3129963.6,85.36919,28.28600,1822.3
41447,340037.8,3129933.6,85.36889,28.28573,1824.2
41489,340007.8,3129963.6,85.36858,28.28599,1822.7
41519,339977.8,3129963.6,85.36827,28.28599,1823.3
41549,339947.8,3129963.6,85.36796,28.28599,1824.8
41579,339917.8,3129963.6,85.36766,28.28598,1827.9
41609,339887.8,3129963.6,85.36735,28.28598,1830.5
41639,339857.8,3129963.6,85.36705,28.28598,1829.5
41669,339827.8,3129963.6,85.36674,28.28597,1829.4
41699,339797.8,3129963.6,85.36644,28.28597,1830.9
41729,339767.8,3129963.6,85.36613,28.28596,1829.1
41759,339737.8,3129963.6,85.36582,28.28596,1827.4
41789,339707.8,3129963.6,85.36552,28.28596,1831.0
41832,339737.8,3129993.6,85.36582,28.28623,1835.1
41862,339767.8,3129993.6,85.36613,28.28624,1836.4
41892,339797.8,3129993.6,85.36643,28.28624,1835.4
41922,339827.8,3129993.6,85.36674,28.28624,1834.2
41952,339857.8,3129993.6,85.36704,28.28625,1836.8
41982,339887.8,3129993.6,85.36735,28.28625,1837.7
42012,339917.8,3129993.6,85.36765,28.28625,1834.8
42042,339947.8,3129993.6,85.36796,28.28626,1834.0
42072,339977.8,3129993.6,85.36827,28.28626,1833.8
42102,340007.8,3129993.6,85.36857,28.28626,1836.0
42132,340037.8,3129993.6,85.36888,28.28627,1835.4
42162,340067.8,3129993.6,85.36918,28.28627,1833.4
42204,340097.8,3129963.6,85.36949,28.28600,1824.4
42234,340127.8,3129963.6,85.36980,28.28601,1826.0
42264,340157.8,3129963.6,85.37011,28.28601,1825.8
42294,340187.8,3129963.6,85.37041,28.28602,1829.8
42337,340217.8,3129933.6,85.37072,28.28575,1821.3
42367,340247.8,3129933.6,85.37103,28.28575,1828.3
42409,340277.8,3129903.6,85.37134,28.28549,1824.5
42452,340247.8,3129873.6,85.37104,28.28521,1819.9
42494,340277.8,3129843.6,85.37135,28.28494,1819.4
42524,340247.8,3129843.6,85.37104,28.28494,1825.3
42566,340217.8,3129873.6,85.37073,28.28521,1820.1
42596,340187.8,3129873.6,85.37042,28.28520,1825.3
42639,340157.8,3129903.6,85.37011,28.28547,1822.2
42669,340127.8,3129903.6,85.36981,28.28547,1825.8
42699,340097.8,3129903.6,85.36950,28.28546,1829.5
42729,340067.8,3129903.6,85.36920,28.28546,1835.1
42759,340037.8,3129903.6,85.36889,28.28546,1840.6
42801,340007.8,3129933.6,85.36858,28.28572,1827.9
42831,339977.8,3129933.6,85.36827,28.28572,1830.0
42861,339947.8,3129933.6,85.36797,28.28572,1832.3
42891,339917.8,3129933.6,85.36766,28.28571,1838.1
42921,339887.8,3129933.6,85.36736,28.28571,1842.8
42951,339857.8,3129933.6,85.36705,28.28571,1842.5
42981,339827.8,3129933.6,85.36675,28.28570,1842.4
43011,339797.8,3129933.6,85.36644,28.28570,1844.3
43041,339767.8,3129933.6,85.36613,28.28569,1842.5
43071,339737.8,3129933.6,85.36583,28.28569,1837.3
43101,339707.8,3129933.6,85.36552,28.28569,1839.1
43144,339677.8,3129963.6,85.36521,28.28595,1835.8
43186,339707.8,3129993.6,85.36551,28.28623,1840.2
43216,339677.8,3129993.6,85.36521,28.28622,1844.8
43259,339647.8,3129963.6,85.36491,28.28595,1842.4
43289,339617.8,3129963.6,85.36460,28.28595,1841.9
43319,339587.8,3129963.6,85.36430,28.28594,1838.2
43361,339557.8,3129933.6,85.36399,28.28567,1840.3
43391,339527.8,3129933.6,85.36369,28.28566,1836.3
43433,339497.8,3129963.6,85.36338,28.28593,1833.1
43463,339467.8,3129963.6,85.36307,28.28593,1829.9
43493,339437.8,3129963.6,85.36277,28.28592,1832.8
43523,339437.8,3129933.6,85.36277,28.28565,1834.2
43553,339407.8,3129933.6,85.36246,28.28565,1835.9
43583,339377.8,3129933.6,85.36216,28.28565,1838.4
43626,339407.8,3129963.6,85.36246,28.28592,1842.6
43668,339437.8,3129993.6,85.36276,28.28620,1847.7
43698,339467.8,3129993.6,85.36307,28.28620,1837.0
43728,339497.8,3129993.6,85.36337,28.28620,1838.8
43771,339527.8,3129963.6,85.36368,28.28594,1838.1
43813,339497.8,3129933.6,85.36338,28.28566,1836.1
43843,339467.8,3129933.6,85.36308,28.28566,1836.2
43886,339437.8,3129903.6,85.36277,28.28538,1846.5
43916,339407.8,3129903.6,85.36247,28.28538,1844.0
43946,339377.8,3129903.6,85.36216,28.28538,1845.0
43988,339347.8,3129933.6,85.36185,28.28564,1846.3
44030,339377.8,3129963.6,85.36215,28.28592,1853.3
44060,339347.8,3129963.6,85.36185,28.28591,1858.8
44103,339317.8,3129933.6,85.36155,28.28564,1854.3
44145,339287.8,3129963.6,85.36124,28.28591,1851.0
44175,339257.8,3129963.6,85.36093,28.28590,1847.1
44205,339227.8,3129963.6,85.36063,28.28590,1849.6
44235,339197.8,3129963.6,85.36032,28.28590,1852.9
44265,339167.8,3129963.6,85.36001,28.28589,1853.8
44295,339137.8,3129963.6,85.35971,28.28589,1851.5
44325,339107.8,3129963.6,85.35940,28.28588,1848.1
44355,339077.8,3129963.6,85.35910,28.28588,1847.7
44385,339047.8,3129963.6,85.35879,28.28588,1847.7
44428,339017.8,3129993.6,85.35848,28.28614,1848.8
44458,338987.8,3129993.6,85.35817,28.28614,1848.0
44488,338957.8,3129993.6,85.35787,28.28614,1848.3
44518,338927.8,3129993.6,85.35756,28.28613,1850.8
44560,338897.8,3130023.6,85.35725,28.28640,1850.1
44590,338867.8,3130023.6,85.35695,28.28640,1851.0
44633,338837.8,3130053.6,85.35664,28.28666,1853.6
44663,338807.8,3130053.6,85.35633,28.28666,1852.1
44693,338777.8,3130053.6,85.35603,28.28666,1851.7
44723,338747.8,3130053.6,85.35572,28.28665,1853.8
44765,338717.8,3130083.6,85.35541,28.28692,1854.4
44795,338687.8,3130083.6,85.35510,28.28692,1852.5
44825,338657.8,3130083.6,85.35480,28.28691,1851.7
44855,338657.8,3130053.6,85.35480,28.28664,1853.5
44885,338627.8,3130053.6,85.35450,28.28664,1853.6
44915,338627.8,3130083.6,85.35449,28.28691,1854.5
44957,338597.8,3130053.6,85.35419,28.28663,1855.6
44987,338567.8,3130053.6,85.35389,28.28663,1855.4
45017,338537.8,3130053.6,85.35358,28.28663,1855.9
45047,338507.8,3130053.6,85.35327,28.28662,1855.7
45077,338477.8,3130053.6,85.35297,28.28662,1856.9
45107,338447.8,3130053.6,85.35266,28.28662,1859.3
45137,338417.8,3130053.6,85.35236,28.28661,1860.9
45167,338387.8,3130053.6,85.35205,28.28661,1861.8
45197,338357.8,3130053.6,85.35174,28.28660,1863.5
45227,338357.8,3130083.6,85.35174,28.28687,1863.6
45257,338327.8,3130083.6,85.35143,28.28687,1866.1
45287,338327.8,3130053.6,85.35144,28.28660,1870.7
45330,338357.8,3130023.6,85.35175,28.28633,1879.3
45360,338387.8,3130023.6,85.35205,28.28634,1876.2
45390,338417.8,3130023.6,85.35236,28.28634,1873.4
45420,338447.8,3130023.6,85.35267,28.28634,1869.6
45450,338477.8,3130023.6,85.35297,28.28635,1867.1
45480,338507.8,3130023.6,85.35328,28.28635,1866.8
45510,338537.8,3130023.6,85.35358,28.28636,1866.6
45540,338567.8,3130023.6,85.35389,28.28636,1868.0
45570,338597.8,3130023.6,85.35420,28.28636,1871.3
45600,338627.8,3130023.6,85.35450,28.28637,1871.8
45630,338657.8,3130023.6,85.35481,28.28637,1875.5
45672,338687.8,3130053.6,85.35511,28.28664,1853.9
45702,338717.8,3130053.6,85.35541,28.28665,1855.1
45745,338747.8,3130083.6,85.35572,28.28692,1857.0
45775,338777.8,3130083.6,85.35602,28.28693,1863.4
45805,338807.8,3130083.6,85.35633,28.28693,1872.7
45835,338837.8,3130083.6,85.35663,28.28693,1883.1
45877,338867.8,3130053.6,85.35694,28.28667,1855.8
45920,338837.8,3130023.6,85.35664,28.28639,1857.5
45950,338807.8,3130023.6,85.35634,28.28639,1864.0
45980,338777.8,3130023.6,85.35603,28.28639,1869.8
46010,338747.8,3130023.6,85.35572,28.28638,1872.8
46040,338717.8,3130023.6,85.35542,28.28638,1875.2
46070,338687.8,3130023.6,85.35511,28.28637,1877.0
46405,339017.8,3129963.6,85.35848,28.28587,1850.1
46447,339047.8,3129993.6,85.35879,28.28615,1850.4
46477,339077.8,3129993.6,85.35909,28.28615,1852.2
46507,339107.8,3129993.6,85.35940,28.28615,1856.1
46537,339137.8,3129993.6,85.35970,28.28616,1863.3
46567,339167.8,3129993.6,85.36001,28.28616,1870.7
46597,339197.8,3129993.6,85.36032,28.28617,1872.7
46627,339227.8,3129993.6,85.36062,28.28617,1869.3
46657,339257.8,3129993.6,85.36093,28.28617,1867.5
46687,339287.8,3129993.6,85.36123,28.28618,1873.0
46730,339317.8,3129963.6,85.36154,28.28591,1857.5
46772,339287.8,3129933.6,85.36124,28.28564,1856.4
46802,339257.8,3129933.6,85.36094,28.28563,1855.5
46832,339227.8,3129933.6,85.36063,28.28563,1854.1
46862,339197.8,3129933.6,85.36032,28.28562,1856.3
46892,339167.8,3129933.6,85.36002,28.28562,1862.1
46922,339137.8,3129933.6,85.35971,28.28562,1862.3
46952,339107.8,3129933.6,85.35941,28.28561,1859.0
46982,339077.8,3129933.6,85.35910,28.28561,1860.9
47012,339047.8,3129933.6,85.35879,28.28561,1865.0
47042,339017.8,3129933.6,85.35849,28.28560,1870.2
47085,338987.8,3129963.6,85.35818,28.28587,1853.0
47115,338957.8,3129963.6,85.35787,28.28587,1857.8
47145,338927.8,3129963.6,85.35757,28.28586,1865.3
47187,338897.8,3129993.6,85.35726,28.28613,1857.2
47229,338927.8,3130023.6,85.35756,28.28640,1851.0
47259,338957.8,3130023.6,85.35787,28.28641,1854.4
47289,338987.8,3130023.6,85.35817,28.28641,1858.3
47319,339017.8,3130023.6,85.35848,28.28641,1862.7
47349,339047.8,3130023.6,85.35878,28.28642,1868.8
47379,339077.8,3130023.6,85.35909,28.28642,1876.4
47409,339107.8,3130023.6,85.35939,28.28643,1885.8
47439,339137.8,3130023.6,85.35970,28.28643,1894.1
47469,339167.8,3130023.6,85.36001,28.28643,1899.6
47499,339197.8,3130023.6,85.36031,28.28644,1899.1
47529,339227.8,3130023.6,85.36062,28.28644,1901.8
47559,339257.8,3130023.6,85.36092,28.28644,1909.3
47589,339287.8,3130023.6,85.36123,28.28645,1918.8
47632,339317.8,3129993.6,85.36154,28.28618,1883.2
47662,339347.8,3129993.6,85.36184,28.28618,1893.5
47692,339377.8,3129993.6,85.36215,28.28619,1889.3
47722,339407.8,3129993.6,85.36246,28.28619,1866.8
47764,339437.8,3130023.6,85.36276,28.28647,1876.0
47794,339467.8,3130023.6,85.36306,28.28647,1860.4
47824,339497.8,3130023.6,85.36337,28.28647,1856.5
47867,339527.8,3129993.6,85.36368,28.28621,1844.7
47909,339557.8,3129963.6,85.36399,28.28594,1840.6
47952,339587.8,3129993.6,85.36429,28.28621,1840.6
47982,339617.8,3129993.6,85.36460,28.28622,1843.4
48012,339647.8,3129993.6,85.36490,28.28622,1847.1
48799,340397.8,3129753.6,85.37258,28.28415,1815.1
48841,340367.8,3129783.6,85.37227,28.28441,1816.2
48884,340397.8,3129813.6,85.37257,28.28469,1815.4
48914,340427.8,3129813.6,85.37288,28.28469,1820.8
48944,340457.8,3129813.6,85.37318,28.28470,1826.4
48986,340487.8,3129783.6,85.37349,28.28443,1818.6
49029,340517.8,3129753.6,85.37380,28.28416,1816.6
49071,340547.8,3129723.6,85.37411,28.28389,1814.3
49114,340517.8,3129693.6,85.37381,28.28362,1811.8
49156,340547.8,3129663.6,85.37412,28.28335,1814.6
49198,340577.8,3129633.6,85.37443,28.28309,1815.9
49228,340607.8,3129633.6,85.37474,28.28309,1813.0
49271,340637.8,3129663.6,85.37504,28.28336,1812.4
49313,340607.8,3129693.6,85.37473,28.28363,1814.7
49356,340577.8,3129723.6,85.37442,28.28390,1822.0
49398,340547.8,3129753.6,85.37411,28.28416,1827.6
49441,340517.8,3129783.6,85.37380,28.28443,1828.3
49483,340487.8,3129813.6,85.37349,28.28470,1832.9
49525,340457.8,3129843.6,85.37318,28.28497,1845.1
49555,340427.8,3129843.6,85.37287,28.28496,1838.3
49585,340397.8,3129843.6,85.37257,28.28496,1831.0
49615,340367.8,3129843.6,85.37226,28.28496,1824.3
49658,340337.8,3129873.6,85.37195,28.28522,1830.6
49700,340307.8,3129903.6,85.37164,28.28549,1834.7
49743,340277.8,3129933.6,85.37133,28.28576,1840.4
49773,340307.8,3129933.6,85.37164,28.28576,1851.3
49815,340337.8,3129903.6,85.37195,28.28549,1842.1
49858,340367.8,3129873.6,85.37226,28.28523,1841.7
49888,340397.8,3129873.6,85.37256,28.28523,1852.2
49930,340367.8,3129903.6,85.37225,28.28550,1857.8
49972,340337.8,3129933.6,85.37194,28.28576,1858.3
50737,340847.8,3129363.6,85.37722,28.28068,1813.2
50767,340847.8,3129393.6,85.37722,28.28095,1815.9
50810,340877.8,3129363.6,85.37753,28.28069,1821.8
50840,340877.8,3129333.6,85.37753,28.28042,1820.4
50870,340877.8,3129303.6,85.37754,28.28014,1819.7
50900,340877.8,3129273.6,85.37754,28.27987,1820.5
50930,340877.8,3129243.6,85.37754,28.27960,1820.6
50972,340907.8,3129213.6,85.37785,28.27934,1820.4
51002,340907.8,3129243.6,85.37785,28.27961,1821.8
51032,340937.8,3129243.6,85.37815,28.27961,1822.7
51062,340967.8,3129243.6,85.37846,28.27961,1822.0
51105,340997.8,3129273.6,85.37876,28.27989,1822.7
51135,340967.8,3129273.6,85.37846,28.27988,1824.7
51165,340937.8,3129273.6,85.37815,28.27988,1824.7
51195,340907.8,3129273.6,85.37785,28.27988,1824.1
51225,340907.8,3129303.6,85.37784,28.28015,1827.0
51255,340937.8,3129303.6,85.37815,28.28015,1829.2
51285,340967.8,3129303.6,85.37845,28.28016,1829.3
51315,340997.8,3129303.6,85.37876,28.28016,1827.5
51345,341027.8,3129303.6,85.37906,28.28016,1825.6
51387,341057.8,3129333.6,85.37937,28.28044,1831.7
51417,341087.8,3129333.6,85.37967,28.28044,1826.9
51447,341117.8,3129333.6,85.37998,28.28044,1824.1
51489,341147.8,3129303.6,85.38029,28.28018,1828.2
51532,341177.8,3129333.6,85.38059,28.28045,1828.6
51574,341147.8,3129363.6,85.38028,28.28072,1828.8
51604,341117.8,3129363.6,85.37997,28.28071,1831.8
51647,341147.8,3129393.6,85.38027,28.28099,1837.3
51677,341177.8,3129393.6,85.38058,28.28099,1833.3
51707,341207.8,3129393.6,85.38089,28.28100,1828.9
51749,341237.8,3129423.6,85.38119,28.28127,1828.5
51792,341267.8,3129393.6,85.38150,28.28100,1832.1
51834,341237.8,3129363.6,85.38120,28.28073,1829.8
51876,341207.8,3129333.6,85.38089,28.28045,1831.2
51919,341177.8,3129303.6,85.38059,28.28018,1834.6
51961,341147.8,3129273.6,85.38029,28.27991,1836.4
52004,341117.8,3129243.6,85.37999,28.27963,1833.9
52046,341087.8,3129213.6,85.37969,28.27936,1840.1
52076,341057.8,3129213.6,85.37938,28.27935,1825.2
52119,341027.8,3129183.6,85.37908,28.27908,1835.4
52161,340997.8,3129153.6,85.37878,28.27881,1842.3
52191,340967.8,3129153.6,85.37847,28.27880,1827.2
52233,340937.8,3129183.6,85.37816,28.27907,1822.0
52263,340937.8,3129153.6,85.37817,28.27880,1823.6
52306,340907.8,3129123.6,85.37787,28.27852,1820.2
52348,340877.8,3129093.6,85.37756,28.27825,1810.3
52378,340847.8,3129093.6,85.37726,28.27825,1805.0
52408,340817.8,3129093.6,85.37695,28.27824,1801.2
52451,340787.8,3129063.6,85.37665,28.27797,1802.3
52481,340787.8,3129033.6,85.37665,28.27770,1796.5
52511,340787.8,3129003.6,85.37666,28.27743,1786.8
52541,340787.8,3128973.6,85.37666,28.27716,1784.0
52571,340787.8,3128943.6,85.37667,28.27689,1784.1
52601,340787.8,3128913.6,85.37667,28.27661,1783.5
52643,340817.8,3128883.6,85.37698,28.27635,1782.2
52673,340817.8,3128853.6,85.37699,28.27608,1775.9
52703,340817.8,3128823.6,85.37699,28.27581,1772.6
52733,340817.8,3128793.6,85.37699,28.27554,1770.4
52776,340847.8,3128763.6,85.37730,28.27527,1770.9
52806,340847.8,3128733.6,85.37731,28.27500,1771.1
52848,340817.8,3128763.6,85.37700,28.27526,1771.7
52890,340847.8,3128793.6,85.37730,28.27554,1774.5
52920,340847.8,3128823.6,85.37730,28.27581,1777.8
52950,340847.8,3128853.6,85.37729,28.27608,1784.3
52993,340877.8,3128823.6,85.37760,28.27581,1795.3
53023,340877.8,3128793.6,85.37760,28.27554,1787.8
53053,340877.8,3128763.6,85.37761,28.27527,1780.0
53083,340877.8,3128733.6,85.37761,28.27500,1775.3
53125,340847.8,3128703.6,85.37731,28.27473,1772.9
53155,340847.8,3128673.6,85.37732,28.27446,1771.3
53185,340847.8,3128643.6,85.37732,28.27419,1766.0
53215,340847.8,3128613.6,85.37732,28.27391,1756.7
53245,340847.8,3128583.6,85.37733,28.27364,1749.8
53275,340847.8,3128553.6,85.37733,28.27337,1750.5
53305,340847.8,3128523.6,85.37734,28.27310,1752.5
53335,340847.8,3128493.6,85.37734,28.27283,1754.0
53378,340877.8,3128523.6,85.37764,28.27311,1754.6
53408,340877.8,3128553.6,85.37764,28.27338,1755.1
53438,340877.8,3128583.6,85.37763,28.27365,1759.0
53468,340877.8,3128613.6,85.37763,28.27392,1765.6
53498,340877.8,3128643.6,85.37763,28.27419,1771.2
53528,340877.8,3128673.6,85.37762,28.27446,1772.4
53558,340877.8,3128703.6,85.37762,28.27473,1773.5
53600,340907.8,3128673.6,85.37793,28.27446,1783.1
53630,340907.8,3128703.6,85.37792,28.27473,1783.6
53660,340907.8,3128733.6,85.37792,28.27500,1789.7
53690,340907.8,3128763.6,85.37791,28.27528,1800.7
53720,340907.8,3128793.6,85.37791,28.27555,1813.0
53750,340907.8,3128823.6,85.37791,28.27582,1823.9
53793,340877.8,3128853.6,85.37760,28.27608,1808.9
53835,340847.8,3128883.6,85.37729,28.27635,1795.9
53877,340817.8,3128913.6,85.37698,28.27662,1789.0
53920,340787.8,3128883.6,85.37668,28.27634,1782.3
53950,340787.8,3128853.6,85.37668,28.27607,1780.1
53980,340787.8,3128823.6,85.37668,28.27580,1777.4
54010,340787.8,3128793.6,85.37669,28.27553,1777.4
54040,340787.8,3128763.6,85.37669,28.27526,1779.9
54082,340817.8,3128733.6,85.37700,28.27499,1776.1
54112,340817.8,3128703.6,85.37701,28.27472,1778.7
54142,340817.8,3128673.6,85.37701,28.27445,1777.6
54172,340817.8,3128643.6,85.37701,28.27418,1772.5
54202,340817.8,3128613.6,85.37702,28.27391,1765.1
54232,340817.8,3128583.6,85.37702,28.27364,1759.4
54262,340817.8,3128553.6,85.37703,28.27337,1759.4
54292,340817.8,3128523.6,85.37703,28.27310,1759.6
54322,340817.8,3128493.6,85.37703,28.27283,1761.2
54365,340847.8,3128463.6,85.37734,28.27256,1754.7
54395,340847.8,3128433.6,85.37735,28.27229,1754.2
54425,340847.8,3128403.6,85.37735,28.27202,1751.5
54455,340847.8,3128373.6,85.37736,28.27175,1746.1
54485,340847.8,3128343.6,85.37736,28.27148,1740.7
54515,340847.8,3128313.6,85.37736,28.27121,1740.1
54545,340847.8,3128283.6,85.37737,28.27094,1743.6
54587,340817.8,3128313.6,85.37706,28.27120,1744.5
54617,340817.8,3128343.6,85.37705,28.27147,1744.1
54647,340817.8,3128373.6,85.37705,28.27175,1749.2
54677,340817.8,3128403.6,85.37705,28.27202,1755.2
54707,340817.8,3128433.6,85.37704,28.27229,1758.6
54737,340817.8,3128463.6,85.37704,28.27256,1761.3
54780,340787.8,3128433.6,85.37674,28.27228,1769.4
54810,340787.8,3128403.6,85.37674,28.27201,1765.6
54840,340787.8,3128373.6,85.37675,28.27174,1760.9
54870,340787.8,3128343.6,85.37675,28.27147,1756.9
54900,340787.8,3128313.6,85.37675,28.27120,1756.1
54942,340817.8,3128283.6,85.37706,28.27093,1748.2
54984,340847.8,3128253.6,85.37737,28.27067,1748.1
55027,340877.8,3128283.6,85.37767,28.27094,1750.4
55057,340877.8,3128313.6,85.37767,28.27121,1748.0
55087,340877.8,3128343.6,85.37767,28.27148,1749.0
55117,340877.8,3128373.6,85.37766,28.27175,1753.8
55147,340877.8,3128403.6,85.37766,28.27202,1757.0
55177,340877.8,3128433.6,85.37765,28.27229,1756.6
55207,340877.8,3128463.6,85.37765,28.27256,1755.6
55237,340877.8,3128493.6,85.37765,28.27284,1755.7
55279,340907.8,3128463.6,85.37796,28.27257,1764.5
55309,340907.8,3128433.6,85.37796,28.27230,1764.7
55339,340907.8,3128403.6,85.37796,28.27203,1767.4
55369,340907.8,3128373.6,85.37797,28.27176,1766.7
55399,340907.8,3128343.6,85.37797,28.27149,1765.3
55429,340907.8,3128313.6,85.37798,28.27121,1765.8
55459,340907.8,3128283.6,85.37798,28.27094,1766.9
55502,340877.8,3128253.6,85.37768,28.27067,1754.3
55544,340847.8,3128223.6,85.37738,28.27040,1753.9
55586,340817.8,3128253.6,85.37707,28.27066,1752.4
55629,340787.8,3128283.6,85.37676,28.27093,1757.4
55659,340787.8,3128253.6,85.37676,28.27066,1760.0
55701,340817.8,3128223.6,85.37707,28.27039,1757.6
55744,340847.8,3128193.6,85.37738,28.27012,1762.4
55786,340877.8,3128223.6,85.37768,28.27040,1760.3
55816,340877.8,3128193.6,85.37769,28.27013,1769.1
55859,340847.8,3128163.6,85.37739,28.26985,1771.8
55901,340817.8,3128193.6,85.37708,28.27012,1763.8
55943,340787.8,3128223.6,85.37677,28.27039,1764.2
55973,340787.8,3128193.6,85.37677,28.27012,1768.7
56016,340817.8,3128163.6,85.37708,28.26985,1770.5
56046,340787.8,3128163.6,85.37677,28.26985,1772.2
56088,340757.8,3128133.6,85.37647,28.26957,1772.6
56118,340727.8,3128133.6,85.37617,28.26957,1772.4
56161,340757.8,3128103.6,85.37648,28.26930,1773.0
56191,340727.8,3128103.6,85.37617,28.26930,1773.5
56233,340757.8,3128073.6,85.37648,28.26903,1776.6
56276,340787.8,3128103.6,85.37678,28.26931,1779.3
56306,340787.8,3128133.6,85.37678,28.26958,1775.7
56348,340757.8,3128163.6,85.37647,28.26984,1774.2
56378,340757.8,3128193.6,85.37646,28.27011,1774.5
56408,340757.8,3128223.6,85.37646,28.27038,1771.6
56438,340757.8,3128253.6,85.37646,28.27066,1768.8
56468,340757.8,3128283.6,85.37645,28.27093,1767.6
56498,340757.8,3128313.6,85.37645,28.27120,1768.0
56528,340757.8,3128343.6,85.37644,28.27147,1770.2
56558,340757.8,3128373.6,85.37644,28.27174,1773.7
56588,340757.8,3128403.6,85.37644,28.27201,1777.1
56618,340757.8,3128433.6,85.37643,28.27228,1781.3
56660,340787.8,3128463.6,85.37673,28.27255,1773.0
56690,340787.8,3128493.6,85.37673,28.27282,1773.5
56720,340787.8,3128523.6,85.37672,28.27310,1772.0
56750,340787.8,3128553.6,85.37672,28.27337,1773.0
56780,340787.8,3128583.6,85.37672,28.27364,1774.3
56810,340787.8,3128613.6,85.37671,28.27391,1778.1
56853,340757.8,3128583.6,85.37641,28.27363,1782.8
56883,340757.8,3128553.6,85.37641,28.27336,1779.8
56913,340757.8,3128523.6,85.37642,28.27309,1779.0
56943,340757.8,3128493.6,85.37642,28.27282,1783.2
56973,340757.8,3128463.6,85.37643,28.27255,1784.7
57015,340727.8,3128493.6,85.37612,28.27282,1792.1
57045,340727.8,3128523.6,85.37611,28.27309,1786.2
57075,340727.8,3128553.6,85.37611,28.27336,1787.8
57105,340727.8,3128583.6,85.37610,28.27363,1793.9
57148,340757.8,3128613.6,85.37641,28.27390,1789.9
57190,340787.8,3128643.6,85.37671,28.27418,1783.7
57220,340787.8,3128673.6,85.37670,28.27445,1787.3
57250,340787.8,3128703.6,85.37670,28.27472,1786.6
57280,340787.8,3128733.6,85.37670,28.27499,1784.2
57323,340757.8,3128763.6,85.37639,28.27526,1793.5
57353,340757.8,3128793.6,85.37638,28.27553,1793.2
57383,340757.8,3128823.6,85.37638,28.27580,1793.2
57413,340757.8,3128853.6,85.37637,28.27607,1795.8
57443,340757.8,3128883.6,85.37637,28.27634,1796.1
57473,340757.8,3128913.6,85.37637,28.27661,1793.3
57503,340757.8,3128943.6,85.37636,28.27688,1789.6
57533,340757.8,3128973.6,85.37636,28.27715,1787.7
57563,340757.8,3129003.6,85.37635,28.27742,1790.6
57593,340757.8,3129033.6,85.37635,28.27769,1799.8
57623,340757.8,3129063.6,85.37634,28.27796,1805.9
57653,340757.8,3129093.6,85.37634,28.27823,1804.5
57695,340727.8,3129123.6,85.37603,28.27850,1817.7
57725,340727.8,3129093.6,85.37603,28.27823,1819.8
57755,340727.8,3129063.6,85.37604,28.27796,1821.3
57785,340727.8,3129033.6,85.37604,28.27769,1816.6
57815,340727.8,3129003.6,85.37605,28.27742,1808.9
57845,340727.8,3128973.6,85.37605,28.27715,1805.4
57875,340727.8,3128943.6,85.37606,28.27688,1807.3
57905,340727.8,3128913.6,85.37606,28.27661,1813.1
57935,340727.8,3128883.6,85.37606,28.27634,1819.8
57965,340727.8,3128853.6,85.37607,28.27607,1823.0
57995,340727.8,3128823.6,85.37607,28.27579,1820.9
58025,340727.8,3128793.6,85.37608,28.27552,1818.0
58055,340727.8,3128763.6,85.37608,28.27525,1816.8
58097,340757.8,3128733.6,85.37639,28.27499,1794.9
58127,340757.8,3128703.6,85.37639,28.27472,1798.5
58157,340757.8,3128673.6,85.37640,28.27445,1799.6
58187,340757.8,3128643.6,85.37640,28.27417,1796.7
58230,340727.8,3128613.6,85.37610,28.27390,1804.3
58260,340727.8,3128643.6,85.37610,28.27417,1812.1
58290,340727.8,3128673.6,85.37609,28.27444,1817.3
58320,340727.8,3128703.6,85.37609,28.27471,1820.7
58350,340727.8,3128733.6,85.37608,28.27498,1818.7
58650,340907.8,3128493.6,85.37795,28.27284,1766.0
58680,340907.8,3128523.6,85.37795,28.27311,1766.8
58710,340907.8,3128553.6,85.37794,28.27338,1772.0
58740,340907.8,3128583.6,85.37794,28.27365,1778.9
58770,340907.8,3128613.6,85.37794,28.27392,1784.5
58800,340907.8,3128643.6,85.37793,28.27419,1785.9
58842,340937.8,3128613.6,85.37824,28.27393,1800.8
58872,340937.8,3128583.6,85.37825,28.27365,1797.4
58902,340937.8,3128553.6,85.37825,28.27338,1791.2
58932,340937.8,3128523.6,85.37825,28.27311,1783.2
58962,340937.8,3128493.6,85.37826,28.27284,1780.0
58992,340937.8,3128463.6,85.37826,28.27257,1778.0
59022,340937.8,3128433.6,85.37827,28.27230,1778.1
59052,340937.8,3128403.6,85.37827,28.27203,1781.3
59082,340937.8,3128373.6,85.37827,28.27176,1784.4
59112,340937.8,3128343.6,85.37828,28.27149,1785.2
59142,340937.8,3128313.6,85.37828,28.27122,1784.4
59172,340937.8,3128283.6,85.37829,28.27095,1785.0
59215,340907.8,3128253.6,85.37798,28.27067,1771.1
59245,340907.8,3128223.6,85.37799,28.27040,1777.5
59275,340907.8,3128193.6,85.37799,28.27013,1784.2
59317,340877.8,3128163.6,85.37769,28.26986,1779.3
59360,340847.8,3128133.6,85.37739,28.26958,1780.5
59390,340817.8,3128133.6,85.37708,28.26958,1777.5
59420,340817.8,3128103.6,85.37709,28.26931,1783.2
59462,340787.8,3128073.6,85.37679,28.26903,1781.0
59504,340757.8,3128043.6,85.37648,28.26876,1780.2
59547,340727.8,3128073.6,85.37617,28.26903,1779.5
59577,340727.8,3128043.6,85.37618,28.26876,1783.5
59607,340727.8,3128013.6,85.37618,28.26849,1782.4
59649,340697.8,3127983.6,85.37588,28.26821,1779.5
59679,340697.8,3127953.6,85.37589,28.26794,1775.7
59722,340667.8,3127923.6,85.37558,28.26767,1772.3
59752,340667.8,3127893.6,85.37559,28.26740,1770.4
59782,340667.8,3127863.6,85.37559,28.26713,1767.4
59824,340637.8,3127833.6,85.37529,28.26685,1759.9
59867,340607.8,3127803.6,85.37499,28.26658,1747.8
59909,340577.8,3127773.6,85.37469,28.26630,1742.1
59951,340547.8,3127743.6,85.37439,28.26603,1739.7
59994,340517.8,3127713.6,85.37408,28.26575,1739.7
60024,340517.8,3127743.6,85.37408,28.26602,1740.8
60066,340547.8,3127713.6,85.37439,28.26576,1740.9
60109,340517.8,3127683.6,85.37409,28.26548,1741.0
60139,340487.8,3127683.6,85.37378,28.26548,1743.7
60169,340487.8,3127713.6,85.37378,28.26575,1744.1
60199,340487.8,3127743.6,85.37377,28.26602,1748.5
60241,340517.8,3127773.6,85.37408,28.26630,1749.2
60271,340547.8,3127773.6,85.37438,28.26630,1743.3
60314,340577.8,3127743.6,85.37469,28.26603,1744.0
60356,340607.8,3127773.6,85.37499,28.26631,1745.5
60398,340577.8,3127803.6,85.37468,28.26657,1749.5
60428,340547.8,3127803.6,85.37438,28.26657,1757.8
60471,340577.8,3127833.6,85.37468,28.26684,1768.5
60501,340607.8,3127833.6,85.37498,28.26685,1761.6
60543,340637.8,3127803.6,85.37529,28.26658,1751.2
60573,340637.8,3127773.6,85.37530,28.26631,1752.0
60616,340607.8,3127743.6,85.37500,28.26604,1752.5
60658,340577.8,3127713.6,85.37470,28.26576,1750.0
60701,340547.8,3127683.6,85.37439,28.26549,1746.6
60743,340517.8,3127653.6,85.37409,28.26521,1746.3
60773,340487.8,3127653.6,85.37379,28.26521,1744.8
60815,340457.8,3127623.6,85.37348,28.26493,1746.5
60858,340427.8,3127593.6,85.37318,28.26466,1745.1
60900,340397.8,3127563.6,85.37288,28.26439,1741.4
60943,340367.8,3127533.6,85.37258,28.26411,1735.6
60973,340367.8,3127503.6,85.37258,28.26384,1731.0
61015,340337.8,3127473.6,85.37228,28.26357,1726.0
61045,340337.8,3127443.6,85.37229,28.26330,1722.5
61075,340337.8,3127413.6,85.37229,28.26302,1721.1
61105,340337.8,3127383.6,85.37229,28.26275,1718.9
61148,340367.8,3127353.6,85.37260,28.26249,1719.1
61178,340337.8,3127353.6,85.37230,28.26248,1719.3
61220,340367.8,3127383.6,85.37260,28.26276,1719.4
61250,340367.8,3127413.6,85.37260,28.26303,1722.3
61280,340367.8,3127443.6,85.37259,28.26330,1725.1
61310,340367.8,3127473.6,85.37259,28.26357,1726.6
61352,340337.8,3127503.6,85.37228,28.26384,1733.5
61395,340307.8,3127473.6,85.37198,28.26356,1734.0
61425,340307.8,3127443.6,85.37198,28.26329,1727.7
61455,340307.8,3127413.6,85.37198,28.26302,1726.9
61485,340307.8,3127383.6,85.37199,28.26275,1725.6
61515,340307.8,3127353.6,85.37199,28.26248,1725.5
61557,340337.8,3127323.6,85.37230,28.26221,1720.9
61587,340367.8,3127323.6,85.37261,28.26222,1722.1
61630,340337.8,3127293.6,85.37231,28.26194,1723.2
61660,340307.8,3127293.6,85.37200,28.26194,1723.1
61702,340277.8,3127263.6,85.37170,28.26166,1721.1
61732,340247.8,3127263.6,85.37139,28.26166,1718.0
61762,340247.8,3127233.6,85.37140,28.26139,1720.5
61792,340217.8,3127233.6,85.37109,28.26139,1721.6
61822,340217.8,3127263.6,85.37109,28.26166,1723.6
61864,340247.8,3127293.6,85.37139,28.26193,1724.0
61894,340277.8,3127293.6,85.37170,28.26193,1722.6
61937,340307.8,3127323.6,85.37200,28.26221,1724.7
61967,340277.8,3127323.6,85.37169,28.26221,1730.6
61997,340277.8,3127353.6,85.37169,28.26248,1737.8
62027,340277.8,3127383.6,85.37168,28.26275,1740.9
62057,340277.8,3127413.6,85.37168,28.26302,1740.4
62087,340277.8,3127443.6,85.37167,28.26329,1742.2
62117,340277.8,3127473.6,85.37167,28.26356,1750.9
62159,340307.8,3127503.6,85.37197,28.26383,1745.1
62202,340337.8,3127533.6,85.37227,28.26411,1739.8
62244,340367.8,3127563.6,85.37258,28.26438,1738.9
62287,340397.8,3127533.6,85.37289,28.26411,1741.1
62317,340397.8,3127503.6,85.37289,28.26384,1737.8
62347,340397.8,3127473.6,85.37289,28.26357,1735.0
62377,340397.8,3127443.6,85.37290,28.26330,1734.1
62407,340397.8,3127413.6,85.37290,28.26303,1731.5
62437,340397.8,3127383.6,85.37291,28.26276,1730.5
62467,340397.8,3127353.6,85.37291,28.26249,1732.7
62497,340397.8,3127323.6,85.37291,28.26222,1745.3
62539,340367.8,3127293.6,85.37261,28.26195,1733.2
62581,340337.8,3127263.6,85.37231,28.26167,1732.0
62611,340307.8,3127263.6,85.37201,28.26167,1725.4
62654,340277.8,3127233.6,85.37170,28.26139,1727.4
62696,340247.8,3127203.6,85.37140,28.26112,1730.7
62726,340217.8,3127203.6,85.37110,28.26112,1727.1
62756,340187.8,3127203.6,85.37079,28.26111,1727.8
62786,340187.8,3127233.6,85.37079,28.26138,1729.2
62829,340157.8,3127203.6,85.37048,28.26111,1732.7
62871,340187.8,3127173.6,85.37079,28.26084,1731.2
62901,340157.8,3127173.6,85.37049,28.26084,1732.6
62931,340127.8,3127173.6,85.37018,28.26083,1735.4
62974,340097.8,3127143.6,85.36988,28.26056,1733.3
63016,340067.8,3127113.6,85.36958,28.26029,1726.2
63058,340037.8,3127083.6,85.36928,28.26001,1717.3
63088,340007.8,3127083.6,85.36897,28.26001,1708.3
63118,339977.8,3127083.6,85.36867,28.26000,1701.1
63161,339947.8,3127053.6,85.36837,28.25973,1699.5
63191,339947.8,3127083.6,85.36836,28.26000,1700.8
63233,339917.8,3127053.6,85.36806,28.25973,1702.0
63263,339917.8,3127023.6,85.36806,28.25945,1703.8
63293,339947.8,3127023.6,85.36837,28.25946,1705.7
63336,339977.8,3127053.6,85.36867,28.25973,1704.6
63366,340007.8,3127053.6,85.36898,28.25974,1711.4
63408,339977.8,3127023.6,85.36867,28.25946,1712.5
63451,339947.8,3126993.6,85.36837,28.25919,1714.0
63481,339917.8,3126993.6,85.36807,28.25918,1710.3
63523,339887.8,3127023.6,85.36776,28.25945,1706.7
63553,339887.8,3127053.6,85.36775,28.25972,1707.9
63595,339917.8,3127083.6,85.36806,28.26000,1708.2
63638,339947.8,3127113.6,85.36836,28.26027,1714.0
63668,339977.8,3127113.6,85.36866,28.26027,1711.1
63698,340007.8,3127113.6,85.36897,28.26028,1715.3
63728,340037.8,3127113.6,85.36927,28.26028,1720.2
63770,340067.8,3127083.6,85.36958,28.26001,1725.8
63813,340037.8,3127053.6,85.36928,28.25974,1718.0
63855,340007.8,3127023.6,85.36898,28.25947,1717.5
63898,339977.8,3126993.6,85.36868,28.25919,1720.6
63940,339947.8,3126963.6,85.36838,28.25892,1720.1
63970,339917.8,3126963.6,85.36807,28.25891,1714.9
64012,339887.8,3126993.6,85.36776,28.25918,1710.2
64055,339857.8,3127023.6,85.36745,28.25945,1709.7
64085,339857.8,3126993.6,85.36746,28.25918,1711.3
64115,339827.8,3126993.6,85.36715,28.25917,1711.6
64145,339827.8,3126963.6,85.36715,28.25890,1714.0
64187,339797.8,3126933.6,85.36685,28.25863,1714.4
64230,339767.8,3126903.6,85.36655,28.25835,1712.7
64260,339737.8,3126903.6,85.36625,28.25835,1713.4
64302,339767.8,3126873.6,85.36656,28.25808,1713.5
64332,339737.8,3126873.6,85.36625,28.25808,1713.6
64375,339767.8,3126843.6,85.36656,28.25781,1714.0
64405,339767.8,3126813.6,85.36656,28.25754,1710.1
64447,339737.8,3126783.6,85.36626,28.25727,1705.8
64477,339737.8,3126753.6,85.36627,28.25700,1704.4
64507,339737.8,3126723.6,85.36627,28.25673,1706.0
64537,339707.8,3126723.6,85.36596,28.25672,1706.8
64579,339677.8,3126693.6,85.36566,28.25645,1701.4
64622,339647.8,3126663.6,85.36536,28.25617,1692.1
64652,339647.8,3126633.6,85.36537,28.25590,1690.0
64682,339647.8,3126603.6,85.36537,28.25563,1690.1
64724,339617.8,3126573.6,85.36507,28.25536,1692.1
64754,339647.8,3126573.6,85.36537,28.25536,1692.4
64797,339617.8,3126543.6,85.36507,28.25509,1692.6
64827,339617.8,3126513.6,85.36508,28.25482,1693.1
64869,339587.8,3126483.6,85.36477,28.25454,1691.4
64899,339587.8,3126453.6,85.36478,28.25427,1688.3
64929,339587.8,3126423.6,85.36478,28.25400,1685.8
64959,339587.8,3126393.6,85.36479,28.25373,1685.8
64989,339587.8,3126363.6,85.36479,28.25346,1688.9
65032,339557.8,3126393.6,85.36448,28.25373,1691.0
65062,339557.8,3126423.6,85.36448,28.25400,1690.7
65092,339557.8,3126453.6,85.36447,28.25427,1694.4
65122,339557.8,3126483.6,85.36447,28.25454,1704.4
65164,339587.8,3126513.6,85.36477,28.25481,1697.9
65206,339617.8,3126483.6,85.36508,28.25455,1695.1
65236,339617.8,3126453.6,85.36508,28.25427,1696.2
65266,339617.8,3126423.6,85.36509,28.25400,1695.0
65296,339617.8,3126393.6,85.36509,28.25373,1696.1
65326,339617.8,3126363.6,85.36510,28.25346,1700.1
65369,339587.8,3126333.6,85.36480,28.25319,1691.3
65411,339557.8,3126363.6,85.36449,28.25346,1691.9
65441,339557.8,3126333.6,85.36449,28.25318,1693.1
65484,339587.8,3126303.6,85.36480,28.25292,1692.3
65514,339587.8,3126273.6,85.36480,28.25265,1693.8
65556,339617.8,3126243.6,85.36511,28.25238,1689.4
65586,339617.8,3126213.6,85.36512,28.25211,1683.7
65629,339587.8,3126183.6,85.36482,28.25183,1677.5
65671,339557.8,3126153.6,85.36451,28.25156,1673.1
65713,339587.8,3126123.6,85.36482,28.25129,1671.6
65743,339587.8,3126093.6,85.36483,28.25102,1670.2
65773,339587.8,3126063.6,85.36483,28.25075,1670.1
65803,339587.8,3126033.6,85.36484,28.25048,1670.4
65833,339587.8,3126003.6,85.36484,28.25021,1670.7
65863,339587.8,3125973.6,85.36485,28.24994,1669.6
65893,339557.8,3125973.6,85.36454,28.24994,1669.8
65936,339527.8,3126003.6,85.36423,28.25020,1669.5
65966,339527.8,3125973.6,85.36423,28.24993,1669.6
66008,339557.8,3126003.6,85.36454,28.25021,1671.1
66038,339557.8,3126033.6,85.36453,28.25048,1672.7
66068,339527.8,3126033.6,85.36423,28.25047,1673.4
66111,339557.8,3126063.6,85.36453,28.25075,1676.3
66141,339557.8,3126093.6,85.36452,28.25102,1675.9
66171,339557.8,3126123.6,85.36452,28.25129,1674.4
66213,339587.8,3126153.6,85.36482,28.25156,1673.9
66256,339617.8,3126123.6,85.36513,28.25130,1674.9
66286,339617.8,3126093.6,85.36513,28.25103,1672.9
66316,339617.8,3126063.6,85.36514,28.25076,1672.9
66346,339617.8,3126033.6,85.36514,28.25049,1673.5
66376,339617.8,3126003.6,85.36515,28.25021,1673.8
66406,339617.8,3125973.6,85.36515,28.24994,1673.1
66448,339587.8,3125943.6,85.36485,28.24967,1670.2
66478,339557.8,3125943.6,85.36454,28.24967,1671.9
66520,339587.8,3125913.6,85.36485,28.24940,1673.3
66563,339617.8,3125943.6,85.36515,28.24967,1673.8
66593,339617.8,3125913.6,85.36516,28.24940,1676.7
66635,339587.8,3125883.6,85.36486,28.24913,1677.1
66678,339557.8,3125913.6,85.36455,28.24939,1676.5
66720,339527.8,3125943.6,85.36424,28.24966,1676.5
66750,339527.8,3125913.6,85.36424,28.24939,1690.2
66793,339557.8,3125883.6,85.36455,28.24912,1676.8
66835,339527.8,3125853.6,85.36425,28.24885,1675.0
66877,339497.8,3125823.6,85.36395,28.24858,1671.4
66907,339497.8,3125793.6,85.36395,28.24830,1668.6
66937,339497.8,3125763.6,85.36396,28.24803,1669.1
66980,339467.8,3125733.6,85.36366,28.24776,1668.6
67010,339467.8,3125703.6,85.36366,28.24749,1666.4
67052,339437.8,3125673.6,85.36336,28.24721,1659.7
67082,339437.8,3125643.6,85.36336,28.24694,1656.6
67125,339407.8,3125613.6,85.36306,28.24667,1657.5
67155,339407.8,3125643.6,85.36306,28.24694,1657.6
67197,339437.8,3125613.6,85.36337,28.24667,1659.1
67239,339407.8,3125583.6,85.36306,28.24640,1659.0
67269,339377.8,3125583.6,85.36276,28.24640,1658.1
67312,339347.8,3125553.6,85.36246,28.24612,1658.7
67342,339377.8,3125553.6,85.36276,28.24612,1659.0
67384,339347.8,3125523.6,85.36246,28.24585,1661.5
67427,339317.8,3125493.6,85.36216,28.24558,1659.4
67457,339287.8,3125493.6,85.36185,28.24557,1655.8
67499,339257.8,3125463.6,85.36155,28.24530,1653.4
67529,339227.8,3125463.6,85.36125,28.24529,1654.8
67559,339227.8,3125433.6,85.36125,28.24502,1654.9
67589,339197.8,3125433.6,85.36095,28.24502,1657.1
67619,339197.8,3125403.6,85.36095,28.24475,1658.4
67649,339227.8,3125403.6,85.36126,28.24475,1662.1
67692,339257.8,3125433.6,85.36156,28.24503,1659.8
67734,339287.8,3125463.6,85.36186,28.24530,1657.4
67776,339257.8,3125493.6,85.36155,28.24557,1657.7
67806,339227.8,3125493.6,85.36124,28.24556,1663.2
67849,339197.8,3125463.6,85.36094,28.24529,1661.9
67891,339167.8,3125433.6,85.36064,28.24502,1666.8
67921,339167.8,3125403.6,85.36064,28.24475,1663.0
67951,339167.8,3125373.6,85.36065,28.24447,1669.4
67981,339197.8,3125373.6,85.36095,28.24448,1669.9
68011,339227.8,3125373.6,85.36126,28.24448,1680.1
68054,339257.8,3125403.6,85.36156,28.24476,1674.2
68096,339287.8,3125433.6,85.36186,28.24503,1671.0
68139,339317.8,3125463.6,85.36216,28.24531,1669.0
68181,339347.8,3125493.6,85.36247,28.24558,1670.8
68223,339317.8,3125523.6,85.36216,28.24585,1660.4
68253,339287.8,3125523.6,85.36185,28.24584,1665.0
68296,339317.8,3125553.6,85.36215,28.24612,1666.0
68338,339347.8,3125583.6,85.36245,28.24639,1664.9
68381,339377.8,3125613.6,85.36275,28.24667,1663.0
68411,339377.8,3125643.6,85.36275,28.24694,1672.1
68453,339407.8,3125673.6,85.36305,28.24721,1668.4
68496,339437.8,3125703.6,85.36335,28.24749,1666.7
68538,339467.8,3125673.6,85.36366,28.24722,1666.1
68568,339467.8,3125643.6,85.36367,28.24695,1666.3
68598,339467.8,3125613.6,85.36367,28.24668,1670.0
68640,339437.8,3125583.6,85.36337,28.24640,1666.9
68683,339407.8,3125553.6,85.36307,28.24613,1666.3
68725,339377.8,3125523.6,85.36277,28.24585,1669.8
68755,339407.8,3125523.6,85.36307,28.24586,1682.7
68798,339437.8,3125553.6,85.36337,28.24613,1683.6
68840,339467.8,3125583.6,85.36368,28.24641,1683.8
68883,339497.8,3125613.6,85.36398,28.24668,1692.0
68913,339497.8,3125643.6,85.36397,28.24695,1684.4
68943,339497.8,3125673.6,85.36397,28.24722,1679.9
68973,339497.8,3125703.6,85.36397,28.24749,1676.0
69003,339497.8,3125733.6,85.36396,28.24776,1672.0
69045,339467.8,3125763.6,85.36365,28.24803,1673.2
69075,339467.8,3125793.6,85.36365,28.24830,1676.6
69117,339437.8,3125763.6,85.36335,28.24803,1687.8
69147,339437.8,3125733.6,85.36335,28.24776,1676.8
69190,339407.8,3125703.6,85.36305,28.24748,1685.3
69232,339377.8,3125673.6,85.36275,28.24721,1690.4
69275,339347.8,3125643.6,85.36244,28.24693,1697.5
69305,339347.8,3125613.6,85.36245,28.24666,1678.8
69347,339317.8,3125583.6,85.36215,28.24639,1678.6
69390,339287.8,3125553.6,85.36185,28.24611,1676.9
69432,339257.8,3125523.6,85.36154,28.24584,1672.1
69462,339227.8,3125523.6,85.36124,28.24584,1681.6
69504,339197.8,3125493.6,85.36094,28.24556,1675.0
69547,339167.8,3125463.6,85.36064,28.24529,1675.4
69589,339137.8,3125433.6,85.36033,28.24501,1680.1
69619,339137.8,3125403.6,85.36034,28.24474,1673.6
69649,339137.8,3125373.6,85.36034,28.24447,1674.4
69679,339107.8,3125373.6,85.36004,28.24447,1681.9
69722,339077.8,3125403.6,85.35973,28.24473,1676.3
69764,339047.8,3125373.6,85.35943,28.24446,1674.1
69794,339017.8,3125373.6,85.35912,28.24446,1679.4
69824,339017.8,3125343.6,85.35912,28.24419,1680.3
69867,338987.8,3125313.6,85.35882,28.24391,1670.5
69909,338957.8,3125283.6,85.35852,28.24364,1662.5
69939,338957.8,3125253.6,85.35852,28.24337,1660.5
69969,338987.8,3125253.6,85.35883,28.24337,1661.0
69999,338987.8,3125283.6,85.35883,28.24364,1662.6
70041,339017.8,3125253.6,85.35914,28.24337,1663.9
70084,338987.8,3125223.6,85.35883,28.24310,1664.9
70114,338957.8,3125223.6,85.35853,28.24310,1663.8
70156,338927.8,3125253.6,85.35822,28.24336,1661.5
70186,338927.8,3125223.6,85.35822,28.24309,1662.8
70216,338927.8,3125193.6,85.35823,28.24282,1664.8
70259,338897.8,3125163.6,85.35793,28.24255,1663.4
70289,338897.8,3125133.6,85.35793,28.24228,1655.4
70319,338897.8,3125103.6,85.35793,28.24201,1641.9
70349,338897.8,3125073.6,85.35794,28.24173,1630.0
70379,338897.8,3125043.6,85.35794,28.24146,1621.8
70409,338897.8,3125013.6,85.35795,28.24119,1619.2
70439,338897.8,3124983.6,85.35795,28.24092,1620.4
70481,338867.8,3125013.6,85.35764,28.24119,1623.1
70511,338867.8,3124983.6,85.35765,28.24092,1624.0
70554,338897.8,3124953.6,85.35795,28.24065,1623.9
70596,338927.8,3124983.6,85.35826,28.24093,1627.0
70626,338927.8,3125013.6,85.35825,28.24120,1625.8
70656,338927.8,3125043.6,85.35825,28.24147,1628.9
70686,338927.8,3125073.6,85.35824,28.24174,1637.3
70716,338927.8,3125103.6,85.35824,28.24201,1648.0
70758,338957.8,3125073.6,85.35855,28.24174,1655.8
70788,338957.8,3125043.6,85.35855,28.24147,1648.5
70818,338957.8,3125013.6,85.35856,28.24120,1645.8
70848,338957.8,3124983.6,85.35856,28.24093,1645.8
70891,338927.8,3124953.6,85.35826,28.24066,1629.6
70933,338897.8,3124923.6,85.35796,28.24038,1633.7
70976,338867.8,3124953.6,85.35765,28.24065,1627.1
71018,338837.8,3124983.6,85.35734,28.24092,1636.4
71048,338837.8,3125013.6,85.35734,28.24119,1635.5
71091,338867.8,3125043.6,85.35764,28.24146,1625.9
71121,338867.8,3125073.6,85.35763,28.24173,1634.0
71163,338837.8,3125043.6,85.35733,28.24146,1639.2
71193,338837.8,3125073.6,85.35733,28.24173,1646.5
71235,338867.8,3125103.6,85.35763,28.24200,1645.5
71265,338837.8,3125103.6,85.35732,28.24200,1655.4
71308,338867.8,3125133.6,85.35762,28.24227,1657.6
71338,338837.8,3125133.6,85.35732,28.24227,1666.3
71380,338867.8,3125163.6,85.35762,28.24254,1666.8
71423,338897.8,3125193.6,85.35792,28.24282,1666.2
71465,338927.8,3125163.6,85.35823,28.24255,1664.5
71495,338927.8,3125133.6,85.35824,28.24228,1658.8
71538,338957.8,3125103.6,85.35855,28.24201,1665.2
71568,338957.8,3125133.6,85.35854,28.24228,1671.4
71598,338957.8,3125163.6,85.35854,28.24255,1670.6
71628,338957.8,3125193.6,85.35853,28.24282,1667.4
71658,338987.8,3125193.6,85.35884,28.24283,1674.2
71700,339017.8,3125223.6,85.35914,28.24310,1670.4
71742,339047.8,3125253.6,85.35944,28.24338,1669.5
71785,339017.8,3125283.6,85.35913,28.24364,1667.4
71815,339047.8,3125283.6,85.35944,28.24365,1671.4
71857,339017.8,3125313.6,85.35913,28.24392,1677.3
71900,338987.8,3125343.6,85.35882,28.24418,1681.6
71942,338957.8,3125313.6,85.35852,28.24391,1674.1
71984,338927.8,3125283.6,85.35822,28.24363,1668.9
72027,338897.8,3125253.6,85.35791,28.24336,1674.5
72057,338897.8,3125223.6,85.35792,28.24309,1667.6
72099,338867.8,3125193.6,85.35762,28.24281,1675.9
72142,338837.8,3125163.6,85.35731,28.24254,1680.7
72184,338807.8,3125133.6,85.35701,28.24227,1681.4
72214,338807.8,3125103.6,85.35702,28.24199,1670.4
72244,338807.8,3125073.6,85.35702,28.24172,1664.6
72274,338807.8,3125043.6,85.35703,28.24145,1658.4
72304,338807.8,3125013.6,85.35703,28.24118,1654.4
72334,338807.8,3124983.6,85.35703,28.24091,1655.8
72377,338837.8,3124953.6,85.35734,28.24064,1639.9
72419,338867.8,3124923.6,85.35765,28.24038,1636.8
72461,338897.8,3124893.6,85.35796,28.24011,1643.0
72504,338927.8,3124923.6,85.35826,28.24038,1634.5
72534,338927.8,3124893.6,85.35827,28.24011,1639.3
72564,338927.8,3124863.6,85.35827,28.23984,1639.7
72594,338927.8,3124833.6,85.35828,28.23957,1637.6
72636,338957.8,3124803.6,85.35859,28.23931,1634.1
72679,338927.8,3124773.6,85.35829,28.23903,1631.7
72709,338897.8,3124773.6,85.35798,28.23903,1631.4
72751,338927.8,3124743.6,85.35829,28.23876,1632.1
72781,338927.8,3124713.6,85.35829,28.23849,1632.0
72811,338927.8,3124683.6,85.35830,28.23822,1630.6
72841,338927.8,3124653.6,85.35830,28.23795,1633.0
72871,338897.8,3124653.6,85.35800,28.23795,1634.4
72901,338897.8,3124683.6,85.35799,28.23822,1634.7
72931,338897.8,3124713.6,85.35799,28.23849,1635.4
72961,338897.8,3124743.6,85.35798,28.23876,1632.9
73004,338867.8,3124773.6,85.35767,28.23902,1643.4
73046,338897.8,3124803.6,85.35798,28.23930,1636.2
73076,338927.8,3124803.6,85.35828,28.23930,1634.2
73118,338957.8,3124773.6,85.35859,28.23904,1634.3
73148,338957.8,3124743.6,85.35860,28.23876,1638.5
73178,338957.8,3124713.6,85.35860,28.23849,1642.3
73208,338957.8,3124683.6,85.35860,28.23822,1644.7
73238,338957.8,3124653.6,85.35861,28.23795,1646.7
73281,338927.8,3124623.6,85.35831,28.23768,1636.9
73323,338897.8,3124593.6,85.35800,28.23740,1632.2
73353,338897.8,3124563.6,85.35801,28.23713,1628.6
73396,338927.8,3124533.6,85.35832,28.23687,1627.9
73426,338897.8,3124533.6,85.35801,28.23686,1628.0
73468,338927.8,3124563.6,85.35831,28.23714,1630.7
73511,338957.8,3124533.6,85.35862,28.23687,1634.4
73553,338927.8,3124503.6,85.35832,28.23660,1631.5
73595,338957.8,3124473.6,85.35863,28.23633,1631.1
73625,338957.8,3124443.6,85.35864,28.23606,1631.1
73655,338987.8,3124443.6,85.35894,28.23606,1632.2
73698,338957.8,3124413.6,85.35864,28.23579,1632.9
73728,338987.8,3124413.6,85.35895,28.23579,1634.4
73770,338957.8,3124383.6,85.35865,28.23552,1634.8
73813,338987.8,3124353.6,85.35895,28.23525,1635.1
73843,338987.8,3124383.6,85.35895,28.23552,1635.4
73885,338957.8,3124353.6,85.35865,28.23525,1637.5
73928,338987.8,3124323.6,85.35896,28.23498,1637.3
73970,339017.8,3124293.6,85.35927,28.23471,1640.0
74000,339017.8,3124263.6,85.35927,28.23444,1638.2
74042,339047.8,3124233.6,85.35958,28.23417,1633.7
74072,339047.8,3124203.6,85.35959,28.23390,1633.5
74115,339077.8,3124173.6,85.35990,28.23364,1633.6
74145,339077.8,3124203.6,85.35989,28.23391,1633.7
74175,339077.8,3124233.6,85.35989,28.23418,1639.2
74217,339047.8,3124263.6,85.35958,28.23444,1640.7
74260,339017.8,3124233.6,85.35928,28.23417,1640.2
74302,338987.8,3124263.6,85.35897,28.23444,1645.7
74332,338987.8,3124293.6,85.35896,28.23471,1641.0
74375,339017.8,3124323.6,85.35926,28.23498,1641.8
74405,339017.8,3124353.6,85.35926,28.23525,1641.1
74435,339017.8,3124383.6,85.35926,28.23552,1643.1
74465,339017.8,3124413.6,85.35925,28.23579,1645.4
74495,339017.8,3124443.6,85.35925,28.23606,1647.9
74537,338987.8,3124473.6,85.35894,28.23633,1634.6
74579,338957.8,3124503.6,85.35863,28.23660,1632.0
74622,338927.8,3124473.6,85.35833,28.23632,1635.9
74664,338897.8,3124503.6,85.35802,28.23659,1631.7
74707,338867.8,3124533.6,85.35771,28.23686,1638.8
74737,338867.8,3124563.6,85.35770,28.23713,1638.0
74767,338867.8,3124593.6,85.35770,28.23740,1639.3
74809,338897.8,3124623.6,85.35800,28.23767,1635.5
74852,338927.8,3124593.6,85.35831,28.23741,1635.1
74894,338957.8,3124563.6,85.35862,28.23714,1638.8
74924,338957.8,3124593.6,85.35862,28.23741,1643.7
74954,338957.8,3124623.6,85.35861,28.23768,1647.5
74996,338987.8,3124593.6,85.35892,28.23741,1656.3
75026,338987.8,3124563.6,85.35893,28.23714,1652.9
75056,338987.8,3124533.6,85.35893,28.23687,1650.0
75086,338987.8,3124503.6,85.35893,28.23660,1641.8
75129,339017.8,3124473.6,85.35924,28.23634,1651.5
75159,339017.8,3124503.6,85.35924,28.23661,1658.7
75189,339017.8,3124533.6,85.35924,28.23688,1665.9
75219,339017.8,3124563.6,85.35923,28.23715,1669.1
75249,339017.8,3124593.6,85.35923,28.23742,1672.1
75291,338987.8,3124623.6,85.35892,28.23769,1662.5
75321,338987.8,3124653.6,85.35891,28.23796,1668.7
75351,338987.8,3124683.6,85.35891,28.23823,1671.0
75381,338987.8,3124713.6,85.35891,28.23850,1668.9
75411,338987.8,3124743.6,85.35890,28.23877,1664.9
75441,338987.8,3124773.6,85.35890,28.23904,1657.0
75471,338987.8,3124803.6,85.35889,28.23931,1655.1
75514,338957.8,3124833.6,85.35858,28.23958,1638.8
75544,338957.8,3124863.6,85.35858,28.23985,1645.1
75574,338957.8,3124893.6,85.35857,28.24012,1649.2
75604,338957.8,3124923.6,85.35857,28.24039,1648.7
75634,338957.8,3124953.6,85.35857,28.24066,1646.7
76145,338927.8,3124443.6,85.35833,28.23605,1638.1
76187,338897.8,3124473.6,85.35802,28.23632,1638.9
76229,338867.8,3124503.6,85.35771,28.23659,1643.8
76259,338867.8,3124473.6,85.35772,28.23632,1655.9
76302,338897.8,3124443.6,85.35803,28.23605,1647.7
76344,338927.8,3124413.6,85.35834,28.23578,1640.0
76374,338927.8,3124383.6,85.35834,28.23551,1642.5
76404,338927.8,3124353.6,85.35834,28.23524,1646.9
76447,338957.8,3124323.6,85.35865,28.23497,1642.7
76477,338957.8,3124293.6,85.35866,28.23470,1651.3
76519,338927.8,3124323.6,85.35835,28.23497,1654.2
76562,338897.8,3124353.6,85.35804,28.23524,1667.3
76592,338897.8,3124383.6,85.35803,28.23551,1660.7
76622,338897.8,3124413.6,85.35803,28.23578,1654.8
77296,339137.8,3123783.6,85.36056,28.23012,1617.5
77338,339167.8,3123753.6,85.36087,28.22986,1619.6
77368,339137.8,3123753.6,85.36057,28.22985,1619.8
77411,339167.8,3123723.6,85.36088,28.22959,1620.6
77441,339167.8,3123693.6,85.36088,28.22932,1620.7
77471,339167.8,3123663.6,85.36088,28.22905,1619.7
77513,339137.8,3123633.6,85.36058,28.22877,1616.7
77543,339137.8,3123603.6,85.36059,28.22850,1614.9
77573,339137.8,3123573.6,85.36059,28.22823,1611.1
77603,339137.8,3123543.6,85.36059,28.22796,1606.7
77645,339167.8,3123513.6,85.36090,28.22769,1603.8
77675,339167.8,3123483.6,85.36091,28.22742,1601.3
77705,339167.8,3123453.6,85.36091,28.22715,1603.0
77735,339167.8,3123423.6,85.36092,28.22688,1605.0
77765,339167.8,3123393.6,85.36092,28.22661,1604.1
77795,339167.8,3123363.6,85.36093,28.22634,1598.9
77825,339167.8,3123333.6,85.36093,28.22607,1593.5
77855,339167.8,3123303.6,85.36093,28.22580,1591.3
77898,339197.8,3123273.6,85.36124,28.22553,1589.6
77928,339197.8,3123243.6,85.36125,28.22526,1589.2
77958,339197.8,3123213.6,85.36125,28.22499,1588.7
77988,339197.8,3123183.6,85.36126,28.22472,1587.9
78018,339197.8,3123153.6,85.36126,28.22445,1586.9
78048,339197.8,3123123.6,85.36126,28.22418,1587.1
78078,339197.8,3123093.6,85.36127,28.22391,1588.3
78120,339167.8,3123063.6,85.36097,28.22363,1588.5
78150,339167.8,3123033.6,85.36097,28.22336,1586.1
78180,339167.8,3123003.6,85.36097,28.22309,1586.3
78223,339137.8,3122973.6,85.36067,28.22282,1584.9
78253,339137.8,3122943.6,85.36068,28.22254,1585.5
78295,339107.8,3122913.6,85.36038,28.22227,1581.3
78338,339077.8,3122883.6,85.36007,28.22200,1579.4
78380,339047.8,3122853.6,85.35977,28.22172,1577.5
78422,339017.8,3122823.6,85.35947,28.22145,1578.7
78452,338987.8,3122823.6,85.35917,28.22144,1573.5
78495,338957.8,3122793.6,85.35886,28.22117,1571.3
78537,338927.8,3122763.6,85.35856,28.22089,1571.2
78567,338927.8,3122733.6,85.35857,28.22062,1574.9
78610,338957.8,3122763.6,85.35887,28.22090,1577.0
78652,338927.8,3122793.6,85.35856,28.22117,1576.1
78695,338957.8,3122823.6,85.35886,28.22144,1577.7
78737,338987.8,3122793.6,85.35917,28.22117,1579.6
79612,338537.8,3122043.6,85.35469,28.21435,1554.0
79654,338567.8,3122013.6,85.35500,28.21408,1553.0
79684,338567.8,3121983.6,85.35500,28.21381,1552.4
79726,338537.8,3121953.6,85.35470,28.21354,1552.3
79756,338537.8,3121923.6,85.35471,28.21327,1551.4
79786,338537.8,3121893.6,85.35471,28.21300,1550.0
79816,338537.8,3121863.6,85.35471,28.21273,1548.3
79846,338537.8,3121833.6,85.35472,28.21246,1547.8
79876,338537.8,3121803.6,85.35472,28.21218,1547.6
79906,338537.8,3121773.6,85.35473,28.21191,1548.2
79949,338507.8,3121743.6,85.35443,28.21164,1546.4
79979,338507.8,3121713.6,85.35443,28.21137,1545.8
80009,338507.8,3121683.6,85.35443,28.21110,1546.0
80039,338507.8,3121653.6,85.35444,28.21083,1545.2
80081,338477.8,3121623.6,85.35414,28.21055,1542.7
80111,338477.8,3121593.6,85.35414,28.21028,1541.8
80141,338477.8,3121563.6,85.35414,28.21001,1542.5
80171,338477.8,3121533.6,85.35415,28.20974,1542.6
80201,338477.8,3121503.6,85.35415,28.20947,1541.1
80231,338477.8,3121473.6,85.35416,28.20920,1540.6
80274,338507.8,3121443.6,85.35447,28.20893,1541.3
80304,338507.8,3121413.6,85.35447,28.20866,1540.1
80334,338507.8,3121383.6,85.35448,28.20839,1539.9
80364,338507.8,3121353.6,85.35448,28.20812,1539.5
80394,338507.8,3121323.6,85.35448,28.20785,1539.3
80436,338537.8,3121293.6,85.35479,28.20758,1538.7
80466,338537.8,3121263.6,85.35480,28.20731,1536.1
80496,338537.8,3121233.6,85.35480,28.20704,1535.9
80526,338537.8,3121203.6,85.35481,28.20677,1536.4
80556,338537.8,3121173.6,85.35481,28.20650,1536.2
80586,338537.8,3121143.6,85.35481,28.20623,1534.7
80616,338537.8,3121113.6,85.35482,28.20596,1533.9
80659,338507.8,3121083.6,85.35452,28.20568,1534.4
80689,338507.8,3121053.6,85.35452,28.20541,1532.2
80731,338477.8,3121023.6,85.35422,28.20514,1530.3
80773,338447.8,3120993.6,85.35392,28.20486,1529.8
80803,338447.8,3120963.6,85.35392,28.20459,1527.7
80833,338447.8,3120933.6,85.35393,28.20432,1528.9
80876,338417.8,3120903.6,85.35363,28.20405,1526.4
80918,338387.8,3120873.6,85.35332,28.20377,1526.3
80948,338387.8,3120843.6,85.35333,28.20350,1524.6
80978,338387.8,3120813.6,85.35333,28.20323,1524.6
81021,338357.8,3120783.6,85.35303,28.20296,1526.2
81051,338357.8,3120753.6,85.35303,28.20269,1523.8
81081,338357.8,3120723.6,85.35304,28.20242,1522.8
81111,338357.8,3120693.6,85.35304,28.20215,1522.7
81153,338327.8,3120663.6,85.35274,28.20187,1522.2
81183,338327.8,3120633.6,85.35275,28.20160,1522.1
81213,338327.8,3120603.6,85.35275,28.20133,1522.1
81243,338327.8,3120573.6,85.35275,28.20106,1521.6
81273,338327.8,3120543.6,85.35276,28.20079,1523.5
81316,338297.8,3120513.6,85.35246,28.20052,1523.7
81346,338297.8,3120483.6,85.35246,28.20024,1520.1
81376,338297.8,3120453.6,85.35247,28.19997,1517.6
81406,338297.8,3120423.6,85.35247,28.19970,1514.7
81436,338297.8,3120393.6,85.35247,28.19943,1512.4
81478,338267.8,3120363.6,85.35217,28.19916,1509.8
81508,338267.8,3120333.6,85.35218,28.19889,1507.6
81538,338267.8,3120303.6,85.35218,28.19862,1508.0
81580,338237.8,3120273.6,85.35188,28.19834,1508.4
81610,338237.8,3120243.6,85.35188,28.19807,1509.2
81653,338207.8,3120213.6,85.35158,28.19780,1505.6
81695,338177.8,3120183.6,85.35128,28.19752,1504.4
81725,338177.8,3120153.6,85.35128,28.19725,1502.3
81768,338147.8,3120123.6,85.35098,28.19698,1500.2
81810,338117.8,3120093.6,85.35068,28.19670,1498.0
81853,338087.8,3120063.6,85.35038,28.19643,1496.7
81883,338087.8,3120033.6,85.35038,28.19616,1494.7
81913,338087.8,3120003.6,85.35039,28.19589,1494.2
81943,338087.8,3119973.6,85.35039,28.19562,1494.5
81985,338057.8,3119943.6,85.35009,28.19534,1495.1
82015,338057.8,3119913.6,85.35010,28.19507,1496.6
82057,338027.8,3119883.6,85.34979,28.19480,1496.1
82087,338027.8,3119853.6,85.34980,28.19453,1493.4
82117,338027.8,3119823.6,85.34980,28.19426,1493.6
82160,337997.8,3119793.6,85.34950,28.19398,1491.2
82202,337967.8,3119763.6,85.34920,28.19371,1493.4
82232,337967.8,3119733.6,85.34920,28.19344,1489.8
82262,337967.8,3119703.6,85.34921,28.19317,1488.9
82305,337937.8,3119673.6,85.34891,28.19289,1488.8
82335,337937.8,3119643.6,85.34891,28.19262,1486.7
82365,337937.8,3119613.6,85.34891,28.19235,1484.9
82395,337937.8,3119583.6,85.34892,28.19208,1484.0
82437,337907.8,3119553.6,85.34862,28.19180,1484.9
82467,337907.8,3119523.6,85.34862,28.19153,1484.1
82510,337877.8,3119493.6,85.34832,28.19126,1483.1
82540,337877.8,3119463.6,85.34832,28.19099,1482.6
82582,337847.8,3119433.6,85.34802,28.19071,1480.0
82612,337847.8,3119403.6,85.34803,28.19044,1479.5
82654,337817.8,3119373.6,85.34773,28.19017,1480.5
82684,337817.8,3119343.6,85.34773,28.18990,1481.0
82727,337787.8,3119313.6,85.34743,28.18962,1480.0
82769,337757.8,3119283.6,85.34713,28.18935,1479.4
82812,337727.8,3119253.6,85.34683,28.18908,1478.2
82854,337697.8,3119223.6,85.34652,28.18880,1477.6
82897,337667.8,3119193.6,85.34622,28.18853,1476.9
82927,337667.8,3119163.6,85.34623,28.18826,1475.6
82957,337667.8,3119133.6,85.34623,28.18799,1477.8
82999,337637.8,3119103.6,85.34593,28.18771,1475.5
83029,337637.8,3119073.6,85.34593,28.18744,1473.2
83059,337637.8,3119043.6,85.34594,28.18717,1472.5
83089,337637.8,3119013.6,85.34594,28.18690,1472.6
83119,337637.8,3118983.6,85.34595,28.18663,1473.2
83161,337607.8,3118953.6,85.34565,28.18635,1475.3
83191,337607.8,3118923.6,85.34565,28.18608,1472.6
83234,337577.8,3118893.6,85.34535,28.18581,1469.6
83276,337547.8,3118863.6,85.34505,28.18553,1467.4
83319,337517.8,3118833.6,85.34475,28.18526,1466.4
83361,337487.8,3118803.6,85.34444,28.18499,1466.8
83391,337487.8,3118773.6,85.34445,28.18472,1467.0
83434,337457.8,3118743.6,85.34415,28.18444,1465.5
83464,337457.8,3118713.6,85.34415,28.18417,1466.9
83506,337427.8,3118683.6,85.34385,28.18390,1466.8
83536,337427.8,3118653.6,85.34385,28.18362,1463.2
83566,337427.8,3118623.6,85.34386,28.18335,1462.6
83608,337397.8,3118593.6,85.34356,28.18308,1462.2
83638,337397.8,3118563.6,85.34356,28.18281,1462.7
83681,337367.8,3118533.6,85.34326,28.18253,1464.0
83711,337367.8,3118563.6,85.34326,28.18281,1467.0
83753,337397.8,3118533.6,85.34357,28.18254,1467.2
83796,337367.8,3118503.6,85.34326,28.18226,1473.2
83838,337337.8,3118473.6,85.34296,28.18199,1467.5
83880,337307.8,3118443.6,85.34266,28.18172,1460.0
83910,337307.8,3118413.6,85.34267,28.18144,1457.3
83940,337307.8,3118383.6,85.34267,28.18117,1456.6
83970,337307.8,3118353.6,85.34267,28.18090,1457.0
84000,337307.8,3118323.6,85.34268,28.18063,1456.7
84030,337307.8,3118293.6,85.34268,28.18036,1457.9
84060,337307.8,3118263.6,85.34269,28.18009,1459.7
84090,337307.8,3118233.6,85.34269,28.17982,1460.7
84120,337277.8,3118233.6,85.34239,28.17982,1463.5
84150,337277.8,3118263.6,85.34238,28.18009,1463.6
84180,337277.8,3118293.6,85.34238,28.18036,1464.3
84210,337277.8,3118323.6,85.34237,28.18063,1464.5
84240,337277.8,3118353.6,85.34237,28.18090,1465.2
84270,337277.8,3118383.6,85.34236,28.18117,1464.2
84300,337277.8,3118413.6,85.34236,28.18144,1463.0
84330,337277.8,3118443.6,85.34236,28.18171,1464.4
84373,337307.8,3118473.6,85.34266,28.18199,1466.2
84415,337337.8,3118443.6,85.34297,28.18172,1466.4
84445,337337.8,3118413.6,85.34297,28.18145,1465.8
84475,337337.8,3118383.6,85.34298,28.18118,1465.4
84505,337337.8,3118353.6,85.34298,28.18091,1466.2
84535,337337.8,3118323.6,85.34298,28.18064,1467.6
84565,337337.8,3118293.6,85.34299,28.18037,1471.3
84595,337337.8,3118263.6,85.34299,28.18009,1475.6
84625,337337.8,3118233.6,85.34300,28.17982,1475.8
84668,337307.8,3118203.6,85.34269,28.17955,1464.5
84698,337277.8,3118203.6,85.34239,28.17955,1469.3
84740,337307.8,3118173.6,85.34270,28.17928,1470.6
84783,337337.8,3118203.6,85.34300,28.17955,1473.0
84813,337337.8,3118173.6,85.34300,28.17928,1476.9
84855,337307.8,3118143.6,85.34270,28.17901,1474.1
84885,337307.8,3118113.6,85.34271,28.17874,1473.2
84915,337307.8,3118083.6,85.34271,28.17847,1469.2
84945,337307.8,3118053.6,85.34272,28.17820,1466.7
84975,337307.8,3118023.6,85.34272,28.17793,1465.8
85005,337307.8,3117993.6,85.34272,28.17765,1462.3
85035,337307.8,3117963.6,85.34273,28.17738,1456.8
85065,337307.8,3117933.6,85.34273,28.17711,1453.5
85095,337307.8,3117903.6,85.34274,28.17684,1456.3
85137,337337.8,3117933.6,85.34304,28.17712,1456.9
85167,337337.8,3117963.6,85.34303,28.17739,1460.2
85197,337337.8,3117993.6,85.34303,28.17766,1467.5
85227,337337.8,3118023.6,85.34303,28.17793,1473.2
85257,337337.8,3118053.6,85.34302,28.17820,1474.2
85287,337337.8,3118083.6,85.34302,28.17847,1475.6
85317,337337.8,3118113.6,85.34301,28.17874,1479.5
85347,337337.8,3118143.6,85.34301,28.17901,1481.2
85390,337367.8,3118173.6,85.34331,28.17929,1493.4
85420,337367.8,3118203.6,85.34331,28.17956,1488.3
85450,337367.8,3118233.6,85.34330,28.17983,1488.9
85480,337367.8,3118263.6,85.34330,28.18010,1491.0
85510,337367.8,3118293.6,85.34329,28.18037,1493.2
85540,337367.8,3118323.6,85.34329,28.18064,1494.2
85570,337367.8,3118353.6,85.34329,28.18091,1493.9
85600,337367.8,3118383.6,85.34328,28.18118,1495.0
85630,337367.8,3118413.6,85.34328,28.18145,1496.6
85660,337367.8,3118443.6,85.34327,28.18172,1495.4
85690,337367.8,3118473.6,85.34327,28.18199,1487.9
85732,337337.8,3118503.6,85.34296,28.18226,1467.9
85762,337337.8,3118533.6,85.34295,28.18253,1473.8
85805,337307.8,3118503.6,85.34265,28.18226,1476.0
85847,337277.8,3118473.6,85.34235,28.18198,1473.1
85890,337247.8,3118443.6,85.34205,28.18171,1469.7
85920,337247.8,3118473.6,85.34205,28.18198,1473.9
85950,337217.8,3118473.6,85.34174,28.18197,1476.1
85980,337217.8,3118443.6,85.34175,28.18170,1476.9
86022,337247.8,3118413.6,85.34205,28.18144,1475.5
86052,337247.8,3118383.6,85.34206,28.18117,1480.7
86082,337247.8,3118353.6,85.34206,28.18090,1483.7
86112,337247.8,3118323.6,85.34207,28.18063,1483.6
86142,337247.8,3118293.6,85.34207,28.18035,1483.1
86172,337247.8,3118263.6,85.34208,28.18008,1479.9
86202,337247.8,3118233.6,85.34208,28.17981,1478.1
86232,337247.8,3118203.6,85.34208,28.17954,1483.5
86274,337277.8,3118173.6,85.34239,28.17928,1475.8
86304,337277.8,3118143.6,85.34240,28.17900,1479.9
86334,337277.8,3118113.6,85.34240,28.17873,1480.1
86364,337277.8,3118083.6,85.34241,28.17846,1476.5
86394,337277.8,3118053.6,85.34241,28.17819,1473.6
86424,337277.8,3118023.6,85.34241,28.17792,1472.1
86454,337277.8,3117993.6,85.34242,28.17765,1469.3
86484,337277.8,3117963.6,85.34242,28.17738,1465.4
86514,337277.8,3117933.6,85.34243,28.17711,1464.2
86544,337277.8,3117903.6,85.34243,28.17684,1466.8
86587,337307.8,3117873.6,85.34274,28.17657,1460.2
86617,337307.8,3117843.6,85.34275,28.17630,1457.5
86647,337307.8,3117813.6,85.34275,28.17603,1452.9
86689,337277.8,3117783.6,85.34245,28.17576,1445.9
86719,337277.8,3117753.6,85.34245,28.17549,1436.4
86749,337277.8,3117723.6,85.34246,28.17521,1428.4
86779,337277.8,3117693.6,85.34246,28.17494,1423.0
86809,337277.8,3117663.6,85.34246,28.17467,1423.1
86839,337277.8,3117633.6,85.34247,28.17440,1425.8
86869,337277.8,3117603.6,85.34247,28.17413,1429.1
86912,337307.8,3117633.6,85.34277,28.17441,1432.5
86942,337307.8,3117663.6,85.34277,28.17468,1431.3
86972,337307.8,3117693.6,85.34277,28.17495,1434.4
87002,337307.8,3117723.6,85.34276,28.17522,1442.6
87032,337307.8,3117753.6,85.34276,28.17549,1448.2
87062,337307.8,3117783.6,85.34275,28.17576,1449.0
87104,337277.8,3117813.6,85.34244,28.17603,1454.3
87147,337247.8,3117783.6,85.34214,28.17575,1451.0
87177,337247.8,3117753.6,85.34215,28.17548,1440.6
87207,337247.8,3117723.6,85.34215,28.17521,1432.9
87237,337247.8,3117693.6,85.34215,28.17494,1430.2
87267,337247.8,3117663.6,85.34216,28.17467,1431.7
87297,337247.8,3117633.6,85.34216,28.17440,1434.2
87327,337247.8,3117603.6,85.34217,28.17413,1441.5
87369,337277.8,3117573.6,85.34248,28.17386,1436.1
87411,337307.8,3117603.6,85.34278,28.17414,1435.2
87441,337307.8,3117573.6,85.34278,28.17386,1441.9
87484,337277.8,3117543.6,85.34248,28.17359,1443.6
87526,337247.8,3117573.6,85.34217,28.17386,1446.3
87556,337247.8,3117543.6,85.34218,28.17359,1451.3
87599,337277.8,3117513.6,85.34249,28.17332,1449.4
87641,337307.8,3117543.6,85.34279,28.17359,1449.3
87671,337307.8,3117513.6,85.34279,28.17332,1455.4
87714,337277.8,3117483.6,85.34249,28.17305,1450.5
87744,337277.8,3117453.6,85.34249,28.17278,1446.8
87774,337277.8,3117423.6,85.34250,28.17251,1441.4
87804,337277.8,3117393.6,85.34250,28.17224,1436.1
87834,337277.8,3117363.6,85.34251,28.17197,1431.4
87876,337247.8,3117333.6,85.34221,28.17169,1432.0
87906,337247.8,3117303.6,85.34221,28.17142,1432.4
87948,337277.8,3117333.6,85.34251,28.17170,1432.5
87991,337247.8,3117363.6,85.34220,28.17196,1434.3
88021,337247.8,3117393.6,85.34220,28.17223,1438.1
88051,337247.8,3117423.6,85.34219,28.17250,1442.1
88093,337217.8,3117393.6,85.34189,28.17223,1444.4
88123,337217.8,3117363.6,85.34190,28.17196,1442.3
88153,337217.8,3117333.6,85.34190,28.17169,1440.3
88183,337217.8,3117303.6,85.34190,28.17142,1437.8
88226,337247.8,3117273.6,85.34221,28.17115,1437.5
88268,337277.8,3117303.6,85.34251,28.17143,1435.7
88298,337277.8,3117273.6,85.34252,28.17115,1442.2
88341,337247.8,3117243.6,85.34222,28.17088,1441.4
88371,337247.8,3117213.6,85.34222,28.17061,1439.4
88401,337247.8,3117183.6,85.34223,28.17034,1440.3
88431,337247.8,3117153.6,85.34223,28.17007,1442.6
88461,337247.8,3117123.6,85.34223,28.16980,1444.1
88491,337277.8,3117123.6,85.34254,28.16980,1445.7
88521,337277.8,3117153.6,85.34254,28.17007,1446.6
88551,337277.8,3117183.6,85.34253,28.17034,1446.5
88581,337277.8,3117213.6,85.34253,28.17061,1445.9
88611,337277.8,3117243.6,85.34252,28.17088,1447.1
88653,337307.8,3117273.6,85.34282,28.17116,1449.3
88683,337307.8,3117303.6,85.34282,28.17143,1448.0
88713,337307.8,3117333.6,85.34282,28.17170,1444.3
88743,337307.8,3117363.6,85.34281,28.17197,1440.1
88773,337307.8,3117393.6,85.34281,28.17224,1444.3
88803,337307.8,3117423.6,85.34280,28.17251,1447.9
88833,337307.8,3117453.6,85.34280,28.17278,1453.0
88863,337307.8,3117483.6,85.34280,28.17305,1457.0
88905,337337.8,3117513.6,85.34310,28.17333,1471.1
88935,337337.8,3117543.6,85.34309,28.17360,1467.1
88965,337337.8,3117573.6,85.34309,28.17387,1461.7
88995,337337.8,3117603.6,85.34308,28.17414,1456.7
89025,337337.8,3117633.6,85.34308,28.17441,1456.4
89055,337337.8,3117663.6,85.34308,28.17468,1459.3
89085,337337.8,3117693.6,85.34307,28.17495,1465.9
89115,337337.8,3117723.6,85.34307,28.17522,1470.8
89145,337337.8,3117753.6,85.34306,28.17549,1468.7
89175,337337.8,3117783.6,85.34306,28.17576,1465.2
89205,337337.8,3117813.6,85.34305,28.17603,1466.6
89235,337337.8,3117843.6,85.34305,28.17630,1468.4
89265,337337.8,3117873.6,85.34305,28.17658,1467.5
89295,337337.8,3117903.6,85.34304,28.17685,1460.5
89338,337367.8,3117933.6,85.34334,28.17712,1473.2
89368,337367.8,3117963.6,85.34334,28.17739,1475.8
89398,337367.8,3117993.6,85.34334,28.17766,1483.1
89428,337367.8,3118023.6,85.34333,28.17793,1489.0
89458,337367.8,3118053.6,85.34333,28.17820,1490.5
89488,337367.8,3118083.6,85.34332,28.17847,1491.8
89518,337367.8,3118113.6,85.34332,28.17874,1495.6
89548,337367.8,3118143.6,85.34331,28.17902,1497.8
89590,337397.8,3118173.6,85.34362,28.17929,1508.2
89620,337397.8,3118203.6,85.34361,28.17956,1505.5
89650,337397.8,3118233.6,85.34361,28.17983,1507.0
89680,337397.8,3118263.6,85.34360,28.18010,1513.3
89710,337397.8,3118293.6,85.34360,28.18037,1522.7
89740,337397.8,3118323.6,85.34359,28.18064,1530.5
89770,337397.8,3118353.6,85.34359,28.18091,1530.9
89800,337397.8,3118383.6,85.34359,28.18118,1529.1
89830,337397.8,3118413.6,85.34358,28.18146,1528.5
89860,337397.8,3118443.6,85.34358,28.18173,1525.4
89890,337397.8,3118473.6,85.34357,28.18200,1508.6
89920,337397.8,3118503.6,85.34357,28.18227,1486.6
89963,337427.8,3118533.6,85.34387,28.18254,1487.5
89993,337427.8,3118563.6,85.34387,28.18281,1474.3
90023,337427.8,3118593.6,85.34386,28.18308,1466.0
90065,337397.8,3118623.6,85.34355,28.18335,1466.3
90108,337367.8,3118593.6,85.34325,28.18308,1472.5
90138,337367.8,3118623.6,85.34325,28.18335,1485.3
90180,337397.8,3118653.6,85.34355,28.18362,1475.9
90210,337397.8,3118683.6,85.34354,28.18389,1488.1
90252,337427.8,3118713.6,85.34385,28.18417,1472.5
90295,337457.8,3118683.6,85.34416,28.18390,1467.5
90325,337457.8,3118653.6,85.34416,28.18363,1467.6
90355,337457.8,3118623.6,85.34416,28.18336,1472.1
90385,337457.8,3118593.6,85.34417,28.18309,1482.3
91156,337277.8,3117843.6,85.34244,28.17630,1461.1
91199,337247.8,3117813.6,85.34214,28.17602,1463.2
91241,337217.8,3117783.6,85.34184,28.17575,1468.0
91271,337217.8,3117753.6,85.34184,28.17548,1461.5
91301,337217.8,3117723.6,85.34185,28.17521,1454.8
91331,337217.8,3117693.6,85.34185,28.17494,1452.7
91361,337217.8,3117663.6,85.34185,28.17467,1456.0
91391,337217.8,3117633.6,85.34186,28.17440,1461.1
91421,337217.8,3117603.6,85.34186,28.17412,1468.3
91451,337217.8,3117573.6,85.34187,28.17385,1470.9
91481,337217.8,3117543.6,85.34187,28.17358,1470.0
91523,337247.8,3117513.6,85.34218,28.17332,1453.1
91553,337247.8,3117483.6,85.34218,28.17305,1451.1
91583,337247.8,3117453.6,85.34219,28.17277,1447.3
91626,337217.8,3117423.6,85.34189,28.17250,1446.6
91656,337217.8,3117453.6,85.34188,28.17277,1451.5
91698,337187.8,3117423.6,85.34158,28.17250,1457.4
91728,337187.8,3117393.6,85.34159,28.17223,1453.6
91758,337187.8,3117363.6,85.34159,28.17196,1451.8
91788,337187.8,3117333.6,85.34159,28.17168,1454.4
91818,337187.8,3117303.6,85.34160,28.17141,1456.4
91861,337217.8,3117273.6,85.34191,28.17115,1439.8
91891,337217.8,3117243.6,85.34191,28.17088,1442.4
91921,337217.8,3117213.6,85.34192,28.17061,1442.6
91951,337217.8,3117183.6,85.34192,28.17033,1444.8
91981,337217.8,3117153.6,85.34192,28.17006,1447.2
92011,337217.8,3117123.6,85.34193,28.16979,1448.4
92053,337247.8,3117093.6,85.34224,28.16953,1447.7
92083,337277.8,3117093.6,85.34254,28.16953,1447.9
92113,337277.8,3117063.6,85.34255,28.16926,1450.6
92143,337277.8,3117033.6,85.34255,28.16899,1451.2
92173,337277.8,3117003.6,85.34256,28.16872,1450.8
92203,337277.8,3116973.6,85.34256,28.16845,1447.4
92233,337277.8,3116943.6,85.34256,28.16818,1444.0
92276,337247.8,3116913.6,85.34226,28.16790,1441.4
92318,337277.8,3116883.6,85.34257,28.16764,1441.5
92348,337247.8,3116883.6,85.34227,28.16763,1441.6
92390,337277.8,3116913.6,85.34257,28.16791,1441.8
92433,337247.8,3116943.6,85.34226,28.16817,1445.9
92463,337247.8,3116973.6,85.34226,28.16844,1450.1
92505,337217.8,3117003.6,85.34195,28.16871,1451.8
92535,337217.8,3117033.6,85.34194,28.16898,1449.8
92565,337217.8,3117063.6,85.34194,28.16925,1450.4
92595,337217.8,3117093.6,85.34193,28.16952,1449.9
92638,337247.8,3117063.6,85.34224,28.16926,1452.5
92668,337247.8,3117033.6,85.34225,28.16899,1453.2
92698,337247.8,3117003.6,85.34225,28.16871,1452.9
92740,337217.8,3116973.6,85.34195,28.16844,1457.6
92783,337187.8,3117003.6,85.34164,28.16871,1455.1
92813,337187.8,3117033.6,85.34164,28.16898,1451.8
92843,337187.8,3117063.6,85.34163,28.16925,1455.3
92873,337187.8,3117093.6,85.34163,28.16952,1460.4
92903,337187.8,3117123.6,85.34162,28.16979,1463.0
92933,337187.8,3117153.6,85.34162,28.17006,1462.9
92963,337187.8,3117183.6,85.34161,28.17033,1463.5
92993,337187.8,3117213.6,85.34161,28.17060,1464.5
93023,337187.8,3117243.6,85.34161,28.17087,1464.0
93053,337187.8,3117273.6,85.34160,28.17114,1460.8
93812,337067.8,3116523.6,85.34048,28.16436,1417.0
93842,337097.8,3116523.6,85.34079,28.16436,1418.8
93872,337127.8,3116523.6,85.34110,28.16437,1421.1
93902,337157.8,3116523.6,85.34140,28.16437,1421.1
93932,337157.8,3116553.6,85.34140,28.16464,1421.7
93974,337187.8,3116523.6,85.34171,28.16438,1422.2
94004,337187.8,3116553.6,85.34170,28.16465,1422.6
94034,337217.8,3116553.6,85.34201,28.16465,1427.5
94064,337217.8,3116523.6,85.34201,28.16438,1427.7
94094,337217.8,3116493.6,85.34202,28.16411,1426.3
94124,337187.8,3116493.6,85.34171,28.16411,1426.9
94154,337157.8,3116493.6,85.34141,28.16410,1431.1
94184,337127.8,3116493.6,85.34110,28.16410,1432.6
94214,337097.8,3116493.6,85.34079,28.16409,1430.3
94244,337067.8,3116493.6,85.34049,28.16409,1424.0
94287,337037.8,3116523.6,85.34018,28.16436,1419.1
94317,337037.8,3116493.6,85.34018,28.16409,1419.3
94359,337007.8,3116463.6,85.33988,28.16381,1418.4
94389,336977.8,3116463.6,85.33958,28.16381,1417.9
94419,336977.8,3116433.6,85.33958,28.16354,1418.1
94449,336947.8,3116433.6,85.33928,28.16353,1418.3
94479,336947.8,3116463.6,85.33927,28.16380,1420.8
94522,336917.8,3116433.6,85.33897,28.16353,1422.3
94564,336887.8,3116403.6,85.33867,28.16326,1419.1
94607,336857.8,3116373.6,85.33837,28.16298,1417.0
94637,336827.8,3116373.6,85.33806,28.16298,1420.2
94667,336827.8,3116343.6,85.33807,28.16271,1421.8
94709,336797.8,3116313.6,85.33777,28.16243,1421.7
94751,336767.8,3116283.6,85.33746,28.16216,1421.3
94781,336767.8,3116253.6,85.33747,28.16189,1418.6
94811,336767.8,3116223.6,85.33747,28.16162,1414.0
94841,336767.8,3116193.6,85.33748,28.16135,1410.1
94884,336797.8,3116163.6,85.33779,28.16108,1405.8
94926,336767.8,3116133.6,85.33748,28.16080,1405.8
94956,336767.8,3116103.6,85.33749,28.16053,1405.5
94999,336797.8,3116133.6,85.33779,28.16081,1406.9
95041,336767.8,3116163.6,85.33748,28.16108,1407.3
95084,336797.8,3116193.6,85.33778,28.16135,1411.2
95114,336797.8,3116223.6,85.33778,28.16162,1416.9
95144,336797.8,3116253.6,85.33777,28.16189,1421.1
95174,336797.8,3116283.6,85.33777,28.16216,1421.7
95216,336767.8,3116313.6,85.33746,28.16243,1424.5
95258,336797.8,3116343.6,85.33776,28.16270,1422.6
95288,336797.8,3116373.6,85.33776,28.16297,1427.8
95331,336767.8,3116343.6,85.33746,28.16270,1429.4
95373,336737.8,3116313.6,85.33715,28.16243,1435.9
95403,336737.8,3116283.6,85.33716,28.16215,1433.7
95433,336737.8,3116253.6,85.33716,28.16188,1432.2
95463,336737.8,3116223.6,85.33717,28.16161,1429.9
95493,336737.8,3116193.6,85.33717,28.16134,1429.8
95523,336737.8,3116163.6,85.33718,28.16107,1427.3
95553,336737.8,3116133.6,85.33718,28.16080,1418.5
95583,336737.8,3116103.6,85.33718,28.16053,1410.5
95613,336737.8,3116073.6,85.33719,28.16026,1409.2
95656,336707.8,3116043.6,85.33689,28.15999,1410.7
95686,336677.8,3116043.6,85.33658,28.15998,1408.6
95728,336647.8,3116013.6,85.33628,28.15971,1408.0
95771,336617.8,3115983.6,85.33598,28.15943,1406.1
95801,336587.8,3115983.6,85.33567,28.15943,1403.7
95843,336557.8,3115953.6,85.33537,28.15915,1402.1
95885,336527.8,3115923.6,85.33507,28.15888,1403.3
95915,336497.8,3115923.6,85.33477,28.15888,1400.1
95945,336467.8,3115923.6,85.33446,28.15887,1399.6
95988,336437.8,3115893.6,85.33416,28.15860,1398.3
96018,336407.8,3115893.6,85.33385,28.15859,1396.2
96048,336377.8,3115893.6,85.33355,28.15859,1397.6
96090,336347.8,3115863.6,85.33325,28.15832,1395.6
96133,336317.8,3115833.6,85.33295,28.15804,1396.2
96163,336317.8,3115803.6,85.33295,28.15777,1395.6
96205,336287.8,3115773.6,85.33265,28.15750,1393.5
96248,336257.8,3115743.6,85.33235,28.15722,1392.4
96278,336227.8,3115743.6,85.33204,28.15722,1389.7
96320,336197.8,3115713.6,85.33174,28.15694,1388.1
96350,336167.8,3115713.6,85.33143,28.15694,1385.5
96392,336137.8,3115683.6,85.33113,28.15667,1387.9
96435,336107.8,3115653.6,85.33083,28.15639,1387.9
96465,336077.8,3115653.6,85.33053,28.15639,1384.5
96507,336047.8,3115623.6,85.33023,28.15611,1386.8
96550,336017.8,3115593.6,85.32992,28.15584,1384.7
96592,335987.8,3115563.6,85.32962,28.15556,1384.2
96635,335957.8,3115533.6,85.32932,28.15529,1384.4
96677,335927.8,3115503.6,85.32902,28.15502,1382.2
96719,335897.8,3115473.6,85.32872,28.15474,1383.0
96749,335897.8,3115443.6,85.32872,28.15447,1385.5
96792,335867.8,3115413.6,85.32842,28.15420,1384.4
96834,335837.8,3115383.6,85.32812,28.15392,1383.3
96864,335807.8,3115383.6,85.32782,28.15392,1382.3
96907,335777.8,3115353.6,85.32751,28.15364,1379.1
96949,335747.8,3115323.6,85.32721,28.15337,1377.2
96992,335717.8,3115293.6,85.32691,28.15310,1378.9
97022,335717.8,3115263.6,85.32692,28.15282,1377.8
97064,335687.8,3115233.6,85.32662,28.15255,1376.3
97106,335657.8,3115203.6,85.32631,28.15228,1374.1
97149,335627.8,3115173.6,85.32601,28.15200,1370.6
97191,335597.8,3115143.6,85.32571,28.15173,1368.1
97221,335567.8,3115143.6,85.32541,28.15172,1368.8
97264,335537.8,3115113.6,85.32510,28.15145,1367.0
97294,335507.8,3115113.6,85.32480,28.15144,1365.6
97336,335477.8,3115083.6,85.32450,28.15117,1365.7
97366,335447.8,3115083.6,85.32419,28.15117,1365.4
97409,335417.8,3115053.6,85.32389,28.15089,1363.9
97439,335387.8,3115053.6,85.32359,28.15089,1362.8
97469,335357.8,3115053.6,85.32328,28.15088,1362.9
97511,335327.8,3115023.6,85.32298,28.15061,1365.1
97541,335297.8,3115023.6,85.32267,28.15061,1362.2
97571,335267.8,3115023.6,85.32237,28.15060,1364.0
97613,335237.8,3114993.6,85.32207,28.15033,1364.0
97656,335207.8,3114963.6,85.32177,28.15005,1364.6
97698,335177.8,3114933.6,85.32147,28.14978,1364.0
97741,335147.8,3114903.6,85.32116,28.14951,1358.6
97783,335117.8,3114873.6,85.32086,28.14923,1356.3
97813,335087.8,3114873.6,85.32056,28.14923,1357.3
97856,335057.8,3114843.6,85.32026,28.14895,1357.5
97886,335087.8,3114843.6,85.32056,28.14896,1358.5
97928,335057.8,3114813.6,85.32026,28.14868,1361.0
97958,335027.8,3114813.6,85.31996,28.14868,1359.0
98000,334997.8,3114783.6,85.31965,28.14840,1358.8
98043,334967.8,3114753.6,85.31935,28.14813,1356.2
98073,334937.8,3114753.6,85.31905,28.14813,1352.2
98103,334907.8,3114753.6,85.31874,28.14812,1350.6
98133,334877.8,3114753.6,85.31844,28.14812,1350.2
98175,334847.8,3114723.6,85.31814,28.14784,1347.1
98218,334817.8,3114693.6,85.31783,28.14757,1348.4
98260,334787.8,3114663.6,85.31753,28.14729,1347.8
98303,334757.8,3114633.6,85.31723,28.14702,1345.8
98333,334787.8,3114633.6,85.31754,28.14702,1345.9
98375,334757.8,3114603.6,85.31724,28.14675,1347.3
98405,334727.8,3114603.6,85.31693,28.14675,1346.4
98447,334697.8,3114573.6,85.31663,28.14647,1346.3
98477,334667.8,3114573.6,85.31632,28.14647,1347.3
98520,334637.8,3114543.6,85.31602,28.14619,1343.9
98550,334607.8,3114543.6,85.31572,28.14619,1343.9
98592,334577.8,3114513.6,85.31542,28.14591,1341.1
98622,334547.8,3114513.6,85.31511,28.14591,1340.8
98652,334517.8,3114513.6,85.31481,28.14591,1342.7
98695,334487.8,3114483.6,85.31450,28.14563,1342.2
98725,334457.8,3114483.6,85.31420,28.14563,1340.5
98755,334427.8,3114483.6,85.31389,28.14563,1340.5
98797,334397.8,3114453.6,85.31359,28.14535,1340.0
98839,334367.8,3114423.6,85.31329,28.14508,1338.1
98882,334337.8,3114393.6,85.31299,28.14480,1335.2
98912,334337.8,3114363.6,85.31299,28.14453,1334.6
98942,334337.8,3114333.6,85.31300,28.14426,1333.7
98972,334337.8,3114303.6,85.31300,28.14399,1334.0
99002,334337.8,3114273.6,85.31301,28.14372,1338.8
99044,334307.8,3114303.6,85.31270,28.14399,1343.8
99074,334307.8,3114333.6,85.31269,28.14426,1340.3
99104,334307.8,3114363.6,85.31269,28.14453,1339.5
99134,334307.8,3114393.6,85.31268,28.14480,1344.1
99177,334337.8,3114423.6,85.31299,28.14507,1339.5
99219,334367.8,3114393.6,85.31330,28.14481,1340.9
99249,334367.8,3114363.6,85.31330,28.14453,1344.9
99279,334367.8,3114333.6,85.31330,28.14426,1345.8
99309,334367.8,3114303.6,85.31331,28.14399,1351.1
100192,333647.8,3113793.6,85.30605,28.13930,1324.1
100222,333647.8,3113763.6,85.30606,28.13903,1324.8
100264,333617.8,3113733.6,85.30575,28.13876,1324.7
100306,333587.8,3113703.6,85.30545,28.13848,1324.9
100336,333587.8,3113733.6,85.30545,28.13875,1325.1
100379,333617.8,3113763.6,85.30575,28.13903,1325.1
100409,333617.8,3113793.6,85.30575,28.13930,1327.9
100451,333647.8,3113823.6,85.30605,28.13957,1325.9
100494,333677.8,3113853.6,85.30635,28.13985,1330.0
100536,333707.8,3113883.6,85.30665,28.14012,1329.7
100579,333737.8,3113913.6,85.30695,28.14040,1327.8
100621,333767.8,3113943.6,85.30725,28.14067,1325.4
100663,333797.8,3113973.6,85.30755,28.14094,1325.2
100693,333767.8,3113973.6,85.30725,28.14094,1325.7
100736,333797.8,3114003.6,85.30755,28.14122,1327.1
100766,333827.8,3114003.6,85.30785,28.14122,1327.1
100808,333857.8,3114033.6,85.30816,28.14149,1330.0
100838,333857.8,3114003.6,85.30816,28.14122,1331.1
100881,333827.8,3113973.6,85.30786,28.14095,1331.3
100923,333797.8,3113943.6,85.30756,28.14067,1329.7
100965,333767.8,3113913.6,85.30726,28.14040,1331.4
101008,333737.8,3113943.6,85.30695,28.14067,1331.4
101050,333707.8,3113913.6,85.30665,28.14039,1332.0
101093,333677.8,3113883.6,85.30634,28.14012,1332.9
101135,333647.8,3113853.6,85.30604,28.13984,1332.5
101178,333677.8,3113823.6,85.30635,28.13958,1333.0
101208,333677.8,3113793.6,85.30636,28.13931,1339.0
101238,333677.8,3113763.6,85.30636,28.13903,1344.7
101280,333647.8,3113733.6,85.30606,28.13876,1329.8
101322,333617.8,3113703.6,85.30576,28.13849,1330.0
101365,333587.8,3113673.6,85.30546,28.13821,1334.8
101407,333557.8,3113703.6,85.30515,28.13848,1327.9
101437,333557.8,3113673.6,85.30515,28.13821,1331.5
101467,333527.8,3113673.6,85.30485,28.13820,1341.6
101497,333527.8,3113703.6,85.30484,28.13847,1342.2
101540,333557.8,3113733.6,85.30514,28.13875,1333.0
101582,333587.8,3113763.6,85.30544,28.13902,1332.2
101612,333587.8,3113793.6,85.30544,28.13929,1344.7
101655,333617.8,3113823.6,85.30574,28.13957,1334.8
101685,333617.8,3113853.6,85.30574,28.13984,1349.2
101727,333647.8,3113883.6,85.30604,28.14011,1345.0
101769,333677.8,3113913.6,85.30634,28.14039,1343.2
101812,333707.8,3113943.6,85.30664,28.14066,1343.6
101854,333737.8,3113973.6,85.30694,28.14094,1337.9
101897,333767.8,3114003.6,85.30724,28.14121,1330.7
101939,333797.8,3114033.6,85.30754,28.14149,1339.2
101969,333827.8,3114033.6,85.30785,28.14149,1331.4
102860,333347.8,3113283.6,85.30307,28.13466,1321.6
102902,333317.8,3113253.6,85.30277,28.13439,1319.7
102932,333317.8,3113223.6,85.30277,28.13412,1320.2
102974,333347.8,3113253.6,85.30307,28.13439,1321.0
103004,333347.8,3113223.6,85.30308,28.13412,1321.3
103047,333317.8,3113193.6,85.30278,28.13385,1321.1
103089,333287.8,3113163.6,85.30248,28.13357,1319.7
103132,333257.8,3113133.6,85.30218,28.13330,1318.3
103162,333257.8,3113103.6,85.30218,28.13303,1318.0
103192,333257.8,3113073.6,85.30218,28.13276,1318.4
103234,333227.8,3113103.6,85.30187,28.13302,1318.4
103264,333227.8,3113073.6,85.30188,28.13275,1318.6
103307,333197.8,3113103.6,85.30157,28.13302,1319.3
103349,333167.8,3113073.6,85.30127,28.13274,1319.4
103391,333137.8,3113043.6,85.30097,28.13247,1318.2
103421,333137.8,3113073.6,85.30096,28.13274,1318.5
103464,333167.8,3113103.6,85.30126,28.13301,1319.5
103506,333197.8,3113073.6,85.30157,28.13275,1320.0
103549,333167.8,3113043.6,85.30127,28.13247,1320.5
103591,333137.8,3113013.6,85.30097,28.13220,1319.0
103634,333107.8,3112983.6,85.30067,28.13192,1316.4
103664,333107.8,3112953.6,85.30067,28.13165,1312.2
103694,333107.8,3112923.6,85.30068,28.13138,1308.1
103724,333107.8,3112893.6,85.30068,28.13111,1302.5
103766,333077.8,3112863.6,85.30038,28.13084,1298.7
103796,333077.8,3112833.6,85.30039,28.13057,1293.4
103826,333077.8,3112803.6,85.30039,28.13030,1289.9
103856,333077.8,3112773.6,85.30039,28.13003,1286.2
103886,333077.8,3112743.6,85.30040,28.12976,1281.1
103928,333047.8,3112713.6,85.30010,28.12948,1280.0
103958,333047.8,3112743.6,85.30009,28.12975,1285.0
104001,333077.8,3112713.6,85.30040,28.12948,1288.6
104043,333107.8,3112743.6,85.30070,28.12976,1295.0
104073,333107.8,3112773.6,85.30070,28.13003,1291.5
104103,333107.8,3112803.6,85.30070,28.13030,1292.7
104133,333107.8,3112833.6,85.30069,28.13057,1295.7
104163,333107.8,3112863.6,85.30069,28.13084,1298.7
104206,333077.8,3112893.6,85.30038,28.13111,1303.7
104236,333077.8,3112923.6,85.30037,28.13138,1308.3
104266,333077.8,3112953.6,85.30037,28.13165,1317.6
104296,333077.8,3112983.6,85.30036,28.13192,1325.3
104338,333107.8,3113013.6,85.30067,28.13220,1319.3
104381,333137.8,3112983.6,85.30098,28.13193,1318.3
104411,333137.8,3112953.6,85.30098,28.13166,1320.3
104441,333137.8,3112923.6,85.30098,28.13139,1321.1
104471,333137.8,3112893.6,85.30099,28.13112,1313.8
104501,333137.8,3112863.6,85.30099,28.13085,1312.9
104531,333137.8,3112833.6,85.30100,28.13057,1313.8
104561,333137.8,3112803.6,85.30100,28.13030,1312.3
104591,333137.8,3112773.6,85.30101,28.13003,1325.5
105547,332417.8,3112143.6,85.29377,28.12426,1243.6
105577,332417.8,3112113.6,85.29377,28.12399,1244.1
105607,332417.8,3112083.6,85.29378,28.12372,1248.3
105637,332387.8,3112083.6,85.29347,28.12371,1248.9
105667,332387.8,3112113.6,85.29347,28.12398,1249.5
105710,332357.8,3112083.6,85.29316,28.12371,1254.8
105752,332327.8,3112053.6,85.29286,28.12343,1249.7
105795,332297.8,3112023.6,85.29256,28.12316,1244.7
105825,332327.8,3112023.6,85.29287,28.12316,1247.4
105867,332297.8,3111993.6,85.29257,28.12289,1248.8
105897,332267.8,3111993.6,85.29226,28.12289,1248.3
105939,332237.8,3111963.6,85.29196,28.12261,1251.7
105982,332207.8,3111933.6,85.29166,28.12234,1251.5
106024,332177.8,3111903.6,85.29136,28.12206,1245.5
106054,332147.8,3111903.6,85.29105,28.12206,1241.9
106084,332147.8,3111873.6,85.29106,28.12179,1243.5
106127,332117.8,3111843.6,85.29076,28.12151,1247.5
106157,332147.8,3111843.6,85.29106,28.12152,1247.8
106199,332177.8,3111873.6,85.29136,28.12179,1249.2
106242,332207.8,3111903.6,85.29166,28.12207,1255.1
106284,332177.8,3111933.6,85.29135,28.12233,1247.7
106314,332147.8,3111933.6,85.29105,28.12233,1246.4
106356,332117.8,3111903.6,85.29075,28.12205,1257.4
106386,332117.8,3111873.6,85.29075,28.12178,1252.4
106429,332087.8,3111843.6,85.29045,28.12151,1256.6
106471,332057.8,3111813.6,85.29015,28.12123,1247.4
106514,332027.8,3111783.6,85.28985,28.12096,1242.7
106556,331997.8,3111753.6,85.28955,28.12069,1245.7
106586,331997.8,3111783.6,85.28954,28.12096,1248.1
106629,331967.8,3111753.6,85.28924,28.12068,1249.4
106671,331937.8,3111723.6,85.28894,28.12041,1248.6
106713,331907.8,3111693.6,85.28864,28.12013,1248.9
106743,331937.8,3111693.6,85.28895,28.12014,1251.8
106786,331967.8,3111723.6,85.28925,28.12041,1250.3
106828,331937.8,3111753.6,85.28894,28.12068,1255.9
106871,331907.8,3111723.6,85.28864,28.12040,1253.5
106901,331907.8,3111753.6,85.28863,28.12067,1265.9
106943,331937.8,3111783.6,85.28893,28.12095,1270.0
106973,331967.8,3111783.6,85.28924,28.12095,1260.2
107016,331997.8,3111813.6,85.28954,28.12123,1265.2
107046,332027.8,3111813.6,85.28984,28.12123,1253.5
107088,332057.8,3111783.6,85.29015,28.12096,1246.7
107130,332087.8,3111813.6,85.29046,28.12124,1248.3
107160,332117.8,3111813.6,85.29076,28.12124,1255.1
107203,332087.8,3111783.6,85.29046,28.12097,1261.1
107245,332057.8,3111753.6,85.29016,28.12069,1265.6
107275,332027.8,3111753.6,85.28985,28.12069,1251.0
107318,331997.8,3111723.6,85.28955,28.12041,1256.8
107360,331967.8,3111693.6,85.28925,28.12014,1262.9
107403,331937.8,3111663.6,85.28895,28.11987,1261.2
107433,331907.8,3111663.6,85.28864,28.11986,1253.2
107463,331907.8,3111633.6,85.28865,28.11959,1260.1
107505,331877.8,3111603.6,85.28835,28.11932,1261.5
107547,331847.8,3111573.6,85.28805,28.11904,1256.4
107590,331817.8,3111543.6,85.28775,28.11877,1250.9
107620,331787.8,3111543.6,85.28744,28.11876,1248.1
107662,331757.8,3111513.6,85.28714,28.11849,1248.2
107692,331727.8,3111513.6,85.28683,28.11849,1251.2
107735,331697.8,3111483.6,85.28653,28.11821,1251.8
107777,331667.8,3111453.6,85.28623,28.11794,1250.9
107807,331637.8,3111453.6,85.28593,28.11793,1247.9
107849,331607.8,3111423.6,85.28563,28.11766,1242.2
107879,331577.8,3111423.6,85.28532,28.11765,1242.6
107909,331577.8,3111393.6,85.28533,28.11738,1243.4
107939,331547.8,3111393.6,85.28502,28.11738,1243.5
107982,331517.8,3111363.6,85.28472,28.11711,1242.4
108012,331487.8,3111363.6,85.28441,28.11710,1241.6
108054,331457.8,3111333.6,85.28411,28.11683,1238.1
108097,331427.8,3111303.6,85.28381,28.11655,1231.1
108127,331397.8,3111303.6,85.28351,28.11655,1226.0
108169,331367.8,3111273.6,85.28321,28.11627,1222.3
108212,331337.8,3111243.6,85.28290,28.11600,1220.5
108254,331307.8,3111213.6,85.28260,28.11573,1218.1
108296,331277.8,3111183.6,85.28230,28.11545,1216.5
108326,331277.8,3111153.6,85.28231,28.11518,1215.6
108369,331307.8,3111183.6,85.28261,28.11545,1216.9
108399,331307.8,3111153.6,85.28261,28.11518,1218.7
108441,331277.8,3111123.6,85.28231,28.11491,1217.8
108471,331277.8,3111093.6,85.28232,28.11464,1218.6
108514,331247.8,3111063.6,85.28201,28.11436,1216.2
108544,331247.8,3111033.6,85.28202,28.11409,1212.6
108586,331217.8,3111003.6,85.28172,28.11382,1211.9
108616,331217.8,3110973.6,85.28172,28.11355,1213.9
108659,331187.8,3110943.6,85.28142,28.11327,1214.9
108689,331187.8,3110973.6,85.28142,28.11354,1216.0
108731,331217.8,3110943.6,85.28173,28.11328,1220.8
108773,331187.8,3110913.6,85.28143,28.11300,1219.9
108803,331157.8,3110913.6,85.28112,28.11300,1219.6
108846,331127.8,3110883.6,85.28082,28.11272,1220.7
108876,331097.8,3110883.6,85.28051,28.11272,1219.2
108918,331067.8,3110853.6,85.28021,28.11245,1217.8
108948,331037.8,3110853.6,85.27991,28.11244,1214.7
108991,331007.8,3110823.6,85.27961,28.11217,1212.8
109021,331007.8,3110793.6,85.27961,28.11190,1214.0
109063,330977.8,3110763.6,85.27931,28.11162,1209.4
109093,330947.8,3110763.6,85.27900,28.11162,1209.1
109123,330947.8,3110733.6,85.27901,28.11135,1209.8
109153,330917.8,3110733.6,85.27870,28.11134,1214.4
109196,330887.8,3110703.6,85.27840,28.11107,1213.7
109226,330857.8,3110703.6,85.27810,28.11107,1207.6
109268,330827.8,3110673.6,85.27780,28.11079,1202.4
109310,330797.8,3110643.6,85.27750,28.11052,1198.3
109353,330767.8,3110613.6,85.27719,28.11024,1194.9
109383,330767.8,3110583.6,85.27720,28.10997,1193.5
109425,330737.8,3110553.6,85.27690,28.10970,1194.1
109468,330707.8,3110523.6,85.27660,28.10942,1195.2
109510,330677.8,3110493.6,85.27630,28.10915,1196.0
109540,330707.8,3110493.6,85.27660,28.10915,1196.5
109583,330737.8,3110523.6,85.27690,28.10943,1197.4
109625,330767.8,3110553.6,85.27720,28.10970,1199.0
109667,330737.8,3110583.6,85.27689,28.10997,1196.2
109710,330707.8,3110553.6,85.27659,28.10969,1199.2
109752,330677.8,3110523.6,85.27629,28.10942,1201.3
109795,330647.8,3110493.6,85.27599,28.10914,1198.4
109837,330617.8,3110463.6,85.27569,28.10887,1193.9
109880,330587.8,3110433.6,85.27539,28.10860,1188.3
109922,330557.8,3110403.6,85.27509,28.10832,1185.9
109952,330557.8,3110373.6,85.27509,28.10805,1184.7
109982,330527.8,3110373.6,85.27479,28.10805,1186.0
110012,330527.8,3110343.6,85.27479,28.10778,1190.0
110054,330497.8,3110373.6,85.27448,28.10804,1193.2
110097,330527.8,3110403.6,85.27478,28.10832,1190.1
110139,330557.8,3110433.6,85.27508,28.10859,1188.5
110182,330587.8,3110403.6,85.27539,28.10832,1187.5
110212,330587.8,3110373.6,85.27540,28.10805,1193.4
110254,330557.8,3110343.6,85.27510,28.10778,1196.1
110297,330527.8,3110313.6,85.27480,28.10750,1208.2
110339,330497.8,3110343.6,85.27449,28.10777,1194.1
110369,330467.8,3110343.6,85.27418,28.10777,1202.7
110411,330497.8,3110313.6,85.27449,28.10750,1204.5
110441,330467.8,3110313.6,85.27418,28.10750,1206.4
110471,330437.8,3110313.6,85.27388,28.10749,1210.0
110501,330437.8,3110343.6,85.27388,28.10776,1211.1
110544,330467.8,3110373.6,85.27418,28.10804,1205.4
110586,330497.8,3110403.6,85.27448,28.10831,1200.9
110629,330527.8,3110433.6,85.27478,28.10859,1197.5
110671,330557.8,3110463.6,85.27508,28.10886,1194.2
110701,330587.8,3110463.6,85.27538,28.10887,1190.6
110744,330617.8,3110433.6,85.27569,28.10860,1193.9
110786,330647.8,3110463.6,85.27599,28.10887,1196.6
110816,330677.8,3110463.6,85.27630,28.10888,1197.5
110858,330647.8,3110433.6,85.27600,28.10860,1202.5
110901,330617.8,3110403.6,85.27570,28.10833,1199.2
110931,330617.8,3110373.6,85.27570,28.10806,1212.6
110973,330587.8,3110343.6,85.27540,28.10778,1210.8
111016,330557.8,3110313.6,85.27510,28.10751,1218.5
111058,330527.8,3110283.6,85.27480,28.10723,1230.8
111088,330497.8,3110283.6,85.27449,28.10723,1222.6
111118,330467.8,3110283.6,85.27419,28.10723,1215.4
111148,330437.8,3110283.6,85.27388,28.10722,1213.5
111178,330407.8,3110283.6,85.27358,28.10722,1214.4
111221,330377.8,3110253.6,85.27328,28.10694,1212.1
111251,330347.8,3110253.6,85.27297,28.10694,1206.5
111293,330317.8,3110223.6,85.27267,28.10667,1203.7
111323,330287.8,3110223.6,85.27237,28.10666,1205.8
111365,330257.8,3110193.6,85.27207,28.10639,1203.7
111395,330257.8,3110163.6,85.27207,28.10612,1202.0
111438,330227.8,3110133.6,85.27177,28.10584,1201.3
111480,330197.8,3110103.6,85.27147,28.10557,1200.1
111523,330167.8,3110073.6,85.27117,28.10529,1196.6
111553,330167.8,3110043.6,85.27117,28.10502,1196.2
111595,330137.8,3110013.6,85.27087,28.10475,1190.9
111637,330107.8,3109983.6,85.27057,28.10447,1175.2
111680,330077.8,3109953.6,85.27027,28.10420,1167.3
111710,330077.8,3109923.6,85.27027,28.10393,1167.8
111752,330107.8,3109953.6,85.27057,28.10420,1169.6
111782,330107.8,3109923.6,85.27058,28.10393,1174.8
111825,330077.8,3109893.6,85.27028,28.10366,1174.2
111855,330047.8,3109893.6,85.26997,28.10365,1170.0
111897,330017.8,3109863.6,85.26967,28.10338,1167.2
111927,329987.8,3109863.6,85.26937,28.10338,1164.3
111970,329957.8,3109833.6,85.26906,28.10310,1164.4
112012,329927.8,3109803.6,85.26876,28.10283,1166.0
112054,329897.8,3109773.6,85.26846,28.10255,1164.9
112084,329867.8,3109773.6,85.26816,28.10255,1162.2
112114,329837.8,3109773.6,85.26785,28.10254,1159.6
112157,329807.8,3109743.6,85.26755,28.10227,1156.6
112187,329777.8,3109743.6,85.26725,28.10227,1154.2
112229,329747.8,3109713.6,85.26695,28.10199,1152.3
112259,329717.8,3109713.6,85.26664,28.10199,1148.1
112289,329687.8,3109713.6,85.26633,28.10198,1147.2
112319,329687.8,3109683.6,85.26634,28.10171,1154.9
112349,329657.8,3109683.6,85.26603,28.10171,1158.5
112379,329657.8,3109713.6,85.26603,28.10198,1161.1
112422,329687.8,3109743.6,85.26633,28.10225,1162.4
112452,329717.8,3109743.6,85.26664,28.10226,1156.6
112482,329747.8,3109743.6,85.26694,28.10226,1155.2
112524,329777.8,3109713.6,85.26725,28.10199,1160.0
112567,329747.8,3109683.6,85.26695,28.10172,1167.1
112597,329717.8,3109683.6,85.26664,28.10172,1159.0
112639,329687.8,3109653.6,85.26634,28.10144,1173.3
112669,329657.8,3109653.6,85.26604,28.10144,1161.9
112711,329627.8,3109623.6,85.26574,28.10116,1161.3
112741,329657.8,3109623.6,85.26604,28.10117,1168.9
112784,329627.8,3109653.6,85.26573,28.10143,1170.2
112826,329597.8,3109623.6,85.26543,28.10116,1179.4
112869,329627.8,3109593.6,85.26574,28.10089,1173.4
112899,329597.8,3109593.6,85.26544,28.10089,1173.7
112941,329567.8,3109563.6,85.26514,28.10061,1183.0
112971,329567.8,3109593.6,85.26513,28.10089,1184.0
113014,329597.8,3109563.6,85.26544,28.10062,1185.5
113044,329627.8,3109563.6,85.26575,28.10062,1193.8
113086,329657.8,3109593.6,85.26605,28.10090,1187.8
113128,329687.8,3109623.6,85.26635,28.10117,1189.6
113171,329717.8,3109653.6,85.26665,28.10145,1186.7
113201,329747.8,3109653.6,85.26695,28.10145,1198.0
113243,329777.8,3109683.6,85.26725,28.10172,1179.7
113286,329807.8,3109713.6,85.26756,28.10200,1171.2
113328,329837.8,3109743.6,85.26786,28.10227,1160.6
113371,329807.8,3109773.6,85.26755,28.10254,1159.8
113401,329777.8,3109773.6,85.26724,28.10254,1165.7
113443,329807.8,3109803.6,85.26754,28.10281,1176.8
113473,329837.8,3109803.6,85.26785,28.10281,1170.6
113503,329867.8,3109803.6,85.26815,28.10282,1171.0
113533,329897.8,3109803.6,85.26846,28.10282,1169.1
113575,329927.8,3109773.6,85.26877,28.10256,1168.3
113618,329957.8,3109803.6,85.26907,28.10283,1169.6
113660,329987.8,3109833.6,85.26937,28.10310,1166.6
113703,329957.8,3109863.6,85.26906,28.10337,1169.1
113745,329927.8,3109833.6,85.26876,28.10310,1169.8
113775,329897.8,3109833.6,85.26845,28.10309,1180.2
113818,329927.8,3109863.6,85.26875,28.10337,1180.9
113860,329957.8,3109893.6,85.26906,28.10364,1189.5
113890,329987.8,3109893.6,85.26936,28.10365,1178.6
113920,330017.8,3109893.6,85.26967,28.10365,1171.0
113962,330047.8,3109923.6,85.26997,28.10392,1170.9
113992,330047.8,3109953.6,85.26996,28.10420,1180.1
114035,330077.8,3109983.6,85.27026,28.10447,1178.4
114077,330107.8,3110013.6,85.27056,28.10474,1192.1
114120,330137.8,3109983.6,85.27087,28.10448,1183.8
114150,330137.8,3109953.6,85.27088,28.10421,1181.7
114180,330137.8,3109923.6,85.27088,28.10394,1186.1
114222,330107.8,3109893.6,85.27058,28.10366,1183.6
114265,330077.8,3109863.6,85.27028,28.10339,1186.3
114295,330047.8,3109863.6,85.26998,28.10338,1177.4
114337,330017.8,3109833.6,85.26968,28.10311,1176.0
114379,329987.8,3109803.6,85.26937,28.10283,1179.3
114422,329957.8,3109773.6,85.26907,28.10256,1178.5
114464,329927.8,3109743.6,85.26877,28.10228,1180.8
114494,329897.8,3109743.6,85.26847,28.10228,1173.2
114524,329867.8,3109743.6,85.26816,28.10228,1166.0
114567,329837.8,3109713.6,85.26786,28.10200,1180.8
114597,329867.8,3109713.6,85.26817,28.10201,1186.8
114627,329897.8,3109713.6,85.26847,28.10201,1193.3
114657,329927.8,3109713.6,85.26878,28.10201,1204.4
114699,329957.8,3109743.6,85.26908,28.10229,1195.5
114742,329987.8,3109773.6,85.26938,28.10256,1197.2
114784,330017.8,3109803.6,85.26968,28.10284,1195.4
114826,330047.8,3109833.6,85.26998,28.10311,1191.6
114856,330077.8,3109833.6,85.27029,28.10312,1203.3
114899,330107.8,3109863.6,85.27059,28.10339,1196.2
114941,330137.8,3109893.6,85.27089,28.10367,1195.1
114984,330167.8,3109923.6,85.27119,28.10394,1200.0
115014,330167.8,3109953.6,85.27118,28.10421,1198.6
115044,330167.8,3109983.6,85.27118,28.10448,1200.6
115074,330167.8,3110013.6,85.27118,28.10475,1200.8
115116,330137.8,3110043.6,85.27087,28.10502,1196.4
115146,330137.8,3110073.6,85.27086,28.10529,1204.4
115189,330167.8,3110103.6,85.27116,28.10556,1206.9
115231,330197.8,3110073.6,85.27147,28.10530,1197.3
115273,330227.8,3110103.6,85.27177,28.10557,1201.3
115303,330227.8,3110073.6,85.27178,28.10530,1205.0
115346,330197.8,3110043.6,85.27148,28.10503,1205.2
115376,330227.8,3110043.6,85.27178,28.10503,1215.1
115418,330197.8,3110013.6,85.27148,28.10476,1216.3
115448,330197.8,3109983.6,85.27148,28.10449,1219.2
115478,330197.8,3109953.6,85.27149,28.10421,1216.3
115508,330197.8,3109923.6,85.27149,28.10394,1216.8
115551,330167.8,3109893.6,85.27119,28.10367,1208.7
115593,330137.8,3109863.6,85.27089,28.10339,1209.5
115636,330107.8,3109833.6,85.27059,28.10312,1216.0
115678,330077.8,3109803.6,85.27029,28.10285,1228.5
115708,330047.8,3109803.6,85.26998,28.10284,1214.6
115750,330017.8,3109773.6,85.26968,28.10257,1224.7
115793,329987.8,3109743.6,85.26938,28.10229,1225.3
115835,329957.8,3109713.6,85.26908,28.10202,1226.6
115878,329927.8,3109683.6,85.26878,28.10174,1229.0
115908,329897.8,3109683.6,85.26848,28.10174,1214.7
115938,329867.8,3109683.6,85.26817,28.10174,1210.5
115968,329837.8,3109683.6,85.26787,28.10173,1206.2
115998,329807.8,3109683.6,85.26756,28.10173,1194.5
116868,329177.8,3109083.6,85.26124,28.09623,1109.5
116898,329147.8,3109083.6,85.26093,28.09623,1113.0
116928,329147.8,3109053.6,85.26094,28.09596,1113.5
116958,329117.8,3109053.6,85.26063,28.09595,1115.9
117000,329087.8,3109023.6,85.26033,28.09568,1120.3
117042,329057.8,3108993.6,85.26003,28.09541,1118.7
117072,329027.8,3108993.6,85.25972,28.09540,1112.5
117102,328997.8,3108993.6,85.25942,28.09540,1113.6
117132,328967.8,3108993.6,85.25911,28.09539,1114.0
117175,328937.8,3108963.6,85.25881,28.09512,1114.6
117205,328907.8,3108963.6,85.25851,28.09512,1113.3
117235,328877.8,3108963.6,85.25820,28.09511,1109.3
117265,328847.8,3108963.6,85.25790,28.09511,1104.0
117295,328817.8,3108963.6,85.25759,28.09510,1101.8
117325,328787.8,3108963.6,85.25729,28.09510,1100.9
117367,328757.8,3108933.6,85.25699,28.09483,1096.4
117397,328727.8,3108933.6,85.25668,28.09482,1092.0
117427,328697.8,3108933.6,85.25637,28.09482,1090.9
117457,328667.8,3108933.6,85.25607,28.09481,1091.5
117500,328637.8,3108903.6,85.25577,28.09454,1091.8
117530,328667.8,3108903.6,85.25607,28.09454,1094.0
117572,328637.8,3108933.6,85.25576,28.09481,1095.6
117615,328607.8,3108903.6,85.25546,28.09454,1094.1
117657,328577.8,3108873.6,85.25516,28.09426,1096.4
117687,328547.8,3108873.6,85.25486,28.09426,1095.4
117729,328577.8,3108903.6,85.25516,28.09453,1096.8
117772,328607.8,3108873.6,85.25547,28.09426,1098.5
117802,328637.8,3108873.6,85.25577,28.09427,1101.7
117832,328667.8,3108873.6,85.25608,28.09427,1105.3
117874,328697.8,3108903.6,85.25638,28.09455,1097.5
117904,328727.8,3108903.6,85.25668,28.09455,1103.0
117934,328757.8,3108903.6,85.25699,28.09455,1110.9
117977,328787.8,3108933.6,85.25729,28.09483,1101.2
118019,328757.8,3108963.6,85.25698,28.09510,1099.2
118049,328727.8,3108963.6,85.25668,28.09509,1098.7
118079,328697.8,3108963.6,85.25637,28.09509,1103.5
118109,328667.8,3108963.6,85.25606,28.09508,1110.8
118139,328637.8,3108963.6,85.25576,28.09508,1116.1
118182,328607.8,3108933.6,85.25546,28.09481,1102.4
118212,328577.8,3108933.6,85.25515,28.09480,1107.3
118254,328547.8,3108903.6,85.25485,28.09453,1100.5
118296,328517.8,3108873.6,85.25455,28.09425,1101.3
118326,328517.8,3108843.6,85.25456,28.09398,1100.3
118356,328487.8,3108843.6,85.25425,28.09398,1100.6
118399,328457.8,3108813.6,85.25395,28.09370,1097.6
118429,328487.8,3108813.6,85.25426,28.09371,1101.0
118471,328457.8,3108843.6,85.25395,28.09397,1102.5
118514,328427.8,3108813.6,85.25364,28.09370,1101.1
118544,328427.8,3108783.6,85.25365,28.09343,1102.8
118574,328457.8,3108783.6,85.25395,28.09343,1102.9
118604,328487.8,3108783.6,85.25426,28.09344,1107.9
118646,328517.8,3108813.6,85.25456,28.09371,1105.2
118689,328547.8,3108843.6,85.25486,28.09399,1101.0
118719,328577.8,3108843.6,85.25517,28.09399,1104.6
118749,328607.8,3108843.6,85.25547,28.09399,1106.1
118779,328637.8,3108843.6,85.25578,28.09400,1110.1
118809,328667.8,3108843.6,85.25608,28.09400,1119.5
118851,328697.8,3108873.6,85.25638,28.09428,1112.1
118881,328727.8,3108873.6,85.25669,28.09428,1123.0
118923,328697.8,3108843.6,85.25639,28.09401,1132.9
118966,328667.8,3108813.6,85.25609,28.09373,1142.3
118996,328637.8,3108813.6,85.25578,28.09373,1128.0
119026,328607.8,3108813.6,85.25548,28.09372,1121.7
119056,328577.8,3108813.6,85.25517,28.09372,1116.4
119086,328547.8,3108813.6,85.25487,28.09372,1109.7
119128,328517.8,3108783.6,85.25456,28.09344,1115.9
119171,328487.8,3108753.6,85.25426,28.09317,1119.6
119201,328457.8,3108753.6,85.25396,28.09316,1115.1
119231,328427.8,3108753.6,85.25365,28.09316,1115.3
119273,328397.8,3108783.6,85.25334,28.09343,1102.9
119303,328367.8,3108783.6,85.25304,28.09342,1101.6
119346,328337.8,3108753.6,85.25274,28.09315,1100.8
119376,328307.8,3108753.6,85.25243,28.09314,1097.1
119418,328277.8,3108723.6,85.25213,28.09287,1094.5
119448,328247.8,3108723.6,85.25183,28.09286,1088.1
119478,328217.8,3108723.6,85.25152,28.09286,1079.0
119508,328187.8,3108723.6,85.25122,28.09286,1075.0
119550,328157.8,3108693.6,85.25092,28.09258,1074.8
119580,328127.8,3108693.6,85.25061,28.09258,1072.6
119610,328097.8,3108693.6,85.25030,28.09257,1071.0
119640,328067.8,3108693.6,85.25000,28.09257,1072.2
119683,328097.8,3108663.6,85.25031,28.09230,1074.9
119713,328067.8,3108663.6,85.25000,28.09230,1076.0
119755,328037.8,3108693.6,85.24969,28.09257,1075.3
119798,328007.8,3108663.6,85.24939,28.09229,1072.6
119828,328007.8,3108693.6,85.24939,28.09256,1073.6
119870,327977.8,3108663.6,85.24909,28.09229,1075.6
119900,327977.8,3108693.6,85.24908,28.09256,1078.7
119943,327947.8,3108663.6,85.24878,28.09228,1079.0
119985,327917.8,3108633.6,85.24848,28.09201,1078.0
120015,327887.8,3108633.6,85.24818,28.09201,1077.4
120045,327857.8,3108633.6,85.24787,28.09200,1073.7
120075,327827.8,3108633.6,85.24757,28.09200,1068.4
120105,327797.8,3108633.6,85.24726,28.09199,1063.0
120135,327767.8,3108633.6,85.24696,28.09199,1060.5
120165,327737.8,3108633.6,85.24665,28.09199,1059.8
120207,327707.8,3108663.6,85.24634,28.09225,1058.7
120237,327677.8,3108663.6,85.24604,28.09225,1056.9
120267,327647.8,3108663.6,85.24573,28.09225,1057.1
120297,327617.8,3108663.6,85.24543,28.09224,1057.9
120327,327617.8,3108693.6,85.24542,28.09251,1058.0
120370,327587.8,3108663.6,85.24512,28.09224,1058.1
120412,327557.8,3108693.6,85.24481,28.09250,1057.3
120442,327527.8,3108693.6,85.24451,28.09250,1057.4
120485,327557.8,3108663.6,85.24481,28.09223,1058.1
120527,327587.8,3108693.6,85.24512,28.09251,1058.2
121164,326957.8,3108603.6,85.23872,28.09161,1045.1
121194,326927.8,3108603.6,85.23841,28.09161,1046.6
121236,326897.8,3108573.6,85.23811,28.09134,1048.3
121266,326867.8,3108573.6,85.23781,28.09133,1047.0
121296,326837.8,3108573.6,85.23750,28.09133,1048.7
121326,326807.8,3108573.6,85.23720,28.09132,1047.0
121368,326777.8,3108543.6,85.23690,28.09105,1042.2
121398,326747.8,3108543.6,85.23659,28.09105,1041.5
121441,326777.8,3108573.6,85.23689,28.09132,1043.4
121471,326747.8,3108573.6,85.23659,28.09132,1044.5
121513,326717.8,3108543.6,85.23629,28.09104,1044.8
121543,326687.8,3108543.6,85.23598,28.09104,1044.8
121573,326657.8,3108543.6,85.23568,28.09103,1040.6
121616,326627.8,3108513.6,85.23537,28.09076,1038.2
121658,326597.8,3108543.6,85.23507,28.09103,1037.7
121688,326597.8,3108513.6,85.23507,28.09075,1038.2
121731,326627.8,3108543.6,85.23537,28.09103,1038.4
121773,326597.8,3108573.6,85.23506,28.09130,1040.5
121815,326567.8,3108543.6,85.23476,28.09102,1040.3
121845,326567.8,3108513.6,85.23476,28.09075,1039.1
121888,326537.8,3108483.6,85.23446,28.09048,1041.0
121918,326537.8,3108513.6,85.23446,28.09075,1041.2
121960,326567.8,3108483.6,85.23477,28.09048,1042.1
121990,326597.8,3108483.6,85.23507,28.09048,1044.5
122020,326627.8,3108483.6,85.23538,28.09049,1046.3
122063,326657.8,3108513.6,85.23568,28.09076,1042.9
122093,326687.8,3108513.6,85.23599,28.09077,1051.3
122123,326717.8,3108513.6,85.23629,28.09077,1052.7
122153,326747.8,3108513.6,85.23660,28.09077,1050.9
122183,326777.8,3108513.6,85.23690,28.09078,1053.6
122225,326807.8,3108543.6,85.23720,28.09105,1049.0
122255,326837.8,3108543.6,85.23751,28.09106,1052.2
122285,326867.8,3108543.6,85.23781,28.09106,1052.3
122315,326897.8,3108543.6,85.23812,28.09106,1057.1
122357,326927.8,3108573.6,85.23842,28.09134,1048.5
122387,326957.8,3108573.6,85.23872,28.09134,1048.3
122430,326987.8,3108603.6,85.23902,28.09162,1046.7
122472,327017.8,3108633.6,85.23933,28.09189,1046.6
122502,326987.8,3108633.6,85.23902,28.09189,1046.9
122532,326957.8,3108633.6,85.23871,28.09188,1048.9
122562,326927.8,3108633.6,85.23841,28.09188,1053.7
122605,326897.8,3108603.6,85.23811,28.09161,1049.4
122635,326867.8,3108603.6,85.23780,28.09160,1052.3
122665,326837.8,3108603.6,85.23750,28.09160,1054.9
122695,326807.8,3108603.6,85.23719,28.09159,1053.5
122725,326777.8,3108603.6,85.23689,28.09159,1051.6
122755,326747.8,3108603.6,85.23658,28.09159,1053.3
122797,326717.8,3108573.6,85.23628,28.09131,1046.9
122827,326687.8,3108573.6,85.23598,28.09131,1046.8
122857,326657.8,3108573.6,85.23567,28.09130,1044.4
122887,326627.8,3108573.6,85.23537,28.09130,1042.4
122930,326597.8,3108603.6,85.23506,28.09157,1049.6
122972,326567.8,3108573.6,85.23476,28.09129,1047.4
123014,326537.8,3108543.6,85.23445,28.09102,1047.9
123057,326507.8,3108513.6,85.23415,28.09074,1047.5
123087,326507.8,3108483.6,85.23416,28.09047,1042.5
123129,326477.8,3108453.6,85.23386,28.09020,1045.0
123159,326447.8,3108453.6,85.23355,28.09019,1044.6
123202,326417.8,3108423.6,85.23325,28.08992,1043.3
123232,326387.8,3108423.6,85.23295,28.08992,1040.9
123274,326357.8,3108393.6,85.23265,28.08964,1036.6
123304,326327.8,3108393.6,85.23234,28.08964,1036.2
123347,326357.8,3108423.6,85.23264,28.08991,1038.8
123377,326327.8,3108423.6,85.23234,28.08991,1043.3
123419,326297.8,3108393.6,85.23204,28.08963,1040.1
123461,326267.8,3108363.6,85.23173,28.08936,1036.4
123504,326237.8,3108333.6,85.23143,28.08908,1034.2
123534,326237.8,3108363.6,85.23143,28.08935,1035.6
123576,326267.8,3108333.6,85.23174,28.08909,1040.7
123619,326237.8,3108303.6,85.23144,28.08881,1040.5
123649,326207.8,3108303.6,85.23113,28.08881,1039.0
123691,326177.8,3108273.6,85.23083,28.08853,1033.2
123734,326147.8,3108243.6,85.23053,28.08826,1027.3
123776,326117.8,3108213.6,85.23023,28.08798,1017.4
123818,326087.8,3108183.6,85.22993,28.08771,1011.4
123861,326057.8,3108153.6,85.22963,28.08744,1009.1
123891,326027.8,3108153.6,85.22932,28.08743,1006.6
123933,325997.8,3108123.6,85.22902,28.08716,1007.6
123976,325967.8,3108093.6,85.22872,28.08688,1008.2
124018,325937.8,3108063.6,85.22842,28.08661,1004.9
124048,325907.8,3108063.6,85.22812,28.08660,1002.3
124091,325877.8,3108033.6,85.22782,28.08633,1003.7
124121,325907.8,3108033.6,85.22812,28.08633,1003.7
124163,325877.8,3108003.6,85.22782,28.08606,1005.0
124193,325877.8,3107973.6,85.22782,28.08579,1005.8
124223,325877.8,3107943.6,85.22783,28.08552,1005.6
124265,325847.8,3107913.6,85.22753,28.08524,1002.8
124308,325817.8,3107883.6,85.22723,28.08497,1002.9
124350,325787.8,3107853.6,85.22693,28.08469,1002.8
124380,325787.8,3107823.6,85.22693,28.08442,1002.7
124410,325757.8,3107823.6,85.22663,28.08442,1002.7
124440,325757.8,3107793.6,85.22663,28.08415,1003.4
124470,325727.8,3107793.6,85.22632,28.08414,1003.4
124500,325697.8,3107793.6,85.22602,28.08414,1004.0
124530,325667.8,3107793.6,85.22571,28.08414,1004.6
124573,325697.8,3107763.6,85.22602,28.08387,1005.2
124603,325727.8,3107763.6,85.22633,28.08387,1005.4
124633,325757.8,3107763.6,85.22663,28.08388,1006.1
124675,325787.8,3107793.6,85.22694,28.08415,1005.0
124718,325817.8,3107823.6,85.22724,28.08443,1003.5
124748,325817.8,3107853.6,85.22723,28.08470,1003.0
124790,325847.8,3107883.6,85.22753,28.08497,1003.7
124820,325847.8,3107853.6,85.22754,28.08470,1004.3
124850,325847.8,3107823.6,85.22754,28.08443,1005.6
124892,325817.8,3107793.6,85.22724,28.08416,1005.8
124922,325847.8,3107793.6,85.22755,28.08416,1008.3
124965,325817.8,3107763.6,85.22724,28.08389,1011.5
124995,325787.8,3107763.6,85.22694,28.08388,1008.8
125037,325757.8,3107733.6,85.22664,28.08361,1014.4
125067,325727.8,3107733.6,85.22633,28.08360,1007.7
125097,325697.8,3107733.6,85.22603,28.08360,1007.7
125140,325667.8,3107763.6,85.22572,28.08387,1005.8
125170,325637.8,3107763.6,85.22541,28.08386,1005.2
125200,325607.8,3107763.6,85.22511,28.08386,1003.0
125230,325577.8,3107763.6,85.22480,28.08385,1003.2
125260,325577.8,3107733.6,85.22481,28.08358,1003.7
125290,325547.8,3107733.6,85.22450,28.08358,1004.6
125332,325517.8,3107703.6,85.22420,28.08330,1005.4
125375,325487.8,3107673.6,85.22390,28.08303,1003.2
125405,325457.8,3107673.6,85.22360,28.08303,998.9
125435,325427.8,3107673.6,85.22329,28.08302,997.1
125477,325397.8,3107643.6,85.22299,28.08275,998.8
125507,325427.8,3107643.6,85.22329,28.08275,1001.4
125549,325397.8,3107673.6,85.22299,28.08302,1002.5
125592,325367.8,3107643.6,85.22268,28.08274,1003.9
125634,325337.8,3107613.6,85.22238,28.08247,998.5
125677,325307.8,3107583.6,85.22208,28.08219,994.3
125707,325277.8,3107583.6,85.22178,28.08219,990.3
125749,325247.8,3107553.6,85.22148,28.08192,984.1
125779,325217.8,3107553.6,85.22117,28.08191,982.3
125822,325187.8,3107523.6,85.22087,28.08164,978.7
125852,325157.8,3107523.6,85.22057,28.08163,978.0
125894,325127.8,3107493.6,85.22027,28.08136,975.3
125936,325097.8,3107463.6,85.21996,28.08108,973.0
125966,325067.8,3107463.6,85.21966,28.08108,970.9
126009,325037.8,3107433.6,85.21936,28.08080,971.0
126039,325007.8,3107433.6,85.21905,28.08080,969.4
126081,324977.8,3107403.6,85.21875,28.08053,968.4
126111,324977.8,3107373.6,85.21876,28.08026,967.7
126154,324947.8,3107343.6,85.21846,28.07998,968.1
126196,324917.8,3107313.6,85.21816,28.07971,968.0
126239,324887.8,3107283.6,85.21785,28.07943,963.1
126269,324857.8,3107283.6,85.21755,28.07943,963.1
126311,324827.8,3107253.6,85.21725,28.07915,961.7
126353,324797.8,3107223.6,85.21695,28.07888,958.3
126383,324797.8,3107193.6,85.21695,28.07861,958.4
126413,324767.8,3107193.6,85.21665,28.07860,959.1
126456,324737.8,3107163.6,85.21635,28.07833,959.1
126498,324707.8,3107133.6,85.21605,28.07805,956.2
126541,324677.8,3107103.6,85.21575,28.07778,952.1
126583,324647.8,3107073.6,85.21544,28.07751,949.5
126625,324617.8,3107043.6,85.21514,28.07723,943.1
126668,324587.8,3107013.6,85.21484,28.07696,934.8
126698,324557.8,3107013.6,85.21454,28.07695,931.3
126728,324557.8,3106983.6,85.21454,28.07668,931.7
126758,324527.8,3106983.6,85.21424,28.07668,932.2
126800,324497.8,3106953.6,85.21394,28.07640,932.2
126830,324527.8,3106953.6,85.21424,28.07641,933.7
126873,324497.8,3106983.6,85.21393,28.07667,937.3
126915,324467.8,3106953.6,85.21363,28.07640,935.3
126958,324437.8,3106923.6,85.21333,28.07612,929.9
127000,324407.8,3106893.6,85.21303,28.07585,930.3
127030,324407.8,3106923.6,85.21303,28.07612,932.0
127072,324377.8,3106893.6,85.21272,28.07585,932.0
127102,324347.8,3106893.6,85.21242,28.07584,932.2
127145,324317.8,3106863.6,85.21212,28.07557,928.3
127187,324287.8,3106833.6,85.21182,28.07529,921.9
127230,324257.8,3106803.6,85.21152,28.07502,920.2
127260,324227.8,3106803.6,85.21121,28.07501,919.7
127302,324197.8,3106773.6,85.21091,28.07474,920.6
127332,324167.8,3106773.6,85.21061,28.07473,918.6
127362,324137.8,3106773.6,85.21030,28.07473,916.2
127392,324107.8,3106773.6,85.21000,28.07473,916.3
127435,324077.8,3106743.6,85.20970,28.07445,920.3
127465,324107.8,3106743.6,85.21000,28.07446,920.7
127507,324077.8,3106773.6,85.20969,28.07472,920.8
127549,324107.8,3106803.6,85.20999,28.07500,924.6
127579,324137.8,3106803.6,85.21030,28.07500,921.1
127609,324167.8,3106803.6,85.21060,28.07501,921.2
127639,324197.8,3106803.6,85.21091,28.07501,921.6
127682,324227.8,3106773.6,85.21122,28.07474,921.0
127712,324257.8,3106773.6,85.21152,28.07475,926.1
127754,324287.8,3106803.6,85.21182,28.07502,923.4
127797,324257.8,3106833.6,85.21151,28.07529,921.6
127827,324227.8,3106833.6,85.21121,28.07528,924.4
127869,324257.8,3106863.6,85.21151,28.07556,927.4
127899,324287.8,3106863.6,85.21181,28.07556,925.2
127942,324317.8,3106833.6,85.21212,28.07530,927.8
127972,324317.8,3106803.6,85.21213,28.07503,933.3
128014,324287.8,3106773.6,85.21183,28.07475,936.4
128056,324257.8,3106743.6,85.21153,28.07448,939.3
128086,324227.8,3106743.6,85.21122,28.07447,929.2
128116,324197.8,3106743.6,85.21092,28.07447,926.6
128146,324167.8,3106743.6,85.21061,28.07446,923.9
128176,324137.8,3106743.6,85.21031,28.07446,922.9
128206,324137.8,3106713.6,85.21031,28.07419,926.2
128249,324107.8,3106683.6,85.21001,28.07391,923.4
128291,324077.8,3106653.6,85.20971,28.07364,922.0
128334,324047.8,3106623.6,85.20941,28.07337,917.5
128376,324017.8,3106593.6,85.20911,28.07309,915.0
128419,323987.8,3106563.6,85.20881,28.07282,913.4
128461,323957.8,3106533.6,85.20851,28.07254,912.1
128503,323927.8,3106503.6,85.20821,28.07227,909.9
128533,323927.8,3106473.6,85.20821,28.07200,905.6
128563,323927.8,3106443.6,85.20821,28.07173,903.1
128593,323927.8,3106413.6,85.20822,28.07145,902.2
128623,323927.8,3106383.6,85.20822,28.07118,903.1
128666,323957.8,3106413.6,85.20852,28.07146,904.8
128696,323957.8,3106443.6,85.20852,28.07173,905.5
128726,323957.8,3106473.6,85.20852,28.07200,907.5
128768,323987.8,3106443.6,85.20882,28.07173,908.5
128798,323987.8,3106413.6,85.20883,28.07146,909.0
128841,323957.8,3106383.6,85.20853,28.07119,906.9
128883,323927.8,3106353.6,85.20823,28.07091,906.3
128926,323897.8,3106383.6,85.20792,28.07118,905.1
128956,323897.8,3106413.6,85.20791,28.07145,904.9
128986,323897.8,3106443.6,85.20791,28.07172,905.6
129016,323897.8,3106473.6,85.20790,28.07199,907.6
129046,323897.8,3106503.6,85.20790,28.07226,911.5
129088,323867.8,3106473.6,85.20760,28.07199,913.8
129118,323867.8,3106443.6,85.20760,28.07172,913.3
129148,323867.8,3106413.6,85.20761,28.07145,912.7
129178,323867.8,3106383.6,85.20761,28.07118,911.2
129220,323897.8,3106353.6,85.20792,28.07091,906.1
129263,323867.8,3106323.6,85.20762,28.07063,907.6
129305,323837.8,3106293.6,85.20732,28.07036,901.2
129348,323807.8,3106263.6,85.20702,28.07009,896.9
129378,323807.8,3106233.6,85.20703,28.06981,898.0
129420,323777.8,3106203.6,85.20672,28.06954,898.6
129463,323747.8,3106173.6,85.20642,28.06927,895.1
129505,323717.8,3106143.6,85.20612,28.06899,887.4
129535,323687.8,3106143.6,85.20582,28.06899,885.6
129565,323687.8,3106113.6,85.20582,28.06872,886.0
129595,323657.8,3106113.6,85.20552,28.06871,888.3
129625,323657.8,3106143.6,85.20551,28.06898,889.2
129667,323687.8,3106173.6,85.20581,28.06926,890.8
129697,323717.8,3106173.6,85.20612,28.06926,891.2
129740,323747.8,3106143.6,85.20643,28.06899,895.9
129782,323717.8,3106113.6,85.20613,28.06872,890.4
129825,323687.8,3106083.6,85.20583,28.06845,890.4
129855,323657.8,3106083.6,85.20552,28.06844,890.0
129897,323627.8,3106053.6,85.20522,28.06817,888.7
129927,323627.8,3106023.6,85.20523,28.06790,884.4
129957,323627.8,3105993.6,85.20523,28.06763,879.6
129987,323627.8,3105963.6,85.20523,28.06735,872.6
130017,323627.8,3105933.6,85.20524,28.06708,864.9
130047,323627.8,3105903.6,85.20524,28.06681,860.2
130090,323657.8,3105873.6,85.20555,28.06655,858.4
130132,323627.8,3105843.6,85.20525,28.06627,856.8
130162,323627.8,3105813.6,85.20526,28.06600,855.2
130192,323627.8,3105783.6,85.20526,28.06573,856.3
130234,323657.8,3105813.6,85.20556,28.06601,857.3
130264,323657.8,3105783.6,85.20557,28.06573,857.4
130294,323657.8,3105753.6,85.20557,28.06546,859.5
130337,323687.8,3105783.6,85.20587,28.06574,860.6
130367,323687.8,3105813.6,85.20587,28.06601,859.7
130409,323657.8,3105843.6,85.20556,28.06628,857.6
130452,323627.8,3105873.6,85.20525,28.06654,858.4
130494,323597.8,3105843.6,85.20495,28.06627,859.6
130524,323597.8,3105813.6,85.20495,28.06600,859.3
130554,323597.8,3105783.6,85.20496,28.06573,863.4
130597,323627.8,3105753.6,85.20527,28.06546,860.8
130639,323657.8,3105723.6,85.20558,28.06519,862.1
130681,323687.8,3105693.6,85.20589,28.06493,858.1
130724,323717.8,3105663.6,85.20620,28.06466,852.2
130754,323717.8,3105633.6,85.20620,28.06439,851.0
130796,323747.8,3105603.6,85.20651,28.06412,848.2
130826,323747.8,3105573.6,85.20651,28.06385,850.1
130869,323717.8,3105603.6,85.20620,28.06412,851.7
130911,323747.8,3105633.6,85.20650,28.06439,851.8
130941,323747.8,3105663.6,85.20650,28.06466,854.7
130984,323717.8,3105693.6,85.20619,28.06493,854.9
131014,323747.8,3105693.6,85.20650,28.06493,855.9
131056,323717.8,3105723.6,85.20619,28.06520,859.2
131086,323747.8,3105723.6,85.20649,28.06521,860.1
131128,323717.8,3105753.6,85.20618,28.06547,863.1
131171,323687.8,3105723.6,85.20588,28.06520,860.6
131201,323687.8,3105753.6,85.20588,28.06547,861.3
131243,323717.8,3105783.6,85.20618,28.06574,864.2
131273,323717.8,3105813.6,85.20617,28.06601,865.1
131316,323687.8,3105843.6,85.20586,28.06628,860.2
131346,323687.8,3105873.6,85.20586,28.06655,863.8
131388,323657.8,3105903.6,85.20555,28.06682,862.1
131418,323657.8,3105933.6,85.20554,28.06709,869.2
131460,323687.8,3105903.6,85.20585,28.06682,870.2
131503,323717.8,3105873.6,85.20616,28.06655,875.4
131533,323717.8,3105843.6,85.20617,28.06628,868.6
131575,323747.8,3105813.6,85.20648,28.06602,874.9
131605,323747.8,3105783.6,85.20648,28.06575,870.0
131635,323747.8,3105753.6,85.20649,28.06548,866.1
131678,323777.8,3105723.6,85.20680,28.06521,870.1
131708,323777.8,3105693.6,85.20680,28.06494,866.9
131738,323777.8,3105663.6,85.20681,28.06467,868.6
131768,323777.8,3105633.6,85.20681,28.06440,866.2
131798,323777.8,3105603.6,85.20681,28.06413,858.1
131828,323777.8,3105573.6,85.20682,28.06386,857.8
131870,323747.8,3105543.6,85.20652,28.06358,858.5
131913,323717.8,3105573.6,85.20621,28.06385,857.1
131955,323687.8,3105603.6,85.20590,28.06411,863.8
131985,323687.8,3105633.6,85.20589,28.06439,860.1
132015,323687.8,3105663.6,85.20589,28.06466,857.9
132057,323657.8,3105693.6,85.20558,28.06492,863.1
132100,323627.8,3105723.6,85.20527,28.06519,865.0
132130,323627.8,3105693.6,85.20528,28.06492,868.0
132172,323657.8,3105663.6,85.20559,28.06465,866.0
132202,323657.8,3105633.6,85.20559,28.06438,872.0
132245,323627.8,3105663.6,85.20528,28.06465,874.2
132287,323597.8,3105693.6,85.20497,28.06491,876.8
132317,323597.8,3105723.6,85.20497,28.06519,872.3
132347,323597.8,3105753.6,85.20496,28.06546,868.7
132951,323867.8,3105213.6,85.20779,28.06062,827.1
132981,323867.8,3105243.6,85.20778,28.06089,827.2
133011,323837.8,3105243.6,85.20748,28.06089,827.2
133041,323837.8,3105213.6,85.20748,28.06062,828.6
133083,323867.8,3105183.6,85.20779,28.06035,830.4
133113,323837.8,3105183.6,85.20749,28.06034,831.7
133156,323867.8,3105153.6,85.20780,28.06008,834.6
133186,323867.8,3105123.6,85.20780,28.05981,832.9
133216,323867.8,3105093.6,85.20781,28.05954,831.6
133246,323867.8,3105063.6,85.20781,28.05927,831.6
133276,323867.8,3105033.6,85.20782,28.05900,831.3
133306,323867.8,3105003.6,85.20782,28.05872,832.2
133336,323867.8,3104973.6,85.20782,28.05845,832.9
133378,323897.8,3104943.6,85.20813,28.05819,833.1
133408,323897.8,3104913.6,85.20814,28.05792,833.4
133451,323867.8,3104943.6,85.20783,28.05818,834.4
133493,323897.8,3104973.6,85.20813,28.05846,833.9
133523,323897.8,3105003.6,85.20813,28.05873,834.4
133553,323897.8,3105033.6,85.20812,28.05900,834.1
133583,323897.8,3105063.6,85.20812,28.05927,834.0
133613,323897.8,3105093.6,85.20811,28.05954,835.0
133643,323897.8,3105123.6,85.20811,28.05981,838.6
133673,323897.8,3105153.6,85.20810,28.06008,842.0
133703,323897.8,3105183.6,85.20810,28.06035,838.5
133733,323897.8,3105213.6,85.20809,28.06062,836.5
133763,323897.8,3105243.6,85.20809,28.06089,842.4
133805,323867.8,3105273.6,85.20778,28.06116,834.1
133835,323837.8,3105273.6,85.20747,28.06116,830.2
133865,323807.8,3105273.6,85.20717,28.06115,835.6
133908,323837.8,3105303.6,85.20747,28.06143,836.5
133938,323807.8,3105303.6,85.20716,28.06142,839.1
133968,323807.8,3105333.6,85.20716,28.06169,844.6
133998,323837.8,3105333.6,85.20747,28.06170,845.1
134040,323867.8,3105303.6,85.20777,28.06143,845.1
134083,323897.8,3105273.6,85.20808,28.06116,853.4
134713,323867.8,3104643.6,85.20787,28.05548,828.8
134756,323897.8,3104673.6,85.20817,28.05575,829.5
134786,323867.8,3104673.6,85.20787,28.05575,829.7
134828,323897.8,3104643.6,85.20818,28.05548,829.7
134871,323867.8,3104613.6,85.20788,28.05521,832.2
134913,323837.8,3104583.6,85.20758,28.05493,834.4
134956,323867.8,3104553.6,85.20789,28.05466,833.5
134986,323867.8,3104523.6,85.20789,28.05439,832.5
135028,323837.8,3104493.6,85.20759,28.05412,832.4
135058,323837.8,3104523.6,85.20759,28.05439,832.6
135088,323837.8,3104553.6,85.20758,28.05466,833.6
135130,323867.8,3104583.6,85.20788,28.05494,834.7
135173,323897.8,3104613.6,85.20818,28.05521,834.5
135203,323897.8,3104583.6,85.20819,28.05494,838.7
135233,323897.8,3104553.6,85.20819,28.05467,838.7
135263,323897.8,3104523.6,85.20820,28.05440,839.3
135305,323867.8,3104493.6,85.20790,28.05412,834.2
135348,323837.8,3104463.6,85.20760,28.05385,834.2
135390,323807.8,3104433.6,85.20729,28.05357,834.0
135433,323777.8,3104403.6,85.20699,28.05330,830.6
135475,323747.8,3104373.6,85.20669,28.05302,829.9
135517,323717.8,3104343.6,85.20639,28.05275,829.0
135547,323717.8,3104313.6,85.20640,28.05248,827.5
135590,323687.8,3104283.6,85.20610,28.05220,829.0
135632,323657.8,3104253.6,85.20580,28.05193,826.8
135675,323627.8,3104223.6,85.20550,28.05165,819.8
135717,323597.8,3104193.6,85.20520,28.05138,816.5
135747,323627.8,3104193.6,85.20550,28.05138,816.5
135790,323597.8,3104223.6,85.20519,28.05165,818.1
135820,323567.8,3104223.6,85.20489,28.05165,818.4
135850,323567.8,3104193.6,85.20489,28.05138,819.0
135892,323597.8,3104163.6,85.20520,28.05111,819.0
135922,323567.8,3104163.6,85.20489,28.05111,820.7
135952,323537.8,3104163.6,85.20459,28.05110,819.2
135994,323507.8,3104133.6,85.20429,28.05083,815.6
136037,323477.8,3104103.6,85.20399,28.05055,814.9
136067,323447.8,3104103.6,85.20368,28.05055,813.7
136109,323417.8,3104073.6,85.20338,28.05027,811.0
136152,323387.8,3104043.6,85.20308,28.05000,812.7
136182,323387.8,3104073.6,85.20308,28.05027,813.9
136224,323417.8,3104103.6,85.20338,28.05054,813.8
136267,323447.8,3104073.6,85.20369,28.05028,814.6
136309,323417.8,3104043.6,85.20339,28.05000,814.1
136351,323387.8,3104013.6,85.20309,28.04973,815.0
136381,323387.8,3103983.6,85.20309,28.04946,815.6
136411,323387.8,3103953.6,85.20310,28.04919,815.6
136454,323357.8,3103923.6,85.20279,28.04891,814.3
136496,323327.8,3103893.6,85.20249,28.04864,808.0
136526,323327.8,3103863.6,85.20250,28.04837,806.3
136569,323297.8,3103833.6,85.20220,28.04809,806.4
136599,323297.8,3103803.6,85.20220,28.04782,806.5
136629,323297.8,3103773.6,85.20221,28.04755,806.3
136671,323267.8,3103743.6,85.20191,28.04728,804.4
136701,323267.8,3103713.6,85.20191,28.04701,804.3
136744,323237.8,3103683.6,85.20161,28.04673,804.5
136786,323207.8,3103653.6,85.20131,28.04646,803.9
136816,323207.8,3103623.6,85.20131,28.04619,802.8
136858,323177.8,3103593.6,85.20101,28.04591,802.5
136901,323147.8,3103563.6,85.20071,28.04564,799.7
136943,323117.8,3103533.6,85.20041,28.04536,799.1
136986,323087.8,3103503.6,85.20011,28.04509,798.3
137016,323057.8,3103503.6,85.19981,28.04508,796.2
137058,323027.8,3103473.6,85.19951,28.04481,792.8
137101,322997.8,3103443.6,85.19921,28.04453,792.6
137131,323027.8,3103443.6,85.19951,28.04454,794.2
137173,322997.8,3103473.6,85.19920,28.04480,796.9
137215,323027.8,3103503.6,85.19950,28.04508,796.6
137258,323057.8,3103473.6,85.19981,28.04481,797.1
137288,323057.8,3103443.6,85.19982,28.04454,805.1
137330,323087.8,3103473.6,85.20012,28.04482,805.4
137373,323117.8,3103503.6,85.20042,28.04509,803.0
137415,323087.8,3103533.6,85.20011,28.04536,799.0
137445,323057.8,3103533.6,85.19980,28.04535,799.4
137488,323087.8,3103563.6,85.20010,28.04563,802.6
137518,323117.8,3103563.6,85.20041,28.04563,800.6
137560,323147.8,3103533.6,85.20072,28.04537,801.7
137602,323177.8,3103563.6,85.20102,28.04564,804.8
137645,323147.8,3103593.6,85.20071,28.04591,802.7
137675,323117.8,3103593.6,85.20040,28.04590,805.0
137717,323147.8,3103623.6,85.20070,28.04618,808.3
137747,323177.8,3103623.6,85.20101,28.04618,805.0
137790,323207.8,3103593.6,85.20132,28.04591,806.1
137832,323237.8,3103623.6,85.20162,28.04619,808.4
137862,323237.8,3103653.6,85.20161,28.04646,804.6
137904,323267.8,3103683.6,85.20192,28.04673,805.2
137947,323237.8,3103713.6,85.20161,28.04700,806.0
137977,323237.8,3103743.6,85.20160,28.04727,808.1
138019,323267.8,3103773.6,85.20190,28.04755,806.6
138062,323297.8,3103743.6,85.20221,28.04728,805.7
138092,323297.8,3103713.6,85.20222,28.04701,806.5
138122,323297.8,3103683.6,85.20222,28.04674,811.2
138164,323267.8,3103653.6,85.20192,28.04646,810.3
138194,323297.8,3103653.6,85.20223,28.04647,820.4
138237,323267.8,3103623.6,85.20192,28.04619,820.8
138279,323237.8,3103593.6,85.20162,28.04592,817.2
138321,323207.8,3103563.6,85.20132,28.04564,818.0
138364,323177.8,3103533.6,85.20102,28.04537,812.7
138406,323147.8,3103503.6,85.20072,28.04509,811.7
138449,323117.8,3103473.6,85.20042,28.04482,816.6
138491,323087.8,3103443.6,85.20012,28.04455,821.6
138534,323057.8,3103413.6,85.19982,28.04427,821.6
138564,323027.8,3103413.6,85.19952,28.04427,805.7
138594,322997.8,3103413.6,85.19921,28.04426,798.8
138624,322967.8,3103413.6,85.19891,28.04426,796.2
138654,322967.8,3103443.6,85.19890,28.04453,796.9
138696,322937.8,3103413.6,85.19860,28.04425,798.4
138726,322937.8,3103383.6,85.19860,28.04398,798.3
138768,322907.8,3103353.6,85.19830,28.04371,799.9
138798,322877.8,3103353.6,85.19800,28.04371,797.4
138841,322847.8,3103323.6,85.19770,28.04343,792.5
138871,322817.8,3103323.6,85.19739,28.04343,791.7
138913,322787.8,3103293.6,85.19709,28.04315,792.0
138956,322757.8,3103263.6,85.19679,28.04288,789.7
138986,322757.8,3103233.6,85.19680,28.04261,788.6
139028,322727.8,3103203.6,85.19650,28.04233,788.4
139058,322697.8,3103203.6,85.19619,28.04233,788.5
139101,322667.8,3103173.6,85.19589,28.04205,787.9
139143,322637.8,3103143.6,85.19559,28.04178,785.6
139185,322607.8,3103113.6,85.19529,28.04150,781.4
139215,322607.8,3103083.6,85.19529,28.04123,782.0
139245,322577.8,3103083.6,85.19499,28.04123,782.0
139288,322547.8,3103053.6,85.19469,28.04095,782.3
139318,322547.8,3103023.6,85.19469,28.04068,782.1
139360,322517.8,3102993.6,85.19439,28.04041,779.9
139403,322487.8,3102963.6,85.19409,28.04013,779.1
139445,322457.8,3102933.6,85.19379,28.03986,775.3
139475,322457.8,3102903.6,85.19380,28.03959,771.7
139505,322457.8,3102873.6,85.19380,28.03932,772.3
139535,322487.8,3102873.6,85.19410,28.03932,773.0
139565,322487.8,3102843.6,85.19411,28.03905,773.0
139595,322487.8,3102813.6,85.19411,28.03878,772.8
139625,322487.8,3102783.6,85.19412,28.03851,772.7
139668,322457.8,3102753.6,85.19382,28.03824,769.8
139698,322457.8,3102723.6,85.19382,28.03796,768.5
139728,322427.8,3102723.6,85.19352,28.03796,769.9
139770,322457.8,3102693.6,85.19383,28.03769,771.0
139800,322427.8,3102693.6,85.19352,28.03769,771.4
139842,322457.8,3102663.6,85.19383,28.03742,771.6
139872,322457.8,3102633.6,85.19384,28.03715,768.2
139902,322457.8,3102603.6,85.19384,28.03688,763.3
139945,322427.8,3102573.6,85.19354,28.03661,762.6
139975,322457.8,3102573.6,85.19385,28.03661,762.6
140017,322427.8,3102603.6,85.19354,28.03688,763.4
140047,322427.8,3102633.6,85.19353,28.03715,769.7
140090,322397.8,3102603.6,85.19323,28.03687,771.6
140120,322397.8,3102573.6,85.19323,28.03660,770.8
140162,322427.8,3102543.6,85.19354,28.03634,765.9
140192,322457.8,3102543.6,85.19385,28.03634,765.7
140222,322457.8,3102513.6,85.19385,28.03607,767.5
140252,322457.8,3102483.6,85.19386,28.03580,764.4
140282,322457.8,3102453.6,85.19386,28.03553,761.5
140325,322487.8,3102423.6,85.19417,28.03526,761.6
140355,322487.8,3102393.6,85.19418,28.03499,761.0
140385,322487.8,3102363.6,85.19418,28.03472,760.8
140415,322487.8,3102333.6,85.19419,28.03445,759.6
140457,322457.8,3102303.6,85.19389,28.03418,755.8
140499,322487.8,3102273.6,85.19420,28.03391,758.7
140529,322487.8,3102243.6,85.19420,28.03364,757.4
140559,322487.8,3102213.6,85.19420,28.03337,753.9
140589,322487.8,3102183.6,85.19421,28.03310,752.8
140619,322487.8,3102153.6,85.19421,28.03283,753.0
140649,322487.8,3102123.6,85.19422,28.03256,752.9
140679,322487.8,3102093.6,85.19422,28.03228,753.4
140709,322457.8,3102093.6,85.19392,28.03228,754.4
140739,322457.8,3102123.6,85.19391,28.03255,754.8
140769,322457.8,3102153.6,85.19391,28.03282,755.3
140799,322457.8,3102183.6,85.19390,28.03309,756.0
140829,322457.8,3102213.6,85.19390,28.03336,757.2
140859,322457.8,3102243.6,85.19389,28.03363,759.7
140889,322457.8,3102273.6,85.19389,28.03390,759.0
140932,322487.8,3102303.6,85.19419,28.03418,758.7
140974,322457.8,3102333.6,85.19388,28.03445,761.1
141017,322427.8,3102303.6,85.19358,28.03417,760.3
141047,322427.8,3102273.6,85.19359,28.03390,761.0
141077,322427.8,3102243.6,85.19359,28.03363,762.5
141107,322427.8,3102213.6,85.19359,28.03336,762.0
141137,322427.8,3102183.6,85.19360,28.03309,761.6
141167,322427.8,3102153.6,85.19360,28.03282,761.8
141197,322427.8,3102123.6,85.19361,28.03255,762.5
141227,322427.8,3102093.6,85.19361,28.03228,761.5
141269,322457.8,3102063.6,85.19392,28.03201,755.6
141299,322487.8,3102063.6,85.19423,28.03201,755.9
141342,322517.8,3102093.6,85.19453,28.03229,757.7
141372,322517.8,3102123.6,85.19452,28.03256,756.7
141402,322517.8,3102153.6,85.19452,28.03283,755.6
141432,322517.8,3102183.6,85.19451,28.03310,754.9
141462,322517.8,3102213.6,85.19451,28.03337,756.3
141492,322517.8,3102243.6,85.19450,28.03364,760.8
141522,322517.8,3102273.6,85.19450,28.03391,764.8
141552,322517.8,3102303.6,85.19450,28.03418,764.5
141582,322517.8,3102333.6,85.19449,28.03445,764.5
141612,322517.8,3102363.6,85.19449,28.03472,766.4
141642,322517.8,3102393.6,85.19448,28.03500,768.8
141672,322517.8,3102423.6,85.19448,28.03527,771.4
141714,322487.8,3102453.6,85.19417,28.03553,763.0
141756,322457.8,3102423.6,85.19387,28.03526,761.7
141786,322457.8,3102393.6,85.19387,28.03499,763.0
141816,322457.8,3102363.6,85.19388,28.03472,763.2
141859,322427.8,3102333.6,85.19358,28.03444,768.4
141901,322397.8,3102303.6,85.19328,28.03417,765.1
141931,322397.8,3102273.6,85.19328,28.03390,763.5
141961,322397.8,3102243.6,85.19328,28.03363,765.8
141991,322397.8,3102213.6,85.19329,28.03336,767.6
142021,322397.8,3102183.6,85.19329,28.03308,768.9
142051,322397.8,3102153.6,85.19330,28.03281,771.2
142081,322397.8,3102123.6,85.19330,28.03254,774.4
142111,322397.8,3102093.6,85.19331,28.03227,773.9
142154,322427.8,3102063.6,85.19362,28.03201,759.9
142196,322457.8,3102033.6,85.19393,28.03174,759.2
142226,322487.8,3102033.6,85.19423,28.03174,760.7
142269,322517.8,3102063.6,85.19453,28.03202,759.8
142299,322517.8,3102033.6,85.19454,28.03175,763.9
142341,322487.8,3102003.6,85.19424,28.03147,766.2
142371,322457.8,3102003.6,85.19393,28.03147,763.9
142413,322427.8,3102033.6,85.19362,28.03174,760.7
142443,322427.8,3102003.6,85.19363,28.03146,763.0
142473,322427.8,3101973.6,85.19363,28.03119,766.0
142503,322457.8,3101973.6,85.19394,28.03120,767.4
142546,322427.8,3101943.6,85.19364,28.03092,768.1
142576,322457.8,3101943.6,85.19394,28.03093,769.5
142618,322427.8,3101913.6,85.19364,28.03065,769.5
142661,322397.8,3101883.6,85.19334,28.03038,768.9
142691,322397.8,3101853.6,85.19334,28.03011,765.7
142733,322367.8,3101823.6,85.19304,28.02983,763.5
142763,322367.8,3101793.6,85.19305,28.02956,760.6
142806,322337.8,3101763.6,85.19275,28.02929,758.2
142848,322307.8,3101733.6,85.19245,28.02901,753.3
142890,322277.8,3101703.6,85.19215,28.02874,749.2
142920,322277.8,3101673.6,85.19215,28.02847,747.4
142963,322247.8,3101643.6,85.19185,28.02819,745.0
143005,322217.8,3101613.6,85.19155,28.02792,742.5
143048,322187.8,3101583.6,85.19125,28.02764,740.6
143090,322217.8,3101553.6,85.19156,28.02738,740.4
143120,322217.8,3101523.6,85.19156,28.02711,739.1
143150,322217.8,3101493.6,85.19157,28.02683,738.5
143193,322187.8,3101463.6,85.19127,28.02656,737.2
143235,322157.8,3101433.6,85.19097,28.02629,736.0
143277,322127.8,3101403.6,85.19067,28.02601,735.0
143307,322097.8,3101403.6,85.19036,28.02601,733.0
143337,322067.8,3101403.6,85.19006,28.02600,733.3
143380,322037.8,3101373.6,85.18976,28.02573,731.3
143410,322007.8,3101373.6,85.18945,28.02572,729.4
143440,321977.8,3101373.6,85.18915,28.02572,728.9
143470,321947.8,3101373.6,85.18884,28.02572,727.6
143500,321917.8,3101373.6,85.18854,28.02571,727.4
143542,321887.8,3101343.6,85.18823,28.02544,727.8
143585,321857.8,3101313.6,85.18793,28.02516,725.9
143615,321857.8,3101343.6,85.18793,28.02543,726.4
143657,321827.8,3101313.6,85.18763,28.02516,726.7
143687,321797.8,3101313.6,85.18732,28.02515,726.7
143717,321767.8,3101313.6,85.18702,28.02515,724.7
143747,321767.8,3101343.6,85.18701,28.02542,724.8
143789,321737.8,3101313.6,85.18671,28.02515,724.9
143819,321737.8,3101343.6,85.18671,28.02542,725.0
143862,321707.8,3101313.6,85.18641,28.02514,725.4
143892,321707.8,3101283.6,85.18641,28.02487,725.6
143934,321677.8,3101253.6,85.18611,28.02460,725.6
143977,321647.8,3101223.6,85.18581,28.02432,723.8
144019,321617.8,3101193.6,85.18551,28.02405,722.2
144062,321587.8,3101163.6,85.18521,28.02377,721.4
144092,321587.8,3101133.6,85.18522,28.02350,720.1
144122,321587.8,3101103.6,85.18522,28.02323,719.4
144152,321587.8,3101073.6,85.18523,28.02296,719.2
144194,321557.8,3101043.6,85.18492,28.02269,717.9
144224,321557.8,3101013.6,85.18493,28.02242,717.5
144254,321557.8,3100983.6,85.18493,28.02214,717.2
144284,321557.8,3100953.6,85.18494,28.02187,716.9
144326,321587.8,3100923.6,85.18525,28.02161,716.5
144369,321617.8,3100893.6,85.18556,28.02134,715.2
144411,321647.8,3100863.6,85.18587,28.02107,714.4
144441,321647.8,3100833.6,85.18587,28.02080,715.0
144471,321677.8,3100833.6,85.18618,28.02081,716.0
144501,321677.8,3100863.6,85.18617,28.02108,717.6
144544,321647.8,3100893.6,85.18586,28.02134,715.9
144586,321617.8,3100923.6,85.18555,28.02161,716.3
144629,321587.8,3100893.6,85.18525,28.02134,716.9
144671,321617.8,3100863.6,85.18556,28.02107,716.5
144701,321587.8,3100863.6,85.18526,28.02107,720.7
144743,321557.8,3100893.6,85.18495,28.02133,720.5
144773,321557.8,3100923.6,85.18494,28.02160,717.8
144816,321587.8,3100953.6,85.18524,28.02188,717.3
144846,321617.8,3100953.6,85.18555,28.02188,717.3
144888,321587.8,3100983.6,85.18524,28.02215,718.2
144918,321617.8,3100983.6,85.18554,28.02215,718.3
144961,321587.8,3101013.6,85.18523,28.02242,718.7
144991,321587.8,3101043.6,85.18523,28.02269,719.2
145033,321557.8,3101073.6,85.18492,28.02296,719.3
145063,321557.8,3101103.6,85.18492,28.02323,721.6
145093,321557.8,3101133.6,85.18491,28.02350,723.5
145123,321557.8,3101163.6,85.18491,28.02377,729.5
145166,321587.8,3101193.6,85.18521,28.02404,725.8
145208,321617.8,3101163.6,85.18552,28.02378,722.1
145238,321617.8,3101133.6,85.18552,28.02351,721.2
145268,321617.8,3101103.6,85.18553,28.02324,721.3
145298,321617.8,3101073.6,85.18553,28.02296,721.6
145328,321617.8,3101043.6,85.18553,28.02269,721.0
145358,321617.8,3101013.6,85.18554,28.02242,719.5
145400,321647.8,3100983.6,85.18585,28.02216,722.5
145430,321647.8,3100953.6,85.18585,28.02189,720.2
145460,321647.8,3100923.6,85.18586,28.02162,718.3
145503,321677.8,3100893.6,85.18617,28.02135,722.4
145545,321707.8,3100863.6,85.18648,28.02108,724.3
145575,321707.8,3100833.6,85.18648,28.02081,719.8
145605,321707.8,3100803.6,85.18649,28.02054,717.7
145648,321737.8,3100773.6,85.18680,28.02027,715.4
145690,321767.8,3100743.6,85.18711,28.02001,713.9
145720,321767.8,3100713.6,85.18711,28.01974,714.0
145763,321797.8,3100683.6,85.18742,28.01947,713.8
145793,321797.8,3100653.6,85.18742,28.01920,711.8
145823,321797.8,3100623.6,85.18743,28.01893,710.8
145865,321767.8,3100593.6,85.18713,28.01865,708.3
145895,321767.8,3100563.6,85.18713,28.01838,706.5
145925,321767.8,3100533.6,85.18714,28.01811,706.1
145967,321797.8,3100503.6,85.18745,28.01785,705.2
145997,321797.8,3100473.6,85.18745,28.01758,703.2
146027,321797.8,3100443.6,85.18746,28.01730,701.5
146057,321797.8,3100413.6,85.18746,28.01703,700.3
146087,321797.8,3100383.6,85.18746,28.01676,700.1
146117,321797.8,3100353.6,85.18747,28.01649,701.6
146147,321767.8,3100353.6,85.18716,28.01649,702.5
146190,321737.8,3100323.6,85.18686,28.01621,700.3
146232,321707.8,3100293.6,85.18656,28.01594,698.0
146275,321677.8,3100263.6,85.18626,28.01566,694.9
146317,321647.8,3100233.6,85.18596,28.01539,692.1
146360,321617.8,3100203.6,85.18566,28.01511,690.6
146402,321587.8,3100173.6,85.18536,28.01484,690.3
146432,321587.8,3100143.6,85.18537,28.01457,690.1
146474,321557.8,3100113.6,85.18507,28.01429,690.0
146517,321527.8,3100083.6,85.18477,28.01402,689.1
146559,321497.8,3100053.6,85.18446,28.01375,687.8
146589,321497.8,3100023.6,85.18447,28.01347,687.4
146619,321497.8,3099993.6,85.18447,28.01320,686.4
146649,321497.8,3099963.6,85.18448,28.01293,686.3
146692,321467.8,3099933.6,85.18418,28.01266,686.0
146722,321467.8,3099903.6,85.18418,28.01239,685.4
146752,321467.8,3099873.6,85.18419,28.01212,684.5
146794,321437.8,3099843.6,85.18389,28.01184,683.6
146824,321437.8,3099813.6,85.18389,28.01157,682.7
146854,321437.8,3099783.6,85.18390,28.01130,682.6
146897,321407.8,3099753.6,85.18360,28.01103,682.0
146927,321407.8,3099723.6,85.18360,28.01076,680.9
146957,321407.8,3099693.6,85.18360,28.01049,680.4
146987,321407.8,3099663.6,85.18361,28.01021,679.3
147017,321407.8,3099633.6,85.18361,28.00994,678.4
147047,321407.8,3099603.6,85.18362,28.00967,677.6
147077,321407.8,3099573.6,85.18362,28.00940,676.2
147107,321407.8,3099543.6,85.18363,28.00913,675.0
147137,321407.8,3099513.6,85.18363,28.00886,675.8
147167,321407.8,3099483.6,85.18364,28.00859,673.2
147197,321407.8,3099453.6,85.18364,28.00832,670.3
147227,321407.8,3099423.6,85.18364,28.00805,672.3
147257,321407.8,3099393.6,85.18365,28.00778,671.3
147287,321407.8,3099363.6,85.18365,28.00751,671.0
147317,321407.8,3099333.6,85.18366,28.00724,670.8
147359,321437.8,3099303.6,85.18397,28.00697,670.7
147389,321437.8,3099273.6,85.18397,28.00670,670.0
147431,321407.8,3099243.6,85.18367,28.00642,669.5
147461,321407.8,3099213.6,85.18368,28.00615,668.6
147504,321437.8,3099183.6,85.18399,28.00589,668.1
147534,321437.8,3099153.6,85.18399,28.00562,667.8
147576,321467.8,3099123.6,85.18430,28.00535,667.9
147606,321467.8,3099093.6,85.18430,28.00508,667.4
147636,321467.8,3099063.6,85.18431,28.00481,667.0
147666,321467.8,3099033.6,85.18431,28.00454,666.0
147696,321467.8,3099003.6,85.18432,28.00427,665.2
147726,321467.8,3098973.6,85.18432,28.00400,664.9
147756,321467.8,3098943.6,85.18433,28.00373,664.1
147799,321437.8,3098913.6,85.18403,28.00345,663.3
147829,321437.8,3098883.6,85.18403,28.00318,662.8
147859,321437.8,3098853.6,85.18404,28.00291,661.9
147889,321437.8,3098823.6,85.18404,28.00264,662.2
147919,321437.8,3098793.6,85.18405,28.00237,663.0
147961,321407.8,3098763.6,85.18374,28.00209,661.6
147991,321407.8,3098733.6,85.18375,28.00182,661.1
148034,321437.8,3098703.6,85.18406,28.00156,661.6
148076,321467.8,3098673.6,85.18437,28.00129,661.9
148106,321467.8,3098643.6,85.18437,28.00102,660.7
148136,321467.8,3098613.6,85.18438,28.00075,659.9
148166,321467.8,3098583.6,85.18438,28.00048,658.0
148196,321467.8,3098553.6,85.18439,28.00021,656.3
148238,321497.8,3098523.6,85.18470,27.99994,653.6
148281,321527.8,3098493.6,85.18501,27.99967,652.9
148311,321527.8,3098463.6,85.18501,27.99940,652.1
148341,321527.8,3098433.6,85.18501,27.99913,651.9
148383,321557.8,3098403.6,85.18532,27.99887,650.9
148413,321557.8,3098373.6,85.18533,27.99860,650.5
148456,321587.8,3098343.6,85.18564,27.99833,649.9
148486,321587.8,3098313.6,85.18564,27.99806,649.0
148528,321617.8,3098283.6,85.18595,27.99779,648.1
148558,321617.8,3098253.6,85.18596,27.99752,647.5
148588,321617.8,3098223.6,85.18596,27.99725,647.5
148618,321617.8,3098193.6,85.18597,27.99698,646.4
148648,321617.8,3098163.6,85.18597,27.99671,645.6
148691,321587.8,3098133.6,85.18567,27.99643,644.9
148733,321557.8,3098103.6,85.18537,27.99616,644.0
148763,321557.8,3098073.6,85.18537,27.99589,643.5
148793,321527.8,3098073.6,85.18507,27.99588,643.6
148823,321527.8,3098043.6,85.18507,27.99561,644.3
148865,321497.8,3098013.6,85.18477,27.99534,642.5
148908,321467.8,3097983.6,85.18447,27.99506,641.9
148950,321437.8,3097953.6,85.18417,27.99479,640.9
148993,321407.8,3097923.6,85.18387,27.99451,639.5
149035,321377.8,3097893.6,85.18357,27.99424,638.7
149078,321347.8,3097863.6,85.18327,27.99397,637.6
149120,321317.8,3097833.6,85.18297,27.99369,637.0
149162,321287.8,3097803.6,85.18267,27.99342,637.4
149205,321257.8,3097773.6,85.18237,27.99314,637.0
149235,321257.8,3097743.6,85.18237,27.99287,636.2
149265,321257.8,3097713.6,85.18238,27.99260,636.5
149307,321227.8,3097683.6,85.18208,27.99233,634.7
149350,321257.8,3097653.6,85.18239,27.99206,634.0
149380,321257.8,3097623.6,85.18239,27.99179,632.9
149422,321287.8,3097593.6,85.18270,27.99152,633.0
149452,321287.8,3097563.6,85.18271,27.99125,632.1
149494,321317.8,3097533.6,85.18302,27.99098,631.3
149524,321317.8,3097503.6,85.18302,27.99071,630.8
149554,321317.8,3097473.6,85.18303,27.99044,630.5
149584,321317.8,3097443.6,85.18303,27.99017,630.3
149627,321287.8,3097413.6,85.18273,27.98990,630.0
149669,321257.8,3097383.6,85.18243,27.98962,629.7
149712,321227.8,3097353.6,85.18213,27.98935,629.2
149742,321197.8,3097353.6,85.18182,27.98934,628.8
149784,321167.8,3097323.6,85.18152,27.98907,627.9
149827,321137.8,3097293.6,85.18122,27.98879,627.7
149857,321107.8,3097293.6,85.18092,27.98879,627.2
149899,321077.8,3097263.6,85.18062,27.98852,626.7
149929,321077.8,3097233.6,85.18062,27.98824,626.7
149971,321047.8,3097203.6,85.18032,27.98797,625.6
150001,321047.8,3097173.6,85.18033,27.98770,625.6
150031,321047.8,3097143.6,85.18033,27.98743,625.1
150061,321047.8,3097113.6,85.18034,27.98716,624.5
150091,321047.8,3097083.6,85.18034,27.98689,623.8
150121,321047.8,3097053.6,85.18034,27.98662,623.8
150164,321077.8,3097023.6,85.18065,27.98635,623.9
150194,321077.8,3096993.6,85.18066,27.98608,623.4
150236,321047.8,3096963.6,85.18036,27.98580,622.4
150279,321077.8,3096933.6,85.18067,27.98554,622.3
150309,321077.8,3096903.6,85.18067,27.98527,621.8
150351,321047.8,3096873.6,85.18037,27.98499,621.0
150394,321077.8,3096843.6,85.18068,27.98473,619.5
150424,321077.8,3096813.6,85.18069,27.98446,619.5
150466,321047.8,3096783.6,85.18039,27.98418,619.6
150496,321047.8,3096753.6,85.18039,27.98391,618.6
150526,321047.8,3096723.6,85.18039,27.98364,617.8
150556,321047.8,3096693.6,85.18040,27.98337,617.5
150586,321047.8,3096663.6,85.18040,27.98310,616.8
150616,321047.8,3096633.6,85.18041,27.98283,617.2
150658,321017.8,3096603.6,85.18011,27.98255,616.2
150688,321017.8,3096573.6,85.18011,27.98228,615.1
150718,321017.8,3096543.6,85.18012,27.98201,614.6
150761,321047.8,3096513.6,85.18043,27.98174,614.3
150791,321047.8,3096483.6,85.18043,27.98147,613.9
150833,321077.8,3096453.6,85.18074,27.98121,614.3
150863,321077.8,3096423.6,85.18074,27.98094,612.7
150893,321077.8,3096393.6,85.18075,27.98067,612.8
150923,321077.8,3096363.6,85.18075,27.98040,613.1
150966,321107.8,3096333.6,85.18106,27.98013,611.2
151008,321137.8,3096303.6,85.18137,27.97986,610.5
151038,321137.8,3096273.6,85.18138,27.97959,610.3
151068,321137.8,3096243.6,85.18138,27.97932,609.8
151098,321137.8,3096213.6,85.18139,27.97905,609.3
151128,321137.8,3096183.6,85.18139,27.97878,608.8
151158,321137.8,3096153.6,85.18140,27.97851,608.1
151201,321167.8,3096123.6,85.18170,27.97824,608.0
151231,321167.8,3096093.6,85.18171,27.97797,607.2
151261,321167.8,3096063.6,85.18171,27.97770,606.5
151291,321167.8,3096033.6,85.18172,27.97743,607.0
151333,321197.8,3096003.6,85.18203,27.97716,607.1
151363,321197.8,3095973.6,85.18203,27.97689,605.5
151393,321197.8,3095943.6,85.18204,27.97662,605.4
151423,321197.8,3095913.6,85.18204,27.97635,605.0
151453,321197.8,3095883.6,85.18205,27.97608,605.0
151495,321227.8,3095853.6,85.18236,27.97581,604.5
151525,321227.8,3095823.6,85.18236,27.97554,604.0
151555,321227.8,3095793.6,85.18236,27.97527,604.0
151598,321257.8,3095763.6,85.18267,27.97501,603.6
151628,321257.8,3095733.6,85.18268,27.97473,603.0
151658,321257.8,3095703.6,85.18268,27.97446,605.0
151700,321287.8,3095673.6,85.18299,27.97420,602.8
151743,321317.8,3095643.6,85.18330,27.97393,602.6
151773,321317.8,3095613.6,85.18331,27.97366,602.5
151815,321347.8,3095583.6,85.18362,27.97339,601.6
151845,321347.8,3095553.6,85.18362,27.97312,601.1
151888,321377.8,3095523.6,85.18393,27.97286,600.7
151930,321407.8,3095493.6,85.18424,27.97259,600.7
151960,321407.8,3095463.6,85.18424,27.97232,600.1
151990,321407.8,3095433.6,85.18425,27.97205,600.7
152020,321407.8,3095403.6,85.18425,27.97178,601.0
152050,321407.8,3095373.6,85.18426,27.97151,600.4
152080,321407.8,3095343.6,85.18426,27.97124,599.2
152122,321377.8,3095313.6,85.18396,27.97096,598.8
152165,321347.8,3095283.6,85.18366,27.97069,599.0
152207,321317.8,3095253.6,85.18336,27.97041,597.6
152237,321287.8,3095253.6,85.18306,27.97041,597.5
152267,321257.8,3095253.6,85.18275,27.97040,597.4
152310,321227.8,3095223.6,85.18245,27.97013,596.4
152340,321197.8,3095223.6,85.18215,27.97013,596.4
152370,321167.8,3095223.6,85.18184,27.97012,596.1
152400,321137.8,3095223.6,85.18154,27.97012,595.6
152442,321107.8,3095193.6,85.18124,27.96984,594.6
152472,321077.8,3095193.6,85.18093,27.96984,594.1
152502,321047.8,3095193.6,85.18063,27.96983,593.9
152545,321017.8,3095163.6,85.18033,27.96956,594.1
152575,320987.8,3095163.6,85.18002,27.96956,592.7
152605,320957.8,3095163.6,85.17972,27.96955,592.1
152647,320927.8,3095133.6,85.17942,27.96928,592.1
152677,320897.8,3095133.6,85.17911,27.96927,591.8
152719,320867.8,3095103.6,85.17881,27.96900,591.7
152762,320837.8,3095073.6,85.17851,27.96872,591.3
152804,320807.8,3095043.6,85.17821,27.96845,590.4
152834,320807.8,3095013.6,85.17821,27.96818,589.3
152877,320777.8,3094983.6,85.17791,27.96790,588.1
152907,320777.8,3094953.6,85.17792,27.96763,588.4
152949,320747.8,3094923.6,85.17762,27.96736,588.5
152979,320747.8,3094893.6,85.17762,27.96709,587.0
153009,320747.8,3094863.6,85.17763,27.96682,587.6
153052,320717.8,3094833.6,85.17733,27.96654,586.4
153082,320717.8,3094803.6,85.17733,27.96627,586.7
153124,320687.8,3094773.6,85.17703,27.96600,585.3
153154,320687.8,3094743.6,85.17704,27.96573,585.5
153196,320657.8,3094713.6,85.17674,27.96545,585.2
153239,320627.8,3094683.6,85.17644,27.96518,584.8
153281,320597.8,3094653.6,85.17613,27.96490,584.7
153311,320567.8,3094653.6,85.17583,27.96490,584.8
153354,320537.8,3094623.6,85.17553,27.96462,584.1
153384,320507.8,3094623.6,85.17522,27.96462,584.6
153426,320477.8,3094593.6,85.17492,27.96434,584.5
153456,320447.8,3094593.6,85.17462,27.96434,583.2
153486,320417.8,3094593.6,85.17431,27.96434,583.5
153529,320387.8,3094563.6,85.17401,27.96406,583.7
153559,320357.8,3094563.6,85.17371,27.96406,581.9
153589,320327.8,3094563.6,85.17340,27.96405,583.1
153631,320297.8,3094533.6,85.17310,27.96378,581.5
153661,320267.8,3094533.6,85.17280,27.96377,580.8
153703,320237.8,3094503.6,85.17250,27.96350,580.0
153733,320207.8,3094503.6,85.17219,27.96350,579.9
153776,320177.8,3094473.6,85.17189,27.96322,579.0
153818,320147.8,3094503.6,85.17158,27.96349,579.0
153861,320117.8,3094473.6,85.17128,27.96321,578.7
153903,320087.8,3094443.6,85.17098,27.96294,578.0
153946,320057.8,3094413.6,85.17068,27.96266,578.0
153988,320027.8,3094383.6,85.17038,27.96239,576.8
154018,319997.8,3094383.6,85.17008,27.96238,575.8
154060,319967.8,3094353.6,85.16978,27.96211,575.3
154103,319937.8,3094323.6,85.16948,27.96183,573.6
154145,319907.8,3094293.6,85.16918,27.96156,572.4
154188,319877.8,3094263.6,85.16888,27.96129,572.5
154218,319877.8,3094233.6,85.16888,27.96101,571.6
154260,319847.8,3094203.6,85.16858,27.96074,571.9
154290,319847.8,3094173.6,85.16859,27.96047,570.7
154320,319847.8,3094143.6,85.16859,27.96020,570.6
154363,319817.8,3094113.6,85.16829,27.95992,571.1
154393,319817.8,3094083.6,85.16830,27.95965,570.2
154423,319817.8,3094053.6,85.16830,27.95938,569.5
154465,319787.8,3094023.6,85.16800,27.95911,570.1
154495,319787.8,3093993.6,85.16800,27.95884,569.1
154525,319787.8,3093963.6,85.16801,27.95857,568.5
154567,319757.8,3093933.6,85.16771,27.95829,568.8
154597,319757.8,3093903.6,85.16771,27.95802,567.8
154640,319727.8,3093873.6,85.16741,27.95775,568.1
154682,319697.8,3093843.6,85.16711,27.95747,567.4
154712,319697.8,3093813.6,85.16712,27.95720,566.7
154755,319667.8,3093783.6,85.16682,27.95693,566.5
154797,319637.8,3093753.6,85.16652,27.95665,565.7
154827,319607.8,3093753.6,85.16621,27.95665,565.5
154869,319577.8,3093723.6,85.16591,27.95637,566.5
154899,319547.8,3093723.6,85.16561,27.95637,564.9
154942,319517.8,3093693.6,85.16531,27.95609,566.5
154972,319487.8,3093693.6,85.16500,27.95609,565.7
155002,319457.8,3093693.6,85.16470,27.95609,563.5
155044,319427.8,3093663.6,85.16440,27.95581,564.0
155074,319397.8,3093663.6,85.16409,27.95581,563.8
155104,319367.8,3093663.6,85.16379,27.95580,563.4
155134,319337.8,3093663.6,85.16348,27.95580,562.8
155177,319307.8,3093633.6,85.16318,27.95552,562.5
155207,319277.8,3093633.6,85.16288,27.95552,561.8
155249,319247.8,3093603.6,85.16258,27.95525,561.6
155292,319217.8,3093573.6,85.16228,27.95497,561.1
