x,y,chainage_m,dist_m,dh_m,reliability
339773,3126381,27274,199,-0.36,31
338973,3126301,27406,586,0.05,26
339533,3126301,27406,41,-21.90,16
339853,3126301,27551,251,0.51,19
338733,3126221,27828,833,0.30,38
338973,3126221,27406,596,15.02,15
338973,3126141,27828,580,0.10,46
338253,3126061,28797,1048,0.23,61
338973,3126061,27828,562,0.31,36
339613,3126061,27696,64,5.38,33
338173,3125981,28797,1053,-0.21,70
338333,3125981,28797,935,0.10,53
339373,3125981,27828,155,0.37,15
344013,3125981,25097,3853,15.99,44
344093,3125981,25097,3921,25.68,35
344173,3125981,25097,3989,0.44,22
338093,3125901,28797,1071,0.32,38
338253,3125901,28797,941,-0.12,47
338333,3125901,28797,880,-0.39,30
339213,3125901,28131,281,-0.28,14
342893,3125901,25399,2973,0.66,64
342973,3125901,25399,3035,0.30,26
343293,3125901,25399,3291,0.74,35
343453,3125901,25399,3422,0.40,34
343853,3125901,25399,3762,0.37,16
343933,3125901,25097,3830,0.25,14
337933,3125821,28797,1171,-7.06,29
338253,3125821,28797,893,-2.38,22
338893,3125821,28458,468,22.57,13
339053,3125821,28288,361,-0.17,50
339773,3125821,27973,247,-0.27,18
342893,3125821,26016,3016,0.48,39
343213,3125821,25399,3274,0.73,30
343773,3125821,25399,3735,0.34,69
343853,3125821,25399,3803,7.33,20
343933,3125821,25399,3871,0.23,42
344013,3125821,25399,3940,0.71,68
344253,3125821,25097,4142,0.53,39
337453,3125741,29099,1538,-0.34,53
337533,3125741,29099,1466,-0.37,58
337613,3125741,29099,1395,-0.42,26
337693,3125741,29099,1325,0.12,43
337933,3125741,29099,1125,-0.26,34
338413,3125741,28797,717,0.00,42
339133,3125741,28288,250,-0.41,16
339213,3125741,28288,186,-3.84,13
340973,3125741,27551,1435,-0.05,17
341773,3125741,26016,2177,-7.63,18
342493,3125741,26016,2722,0.70,37
342813,3125741,26016,2988,0.25,25
343053,3125741,26016,3194,1.30,30
343133,3125741,25399,3260,0.44,71
343293,3125741,25399,3386,0.61,41
343373,3125741,25399,3449,0.25,29
343533,3125741,25399,3579,0.90,43
343613,3125741,25399,3645,0.43,58
344013,3125741,25399,3981,0.41,15
344173,3125741,25399,4119,0.90,46
337533,3125661,29099,1431,-0.29,64
337693,3125661,29099,1287,19.19,28
337933,3125661,29099,1079,-0.49,48
340973,3125661,27973,1458,0.77,15
341853,3125661,26016,2290,0.52,41
342253,3125661,26016,2582,0.30,31
342333,3125661,26016,2643,0.13,37
342413,3125661,26016,2706,0.60,64
342493,3125661,26016,2769,0.10,69
342653,3125661,26016,2899,0.24,20
342813,3125661,26016,3031,-24.17,33
342973,3125661,26016,3166,0.50,62
343053,3125661,26016,3235,0.42,36
343133,3125661,26016,3304,0.86,13
343213,3125661,25399,3373,0.85,31
343373,3125661,25399,3498,-4.21,34
343453,3125661,25399,3561,0.82,44
343533,3125661,25399,3626,0.92,12
343693,3125661,25399,3756,0.39,55
343853,3125661,25399,3888,1.26,37
343933,3125661,25399,3955,0.47,79
344013,3125661,25399,4023,6.87,23
344253,3125661,25399,4228,6.41,19
336493,3125581,29099,2399,-0.18,18
336573,3125581,29099,2321,-0.25,43
336653,3125581,29099,2243,-0.12,65
336813,3125581,29099,2088,0.03,32
336893,3125581,29099,2010,0.12,31
336973,3125581,29099,1933,-0.49,38
337213,3125581,29099,1702,-0.25,79
337373,3125581,29099,1550,-0.25,44
337533,3125581,29099,1400,9.38,17
337613,3125581,29099,1326,0.03,28
338093,3125581,29099,901,-0.36,20
338653,3125581,28797,429,-0.06,20
342333,3125581,26016,2694,3.28,60
342413,3125581,26016,2756,0.57,36
342493,3125581,26016,2818,0.18,64
342733,3125581,26016,3011,8.13,65
342973,3125581,26016,3209,0.49,37
343053,3125581,26016,3277,0.45,58
343133,3125581,26016,3345,0.52,58
343293,3125581,26016,3482,37.21,23
344013,3125581,25399,4066,0.86,57
336653,3125501,29099,2227,-0.46,55
336733,3125501,29099,2148,-0.37,52
336813,3125501,29099,2070,21.37,29
336973,3125501,29099,1913,-2.10,18
337053,3125501,29099,1836,-1.27,53
337373,3125501,29099,1526,-0.07,37
337533,3125501,29099,1373,-0.26,25
337693,3125501,29099,1222,0.09,43
337853,3125501,29099,1074,-0.46,17
338733,3125501,28797,317,40.92,14
338893,3125501,28797,210,0.06,23
338973,3125501,28627,186,-0.43,14
339213,3125501,28458,17,-4.56,25
339373,3125501,28288,115,0.09,51
340013,3125501,27973,600,-0.26,26
341853,3125501,27551,2346,0.64,45
341933,3125501,27551,2422,0.18,49
342013,3125501,27551,2499,-5.90,24
342253,3125501,26016,2687,0.42,43
342573,3125501,26016,2931,-6.17,22
342733,3125501,26016,3058,-8.74,17
342813,3125501,26016,3122,0.55,60
343053,3125501,26016,3320,0.59,24
343213,3125501,26016,3455,0.70,47
343613,3125501,25399,3786,0.38,67
343693,3125501,25399,3849,0.20,51
343773,3125501,25399,3914,0.38,45
343853,3125501,25399,3979,0.58,58
343933,3125501,25399,4044,0.50,46
344253,3125501,25399,4311,0.48,59
332413,3125421,29099,6435,-33.89,46
332653,3125421,29099,6195,-0.53,62
335053,3125421,29099,3801,-0.86,19
335213,3125421,29099,3642,-0.35,41
335373,3125421,29099,3482,-0.31,70
335533,3125421,29099,3323,0.42,38
336333,3125421,29099,2529,-0.51,23
336813,3125421,29099,2055,18.08,14
336973,3125421,29099,1897,-0.02,53
337693,3125421,29099,1197,-0.02,47
337933,3125421,29099,969,0.23,22
338333,3125421,29099,613,0.23,16
338413,3125421,29099,549,0.33,25
338573,3125421,28942,422,-11.17,21
338653,3125421,28797,352,-0.91,38
338733,3125421,28797,277,0.01,42
338813,3125421,28797,205,-0.18,21
339213,3125421,28458,74,0.26,26
339293,3125421,28458,97,-0.20,49
340093,3125421,27973,712,0.36,23
342013,3125421,27973,2522,0.54,63
342413,3125421,26016,2860,0.03,31
342573,3125421,26016,2981,0.68,42
342813,3125421,26016,3169,0.43,62
342893,3125421,26016,3234,0.46,19
342973,3125421,26016,3299,0.18,25
343053,3125421,26016,3365,0.57,75
343133,3125421,26016,3431,0.42,31
343773,3125421,25399,3961,0.37,66
343933,3125421,25399,4090,0.74,46
332493,3125341,29099,6351,-0.67,46
332653,3125341,29099,6191,-0.53,74
332893,3125341,29099,5951,-0.63,66
334733,3125341,29099,4114,-0.73,23
335213,3125341,29099,3635,-0.35,71
335293,3125341,29099,3555,-0.27,34
335373,3125341,29099,3475,-0.44,34
335453,3125341,29099,3396,-0.33,36
335533,3125341,29099,3316,-18.84,31
335773,3125341,29099,3077,-0.61,43
336093,3125341,29099,2758,6.86,21
336253,3125341,29099,2599,-0.46,79
336573,3125341,29099,2281,-0.52,42
336733,3125341,29099,2122,-0.03,29
336813,3125341,29099,2043,-0.31,66
336893,3125341,29099,1963,-0.14,51
336973,3125341,29099,1884,0.02,34
337053,3125341,29099,1805,-0.14,20
337373,3125341,29099,1489,0.11,14
337613,3125341,29099,1254,-0.23,51
337693,3125341,29099,1176,-20.81,24
337773,3125341,29099,1098,58.98,14
337853,3125341,29099,1021,-0.44,31
338173,3125341,29099,717,-0.33,34
338893,3125341,28797,99,18.54,46
338973,3125341,28797,31,-0.24,39
339053,3125341,28627,64,-0.10,54
339133,3125341,28627,41,-0.08,64
339373,3125341,28458,210,0.29,28
339933,3125341,28131,632,-0.14,42
340253,3125341,27973,888,-0.37,18
341773,3125341,27973,2303,-3.11,32
341853,3125341,27973,2381,0.25,20
341933,3125341,27973,2459,0.56,60
342013,3125341,27973,2537,0.44,17
342413,3125341,26016,2913,0.29,43
342493,3125341,26016,2973,0.24,29
342573,3125341,26016,3033,0.10,44
342813,3125341,26016,3218,0.69,48
342973,3125341,26016,3346,0.33,28
343053,3125341,26016,3410,0.48,44
343133,3125341,26016,3476,21.17,15
343693,3125341,25399,3947,-25.69,31
343853,3125341,25399,4074,0.37,19
343933,3125341,25399,4138,0.72,42
344253,3125341,25399,4399,0.93,27
332413,3125261,29099,6428,-0.88,48
332573,3125261,29099,6268,-0.51,62
332813,3125261,29099,6028,-0.51,68
332893,3125261,29099,5948,-0.88,78
333053,3125261,29099,5788,-0.50,70
333133,3125261,29099,5708,-0.64,58
333213,3125261,29099,5628,-0.47,54
334493,3125261,29099,4349,-0.50,68
334573,3125261,29099,4269,-0.52,36
334893,3125261,29099,3950,-0.56,48
335213,3125261,29099,3630,-0.52,77
335373,3125261,29099,3470,-0.72,36
335533,3125261,29099,3310,-0.09,35
335693,3125261,29099,3151,-0.19,47
335773,3125261,29099,3071,-0.67,35
336093,3125261,29099,2752,-0.52,16
336253,3125261,29099,2592,-0.21,73
336573,3125261,29099,2273,-0.29,49
337133,3125261,29099,1715,0.29,36
337213,3125261,29099,1636,0.04,44
337293,3125261,29099,1556,-0.36,57
337373,3125261,29099,1477,0.10,45
337613,3125261,29099,1239,-0.21,21
337773,3125261,29099,1081,-0.08,67
337933,3125261,29099,924,-0.26,69
338573,3125261,29099,325,-0.44,15
338733,3125261,28942,206,-31.62,31
338813,3125261,28942,133,0.03,56
339133,3125261,28627,115,11.29,14
340173,3125261,28131,874,0.33,21
341933,3125261,27973,2477,0.83,20
342013,3125261,27973,2555,0.29,25
342813,3125261,26016,3268,0.65,69
343053,3125261,26016,3458,0.37,61
343613,3125261,26016,3921,6.87,29
343693,3125261,26016,3989,0.38,29
343773,3125261,26016,4058,0.37,72
343853,3125261,25399,4122,0.74,62
344013,3125261,25399,4249,1.01,26
332413,3125181,29099,6426,-0.85,43
332493,3125181,29099,6346,-0.85,64
332813,3125181,29099,6026,-0.50,56
332973,3125181,29099,5866,-4.27,23
333053,3125181,29099,5786,-0.76,45
333133,3125181,29099,5706,-0.44,40
333293,3125181,29099,5546,-0.42,62
333373,3125181,29099,5466,-2.07,21
334253,3125181,29099,4586,-0.47,21
334333,3125181,29099,4506,-0.56,22
334413,3125181,29099,4426,-0.63,55
334573,3125181,29099,4266,-28.24,19
334653,3125181,29099,4186,-17.83,33
334733,3125181,29099,4107,-0.11,53
334813,3125181,29099,4027,-41.83,21
334893,3125181,29099,3947,9.88,25
334973,3125181,29099,3867,-0.38,31
335053,3125181,29099,3787,-9.19,27
335133,3125181,29099,3707,-0.95,40
335213,3125181,29099,3627,-22.08,23
335293,3125181,29099,3547,-0.72,35
335373,3125181,29099,3467,-1.91,57
335533,3125181,29099,3307,1.99,31
335613,3125181,29099,3227,-5.82,39
336253,3125181,29099,2587,-11.37,49
336333,3125181,29099,2507,-0.28,52
336493,3125181,29099,2348,-0.59,51
336973,3125181,29099,1868,-0.01,62
337053,3125181,29099,1788,3.32,34
337133,3125181,29099,1708,-0.17,55
337613,3125181,29099,1230,-0.56,27
337773,3125181,29099,1071,-0.39,58
337933,3125181,29099,911,0.09,57
338013,3125181,29099,832,-5.68,59
338573,3125181,29099,286,0.25,18
339373,3125181,28627,328,31.35,13
339453,3125181,28458,385,24.05,31
340333,3125181,27973,1049,-0.12,57
341853,3125181,27973,2420,0.14,23
342013,3125181,27973,2574,0.45,50
342093,3125181,27973,2652,0.18,34
342253,3125181,27973,2807,0.66,28
342733,3125181,26016,3258,0.22,52
342813,3125181,26016,3319,0.62,59
342893,3125181,26016,3381,0.68,49
343693,3125181,26016,4031,0.37,22
343773,3125181,26016,4099,0.63,22
343853,3125181,26016,4168,4.83,23
343933,3125181,25399,4235,0.35,14
332733,3125101,29099,6105,-0.90,52
333053,3125101,29099,5785,-0.93,56
333213,3125101,29099,5625,40.47,30
334013,3125101,29099,4825,-0.77,59
334333,3125101,29099,4505,-0.40,59
334493,3125101,29099,4345,-0.47,58
334573,3125101,29099,4265,-8.06,16
334893,3125101,29099,3945,-0.73,33
334973,3125101,29099,3865,-0.39,70
335053,3125101,29099,3785,-0.76,37
335133,3125101,29099,3705,-0.64,49
335373,3125101,29099,3465,-0.61,55
335453,3125101,29099,3385,-0.73,20
336253,3125101,29099,2585,13.74,21
336413,3125101,29099,2425,-8.90,29
336493,3125101,29099,2345,-0.48,15
336573,3125101,29099,2265,-0.04,44
336893,3125101,29099,1945,-27.23,33
337053,3125101,29099,1785,-0.42,16
338093,3125101,29099,746,-3.57,12
338333,3125101,29099,506,0.34,18
339533,3125101,28458,497,0.23,28
341693,3125101,27973,2292,0.09,33
342013,3125101,27973,2596,-0.06,27
342093,3125101,27973,2673,0.50,13
342173,3125101,27973,2750,-45.68,19
342733,3125101,27973,3292,0.58,50
342893,3125101,26016,3432,0.24,35
342973,3125101,26016,3493,0.54,29
343053,3125101,26016,3555,6.30,13
343853,3125101,26016,4209,0.40,75
332573,3125021,29099,6265,-0.50,35
332653,3125021,29099,6185,-0.90,29
332733,3125021,29099,6105,-31.45,19
332813,3125021,29099,6025,-0.55,50
333053,3125021,29099,5785,-0.75,49
333213,3125021,29099,5625,-0.71,68
333293,3125021,29099,5545,-0.93,26
333453,3125021,29099,5385,10.22,15
333613,3125021,29099,5225,-0.56,53
333693,3125021,29099,5145,2.85,52
333773,3125021,29099,5065,-8.07,54
333933,3125021,29099,4905,-0.51,26
334093,3125021,29099,4745,-0.92,18
334333,3125021,29099,4505,-0.41,69
334413,3125021,29099,4425,-0.63,80
334573,3125021,29099,4265,-0.63,59
334653,3125021,29099,4185,-0.82,16
334733,3125021,29099,4105,-0.58,21
335053,3125021,29099,3785,-0.51,56
335213,3125021,29099,3626,-0.44,43
335293,3125021,29099,3546,-0.56,52
336333,3125021,29099,2506,4.44,30
336493,3125021,29099,2346,-0.51,33
336893,3125021,29099,1946,-52.22,20
337133,3125021,29099,1706,47.36,23
337213,3125021,29099,1626,-0.50,30
337373,3125021,29099,1466,-26.12,13
337853,3125021,29099,987,-0.38,25
337933,3125021,29099,907,49.85,22
338013,3125021,29099,827,-0.03,33
338173,3125021,29099,667,-0.14,29
338413,3125021,29099,428,-0.21,22
339133,3125021,28942,268,-30.95,15
339293,3125021,28627,398,-0.39,31
339533,3125021,28627,552,34.35,18
339933,3125021,28288,833,20.41,26
341853,3125021,27973,2469,0.13,43
342093,3125021,27973,2697,0.46,25
342653,3125021,27973,3234,0.50,45
342733,3125021,27973,3311,0.77,22
342813,3125021,27973,3389,10.08,59
342893,3125021,27973,3466,0.10,22
343053,3125021,26016,3606,0.68,23
344013,3125021,26016,4388,0.70,50
332413,3124941,29219,6425,-0.65,79
332493,3124941,29219,6345,-1.60,40
332573,3124941,29219,6265,-0.26,26
332733,3124941,29219,6105,-0.45,60
332973,3124941,29219,5865,-0.16,25
333213,3124941,29219,5625,-36.08,44
333293,3124941,29219,5545,-0.86,47
333373,3124941,29219,5465,2.21,13
333613,3124941,29219,5225,-0.43,30
333693,3124941,29219,5145,-0.48,13
333773,3124941,29219,5065,-0.58,12
333933,3124941,29219,4905,-0.42,46
334093,3124941,29219,4745,-0.82,37
334253,3124941,29219,4585,-0.36,67
334333,3124941,29219,4505,-0.31,62
334493,3124941,29219,4345,-0.36,52
334653,3124941,29219,4185,-0.63,63
334733,3124941,29219,4105,-0.49,36
334813,3124941,29219,4025,-0.70,71
335053,3124941,29219,3785,-0.76,47
335133,3124941,29219,3705,-0.80,35
335213,3124941,29219,3625,-0.41,60
336333,3124941,29219,2505,-27.51,20
336493,3124941,29219,2345,-0.47,41
336573,3124941,29219,2265,-0.33,31
336893,3124941,29219,1945,-0.38,24
336973,3124941,29219,1865,-0.10,27
337133,3124941,29219,1705,0.03,19
337453,3124941,29219,1385,-0.10,29
337533,3124941,29219,1305,-22.32,13
337613,3124941,29219,1225,-0.54,24
337693,3124941,29219,1145,-0.50,60
337933,3124941,29219,905,-0.05,57
338093,3124941,29219,745,0.15,25
338253,3124941,29219,585,-0.27,30
338333,3124941,29219,505,-0.29,25
338413,3124941,29219,425,-26.85,33
338733,3124941,29219,106,-0.38,18
339053,3124941,29364,188,-6.02,44
339533,3124941,28627,606,45.56,13
339613,3124941,28627,665,-0.13,19
339693,3124941,28458,722,0.29,40
341373,3124941,27973,2058,0.40,14
341773,3124941,27973,2423,0.37,25
342013,3124941,27973,2647,0.05,51
342733,3124941,27973,3332,0.49,41
343533,3124941,26016,4034,0.87,48
344173,3124941,26016,4566,0.86,41
344253,3124941,26016,4634,0.34,22
332493,3124861,29219,6346,2.20,67
332573,3124861,29219,6266,-0.77,54
332653,3124861,29219,6186,-0.33,22
332733,3124861,29219,6106,-0.67,60
332813,3124861,29219,6026,-0.65,65
333053,3124861,29219,5786,-1.64,58
333293,3124861,29219,5546,-0.95,52
333693,3124861,29219,5146,-0.35,15
333853,3124861,29219,4986,8.04,65
333933,3124861,29219,4906,-0.92,29
334093,3124861,29219,4746,-0.45,71
334413,3124861,29219,4426,-0.50,84
334493,3124861,29219,4346,-7.40,25
334573,3124861,29219,4266,-0.61,52
334653,3124861,29219,4186,-29.50,20
334733,3124861,29219,4106,-0.41,76
334813,3124861,29219,4026,-0.53,13
334973,3124861,29219,3866,-0.51,27
335133,3124861,29219,3706,6.76,39
336573,3124861,29219,2267,-0.56,60
336653,3124861,29219,2187,-0.23,75
336733,3124861,29219,2107,-1.94,30
336973,3124861,29219,1867,-0.45,23
337053,3124861,29219,1788,1.83,68
337213,3124861,29219,1628,-0.09,18
337293,3124861,29219,1548,-0.47,34
337373,3124861,29219,1468,-9.09,56
337453,3124861,29219,1388,-0.33,68
337693,3124861,29219,1149,0.16,44
338093,3124861,29219,751,31.63,20
338413,3124861,29219,435,0.07,77
338493,3124861,29219,357,-14.00,45
338733,3124861,29219,140,-2.74,15
338973,3124861,29364,80,-29.84,23
339213,3124861,29364,316,0.21,38
339933,3124861,28458,947,-0.34,15
341213,3124861,27973,1956,-0.06,12
342173,3124861,27973,2825,0.57,45
343533,3124861,26016,4082,0.81,53
343933,3124861,26016,4407,0.73,35
344093,3124861,26016,4541,0.40,61
344173,3124861,26016,4608,0.51,17
332413,3124781,29219,6427,-0.70,63
332493,3124781,29219,6347,-0.44,35
332573,3124781,29219,6267,-0.98,12
332653,3124781,29219,6188,-0.58,30
332733,3124781,29219,6108,25.11,61
333133,3124781,29219,5708,-0.42,58
333213,3124781,29219,5628,-0.59,23
333373,3124781,29219,5468,-0.56,34
333533,3124781,29219,5308,-0.82,35
333853,3124781,29219,4988,-0.52,71
333933,3124781,29219,4908,-0.74,54
334013,3124781,29219,4828,9.97,62
334093,3124781,29219,4748,-0.98,54
334413,3124781,29219,4428,7.66,29
334493,3124781,29219,4349,-0.37,73
334573,3124781,29219,4269,-0.68,54
334653,3124781,29219,4189,-0.25,36
334813,3124781,29219,4029,-18.27,21
334973,3124781,29219,3869,-0.22,43
335133,3124781,29219,3709,-0.30,59
336173,3124781,29219,2671,-0.53,40
336333,3124781,29219,2511,-0.62,45
336493,3124781,29219,2351,-0.13,27
336573,3124781,29219,2272,-0.45,74
336653,3124781,29219,2192,-0.48,62
336733,3124781,29219,2112,-0.68,33
336813,3124781,29219,2032,-8.49,32
336893,3124781,29219,1953,-0.43,52
336973,3124781,29219,1873,-0.38,49
337213,3124781,29219,1634,-0.33,57
337293,3124781,29219,1555,-0.08,42
337453,3124781,29219,1396,-0.47,74
337533,3124781,29219,1316,-12.66,14
337613,3124781,29219,1237,-0.36,52
337693,3124781,29219,1158,7.05,48
337773,3124781,29219,1079,-0.43,19
338173,3124781,29219,687,-0.42,38
338253,3124781,29219,610,-0.23,57
338333,3124781,29219,534,0.02,59
341453,3124781,27973,2204,-13.60,13
341533,3124781,27973,2274,0.40,29
342173,3124781,27973,2854,0.57,25
332573,3124701,29219,6270,-0.72,61
332653,3124701,29219,6190,-0.50,33
332733,3124701,29219,6110,-0.82,46
332893,3124701,29219,5950,-0.80,72
333133,3124701,29219,5711,-0.61,40
333293,3124701,29219,5551,-0.91,34
333533,3124701,29219,5311,-0.73,77
333693,3124701,29219,5151,-0.81,31
333933,3124701,29219,4912,-3.00,40
334013,3124701,29219,4832,-1.00,22
334253,3124701,29219,4592,-0.61,53
334493,3124701,29219,4352,-0.61,60
334573,3124701,29219,4273,-0.69,54
334653,3124701,29219,4193,-0.19,37
334733,3124701,29219,4113,-0.69,60
334893,3124701,29219,3953,-0.63,22
335053,3124701,29219,3794,-0.34,51
335213,3124701,29219,3634,-0.33,49
335773,3124701,29219,3076,-0.69,15
336173,3124701,29219,2677,-0.83,46
336253,3124701,29219,2597,4.19,40
336413,3124701,29219,2438,-0.48,59
336493,3124701,29219,2359,3.29,54
336573,3124701,29219,2279,-0.47,51
336653,3124701,29219,2200,-0.15,32
336973,3124701,29219,1882,0.08,38
337053,3124701,29219,1803,-0.12,31
337213,3124701,29219,1645,0.01,59
337373,3124701,29219,1487,0.01,73
337453,3124701,29219,1408,-0.22,58
337613,3124701,29219,1251,-2.53,47
337773,3124701,29219,1095,-0.15,30
338013,3124701,29641,862,0.08,65
338093,3124701,29641,783,-0.37,65
338173,3124701,29641,703,-2.58,21
338253,3124701,29641,624,7.72,34
338333,3124701,29641,546,4.99,36
338733,3124701,29509,166,-61.79,13
338893,3124701,29509,14,32.36,15
339133,3124701,29509,235,-0.19,57
339293,3124701,29509,395,6.31,19
341533,3124701,27973,2313,8.61,40
341613,3124701,27973,2382,-0.01,53
342013,3124701,27973,2739,0.80,21
342253,3124701,27973,2959,0.51,52
342893,3124701,27973,3557,-0.03,45
332493,3124621,29219,6354,-1.09,28
332573,3124621,29219,6274,-1.01,41
332653,3124621,29219,6194,-1.07,39
332973,3124621,29219,5875,-0.61,60
333053,3124621,29219,5795,-0.40,44
333133,3124621,29219,5715,-0.83,61
333213,3124621,29219,5635,-0.83,26
333373,3124621,29219,5475,-39.30,16
333453,3124621,29219,5395,-0.44,55
333533,3124621,29219,5316,-0.79,63
333693,3124621,29219,5156,-0.69,51
333773,3124621,29219,5076,-0.77,31
333853,3124621,29219,4996,-0.50,77
333933,3124621,29219,4916,6.62,24
334013,3124621,29219,4837,-0.57,43
334173,3124621,29219,4677,-0.48,65
334333,3124621,29219,4517,-20.87,27
334493,3124621,29219,4358,-0.84,27
334573,3124621,29219,4278,-0.49,40
334653,3124621,29219,4198,-0.33,63
334813,3124621,29219,4039,-0.66,48
334973,3124621,29219,3879,-0.65,30
335133,3124621,29219,3720,19.62,12
335213,3124621,29219,3640,-7.96,47
335293,3124621,29219,3561,-0.52,39
335853,3124621,29219,3004,-0.02,46
335933,3124621,29219,2924,-0.67,48
336013,3124621,29219,2845,37.35,16
336093,3124621,29219,2765,-0.43,51
336173,3124621,29219,2686,-0.42,81
336253,3124621,29219,2606,-0.58,62
336413,3124621,29219,2448,-0.12,57
336573,3124621,29219,2289,-0.50,45
336813,3124621,29219,2052,-0.31,36
336893,3124621,29219,1973,1.08,44
337373,3124621,29641,1495,7.13,28
337453,3124621,29641,1415,-0.34,59
337613,3124621,29641,1255,28.11,34
337693,3124621,29641,1175,-0.38,31
337773,3124621,29641,1095,7.69,13
337933,3124621,29641,936,-0.09,69
338013,3124621,29641,856,-0.00,50
338093,3124621,29641,776,-7.78,16
339293,3124621,29509,406,0.56,13
339533,3124621,29509,642,-0.19,40
341613,3124621,27973,2422,-0.10,14
341933,3124621,27973,2702,0.64,26
342093,3124621,27973,2846,0.75,13
342813,3124621,27973,3509,0.18,24
344253,3124621,26016,4807,0.59,66
332493,3124541,29219,6359,-0.67,65
332573,3124541,29219,6279,8.79,14
332653,3124541,29219,6199,-0.60,39
332733,3124541,29219,6119,-0.77,75
332893,3124541,29219,5959,-0.57,19
332973,3124541,29219,5880,-3.70,69
333053,3124541,29219,5800,-0.59,24
333133,3124541,29219,5720,-0.81,57
333613,3124541,29219,5241,5.55,32
333853,3124541,29219,5002,-0.72,76
333933,3124541,29219,4922,-0.57,39
334013,3124541,29219,4843,-0.53,74
334093,3124541,29219,4763,-0.66,67
334173,3124541,29219,4683,8.15,42
334253,3124541,29219,4604,-0.85,50
334333,3124541,29219,4524,-0.60,48
334733,3124541,29219,4126,-18.87,28
334813,3124541,29219,4046,-0.69,49
334893,3124541,29219,3967,-0.44,52
334973,3124541,29219,3887,-0.34,55
335213,3124541,29219,3649,-5.37,18
335373,3124541,29219,3490,-0.66,15
335693,3124541,29219,3172,-0.07,24
335933,3124541,29219,2934,9.40,46
336013,3124541,29219,2855,-0.51,73
336253,3124541,29641,2616,-0.24,76
336333,3124541,29641,2536,-0.45,74
336653,3124541,29641,2216,-0.67,13
336733,3124541,29641,2136,-0.15,67
337693,3124541,29641,1176,-1.86,15
337933,3124541,29641,937,-0.13,30
338013,3124541,29641,857,-0.28,51
338173,3124541,29641,697,0.17,45
338413,3124541,29641,458,5.19,23
339773,3124541,30063,815,16.78,14
340573,3124541,30341,1564,0.36,16
341053,3124541,28131,2008,-0.03,48
342173,3124541,27973,2953,5.80,12
342333,3124541,27973,3097,0.80,29
342893,3124541,27973,3612,0.19,21
332413,3124461,29219,6444,-0.62,37
332493,3124461,29219,6364,-0.52,47
332733,3124461,29219,6125,-0.68,75
332973,3124461,29219,5886,-0.92,68
333133,3124461,29219,5726,-35.04,26
333373,3124461,29219,5487,-0.57,35
333453,3124461,29219,5408,-0.71,29
333773,3124461,29219,5089,-0.31,51
333853,3124461,29219,5009,-0.99,43
334093,3124461,29219,4771,-2.93,31
334173,3124461,29219,4691,-0.84,42
334253,3124461,29219,4612,-0.77,71
334333,3124461,29219,4532,-0.39,50
334573,3124461,29219,4293,3.74,50
334653,3124461,29219,4214,-0.44,15
334733,3124461,29219,4135,-0.59,16
335693,3124461,29641,3178,0.05,29
335773,3124461,29641,3098,-0.31,63
335853,3124461,29641,3018,-0.60,34
335933,3124461,29641,2938,-0.61,53
336173,3124461,29641,2698,-0.69,46
336253,3124461,29641,2618,-0.53,81
336413,3124461,29641,2459,-0.55,73
336493,3124461,29641,2379,-0.51,54
336573,3124461,29641,2299,-0.26,64
336653,3124461,29641,2219,-0.62,25
336733,3124461,29641,2139,-0.24,48
337533,3124461,29641,1342,-0.05,23
337613,3124461,29641,1262,-0.50,59
337853,3124461,29641,1024,6.77,41
337933,3124461,29641,944,-0.51,45
338013,3124461,29641,865,-0.01,21
338093,3124461,29641,786,-0.06,68
338493,3124461,29641,398,12.81,13
340893,3124461,30341,1845,26.91,13
342973,3124461,27973,3716,0.81,28
332573,3124381,29219,6291,-0.46,36
332653,3124381,29219,6212,-0.93,78
332813,3124381,29219,6052,6.26,28
332973,3124381,29219,5893,-19.47,20
333213,3124381,29219,5654,-0.53,64
333373,3124381,29219,5495,-0.55,57
333693,3124381,29219,5177,-0.88,51
333773,3124381,29219,5097,-0.38,24
333853,3124381,29219,5018,-0.40,69
334093,3124381,29219,4780,6.12,13
334253,3124381,29641,4620,-0.53,69
334333,3124381,29641,4540,-0.54,75
334413,3124381,29641,4460,-0.29,50
334493,3124381,29641,4380,-13.93,51
334573,3124381,29641,4300,25.52,33
334733,3124381,29641,4141,-0.49,69
334813,3124381,29641,4061,-0.75,73
334893,3124381,29641,3981,-0.72,24
335373,3124381,29641,3502,-0.12,45
335613,3124381,29641,3262,-0.11,31
335693,3124381,29641,3182,-0.17,36
335773,3124381,29641,3102,-0.35,29
335853,3124381,29641,3023,-0.30,72
335933,3124381,29641,2943,-0.90,31
336013,3124381,29641,2863,-0.15,38
336333,3124381,29641,2544,-0.59,33
336413,3124381,29641,2464,-0.11,22
336493,3124381,29641,2385,-0.63,46
336573,3124381,29641,2305,-0.26,78
336733,3124381,29641,2146,-5.50,57
336813,3124381,29641,2066,-0.40,15
337533,3124381,29641,1352,0.14,35
337693,3124381,29641,1194,7.93,63
337773,3124381,29641,1116,-0.43,59
337853,3124381,29641,1037,-0.49,36
338093,3124381,29641,804,2.92,17
338813,3124381,29906,118,21.56,20
338893,3124381,29906,45,8.88,14
339293,3124381,30063,312,-8.41,13
339773,3124381,30063,769,32.44,13
340013,3124381,30341,984,0.35,34
340333,3124381,30341,1285,0.28,15
340973,3124381,30341,1905,-3.18,23
342333,3124381,27973,3168,0.30,34
343053,3124381,27973,3820,0.17,19
332413,3124301,29219,6458,-0.77,43
332493,3124301,29219,6379,-0.66,78
332573,3124301,29219,6299,-0.88,40
332733,3124301,29219,6140,-0.75,50
332813,3124301,29219,6060,-8.60,13
332973,3124301,29219,5901,31.64,34
333053,3124301,29219,5822,-0.98,23
333133,3124301,29219,5742,4.74,23
333213,3124301,29641,5663,-0.90,52
333533,3124301,29641,5343,-0.92,15
334093,3124301,29641,4784,-0.55,65
334253,3124301,29641,4624,-12.29,42
334333,3124301,29641,4545,-0.22,46
334413,3124301,29641,4465,-0.99,55
334493,3124301,29641,4385,-12.38,23
334573,3124301,29641,4305,-0.74,28
334733,3124301,29641,4145,-0.92,38
334813,3124301,29641,4066,9.89,24
334893,3124301,29641,3986,-0.50,40
334973,3124301,29641,3906,-0.75,27
335133,3124301,29641,3747,-0.74,43
335693,3124301,29641,3189,-0.33,21
335773,3124301,29641,3109,-0.59,71
335933,3124301,29641,2950,-0.49,48
336013,3124301,29641,2870,-0.23,61
336173,3124301,29641,2711,-0.23,74
336413,3124301,29641,2472,-0.19,74
336493,3124301,29641,2393,-0.72,19
336573,3124301,29641,2314,-0.14,29
336653,3124301,29641,2234,-0.47,33
337853,3124301,29641,1056,0.12,13
337933,3124301,29641,980,-0.36,70
338813,3124301,29906,127,-0.42,37
338973,3124301,29906,69,-0.35,29
339053,3124301,30063,76,-15.10,16
339693,3124301,30341,661,0.22,49
340973,3124301,30341,1890,-0.09,13
341213,3124301,30341,2127,0.54,39
342253,3124301,27973,3136,0.37,13
342813,3124301,27973,3633,-33.06,12
332493,3124221,32501,6376,18.31,51
332653,3124221,32501,6225,-0.92,67
332813,3124221,29641,6067,-0.82,65
332893,3124221,29641,5987,-0.61,21
333373,3124221,29641,5508,-0.72,25
333693,3124221,29641,5189,-0.60,53
333853,3124221,29641,5029,-0.88,49
333933,3124221,29641,4949,-0.83,72
334013,3124221,29641,4869,-0.68,70
334253,3124221,29641,4630,-0.53,63
334493,3124221,29641,4391,-0.69,30
334653,3124221,29641,4232,9.58,23
334733,3124221,29641,4152,49.75,37
335613,3124221,29641,3276,12.00,24
335693,3124221,29641,3197,-0.65,38
335773,3124221,29641,3117,-0.05,59
335853,3124221,29641,3038,-0.60,73
335933,3124221,29641,2959,-0.58,48
336013,3124221,29641,2879,6.87,19
336093,3124221,29641,2800,-0.45,64
336253,3124221,29641,2642,-0.36,40
336333,3124221,29641,2562,23.49,24
336413,3124221,29641,2483,-0.28,57
336653,3124221,29641,2246,-4.55,22
337293,3124221,29641,1619,-8.08,19
337453,3124221,29641,1463,-0.59,20
337533,3124221,29641,1386,-0.72,18
337933,3124221,29774,998,0.12,46
338013,3124221,29774,920,-6.07,39
338093,3124221,29774,844,0.04,53
339613,3124221,30341,554,-58.95,15
339853,3124221,30341,779,-0.18,72
340253,3124221,30341,1167,-0.24,54
340333,3124221,30341,1246,-0.02,49
340413,3124221,30341,1325,0.04,70
340813,3124221,30341,1720,14.01,14
342573,3124221,27973,3455,0.08,26
343133,3124221,27973,3957,-20.90,19
343853,3124221,27973,4623,31.76,18
332413,3124141,32501,6427,-15.75,22
332493,3124141,32501,6351,-0.93,29
332653,3124141,32501,6199,-0.33,24
332733,3124141,32501,6123,-0.43,45
332813,3124141,32501,6047,-1.04,36
332973,3124141,32501,5896,-0.39,19
333133,3124141,32501,5745,-0.46,60
333933,3124141,29641,4956,-0.95,34
334173,3124141,29641,4717,-0.43,39
334253,3124141,29641,4637,-0.53,70
334413,3124141,29641,4478,-0.63,71
334573,3124141,29641,4319,-0.52,22
334653,3124141,29641,4239,9.40,22
334733,3124141,29641,4160,-0.74,66
334813,3124141,29641,4080,-0.76,26
334893,3124141,29641,4001,-0.19,23
334973,3124141,29641,3921,-0.42,38
335533,3124141,29641,3366,-0.44,31
335693,3124141,29641,3207,-0.70,60
335773,3124141,29641,3128,-0.31,80
335853,3124141,29641,3049,-0.62,61
336013,3124141,29641,2891,-0.63,72
336093,3124141,29641,2812,-0.57,45
336173,3124141,29641,2733,-0.54,61
336253,3124141,29641,2654,-0.35,50
336493,3124141,29641,2418,-0.43,20
336573,3124141,29641,2339,2.59,49
336653,3124141,29641,2261,-0.23,63
336733,3124141,29641,2183,-0.49,15
337213,3124141,29641,1716,-0.70,33
337373,3124141,29774,1561,-0.07,21
338813,3124141,30063,225,0.08,18
339693,3124141,30341,603,-0.37,19
339773,3124141,30341,681,9.09,15
339853,3124141,30341,759,-0.17,41
340333,3124141,30341,1234,-2.28,53
340413,3124141,30341,1313,0.02,26
342253,3124141,30618,3139,-0.07,17
342973,3124141,27973,3847,0.65,32
343453,3124141,27973,4282,0.53,27
343853,3124141,27973,4652,33.05,47
332333,3124061,32501,6480,-0.28,23
332413,3124061,32501,6403,-0.75,13
332493,3124061,32501,6327,-0.96,68
332573,3124061,32501,6251,-1.19,19
332653,3124061,32501,6174,-0.56,17
332733,3124061,32501,6098,-0.59,52
332813,3124061,32501,6022,4.70,24
332893,3124061,32501,5946,-0.99,44
332973,3124061,32501,5870,-0.57,36
333053,3124061,32501,5794,-0.95,57
333133,3124061,32501,5719,-1.02,15
333213,3124061,32501,5643,-0.60,50
333693,3124061,32501,5193,-0.61,48
333853,3124061,29641,5043,-0.70,84
334093,3124061,29641,4805,-0.92,16
334173,3124061,29641,4725,-0.76,29
334333,3124061,29641,4566,-0.50,79
334493,3124061,29641,4407,0.32,22
334733,3124061,29641,4169,-0.32,65
334893,3124061,29641,4011,-0.90,39
334973,3124061,29641,3931,-0.30,36
335373,3124061,29641,3535,-0.49,49
335533,3124061,29641,3377,-4.64,35
335613,3124061,29641,3298,-7.87,41
335693,3124061,29641,3219,-0.19,24
335853,3124061,29641,3062,-0.57,39
336013,3124061,29641,2904,-0.47,67
336093,3124061,29641,2826,-0.71,42
336173,3124061,29641,2747,-0.30,78
336333,3124061,29641,2590,14.26,23
336493,3124061,29641,2434,-15.30,40
339133,3124061,30341,72,-10.84,16
339293,3124061,30341,197,0.01,57
339453,3124061,30341,351,-0.23,52
340093,3124061,30341,987,0.13,53
340173,3124061,30341,1067,-0.04,13
340333,3124061,30341,1227,0.28,72
340573,3124061,30341,1466,-0.14,59
341213,3124061,30618,2098,0.54,30
343853,3124061,27973,4682,0.06,29
332333,3123981,32501,6457,-5.86,60
332413,3123981,32501,6381,-0.84,38
332573,3123981,32501,6227,-0.54,36
332733,3123981,32501,6074,-1.05,17
332813,3123981,32501,5998,-0.81,71
332973,3123981,32501,5845,-0.84,53
333133,3123981,32501,5693,-0.63,48
333213,3123981,32501,5617,-0.38,21
333293,3123981,32501,5541,-0.54,59
333533,3123981,32501,5315,-0.57,57
333693,3123981,32501,5164,-0.58,23
333773,3123981,32501,5089,-0.64,77
333853,3123981,32501,5014,10.21,64
333933,3123981,32501,4940,-0.78,49
334013,3123981,32501,4865,-0.37,46
334093,3123981,32501,4791,-0.59,57
334253,3123981,32501,4643,-0.86,47
334333,3123981,32501,4569,-0.66,67
334413,3123981,32501,4496,-0.73,16
334493,3123981,29641,4418,-9.73,16
334573,3123981,29641,4339,-0.54,39
334653,3123981,29641,4259,-0.71,54
334733,3123981,29641,4180,-0.84,50
334893,3123981,29641,4022,-0.39,59
334973,3123981,29641,3943,-0.38,16
335293,3123981,29641,3627,-8.33,62
335613,3123981,29641,3312,-0.47,25
335773,3123981,29641,3155,-0.53,58
336013,3123981,29641,2920,-29.66,13
336173,3123981,29641,2764,-0.37,39
336573,3123981,29641,2375,4.73,23
337053,3123981,29774,1910,-0.07,20
338573,3123981,30196,493,-0.41,21
338813,3123981,30196,270,-0.26,34
339373,3123981,30341,265,0.36,27
339453,3123981,30341,345,-0.32,38
339853,3123981,30341,745,-0.07,55
340333,3123981,30618,1216,-0.21,29
340493,3123981,30618,1374,-8.39,64
340573,3123981,30618,1453,0.29,72
340733,3123981,30618,1611,-0.18,20
341053,3123981,30618,1928,-0.27,22
341133,3123981,30618,2008,-19.60,17
341213,3123981,30618,2087,0.43,22
342893,3123981,30895,3754,0.19,68
343053,3123981,30895,3913,0.54,25
343533,3123981,30895,4390,0.69,36
332413,3123901,32501,6359,-1.08,62
332733,3123901,32501,6051,-0.96,67
332813,3123901,32501,5974,-17.95,54
332893,3123901,32501,5898,-0.92,64
333053,3123901,32501,5745,-0.89,14
333373,3123901,32501,5440,-0.55,26
333453,3123901,32501,5364,-0.77,50
333533,3123901,32501,5288,7.10,54
333613,3123901,32501,5213,-0.59,63
333773,3123901,32501,5062,-0.53,31
333933,3123901,32501,4911,-0.86,50
334013,3123901,32501,4837,-0.61,45
334093,3123901,32501,4762,-0.55,55
334253,3123901,32501,4613,-7.99,22
334333,3123901,32501,4539,-0.63,83
334573,3123901,32501,4317,-11.28,27
334653,3123901,32501,4244,-0.38,50
334893,3123901,32501,4025,-0.39,76
335053,3123901,29641,3877,-0.27,43
335213,3123901,29641,3720,2.34,37
335693,3123901,29641,3250,-0.65,53
335853,3123901,29641,3094,-0.44,69
335933,3123901,29641,3016,-0.08,31
336013,3123901,29641,2938,-0.25,75
336173,3123901,29641,2783,-0.72,44
336333,3123901,29641,2628,-0.64,50
336413,3123901,29774,2550,-42.75,21
336493,3123901,29774,2472,-0.56,37
336573,3123901,29774,2395,-0.25,34
336653,3123901,29774,2317,-0.30,14
337373,3123901,29906,1620,7.47,13
338013,3123901,29906,1021,0.12,34
338893,3123901,30485,217,-0.38,13
339053,3123901,30485,62,-8.42,38
339133,3123901,30485,37,-6.93,12
339293,3123901,30485,187,0.13,51
339373,3123901,30485,266,0.23,41
339453,3123901,30485,346,-0.28,53
339693,3123901,30618,574,5.49,36
339933,3123901,30618,808,-0.16,29
340173,3123901,30618,1045,0.27,46
340253,3123901,30618,1125,-0.16,28
340333,3123901,30618,1204,0.33,59
340493,3123901,30618,1363,0.14,28
340573,3123901,30618,1442,-9.70,17
342733,3123901,30895,3586,0.59,32
342893,3123901,30895,3745,0.64,25
343053,3123901,30895,3904,-23.79,27
332333,3123821,32501,6415,-1.20,26
332493,3123821,32501,6260,-18.40,13
332573,3123821,32501,6183,-0.85,24
332653,3123821,32501,6106,-1.03,29
332733,3123821,32501,6029,-0.47,39
332813,3123821,32501,5952,45.07,23
332893,3123821,32501,5875,-12.43,27
332973,3123821,32501,5798,-0.65,66
333053,3123821,32501,5721,-0.89,76
333133,3123821,32501,5645,-0.54,51
333213,3123821,32501,5568,-0.61,62
333293,3123821,32501,5492,-0.48,36
333533,3123821,32501,5263,-0.50,37
333613,3123821,32501,5187,-0.99,36
333853,3123821,32501,4960,-0.51,52
333933,3123821,32501,4884,5.56,26
334093,3123821,32501,4734,-0.58,59
334173,3123821,32501,4659,-4.60,27
334253,3123821,32501,4584,-0.58,71
334493,3123821,32501,4360,-0.89,62
334573,3123821,32501,4286,-0.40,44
334733,3123821,32501,4139,-0.32,25
334973,3123821,32501,3919,-0.68,64
335053,3123821,32501,3846,-1.01,52
335133,3123821,32501,3774,-0.44,58
335293,3123821,32501,3630,-0.63,82
335373,3123821,32501,3559,-0.81,20
335533,3123821,32356,3416,-0.75,17
335773,3123821,29641,3190,-0.13,15
335853,3123821,29641,3113,-0.34,77
335933,3123821,29641,3035,-0.30,79
336333,3123821,29774,2647,-8.20,28
336493,3123821,29774,2492,-0.34,17
336573,3123821,29906,2415,5.36,16
336813,3123821,29906,2181,4.78,29
338013,3123821,29906,1059,-0.34,35
338173,3123821,30196,923,0.02,37
338253,3123821,30196,847,-9.12,54
338733,3123821,30485,379,0.22,22
338973,3123821,30485,145,-0.01,36
339133,3123821,30485,58,3.87,40
339213,3123821,30618,101,25.20,26
339293,3123821,30618,169,-0.18,33
339693,3123821,30618,559,8.14,27
339853,3123821,30618,718,-0.40,27
340173,3123821,30618,1037,0.37,27
340253,3123821,30618,1117,0.27,61
340413,3123821,30618,1277,0.34,57
342733,3123821,30895,3578,8.86,14
342813,3123821,30895,3658,0.65,35
332333,3123741,32501,6395,-0.76,76
332413,3123741,32501,6318,-0.97,33
332493,3123741,32501,6240,-0.95,63
332573,3123741,32501,6163,-0.98,73
332653,3123741,32501,6085,-1.07,39
332733,3123741,32501,6008,-0.60,60
332813,3123741,32501,5931,-0.46,43
332893,3123741,32501,5853,-0.52,59
332973,3123741,32501,5776,-0.69,82
333053,3123741,32501,5699,-0.83,34
333213,3123741,32501,5545,-0.78,66
333453,3123741,32501,5315,-0.79,15
333533,3123741,32501,5239,11.15,49
333613,3123741,32501,5162,-41.98,64
333693,3123741,32501,5086,-0.47,13
333773,3123741,32501,5010,-0.85,66
333933,3123741,32501,4858,6.67,14
334253,3123741,32501,4556,-0.50,66
334413,3123741,32501,4406,-0.76,13
334573,3123741,32501,4256,2.14,21
334973,3123741,32501,3886,-44.41,14
335053,3123741,32501,3813,-0.30,46
335133,3123741,32501,3740,-0.74,12
335293,3123741,32501,3595,-0.30,21
335533,3123741,32501,3380,-0.76,42
335613,3123741,32356,3309,-0.71,53
335773,3123741,32356,3165,-0.23,64
335853,3123741,32356,3094,-0.29,79
335933,3123741,32356,3023,-0.60,51
336013,3123741,32356,2953,-0.66,51
336093,3123741,32356,2883,-0.50,69
336173,3123741,32356,2814,7.64,25
336253,3123741,29906,2744,7.56,15
336413,3123741,29906,2589,-0.28,63
336573,3123741,29906,2433,-0.49,39
336653,3123741,29906,2356,0.04,27
336813,3123741,29906,2202,-0.18,57
336893,3123741,29906,2125,-0.53,56
336973,3123741,29906,2049,-0.54,34
337853,3123741,29906,1237,-0.08,21
338253,3123741,30485,865,18.35,46
338333,3123741,30485,786,-0.60,45
338413,3123741,30485,708,0.03,55
338573,3123741,30485,551,30.19,13
338653,3123741,30485,474,-3.47,12
338733,3123741,30485,398,-0.36,49
338973,3123741,30618,166,-0.08,16
339053,3123741,30618,86,-7.59,49
339133,3123741,30618,14,4.97,27
339213,3123741,30618,76,0.14,52
339453,3123741,30618,315,-0.18,53
339693,3123741,30618,555,0.38,37
339773,3123741,30618,635,-0.18,55
340093,3123741,30895,952,-0.12,76
340173,3123741,30895,1030,-0.15,49
340733,3123741,30895,1581,-0.18,27
342573,3123741,30895,3412,0.23,31
342733,3123741,30895,3572,0.06,23
344173,3123741,31268,5009,0.38,38
332573,3123661,32501,6143,-0.93,69
332733,3123661,32501,5988,-0.48,19
332813,3123661,32501,5910,-10.30,32
332973,3123661,32501,5755,-0.83,67
333053,3123661,32501,5678,-0.99,60
333293,3123661,32501,5447,-0.50,60
333373,3123661,32501,5370,-0.56,75
333453,3123661,32501,5293,-0.85,59
333613,3123661,32501,5139,2.48,69
333693,3123661,32501,5062,-0.66,67
333773,3123661,32501,4986,-10.83,21
333853,3123661,32501,4910,-0.43,44
333933,3123661,32501,4833,-0.81,46
334013,3123661,32501,4757,-0.54,27
334493,3123661,32501,4303,-0.45,69
334573,3123661,32501,4228,-0.41,54
334973,3123661,32501,3855,-0.26,50
335293,3123661,32501,3561,-4.95,17
335373,3123661,32501,3489,-0.60,46
335453,3123661,32501,3416,-0.84,13
335613,3123661,32501,3273,0.88,39
335693,3123661,32501,3201,-0.78,28
335853,3123661,32356,3058,-0.34,66
336093,3123661,32356,2844,-2.65,73
336173,3123661,32356,2774,-0.65,51
336253,3123661,32356,2705,-12.62,18
336413,3123661,32356,2567,-0.09,17
336493,3123661,32356,2499,-59.40,13
336573,3123661,32356,2432,-0.19,31
336973,3123661,29906,2074,-0.76,16
337053,3123661,29906,1999,14.50,36
337133,3123661,29906,1924,0.27,18
337213,3123661,29906,1850,-0.62,61
337453,3123661,29906,1630,-0.50,50
337773,3123661,29906,1347,0.02,31
338013,3123661,30485,1116,-0.25,40
338093,3123661,30485,1037,-0.02,50
338253,3123661,30485,881,0.44,55
338333,3123661,30485,804,0.09,59
338493,3123661,30763,646,-0.10,69
338893,3123661,30763,247,-0.41,15
338973,3123661,30763,167,7.53,19
339133,3123661,30763,28,-4.44,52
339213,3123661,30763,80,0.18,31
339293,3123661,30763,157,-0.23,34
339373,3123661,30763,236,0.26,15
339453,3123661,30763,316,2.76,50
339613,3123661,30895,469,0.26,67
339693,3123661,30895,545,24.61,14
339773,3123661,30895,623,-0.10,34
339933,3123661,30895,779,-10.54,61
340173,3123661,30895,1016,0.29,31
342573,3123661,30895,3408,0.38,52
343213,3123661,31268,4047,0.05,19
332493,3123581,32501,6202,-0.61,49
332733,3123581,32501,5969,-0.69,43
332813,3123581,32501,5891,-0.73,28
332973,3123581,32501,5735,-1.09,16
333053,3123581,32501,5658,-0.78,52
333133,3123581,32501,5580,-0.62,60
333213,3123581,32501,5503,-0.54,52
333533,3123581,32501,5194,-1.02,14
333613,3123581,32501,5117,-0.88,34
333693,3123581,32501,5040,21.29,24
333773,3123581,32501,4963,-0.54,20
333853,3123581,32501,4886,0.70,57
333933,3123581,32501,4810,-0.75,86
334173,3123581,32501,4580,7.81,53
334253,3123581,32501,4504,-0.59,75
334413,3123581,32501,4352,-0.55,46
334493,3123581,32501,4276,-0.76,12
334653,3123581,32501,4125,-0.82,39
334893,3123581,32501,3900,-0.64,20
335133,3123581,32501,3677,-1.00,17
335213,3123581,32501,3603,-0.76,55
335293,3123581,32501,3529,-0.27,32
335533,3123581,32501,3310,-0.44,49
335613,3123581,32501,3237,-49.27,32
335773,3123581,32501,3094,-0.44,67
335933,3123581,32356,2951,5.09,43
336013,3123581,32356,2879,-0.56,64
336093,3123581,32356,2807,5.11,22
336253,3123581,32356,2666,-2.23,49
336493,3123581,32356,2457,1.84,52
336653,3123581,32356,2322,0.17,28
336813,3123581,32356,2189,-0.62,53
336973,3123581,32356,2061,-0.07,49
337053,3123581,32199,1998,-0.20,67
337293,3123581,32042,1806,0.08,43
337373,3123581,29906,1736,5.94,41
337533,3123581,29906,1595,-0.18,73
337853,3123581,30763,1286,27.92,38
338013,3123581,30763,1126,-0.13,49
338173,3123581,30763,967,-0.46,25
338413,3123581,30763,727,0.19,36
338493,3123581,30763,647,-0.38,36
338733,3123581,30763,409,-0.14,46
338893,3123581,30763,251,0.01,60
339213,3123581,30895,81,0.15,65
339373,3123581,30895,216,-0.26,65
339453,3123581,30895,293,0.33,36
339533,3123581,30895,371,-10.93,22
339933,3123581,30895,768,10.05,34
340173,3123581,30895,1007,-0.12,45
340493,3123581,30895,1327,-1.42,45
340573,3123581,30895,1406,0.26,55
341053,3123581,30895,1886,0.07,49
341133,3123581,30895,1966,0.32,52
341213,3123581,30895,2046,14.95,12
341773,3123581,30895,2606,-0.05,48
342573,3123581,31268,3402,-1.46,20
342653,3123581,31268,3481,0.54,37
332893,3123501,32501,5795,-0.42,31
333053,3123501,32501,5639,-0.65,49
333133,3123501,32501,5561,-0.53,14
333373,3123501,32501,5328,-0.61,68
333613,3123501,32501,5096,-0.92,47
333773,3123501,32501,4941,-0.51,65
333853,3123501,32501,4864,-0.92,50
334253,3123501,32501,4480,6.00,55
334413,3123501,32501,4327,-7.75,15
334893,3123501,32501,3872,-0.71,34
334973,3123501,32501,3797,-0.43,51
335053,3123501,32501,3722,-0.39,68
335133,3123501,32501,3647,-0.65,74
335213,3123501,32501,3573,-0.24,58
335293,3123501,32501,3499,-0.72,47
335373,3123501,32501,3425,-0.48,21
335453,3123501,32501,3351,-0.27,51
335693,3123501,32501,3131,-0.37,77
335773,3123501,32501,3059,-0.21,33
336013,3123501,32501,2844,-30.56,29
336093,3123501,32356,2772,-14.43,19
336493,3123501,32356,2417,4.59,46
336573,3123501,32356,2348,-6.46,36
336653,3123501,32356,2279,-0.18,38
336733,3123501,32356,2211,-0.12,70
337373,3123501,32199,1694,-0.35,60
337613,3123501,32042,1502,-0.44,47
338013,3123501,30763,1133,26.51,14
338093,3123501,30763,1053,-0.01,67
338173,3123501,30763,974,-0.13,16
338413,3123501,30763,737,-0.44,29
338493,3123501,30763,659,0.12,20
338573,3123501,30763,580,-0.05,22
338973,3123501,30895,196,-48.22,42
339693,3123501,30895,525,-0.15,29
340013,3123501,30895,845,0.09,56
340173,3123501,30895,1005,-2.45,52
340413,3123501,30895,1245,-0.10,55
340973,3123501,30895,1805,0.46,57
341053,3123501,30895,1885,0.05,20
341133,3123501,30895,1965,-0.16,29
341213,3123501,31268,2045,0.42,30
341293,3123501,31268,2123,0.34,30
342093,3123501,31268,2916,4.32,27
342333,3123501,31268,3154,0.06,47
342813,3123501,31268,3632,0.67,32
343133,3123501,31268,3950,0.05,36
332813,3123421,32501,5855,-0.86,30
332973,3123421,32501,5699,-0.61,24
333133,3123421,32501,5543,-1.01,42
333453,3123421,32501,5231,-0.87,53
334413,3123421,32501,4304,-0.85,59
334653,3123421,32501,4074,-0.45,68
334813,3123421,32501,3922,-0.42,23
334973,3123421,32501,3770,-0.36,61
335053,3123421,32501,3695,-0.35,59
335133,3123421,32501,3620,-0.69,42
335373,3123421,32501,3395,-0.48,18
335693,3123421,32501,3099,-34.07,46
335853,3123421,32501,2952,-0.71,54
335933,3123421,32501,2880,-0.08,39
336173,3123421,32501,2665,-0.64,20
336333,3123421,32356,2521,-0.13,18
336493,3123421,32356,2379,-0.30,51
336573,3123421,32356,2308,-0.20,42
336733,3123421,32356,2169,-0.07,55
336813,3123421,32356,2101,-0.81,30
337053,3123421,32356,1901,-2.07,20
337533,3123421,32042,1517,-0.14,48
337613,3123421,32042,1453,-15.57,17
337773,3123421,31884,1326,-0.03,26
338013,3123421,31727,1134,3.55,27
338253,3123421,30763,910,-0.25,54
338493,3123421,31015,676,-0.31,38
338573,3123421,31015,596,-20.35,18
338653,3123421,31015,516,-0.03,69
338813,3123421,31015,356,-0.54,23
338893,3123421,31015,276,-0.15,56
339053,3123421,31015,118,-0.23,13
339293,3123421,31015,128,26.72,24
339373,3123421,31015,207,31.20,54
339453,3123421,31015,286,2.14,39
339533,3123421,31015,366,-5.66,40
339613,3123421,31015,446,-14.13,21
339933,3123421,31015,765,0.01,57
340013,3123421,31015,845,-8.02,51
340413,3123421,31268,1244,10.91,36
340493,3123421,31268,1322,0.41,33
340653,3123421,31268,1479,6.73,18
340813,3123421,31268,1637,25.87,21
340973,3123421,31268,1795,-5.85,28
341053,3123421,31268,1874,-0.03,66
341133,3123421,31268,1953,-0.03,80
341213,3123421,31268,2033,-0.13,49
341373,3123421,31268,2191,0.83,18
341933,3123421,31268,2748,-0.05,18
342093,3123421,31268,2907,0.76,18
342173,3123421,31268,2987,0.65,37
343053,3123421,31268,3864,0.60,17
333053,3123341,32501,5604,-1.01,30
333373,3123341,32501,5291,-0.66,31
333453,3123341,32501,5213,-1.30,37
333933,3123341,32501,4746,-0.86,68
334253,3123341,32501,4436,-0.67,37
334333,3123341,32501,4359,-0.74,32
334493,3123341,32501,4205,-0.55,73
334733,3123341,32501,3974,-0.50,65
334813,3123341,32501,3898,-0.74,58
335053,3123341,32501,3669,-0.36,57
335133,3123341,32501,3593,-0.42,66
335293,3123341,32501,3442,-0.54,64
335373,3123341,32501,3367,-7.14,18
335613,3123341,32501,3142,-1.33,26
335773,3123341,32501,2994,-20.05,22
335853,3123341,32501,2920,-0.66,24
336093,3123341,32501,2701,-0.62,16
336493,3123341,32356,2342,-0.18,55
336653,3123341,32356,2200,-0.12,43
336973,3123341,32356,1923,-0.13,41
337053,3123341,32356,1856,-0.39,23
337133,3123341,32356,1789,-0.02,17
337213,3123341,32356,1725,-0.15,36
337293,3123341,32356,1661,-0.75,36
337373,3123341,32199,1598,-0.49,28
337533,3123341,32199,1469,-0.17,56
337613,3123341,32042,1406,4.69,16
337693,3123341,32042,1341,0.07,25
337933,3123341,31884,1149,-0.30,60
338253,3123341,31727,893,-0.33,55
338493,3123341,31015,677,6.11,27
338653,3123341,31015,518,-8.29,59
338813,3123341,31015,359,-0.31,52
338893,3123341,31015,280,0.02,46
338973,3123341,31015,202,-0.38,54
339213,3123341,31015,69,25.80,47
339453,3123341,31015,290,0.07,38
339613,3123341,31015,448,0.19,32
339693,3123341,31015,528,-0.12,25
340013,3123341,31268,836,-0.17,60
340093,3123341,31268,914,-0.12,72
340173,3123341,31268,993,-0.07,67
340253,3123341,31268,1071,0.10,52
340333,3123341,31268,1150,0.23,31
340413,3123341,31268,1229,28.02,55
340573,3123341,31268,1388,25.13,19
340653,3123341,31268,1467,-0.23,42
340973,3123341,31268,1785,1.55,13
341213,3123341,31268,2024,2.00,21
341853,3123341,31268,2661,0.18,16
342013,3123341,31268,2821,0.48,23
342253,3123341,31268,3061,0.55,18
342333,3123341,31268,3140,0.06,30
342893,3123341,31268,3700,-34.24,58
332733,3123261,32501,5902,6.84,14
332813,3123261,32501,5824,-12.84,63
332893,3123261,32501,5745,-0.88,55
332973,3123261,32501,5667,28.55,19
333053,3123261,32501,5588,-8.43,28
333293,3123261,32501,5353,25.10,67
333933,3123261,32501,4727,-0.83,74
334013,3123261,32501,4649,38.24,16
334093,3123261,32501,4571,-0.78,76
334173,3123261,32501,4494,-0.77,75
334253,3123261,32501,4416,-0.71,66
334333,3123261,32501,4338,-0.61,28
334493,3123261,32501,4184,-0.70,77
334653,3123261,32501,4029,-0.37,37
334733,3123261,32501,3952,-0.48,63
334813,3123261,32501,3875,-0.51,69
334973,3123261,32501,3721,-0.49,20
335613,3123261,32501,3114,-0.79,38
335693,3123261,32501,3039,-0.68,40
335773,3123261,32501,2964,-0.38,48
335853,3123261,32501,2889,-0.50,62
336413,3123261,32501,2378,-0.52,42
336573,3123261,32356,2236,-0.39,42
336653,3123261,32356,2164,-0.06,34
337053,3123261,32356,1812,-0.52,37
337133,3123261,32356,1745,-0.54,45
337453,3123261,32356,1486,-0.11,60
337533,3123261,32199,1421,-0.39,58
337773,3123261,32042,1229,-9.74,23
337853,3123261,32042,1165,-0.54,15
337933,3123261,32042,1102,2.46,15
338013,3123261,31884,1037,-0.36,44
338493,3123261,31727,659,-0.58,17
338573,3123261,31135,595,8.76,42
338653,3123261,31135,515,-0.44,50
338893,3123261,31135,275,5.18,35
340013,3123261,31268,822,-0.23,43
340093,3123261,31268,901,0.43,27
340333,3123261,31268,1140,0.07,14
340573,3123261,31268,1379,0.24,73
340653,3123261,31268,1459,0.14,77
340733,3123261,31268,1539,0.24,23
340973,3123261,31268,1778,-0.06,55
341053,3123261,31268,1858,-19.74,14
341293,3123261,31268,2098,0.23,45
341933,3123261,31268,2737,0.01,72
342013,3123261,31268,2817,-10.62,24
342093,3123261,31268,2897,0.37,65
342253,3123261,31268,3057,0.56,59
342333,3123261,31268,3137,0.41,47
342413,3123261,31268,3217,20.79,45
342573,3123261,31268,3377,4.62,65
342813,3123261,31268,3616,0.23,19
342893,3123261,31268,3696,-1.77,53
342973,3123261,31268,3776,0.01,15
343293,3123261,31268,4096,0.90,12
332413,3123181,32501,6204,3.90,43
333053,3123181,32501,5573,-0.77,37
333133,3123181,32501,5495,-31.73,21
333293,3123181,32501,5337,-20.07,31
333533,3123181,32501,5102,-11.04,15
333773,3123181,32501,4866,-1.51,21
333853,3123181,32501,4788,-0.93,34
333933,3123181,32501,4710,-0.96,54
334253,3123181,32501,4397,5.39,18
334413,3123181,32501,4242,-0.69,68
334493,3123181,32501,4164,-0.33,26
334653,3123181,32501,4009,-0.44,16
334733,3123181,32501,3931,-1.01,25
334813,3123181,32501,3854,-0.73,73
334973,3123181,32501,3699,-0.48,70
335133,3123181,32501,3545,-0.40,15
335213,3123181,32501,3469,-0.73,58
335453,3123181,32501,3239,-0.39,66
335613,3123181,32501,3087,-0.34,48
335693,3123181,32501,3012,-0.31,55
335773,3123181,32501,2936,-0.36,36
335853,3123181,32501,2861,-0.46,47
336013,3123181,32501,2711,-0.42,71
336093,3123181,32501,2637,-7.44,35
336333,3123181,32501,2416,2.78,35
336413,3123181,32501,2343,-0.58,65
336573,3123181,32501,2199,19.61,17
336733,3123181,32356,2057,-0.50,55
336813,3123181,32356,1985,-0.29,68
336973,3123181,32356,1842,-0.16,28
337133,3123181,32356,1703,-0.40,41
337213,3123181,32356,1634,-0.32,74
337293,3123181,32356,1567,-0.40,43
337453,3123181,32356,1437,-0.52,16
337533,3123181,32356,1374,-0.01,13
337693,3123181,32199,1245,-43.09,19
337773,3123181,32199,1182,-0.37,19
337853,3123181,32042,1118,-0.06,52
337933,3123181,32042,1053,-0.47,53
338013,3123181,32042,989,-0.44,65
338093,3123181,31884,926,-0.62,37
338413,3123181,31727,669,-0.45,49
338573,3123181,31727,546,-0.29,64
338973,3123181,31135,216,0.05,13
339373,3123181,31268,177,-0.49,27
340413,3123181,31268,1215,-0.21,37
340653,3123181,31268,1455,0.22,44
340813,3123181,31268,1615,0.36,67
340973,3123181,31268,1775,-0.24,32
341933,3123181,31268,2735,0.12,54
342173,3123181,31268,2975,0.18,22
342253,3123181,31268,3055,0.53,40
342333,3123181,31268,3135,0.08,68
342573,3123181,31268,3375,0.15,63
342653,3123181,31268,3455,0.40,73
342733,3123181,31268,3535,0.34,74
342813,3123181,31268,3615,0.46,74
342893,3123181,31268,3695,0.56,30
332973,3123101,32501,5639,8.12,33
333293,3123101,32501,5323,-16.99,39
333453,3123101,32501,5165,-0.88,67
333533,3123101,32501,5087,-0.94,42
333773,3123101,32501,4851,-0.35,31
333853,3123101,32501,4772,-0.88,44
333933,3123101,32501,4694,-0.70,66
334253,3123101,32501,4380,-0.81,44
334333,3123101,32501,4302,-0.55,28
334493,3123101,32501,4146,-0.33,16
334573,3123101,32501,4068,-0.33,56
334653,3123101,32501,3990,-0.83,33
334733,3123101,32501,3912,-0.58,77
334813,3123101,32501,3834,-0.33,39
334893,3123101,32501,3756,-0.77,19
335053,3123101,32501,3601,-0.19,23
335133,3123101,32501,3524,22.20,43
335213,3123101,32501,3447,-0.33,37
335373,3123101,32501,3293,-0.53,51
335453,3123101,32501,3216,-0.35,32
336253,3123101,32501,2459,-0.54,57
336813,3123101,32501,1949,-0.19,55
336893,3123101,32356,1878,-0.32,32
336973,3123101,32356,1806,1.86,49
337053,3123101,32356,1734,-3.76,65
337133,3123101,32356,1663,0.02,37
337213,3123101,32356,1593,-0.40,44
337293,3123101,32356,1524,-0.66,50
337773,3123101,32199,1133,-0.87,28
337853,3123101,32199,1069,-0.47,57
338013,3123101,32042,941,-0.45,26
338573,3123101,31727,493,-0.54,33
339853,3123101,31268,657,0.05,41
340013,3123101,31268,817,-0.22,37
340173,3123101,31268,976,-8.52,26
340413,3123101,31268,1216,-0.09,66
340573,3123101,31268,1376,-0.28,43
340653,3123101,31268,1456,-0.48,26
340733,3123101,31268,1536,0.27,74
341053,3123101,31268,1856,0.19,66
341213,3123101,31268,2016,-18.94,19
341453,3123101,31268,2255,-0.22,30
341773,3123101,31268,2575,-0.07,15
341933,3123101,31268,2735,0.23,17
342173,3123101,31268,2975,-8.59,19
342493,3123101,31268,3295,-0.10,32
342653,3123101,31268,3455,0.68,13
342893,3123101,31268,3695,-4.75,51
342973,3123101,31268,3775,-0.03,20
343293,3123101,31268,4095,0.18,22
332973,3123021,32501,5626,-0.69,32
333133,3123021,32501,5468,-31.12,22
333293,3123021,32501,5310,-0.89,13
334573,3123021,32501,4051,-6.75,25
334653,3123021,32501,3972,-0.56,63
334733,3123021,32501,3894,-0.55,61
334893,3123021,32501,3738,-0.70,50
334973,3123021,32501,3660,-0.47,52
335053,3123021,32501,3582,-0.44,50
335133,3123021,32501,3504,-0.40,74
335213,3123021,32501,3427,-0.81,37
335373,3123021,32501,3271,-8.90,17
335533,3123021,32501,3117,-0.24,42
335613,3123021,32501,3040,6.86,33
335773,3123021,32501,2886,-0.40,55
335853,3123021,32501,2810,-0.41,72
336253,3123021,32501,2430,8.37,50
336493,3123021,32501,2206,-0.29,51
336653,3123021,32501,2059,-6.77,35
336813,3123021,32501,1913,-0.01,45
337133,3123021,32356,1627,-0.50,65
337213,3123021,32356,1555,-0.54,81
337293,3123021,32356,1485,-0.40,59
337373,3123021,32356,1415,-0.31,66
337453,3123021,32356,1346,-0.53,14
337693,3123021,32356,1149,-0.71,39
337773,3123021,32356,1087,4.81,22
337933,3123021,32199,957,-32.02,21
339933,3123021,31268,747,-0.08,25
340173,3123021,31268,984,-0.19,22
340333,3123021,31268,1143,0.17,48
340413,3123021,31268,1222,0.16,43
340493,3123021,31268,1302,0.75,18
340573,3123021,31268,1381,-8.33,17
340653,3123021,31268,1461,-2.67,44
340813,3123021,31268,1620,0.16,74
340893,3123021,31268,1700,0.26,74
341293,3123021,31268,2099,0.38,17
341613,3123021,31268,2419,-0.01,28
341773,3123021,31268,2578,0.06,58
342093,3123021,31268,2898,0.46,55
342413,3123021,31268,3218,0.16,49
342573,3123021,31268,3377,-17.75,19
342893,3123021,31268,3697,-8.56,18
343133,3123021,31268,3937,0.72,54
343213,3123021,31268,4017,0.63,30
343293,3123021,31268,4097,0.23,18
333053,3122941,32501,5536,-1.05,38
333133,3122941,32501,5457,-0.80,12
333533,3122941,32501,5061,4.28,35
333853,3122941,32501,4744,-0.53,45
333933,3122941,32501,4665,-1.01,20
334093,3122941,32501,4508,-9.33,22
334253,3122941,32501,4350,-0.68,82
334333,3122941,32501,4271,-7.91,39
334413,3122941,32501,4192,-0.86,25
334733,3122941,32501,3878,-0.81,54
334893,3122941,32501,3721,-0.62,80
335053,3122941,32501,3564,-0.75,67
335693,3122941,32501,2942,6.31,29
335853,3122941,32501,2787,-0.49,27
335933,3122941,32501,2710,-0.64,72
336013,3122941,32501,2633,-0.65,47
336333,3122941,32501,2328,-5.63,15
336493,3122941,32501,2177,4.89,54
336653,3122941,32501,2028,-0.48,77
336813,3122941,32501,1880,-30.55,40
337053,3122941,32501,1663,-0.18,54
337133,3122941,32501,1592,26.24,47
337213,3122941,32356,1521,-0.52,74
337293,3122941,32356,1448,-0.60,40
337373,3122941,32356,1376,-0.41,37
337453,3122941,32356,1306,-4.62,15
337533,3122941,32356,1236,2.94,49
340253,3122941,31268,1076,-0.19,39
340653,3122941,31268,1470,0.28,55
340733,3122941,31268,1550,0.17,67
340813,3122941,31268,1629,-0.29,28
340893,3122941,31268,1708,-0.11,37
340973,3122941,31268,1788,-0.09,56
341133,3122941,31268,1947,0.38,64
341213,3122941,31268,2026,0.31,27
341693,3122941,31268,2504,-0.18,50
341773,3122941,31268,2584,-0.09,76
341933,3122941,31268,2743,-8.89,29
342493,3122941,31268,3302,-0.88,26
342733,3122941,31268,3541,0.52,56
342973,3122941,31268,3781,0.56,25
343293,3122941,31268,4100,1.60,18
332493,3122861,32501,6082,16.14,31
332973,3122861,32501,5605,3.48,24
333133,3122861,32501,5446,-1.03,51
333213,3122861,32501,5367,-0.96,47
333293,3122861,32501,5287,-0.91,76
333373,3122861,32501,5208,-0.98,41
333453,3122861,32501,5129,-0.89,48
333533,3122861,32501,5049,-0.74,49
333773,3122861,32501,4812,-27.88,34
333933,3122861,32501,4653,-0.74,75
334013,3122861,32501,4574,-0.58,71
334253,3122861,32501,4337,-13.67,29
334333,3122861,32501,4258,27.98,15
334653,3122861,32501,3942,0.93,67
334733,3122861,32501,3863,-0.68,77
334893,3122861,32501,3706,-1.11,32
334973,3122861,32501,3627,-24.86,20
335453,3122861,32501,3156,-0.71,69
335533,3122861,32501,3078,-34.03,45
335693,3122861,32501,2922,-1.03,17
335773,3122861,32501,2845,-0.45,31
335933,3122861,32501,2689,-0.42,67
336013,3122861,32501,2612,-0.45,42
336173,3122861,32501,2457,-0.63,67
336253,3122861,32501,2381,-0.65,62
336413,3122861,32501,2227,-0.31,56
336493,3122861,32501,2151,-0.32,47
336573,3122861,32501,2075,-0.37,72
336733,3122861,32501,1925,-0.41,49
336813,3122861,32501,1850,-0.23,52
336893,3122861,32501,1775,-0.22,67
336973,3122861,32501,1701,-0.51,64
337293,3122861,32501,1413,-0.57,34
337533,3122861,32356,1198,-0.16,53
337853,3122861,32356,925,8.43,28
338733,3122861,31884,231,-0.39,35
339293,3122861,31557,221,29.83,13
340493,3122861,31268,1328,0.34,18
340573,3122861,31268,1406,0.16,22
340653,3122861,31268,1484,-0.04,54
340973,3122861,31268,1799,0.04,39
341053,3122861,31268,1878,-0.04,67
341213,3122861,31268,2036,0.03,57
341373,3122861,31268,2194,-1.19,22
341453,3122861,31268,2274,-26.85,41
341613,3122861,31268,2433,-0.15,15
341693,3122861,31268,2512,0.44,61
342013,3122861,31268,2830,0.04,72
342093,3122861,31268,2910,0.25,51
342173,3122861,31268,2989,0.17,35
342253,3122861,31268,3069,0.32,67
342493,3122861,31268,3308,0.67,15
342573,3122861,31268,3388,0.55,38
342653,3122861,31268,3467,0.64,55
342733,3122861,31268,3547,0.60,27
342813,3122861,31268,3627,20.67,37
342973,3122861,31268,3786,-2.33,16
343213,3122861,31268,4026,-0.11,21
343453,3122861,31268,4265,0.27,20
343613,3122861,31268,4425,13.50,19
332413,3122781,32501,6153,-0.45,47
332493,3122781,32501,6074,-1.28,26
332893,3122781,32501,5676,6.39,33
332973,3122781,32501,5596,2.04,24
333213,3122781,32501,5357,-0.55,24
333293,3122781,32501,5278,-0.94,31
333853,3122781,32501,4722,-0.54,45
333933,3122781,32501,4642,-0.62,50
334013,3122781,32501,4563,-0.62,65
334093,3122781,32501,4484,-7.98,18
334173,3122781,32501,4404,-0.65,75
334573,3122781,32501,4008,-0.86,59
334733,3122781,32501,3850,-0.79,50
334813,3122781,32501,3771,-0.40,49
334893,3122781,32501,3692,-0.69,50
334973,3122781,32501,3613,-0.44,36
335053,3122781,32501,3534,-0.50,36
335453,3122781,32501,3141,-0.94,46
335613,3122781,32501,2984,-0.40,64
335693,3122781,32501,2905,10.59,35
335933,3122781,32501,2671,-0.19,26
336013,3122781,32501,2593,-0.76,27
336093,3122781,32501,2515,-0.74,19
336253,3122781,32501,2359,-0.53,42
336333,3122781,32501,2282,-0.26,63
336493,3122781,32501,2128,-0.08,45
336573,3122781,32501,2051,-0.43,80
336733,3122781,32501,1898,-4.20,43
336893,3122781,32501,1747,-0.76,20
336973,3122781,32501,1672,-0.26,29
337053,3122781,32501,1597,-0.57,18
337133,3122781,32501,1523,-0.60,18
337213,3122781,32501,1449,-0.66,24
337373,3122781,32501,1305,0.10,26
338173,3122781,32199,621,-0.47,52
338973,3122781,31727,20,-0.39,29
339453,3122781,31557,398,-0.13,22
339693,3122781,31412,610,0.91,16
340573,3122781,31268,1424,-0.16,56
340653,3122781,31268,1502,0.31,50
340733,3122781,31268,1579,-0.04,45
340813,3122781,31268,1657,0.29,24
340893,3122781,31268,1735,0.04,59
341133,3122781,31268,1970,-0.05,13
341853,3122781,31268,2681,0.23,66
342013,3122781,31268,2839,-32.66,26
342333,3122781,31268,3157,0.45,57
342493,3122781,31268,3316,0.77,16
342653,3122781,31268,3475,0.40,36
342893,3122781,31268,3714,0.03,31
343373,3122781,31268,4191,0.56,37
343453,3122781,31268,4271,0.73,15
332813,3122701,32501,5748,1.70,19
332893,3122701,32501,5668,1.72,30
332973,3122701,32501,5588,5.34,48
333293,3122701,32501,5270,-0.84,29
333373,3122701,32501,5190,-0.92,38
333453,3122701,32501,5110,-0.70,43
333533,3122701,32501,5031,-0.96,59
333613,3122701,32501,4951,-1.73,30
333693,3122701,32501,4872,-1.06,21
333773,3122701,32501,4792,-0.90,71
333853,3122701,32501,4713,-0.54,50
333933,3122701,32501,4633,-0.93,48
334013,3122701,32501,4553,-0.91,57
334653,3122701,32501,3918,-0.50,73
334733,3122701,32501,3839,-0.77,79
334973,3122701,32501,3601,-0.49,23
335053,3122701,32501,3522,2.32,28
335133,3122701,32501,3443,-0.52,83
335213,3122701,32501,3364,-0.38,26
335373,3122701,32501,3206,-0.79,69
335613,3122701,32501,2969,-0.68,48
335693,3122701,32501,2890,-0.64,67
335773,3122701,32501,2811,-0.58,82
335933,3122701,32501,2654,-0.57,72
336013,3122701,32501,2576,-0.68,58
336093,3122701,32501,2497,-0.42,24
336173,3122701,32501,2419,-0.58,43
336253,3122701,32501,2341,3.19,30
336333,3122701,32501,2263,-0.75,66
336493,3122701,32501,2107,-0.51,33
336733,3122701,32501,1875,-0.50,75
336813,3122701,32501,1798,-0.60,69
336973,3122701,32501,1645,17.85,20
337053,3122701,32501,1569,-8.81,29
337133,3122701,32501,1494,-0.15,60
337933,3122701,32356,770,-0.54,33
338173,3122701,32356,575,0.01,33
340573,3122701,31268,1447,2.21,12
340733,3122701,31268,1600,-0.02,41
340973,3122701,31268,1832,-6.75,12
341053,3122701,31268,1909,0.27,15
341373,3122701,31268,2221,-0.13,63
341613,3122701,31268,2457,0.00,27
341693,3122701,31268,2536,0.28,75
341853,3122701,31268,2693,2.24,35
341933,3122701,31268,2772,0.06,20
342173,3122701,31268,3009,0.04,72
342573,3122701,31268,3405,0.05,39
342653,3122701,31268,3484,7.63,32
342733,3122701,31268,3564,0.08,17
342893,3122701,31268,3722,0.18,27
343133,3122701,31268,3961,0.17,19
343293,3122701,31268,4120,0.01,15
343373,3122701,31268,4199,0.67,13
343613,3122701,31268,4438,0.55,43
332493,3122621,32501,6060,-9.34,12
332653,3122621,32501,5901,1.88,13
332733,3122621,32501,5821,3.28,20
333133,3122621,32501,5422,0.96,27
333213,3122621,32501,5342,20.55,18
333373,3122621,32501,5183,-0.69,50
333453,3122621,32501,5103,-1.01,35
333533,3122621,32501,5023,-0.53,22
333613,3122621,32501,4944,-0.43,37
334013,3122621,32501,4545,-0.65,26
334093,3122621,32501,4466,-3.71,34
334173,3122621,32501,4386,-0.90,62
334573,3122621,32501,3988,-0.55,28
334733,3122621,32501,3829,-0.95,37
334813,3122621,32501,3750,-0.92,52
334973,3122621,32501,3591,-0.72,33
335213,3122621,32501,3352,-0.72,48
335533,3122621,32501,3035,-0.34,22
335693,3122621,32501,2877,-0.37,37
335853,3122621,32501,2719,-0.86,17
335933,3122621,32501,2640,-14.60,13
336013,3122621,32501,2561,-0.36,68
336093,3122621,32501,2482,-0.32,66
336173,3122621,32501,2403,41.31,15
336333,3122621,32501,2246,-0.72,46
336573,3122621,32501,2011,-0.26,72
336653,3122621,32501,1933,-0.19,38
336733,3122621,32501,1855,-0.81,43
336813,3122621,32501,1777,-0.19,19
336973,3122621,32501,1622,-0.80,36
337053,3122621,32501,1545,0.08,26
337133,3122621,32501,1469,-0.18,14
338733,3122621,32042,81,0.19,30
340253,3122621,31268,1182,-17.91,18
340733,3122621,31268,1625,-0.18,48
340813,3122621,31268,1700,-0.01,60
340893,3122621,31268,1777,-0.16,23
340973,3122621,31268,1853,-0.38,13
341053,3122621,31268,1930,-0.11,52
341133,3122621,31268,2007,-3.26,22
341293,3122621,31268,2162,0.01,74
341373,3122621,31268,2239,-0.30,18
341453,3122621,31268,2317,0.07,56
341693,3122621,31268,2551,-0.22,25
341853,3122621,31268,2708,-0.17,26
342093,3122621,31268,2943,0.10,40
342253,3122621,31268,3101,0.09,57
342333,3122621,31268,3180,0.07,23
342813,3122621,31268,3654,0.69,23
343053,3122621,31268,3891,0.21,42
343293,3122621,31268,4129,0.14,18
332573,3122541,32501,5975,-0.64,15
332653,3122541,32501,5895,-0.57,40
332733,3122541,32501,5816,-0.60,21
332813,3122541,32501,5736,3.89,12
332973,3122541,32501,5576,-0.51,17
333053,3122541,32501,5496,5.36,29
333453,3122541,32501,5097,27.61,20
333533,3122541,32501,5017,-0.65,15
333773,3122541,32501,4778,-0.59,31
334573,3122541,32501,3980,-0.85,42
334733,3122541,32501,3821,-0.65,66
334893,3122541,32501,3662,-0.46,72
334973,3122541,32501,3582,-0.70,36
335053,3122541,32501,3502,-0.32,31
335213,3122541,32501,3343,-0.32,16
335373,3122541,32501,3184,-0.84,18
335613,3122541,32501,2946,-11.70,17
336013,3122541,32501,2549,-0.65,70
336173,3122541,32501,2390,-6.81,46
336253,3122541,32501,2311,-0.69,28
336493,3122541,32501,2074,-0.48,71
336573,3122541,32501,1996,-0.21,55
336733,3122541,32501,1838,-6.33,37
336893,3122541,32501,1681,-0.55,22
340253,3122541,31412,1219,-0.45,42
340733,3122541,31268,1653,0.25,21
340893,3122541,31268,1802,-0.09,56
340973,3122541,31268,1878,-0.12,21
341213,3122541,31268,2106,-0.02,19
341533,3122541,31268,2414,0.18,37
341853,3122541,31268,2725,-0.01,15
342173,3122541,31268,3037,0.05,55
342573,3122541,31268,3430,0.63,48
342893,3122541,31268,3745,0.04,40
343053,3122541,31268,3903,0.38,53
343213,3122541,31268,4061,0.26,36
343293,3122541,31268,4140,0.15,23
332333,3122461,33151,6206,5.38,27
332413,3122461,33151,6127,12.47,19
332653,3122461,33151,5889,-0.46,29
332813,3122461,33151,5731,-0.39,21
333053,3122461,32501,5492,5.45,27
333453,3122461,32501,5092,-0.61,22
333533,3122461,32501,5012,-12.93,13
333613,3122461,32501,4932,-0.88,41
333693,3122461,32501,4852,-0.80,15
333853,3122461,32501,4693,-27.91,19
333933,3122461,32501,4613,-1.14,54
334013,3122461,32501,4533,17.73,29
334573,3122461,32501,3974,-0.75,64
334733,3122461,32501,3815,-0.99,58
334813,3122461,32501,3735,-0.76,65
334893,3122461,32501,3655,-0.78,78
336173,3122461,32501,2380,-0.61,64
336333,3122461,32501,2221,-0.50,26
336493,3122461,32501,2063,-0.68,71
336573,3122461,32501,1983,-0.21,69
336733,3122461,32501,1825,0.60,20
340493,3122461,31268,1468,-0.20,14
340813,3122461,31268,1757,11.37,13
340893,3122461,31268,1831,15.26,64
340973,3122461,31268,1905,0.25,77
341053,3122461,31268,1980,-32.33,44
341133,3122461,31268,2055,-0.24,50
341373,3122461,31268,2283,0.37,54
341453,3122461,31268,2359,0.40,54
341533,3122461,31268,2435,0.17,16
341613,3122461,31268,2512,-0.13,41
341693,3122461,31268,2589,0.21,15
342253,3122461,31268,3132,0.43,63
342493,3122461,31268,3367,0.33,50
342813,3122461,31268,3681,-0.04,37
332493,3122381,33151,6037,-0.47,33
332733,3122381,33151,5799,-2.90,17
332813,3122381,33151,5720,1.03,42
332893,3122381,33151,5640,2.98,42
332973,3122381,33151,5561,-0.25,45
333053,3122381,33151,5482,-0.50,36
333533,3122381,33151,5007,7.62,45
333613,3122381,33151,4928,0.55,47
333693,3122381,32501,4849,-0.42,32
333773,3122381,32501,4769,-12.50,24
334013,3122381,32501,4529,-0.88,45
334093,3122381,32501,4449,0.04,34
334173,3122381,32501,4369,-0.72,33
334413,3122381,32501,4129,-0.65,33
334493,3122381,32501,4049,-0.55,42
334573,3122381,32501,3970,-0.69,47
334653,3122381,32501,3890,-0.39,68
334733,3122381,32501,3810,-0.67,36
334813,3122381,32501,3730,-1.05,28
334973,3122381,32501,3570,-0.84,34
335213,3122381,32501,3330,-0.73,22
336173,3122381,32501,2373,-0.84,25
336573,3122381,32501,1974,14.83,62
339053,3122381,32042,325,-0.40,14
340573,3122381,31412,1576,-0.19,12
340653,3122381,31268,1647,-0.12,50
340733,3122381,31268,1718,0.18,23
341053,3122381,31268,2009,0.32,33
341133,3122381,31268,2083,4.40,15
341373,3122381,31268,2308,-0.09,51
341453,3122381,31268,2384,0.21,16
341613,3122381,31268,2535,0.47,34
342573,3122381,31268,3462,0.32,25
343373,3122381,31268,4246,0.42,17
332813,3122301,33151,5709,0.97,20
332893,3122301,33151,5630,-0.49,48
332973,3122301,33151,5550,1.79,35
333053,3122301,33151,5471,3.25,58
333133,3122301,33151,5392,2.01,44
333453,3122301,33151,5075,-1.12,37
333613,3122301,33151,4916,-0.57,61
333693,3122301,33151,4837,-0.92,66
333773,3122301,33151,4758,-0.70,79
333853,3122301,33151,4679,-0.68,85
333933,3122301,33151,4600,13.30,23
334013,3122301,33151,4521,-1.12,65
334093,3122301,33151,4442,-19.05,13
334173,3122301,33151,4363,-0.29,14
334573,3122301,32501,3967,-0.59,65
334653,3122301,32501,3887,-0.27,61
334733,3122301,32501,3807,7.26,43
334813,3122301,32501,3727,-0.56,54
334893,3122301,32501,3647,-0.96,35
335053,3122301,32501,3487,-0.40,34
335933,3122301,32501,2607,-0.37,36
336253,3122301,32501,2288,-0.67,51
336333,3122301,32501,2208,-57.61,44
336573,3122301,32501,1968,-0.66,31
336653,3122301,32501,1888,6.22,28
338093,3122301,32501,458,55.80,16
340333,3122301,31557,1396,0.24,25
340413,3122301,31557,1469,-14.82,22
340733,3122301,31412,1755,0.16,55
340813,3122301,31268,1826,-0.34,32
340893,3122301,31268,1897,-0.03,39
340973,3122301,31268,1969,0.27,71
341053,3122301,31268,2041,0.15,54
341133,3122301,31268,2114,0.07,38
341213,3122301,31268,2188,-0.15,73
341773,3122301,31268,2712,0.51,21
343853,3122301,31268,4732,0.72,29
332493,3122221,35936,5996,-0.36,48
332573,3122221,35936,5927,-0.61,24
332653,3122221,35936,5858,-1.43,15
332893,3122221,33151,5620,-0.33,53
332973,3122221,33151,5541,-0.48,51
333053,3122221,33151,5461,2.94,44
333133,3122221,33151,5382,3.09,19
333293,3122221,33151,5223,5.12,23
333373,3122221,33151,5144,-0.72,68
333453,3122221,33151,5064,7.55,29
333533,3122221,33151,4985,-0.75,68
333693,3122221,33151,4826,-1.11,57
333853,3122221,33151,4667,-0.55,36
333933,3122221,33151,4588,-0.69,86
334093,3122221,33151,4430,-5.31,47
334333,3122221,33151,4192,-0.52,29
334493,3122221,33151,4034,-0.51,17
334573,3122221,33151,3955,-1.00,41
334653,3122221,33151,3876,-0.97,33
334733,3122221,33151,3797,-0.34,14
334813,3122221,33151,3718,-0.53,15
335133,3122221,33151,3403,-0.94,29
335453,3122221,32501,3085,-0.66,52
335853,3122221,32501,2685,-0.32,24
335933,3122221,32501,2605,-0.69,74
336093,3122221,32501,2445,-0.82,60
336253,3122221,32501,2285,-0.31,28
336493,3122221,32501,2045,-0.14,36
339773,3122221,31557,981,-0.20,27
340253,3122221,31557,1364,0.09,16
340653,3122221,31412,1719,-0.08,20
340733,3122221,31412,1790,0.23,42
340893,3122221,31412,1934,12.40,33
340973,3122221,31268,2005,-0.20,77
341053,3122221,31268,2076,-0.23,28
341373,3122221,31268,2366,0.34,57
341533,3122221,31268,2514,-13.67,24
332413,3122141,35936,6025,-0.67,22
332493,3122141,35936,5956,-0.64,19
332573,3122141,35936,5886,-0.58,16
332893,3122141,34922,5606,2.98,22
332973,3122141,34922,5532,-0.50,47
333053,3122141,33151,5453,1.81,35
333373,3122141,33151,5134,-1.00,33
333533,3122141,33151,4975,-0.82,41
333613,3122141,33151,4896,-0.90,73
333693,3122141,33151,4816,-1.06,29
333773,3122141,33151,4737,-0.72,79
333853,3122141,33151,4657,-0.69,51
333933,3122141,33151,4578,-0.61,18
334013,3122141,33151,4499,-0.64,71
334093,3122141,33151,4419,-1.06,41
334413,3122141,33151,4102,-0.34,39
334813,3122141,33151,3706,-0.60,46
334893,3122141,33151,3627,-0.80,61
334973,3122141,33151,3548,-0.92,13
335053,3122141,33151,3469,-9.18,17
335213,3122141,33151,3311,-0.52,46
335853,3122141,33151,2682,-0.55,50
335933,3122141,33151,2603,26.57,60
336253,3122141,32501,2286,1.63,29
336413,3122141,32501,2126,-0.44,45
336573,3122141,32501,1966,-0.33,58
337453,3122141,32501,1086,-0.97,19
339773,3122141,31557,1039,0.16,56
339853,3122141,31557,1094,14.61,28
340493,3122141,31557,1612,0.10,54
340893,3122141,31412,1969,-0.04,65
340973,3122141,31412,2040,0.04,72
341053,3122141,31412,2113,1.85,29
341453,3122141,31268,2472,-0.22,25
341613,3122141,31268,2619,-0.07,15
333133,3122061,34922,5354,-0.61,30
333213,3122061,34922,5280,-0.90,31
333293,3122061,34922,5206,-0.87,15
333453,3122061,33151,5047,-1.10,31
333533,3122061,33151,4967,-0.97,37
333613,3122061,33151,4888,-0.55,18
333693,3122061,33151,4808,-0.92,44
333773,3122061,33151,4728,-0.65,53
333853,3122061,33151,4649,-0.69,63
333933,3122061,33151,4569,-1.00,40
334013,3122061,33151,4490,8.24,33
334093,3122061,33151,4410,-1.01,43
334173,3122061,33151,4330,-0.30,19
334893,3122061,33151,3615,-0.58,24
335053,3122061,33151,3457,27.37,52
335453,3122061,33151,3061,-18.92,21
335773,3122061,33151,2745,-0.60,32
336013,3122061,33151,2509,-0.70,41
336173,3122061,33151,2352,-0.81,69
336253,3122061,33151,2274,-5.31,23
336333,3122061,33151,2195,-0.76,19
336413,3122061,33151,2117,-0.88,40
337453,3122061,32621,1085,-0.80,23
339773,3122061,31884,1093,-0.53,12
339853,3122061,31557,1152,-0.29,31
339933,3122061,31557,1207,0.19,46
340333,3122061,31557,1517,0.17,38
340413,3122061,31557,1584,-8.28,24
340733,3122061,31557,1862,0.37,38
340893,3122061,31557,2005,-8.71,72
340973,3122061,31412,2077,0.10,82
341053,3122061,31412,2148,0.31,43
341293,3122061,31268,2363,-0.31,33
342653,3122061,31268,3624,-0.03,40
333293,3121981,34922,5175,-1.41,40
333533,3121981,34922,4954,-0.83,46
333613,3121981,34922,4880,-0.77,46
333693,3121981,33151,4801,-0.63,60
333773,3121981,33151,4721,-0.87,50
333853,3121981,33151,4641,-1.11,55
334013,3121981,33151,4482,-0.66,80
334093,3121981,33151,4402,-0.82,77
334173,3121981,33151,4323,-0.59,75
334333,3121981,33151,4163,-0.53,41
334413,3121981,33151,4084,-6.19,44
334493,3121981,33151,4004,-0.33,45
334973,3121981,33151,3526,-0.79,74
335053,3121981,33151,3447,-0.36,77
336013,3121981,33151,2495,-0.70,59
336093,3121981,33151,2416,3.66,15
336173,3121981,33151,2337,-33.95,34
336413,3121981,33151,2101,-0.87,47
336493,3121981,33151,2023,-0.27,47
336573,3121981,33151,1944,-0.86,33
337373,3121981,32766,1165,0.44,20
339053,3121981,32766,516,0.00,51
339213,3121981,32766,675,-0.48,13
339933,3121981,31557,1265,-2.43,16
340573,3121981,31557,1762,-0.20,25
340733,3121981,31557,1900,-0.16,13
340893,3121981,31557,2040,0.08,46
340973,3121981,31557,2112,-0.13,59
342093,3121981,31268,3123,0.66,24
332733,3121901,35936,5629,-5.30,35
333053,3121901,35936,5351,-5.58,16
333133,3121901,35936,5282,-1.16,48
333213,3121901,35936,5213,-1.14,52
333293,3121901,35936,5145,1.15,23
333693,3121901,34922,4775,-0.52,28
333773,3121901,34922,4702,41.14,45
333853,3121901,34922,4629,-0.77,62
333933,3121901,34922,4555,-0.88,53
334013,3121901,33151,4476,-0.83,67
334093,3121901,33151,4396,-0.86,63
334173,3121901,33151,4316,-0.75,50
334253,3121901,33151,4236,11.76,34
334333,3121901,33151,4157,-1.02,23
334733,3121901,33151,3758,6.54,16
335133,3121901,33151,3359,-0.49,23
335213,3121901,33151,3280,-0.89,60
335293,3121901,33151,3200,-9.19,44
335693,3121901,33151,2802,-19.10,12
335853,3121901,33151,2643,-0.45,34
335933,3121901,33151,2564,-0.38,44
336253,3121901,33151,2246,-0.67,16
336333,3121901,33151,2167,-51.13,22
336413,3121901,33151,2088,-0.61,54
336493,3121901,33151,2009,-0.53,16
336573,3121901,33151,1930,-0.29,32
337373,3121901,33151,1147,9.38,36
338493,3121901,32766,69,-45.14,23
339933,3121901,31884,1316,-0.45,33
340013,3121901,31557,1378,-0.40,24
340253,3121901,31557,1551,-0.22,38
340333,3121901,31557,1612,-0.15,46
340413,3121901,31557,1675,0.28,63
340493,3121901,31557,1740,0.23,52
340573,3121901,31557,1806,-0.09,47
340733,3121901,31557,1940,-0.40,24
340893,3121901,31557,2078,-0.10,18
341133,3121901,31557,2291,-0.20,41
344013,3121901,31268,4975,0.63,13
332573,3121821,35936,5733,0.35,38
332973,3121821,35936,5380,-1.26,20
333053,3121821,35936,5311,1.93,28
333133,3121821,35936,5241,-0.57,59
333213,3121821,35936,5172,1.13,15
333293,3121821,35936,5103,0.96,53
333693,3121821,34922,4745,19.73,44
333853,3121821,34922,4597,-1.12,34
334013,3121821,34922,4450,-0.95,42
334093,3121821,34922,4377,-0.82,76
334493,3121821,33151,3992,-0.88,49
334653,3121821,33151,3832,0.04,20
335053,3121821,33151,3433,-0.76,35
335133,3121821,33151,3353,-0.40,50
335213,3121821,33151,3273,-0.91,21
335293,3121821,33151,3193,-0.73,59
335373,3121821,33151,3113,-0.50,60
335453,3121821,33151,3034,-0.46,67
335773,3121821,33151,2715,29.13,32
335853,3121821,33151,2635,-0.91,48
335933,3121821,33151,2555,-0.56,37
336013,3121821,33151,2476,-0.96,60
336173,3121821,33151,2316,-2.56,22
336333,3121821,33151,2157,-0.66,57
336413,3121821,33151,2078,-0.45,38
336493,3121821,33151,1998,-0.32,59
336573,3121821,33151,1919,-0.45,44
338813,3121821,32886,275,-0.62,26
339373,3121821,32886,835,2.23,31
340653,3121821,31557,1917,-0.22,77
340733,3121821,31557,1983,0.15,58
340893,3121821,31557,2118,-0.19,51
340973,3121821,31557,2187,-0.10,44
341053,3121821,31557,2257,0.12,36
341133,3121821,31557,2327,-0.08,68
341373,3121821,31557,2542,-0.12,34
332893,3121741,35936,5412,-4.93,39
332973,3121741,35936,5342,-0.50,39
333053,3121741,35936,5271,1.66,43
333133,3121741,35936,5202,-0.29,44
333213,3121741,35936,5132,-0.27,27
333773,3121741,34922,4641,-0.84,45
333853,3121741,34922,4566,-0.90,78
333933,3121741,34922,4492,-0.65,64
334013,3121741,34922,4418,-0.64,74
334093,3121741,34922,4345,-20.01,27
334253,3121741,34922,4198,-1.11,39
334573,3121741,34922,3908,-0.54,17
335133,3121741,33151,3348,-0.39,21
335533,3121741,33151,2949,-8.43,51
335613,3121741,33151,2869,-0.78,14
335693,3121741,33151,2789,-0.19,18
335773,3121741,33151,2709,15.41,30
335933,3121741,33151,2549,30.81,38
336173,3121741,33151,2310,-0.30,30
336573,3121741,33151,1911,1.82,16
336653,3121741,33151,1831,-0.66,20
337453,3121741,33151,1036,9.56,23
337853,3121741,33151,642,-0.01,27
339853,3121741,32886,1318,-0.29,16
340893,3121741,31557,2161,-0.20,48
340973,3121741,31557,2228,-2.34,15
341133,3121741,31557,2366,-34.59,45
341213,3121741,31557,2436,0.43,17
341373,3121741,31557,2577,0.18,54
342413,3121741,31268,3512,0.32,16
332733,3121661,35936,5518,-9.89,51
332973,3121661,35936,5304,2.03,40
333053,3121661,35936,5233,-0.36,38
333213,3121661,35936,5093,-0.46,48
333293,3121661,35936,5023,5.26,35
333533,3121661,35936,4815,-1.13,36
333693,3121661,35936,4679,-0.94,65
333773,3121661,35936,4611,-4.66,51
333853,3121661,34922,4537,-0.77,78
333933,3121661,34922,4462,-0.68,36
334013,3121661,34922,4388,-0.85,72
334173,3121661,34922,4240,-0.66,72
334253,3121661,34922,4166,-4.96,28
334493,3121661,34922,3946,-0.06,14
334653,3121661,34922,3801,10.39,43
335133,3121661,33151,3346,-0.45,54
335373,3121661,33151,3106,-0.99,19
335533,3121661,33151,2946,-0.70,23
335613,3121661,33151,2866,-0.78,30
335693,3121661,33151,2786,-0.69,71
335853,3121661,33151,2626,-0.87,47
335933,3121661,33151,2546,-1.04,16
336653,3121661,33151,1826,-10.67,13
337533,3121661,33151,948,-34.62,33
338493,3121661,33018,55,27.53,21
339533,3121661,32886,1010,-0.24,51
339693,3121661,32886,1168,10.89,20
339773,3121661,32886,1247,10.11,31
340653,3121661,31557,2012,0.15,60
341133,3121661,31557,2407,-0.12,53
341293,3121661,31557,2545,-0.05,20
332253,3121581,36515,5916,4.94,39
332813,3121581,35936,5410,-0.48,48
332893,3121581,35936,5339,-1.46,17
332973,3121581,35936,5267,-1.48,24
333053,3121581,35936,5196,1.17,21
333133,3121581,35936,5125,-1.52,41
333773,3121581,35936,4569,-12.53,49
333933,3121581,35936,4433,-0.56,49
334013,3121581,34922,4359,-0.66,74
334253,3121581,34922,4136,-0.82,37
334573,3121581,34922,3841,-0.51,39
335613,3121581,33958,2864,4.29,62
335853,3121581,33151,2625,-0.65,40
335933,3121581,33151,2545,-0.79,42
336013,3121581,33151,2465,-0.74,52
336173,3121581,33151,2305,-0.68,34
336253,3121581,33151,2225,4.76,22
336653,3121581,33151,1825,-0.42,52
337453,3121581,33151,1025,-0.73,32
337693,3121581,33151,785,-23.14,16
337773,3121581,33151,705,1.28,21
337853,3121581,33151,625,-0.24,33
338413,3121581,33151,66,27.80,32
338493,3121581,33151,20,18.32,41
338573,3121581,33151,96,-0.32,18
338653,3121581,33151,175,-0.80,20
338973,3121581,33018,483,58.57,22
332733,3121501,35936,5448,1.99,32
332893,3121501,35936,5303,-0.71,14
332973,3121501,35936,5231,-4.64,13
333053,3121501,35936,5160,-4.16,54
333773,3121501,35936,4527,-0.96,24
333933,3121501,35936,4390,-0.66,30
334013,3121501,35936,4322,-0.91,78
334093,3121501,35936,4255,-22.12,44
335133,3121501,34922,3299,-0.27,36
335693,3121501,33958,2767,-0.43,54
335773,3121501,33958,2689,11.07,13
335853,3121501,33958,2612,-0.68,31
336493,3121501,33271,1985,-0.20,23
336573,3121501,33271,1905,3.83,22
336813,3121501,33271,1665,-0.78,49
336973,3121501,33271,1505,-0.61,53
337133,3121501,33271,1345,-0.31,27
337613,3121501,33271,866,-0.80,19
337933,3121501,33271,546,0.13,15
340013,3121501,33536,1499,-0.10,15
340333,3121501,33536,1815,0.10,34
340733,3121501,31557,2176,-0.20,44
332733,3121421,35936,5414,-2.74,18
332813,3121421,35936,5342,0.91,32
333053,3121421,35936,5125,-3.41,28
333453,3121421,35936,4767,-1.08,30
333613,3121421,35936,4627,-1.08,44
333773,3121421,35936,4487,-0.77,50
333933,3121421,35936,4349,-0.38,51
334173,3121421,35936,4145,-0.89,58
334413,3121421,34922,3928,-0.44,25
334493,3121421,34922,3854,-16.07,18
334653,3121421,34922,3705,6.98,55
334813,3121421,34922,3557,-57.94,28
334893,3121421,34922,3483,-0.45,32
335053,3121421,34922,3337,-33.35,18
335533,3121421,34090,2903,-0.33,50
335613,3121421,34090,2825,-0.67,16
335933,3121421,34090,2515,-19.69,17
336333,3121421,33958,2127,-32.92,16
336893,3121421,33271,1586,-0.47,28
336973,3121421,33271,1506,2.93,14
337533,3121421,33271,947,-0.42,55
337613,3121421,33271,867,-31.98,13
337693,3121421,33271,787,5.87,51
339293,3121421,33536,778,31.72,16
340813,3121421,33536,2283,-0.26,46
340893,3121421,31557,2350,0.30,17
341373,3121421,31557,2738,-0.13,26
332253,3121341,36515,5804,17.84,19
332733,3121341,36515,5380,-0.42,53
333453,3121341,35936,4731,-1.01,28
333533,3121341,35936,4659,-0.75,30
333613,3121341,35936,4589,-0.86,59
333773,3121341,35936,4448,-0.72,78
333853,3121341,35936,4378,-5.12,24
333933,3121341,35936,4308,7.76,22
334013,3121341,35936,4239,-0.69,13
334573,3121341,34922,3750,-0.56,57
334813,3121341,34922,3526,-0.51,56
334973,3121341,34922,3378,0.85,15
335533,3121341,34922,2870,0.80,14
335613,3121341,34922,2799,-0.55,58
335933,3121341,34090,2495,-0.20,16
336333,3121341,33958,2108,-0.60,36
337453,3121341,33271,1034,-24.13,30
337533,3121341,33271,954,-0.38,64
337613,3121341,33271,875,0.08,32
338333,3121341,33403,176,32.46,12
338653,3121341,33403,145,-5.50,13
340333,3121341,33536,1798,-0.54,13
340653,3121341,33536,2118,0.27,26
340733,3121341,33536,2198,0.11,51
342173,3121341,31557,3472,0.17,23
332493,3121261,36515,5554,-6.16,18
333613,3121261,35936,4552,-0.85,76
333693,3121261,35936,4481,29.45,65
333773,3121261,35936,4410,-0.59,66
333853,3121261,35936,4339,-0.79,69
334573,3121261,35344,3721,-0.84,60
334813,3121261,34922,3498,-1.02,51
334893,3121261,34922,3423,-0.83,54
334973,3121261,34922,3348,-0.88,13
335133,3121261,34922,3200,-0.43,55
335533,3121261,34922,2835,-0.46,18
335933,3121261,34223,2476,-0.51,61
336013,3121261,34223,2399,-0.79,59
336413,3121261,34090,2010,-0.70,20
336893,3121261,33958,1544,-0.33,61
337533,3121261,33958,939,-0.32,71
337613,3121261,33958,867,-0.12,40
339213,3121261,33536,675,-0.17,31
340493,3121261,33536,1955,-0.28,49
340973,3121261,33536,2435,-0.32,46
341133,3121261,33536,2595,-0.31,30
332653,3121181,36515,5375,-4.80,22
332813,3121181,36515,5233,1.65,31
333293,3121181,35936,4805,7.43,62
333693,3121181,35936,4444,-1.01,19
334093,3121181,35936,4090,-0.45,39
334173,3121181,35936,4021,-0.57,34
334573,3121181,35936,3678,-0.90,61
334733,3121181,35344,3542,12.60,13
334973,3121181,34922,3320,-0.63,68
335053,3121181,34922,3245,-0.58,61
335133,3121181,34922,3170,-0.99,27
335213,3121181,34922,3096,6.59,17
335293,3121181,34922,3021,-0.95,22
335693,3121181,34922,2656,-0.28,27
335933,3121181,34922,2442,-1.02,53
336013,3121181,34922,2371,-0.45,63
336093,3121181,34223,2301,-0.76,51
336573,3121181,34090,1836,-0.01,16
336813,3121181,34090,1603,-0.76,25
340733,3121181,33536,2196,0.06,29
341373,3121181,33536,2835,25.86,14
333293,3121101,35936,4773,-1.17,16
333373,3121101,35936,4700,-0.85,80
333453,3121101,35936,4627,-0.70,76
333533,3121101,35936,4554,-0.80,63
333613,3121101,35936,4481,-0.80,69
334013,3121101,35936,4123,2.91,37
334093,3121101,35936,4052,1.00,37
334173,3121101,35936,3982,0.05,48
334653,3121101,35936,3568,-1.21,38
334973,3121101,35344,3291,-0.83,26
335053,3121101,34922,3217,-0.77,38
335133,3121101,34922,3142,-0.54,36
335213,3121101,34922,3067,-0.92,27
335293,3121101,34922,2992,-0.36,22
336013,3121101,34922,2334,-5.09,22
336093,3121101,34922,2263,-0.42,39
336253,3121101,34922,2123,7.91,28
336813,3121101,34090,1584,-0.68,28
336893,3121101,34090,1506,-0.24,43
337293,3121101,33958,1118,-0.41,47
337373,3121101,33958,1040,8.69,21
337453,3121101,33958,962,-0.18,61
339053,3121101,33656,515,-31.34,20
340413,3121101,33656,1875,-0.24,35
340733,3121101,33656,2195,-1.06,28
340813,3121101,33656,2275,-6.35,20
341133,3121101,33656,2595,0.23,44
341293,3121101,33656,2755,0.33,32
342573,3121101,31557,3937,-6.54,17
343853,3121101,31268,5087,0.18,37
332413,3121021,36660,5518,-0.42,22
332573,3121021,36660,5375,-0.47,22
332973,3121021,36515,5017,-1.58,25
333053,3121021,36515,4946,-1.23,54
333133,3121021,36515,4876,-1.17,38
333373,3121021,36515,4666,4.69,30
333453,3121021,35936,4594,-0.92,62
333533,3121021,35936,4521,-0.99,61
333613,3121021,35936,4448,-1.11,69
333693,3121021,35936,4375,-1.06,60
334093,3121021,35936,4015,3.31,34
334173,3121021,35936,3944,-0.50,40
334893,3121021,35936,3323,-0.48,48
334973,3121021,35936,3256,-0.50,70
335133,3121021,35344,3112,-0.87,38
335213,3121021,34922,3040,-0.81,34
335293,3121021,34922,2964,-0.23,34
336093,3121021,34922,2226,-0.75,62
336173,3121021,34922,2155,-0.27,17
336333,3121021,34922,2014,-0.26,31
336413,3121021,34922,1944,-0.36,37
336893,3121021,34223,1486,-0.47,49
337293,3121021,34090,1098,-0.29,14
337373,3121021,34090,1021,4.73,27
340493,3121021,33656,1957,-0.00,52
340653,3121021,33656,2117,-0.13,31
340733,3121021,33656,2197,0.16,41
341213,3121021,33656,2676,-0.15,26
341373,3121021,33656,2836,0.35,55
341693,3121021,33656,3156,-0.15,49
341853,3121021,33656,3316,0.00,52
342013,3121021,33656,3476,0.30,40
342253,3121021,31557,3696,-0.29,50
342493,3121021,31557,3904,0.06,35
332493,3120941,36805,5410,-0.41,23
333133,3120941,36515,4838,4.04,16
333373,3120941,36515,4627,-1.09,49
333453,3120941,36515,4557,-0.98,70
333533,3120941,36515,4487,-0.79,76
333693,3120941,35936,4342,-0.59,48
333853,3120941,35936,4196,-0.50,31
334093,3120941,35936,3979,-1.09,40
334173,3120941,35936,3908,1.87,23
334253,3120941,35936,3836,2.04,29
334973,3120941,35936,3212,-52.50,15
335053,3120941,35936,3145,-0.55,42
336013,3120941,34922,2265,-0.22,37
336093,3120941,34922,2192,-0.83,18
336173,3120941,34922,2119,-0.63,74
336653,3120941,34922,1698,-0.46,23
336813,3120941,34355,1545,-0.69,32
336893,3120941,34223,1468,-0.41,53
336973,3120941,34223,1390,-0.39,40
337213,3120941,34223,1157,-33.97,46
340653,3120941,33656,2122,-0.35,48
340733,3120941,33656,2202,-0.27,43
340973,3120941,33656,2441,0.02,17
341293,3120941,33656,2760,-2.18,28
341853,3120941,33656,3319,-0.02,56
342253,3120941,33656,3719,0.48,28
332813,3120861,36660,5088,-0.67,40
333533,3120861,36515,4448,19.35,44
333613,3120861,36515,4378,-0.71,35
333933,3120861,35936,4090,-0.40,33
334093,3120861,35936,3945,0.90,18
334173,3120861,35936,3872,5.27,24
334253,3120861,35936,3800,8.66,48
334333,3120861,35936,3729,-1.19,14
334573,3120861,35936,3516,-3.80,15
334973,3120861,35936,3169,-0.80,44
335053,3120861,35936,3101,-0.52,66
335133,3120861,35936,3034,-0.58,58
335293,3120861,35344,2899,6.38,35
335533,3120861,35344,2682,-11.07,20
335853,3120861,34922,2383,-20.23,26
336333,3120861,34922,1940,-0.33,44
336413,3120861,34922,1868,-39.91,21
336893,3120861,34355,1447,-0.74,54
337053,3120861,34355,1293,27.42,42
337213,3120861,34223,1138,-0.11,64
340653,3120861,33656,2130,-0.35,57
341453,3120861,33656,2926,-0.75,17
341533,3120861,33656,3006,-0.12,30
341773,3120861,33656,3245,0.16,13
341853,3120861,33656,3324,0.10,32
341933,3120861,33656,3404,-1.81,24
332573,3120781,36805,5267,-1.53,14
332653,3120781,36805,5196,-0.51,26
332733,3120781,36805,5124,-1.62,30
332813,3120781,36805,5053,-0.61,36
333533,3120781,36515,4410,-0.69,36
333613,3120781,36515,4339,-0.80,72
333693,3120781,36515,4269,-3.31,23
333853,3120781,36515,4130,-0.33,32
333933,3120781,35936,4058,1.93,22
334253,3120781,35936,3766,-1.05,18
334333,3120781,35936,3694,-0.26,18
334573,3120781,35936,3478,-1.33,29
334653,3120781,35936,3407,-1.23,39
334973,3120781,35936,3128,-1.09,44
335053,3120781,35936,3059,10.41,22
335133,3120781,35936,2991,-0.78,76
335213,3120781,35936,2924,19.18,27
335293,3120781,35936,2857,-0.57,65
335373,3120781,35936,2791,2.01,53
335533,3120781,35344,2648,-0.58,56
335613,3120781,35344,2575,-0.55,58
335693,3120781,35344,2503,-0.91,13
335853,3120781,34922,2357,-0.37,34
335933,3120781,34922,2281,-35.45,39
336333,3120781,34922,1908,-0.75,32
336493,3120781,34922,1762,-0.26,42
336653,3120781,34922,1618,-0.97,16
336733,3120781,34922,1548,-2.94,40
336813,3120781,34922,1478,-0.63,19
336973,3120781,34922,1342,-0.07,32
340733,3120781,33656,2220,-12.56,21
341053,3120781,33656,2537,-0.16,57
341133,3120781,33656,2616,-3.02,45
341213,3120781,33656,2695,-0.19,13
341373,3120781,33656,2854,-0.50,23
341453,3120781,33656,2934,0.19,66
342333,3120781,33656,3809,12.49,27
342413,3120781,33656,3889,-0.10,57
332573,3120701,36805,5233,-0.70,16
332653,3120701,36805,5161,-0.77,23
332813,3120701,36805,5017,1.37,32
333453,3120701,36515,4444,-0.89,62
333533,3120701,36515,4373,-0.87,27
334253,3120701,35936,3733,-1.41,15
334333,3120701,35936,3660,-1.42,26
334573,3120701,35936,3443,-0.53,24
334733,3120701,35936,3300,-0.98,22
334813,3120701,35936,3229,-1.27,17
335133,3120701,35936,2949,-11.74,46
335213,3120701,35936,2881,-0.77,73
335373,3120701,35936,2746,7.63,54
335533,3120701,35936,2614,-0.75,72
335693,3120701,35344,2469,-0.34,34
335933,3120701,35344,2253,-0.31,31
336333,3120701,34922,1878,34.09,42
336653,3120701,34922,1583,-0.80,15
336733,3120701,34922,1511,21.72,21
336813,3120701,34922,1439,-0.40,46
336893,3120701,34922,1369,-0.58,37
336973,3120701,34922,1300,-0.48,43
340893,3120701,33656,2391,-0.16,53
340973,3120701,33656,2470,0.19,41
341213,3120701,33656,2707,0.35,14
341293,3120701,33656,2786,-0.08,19
341373,3120701,33656,2865,-28.23,21
341453,3120701,33656,2944,-0.23,28
341613,3120701,33656,3102,0.34,20
341693,3120701,33656,3182,0.20,24
341773,3120701,33656,3261,-0.11,70
342093,3120701,33656,3579,-0.00,41
342253,3120701,33656,3738,0.36,22
342413,3120701,33656,3897,0.33,42
342973,3120701,33656,4454,-0.03,22
332413,3120621,36805,5345,1.62,15
333373,3120621,36660,4480,-1.33,15
333933,3120621,36515,3982,-1.38,19
334173,3120621,36515,3773,-0.49,29
334253,3120621,35936,3701,-1.41,14
334333,3120621,35936,3628,-0.18,14
334413,3120621,35936,3554,-0.82,28
334493,3120621,35936,3481,-0.87,39
334653,3120621,35936,3336,-4.91,32
335213,3120621,35936,2840,-0.89,38
335293,3120621,35936,2771,-12.60,25
335373,3120621,35936,2703,-0.79,60
335453,3120621,35936,2635,-0.81,56
335613,3120621,35936,2502,-0.61,69
335693,3120621,35344,2437,5.07,29
335773,3120621,35344,2363,45.38,17
336333,3120621,34922,1851,-0.57,18
336413,3120621,34922,1775,3.97,60
336493,3120621,34922,1700,3.66,41
336573,3120621,34922,1625,-0.61,32
336813,3120621,34922,1404,-0.42,15
340813,3120621,33656,2328,-0.19,67
340973,3120621,33656,2484,0.11,17
341053,3120621,33656,2563,0.49,43
341133,3120621,33656,2641,3.42,24
341293,3120621,33656,2799,-0.85,25
341453,3120621,33656,2956,-0.15,67
341613,3120621,33656,3114,-0.14,46
341933,3120621,33656,3430,1.72,49
342093,3120621,33656,3589,-35.70,46
342573,3120621,33656,4065,0.19,37
343133,3120621,33656,4621,0.14,12
332253,3120541,36805,5462,-1.59,19
332893,3120541,36805,4875,-1.51,32
333133,3120541,36805,4659,-1.27,19
333213,3120541,36805,4587,-0.42,28
333773,3120541,36515,4086,7.64,19
333853,3120541,36515,4015,7.51,45
333933,3120541,36515,3944,0.78,27
334093,3120541,36515,3803,-0.36,32
334173,3120541,36515,3733,-1.40,31
334493,3120541,35936,3449,6.05,45
334653,3120541,35936,3302,4.28,29
335133,3120541,35936,2871,-0.96,32
335213,3120541,35936,2801,2.18,40
335293,3120541,35936,2731,3.56,50
335533,3120541,35936,2525,-0.80,25
335613,3120541,35936,2457,-0.95,50
335773,3120541,35936,2325,-0.50,60
335853,3120541,35344,2258,-0.91,20
336013,3120541,35344,2112,-0.52,52
336093,3120541,35344,2039,-0.42,53
336413,3120541,34922,1750,-0.71,53
336733,3120541,34922,1447,-0.35,17
336813,3120541,34922,1372,-0.80,38
339453,3120541,33656,1079,0.09,17
340013,3120541,33656,1582,-0.41,30
340173,3120541,33656,1732,0.21,24
340653,3120541,33656,2191,0.31,38
340733,3120541,33656,2268,1.91,36
340893,3120541,33656,2423,-0.19,41
341053,3120541,33656,2579,0.13,74
341133,3120541,33656,2657,-4.50,16
341613,3120541,33656,3128,-0.12,29
342173,3120541,33656,3680,-0.04,28
342333,3120541,33656,3838,0.30,42
342413,3120541,33656,3917,-12.90,47
342573,3120541,33656,4075,-0.01,26
342733,3120541,33656,4234,0.31,29
342813,3120541,33656,4313,8.90,13
332893,3120461,36805,4842,-1.49,51
332973,3120461,36805,4769,4.27,25
333053,3120461,36805,4696,-0.54,47
333133,3120461,36805,4624,-0.66,43
333773,3120461,36660,4051,3.23,20
333853,3120461,36515,3979,1.77,18
334013,3120461,36515,3836,-1.34,31
334093,3120461,36515,3765,-0.46,26
334173,3120461,36515,3694,-0.64,40
334733,3120461,35936,3197,-2.39,34
335453,3120461,35936,2552,-0.65,36
335533,3120461,35936,2483,-0.52,70
335613,3120461,35936,2414,-0.40,53
335693,3120461,35936,2347,-0.57,35
335933,3120461,35936,2149,-0.56,63
336173,3120461,35344,1933,-0.37,38
336413,3120461,35344,1716,3.66,42
336573,3120461,35199,1574,-0.78,24
336733,3120461,34922,1421,-0.52,27
337933,3120461,34620,358,-0.66,27
338813,3120461,34223,515,-27.12,24
339613,3120461,33656,1257,-0.24,48
340333,3120461,33656,1910,19.45,32
340573,3120461,33656,2137,-33.90,24
340973,3120461,33656,2521,0.07,29
341053,3120461,33656,2598,0.15,68
341133,3120461,33656,2676,17.90,14
341213,3120461,33656,2753,-0.20,23
341293,3120461,33656,2831,-4.13,41
341773,3120461,33656,3300,0.17,50
342093,3120461,33656,3614,0.32,23
342253,3120461,33656,3772,0.12,47
342333,3120461,33656,3851,2.74,25
342893,3120461,33656,4404,0.17,25
332253,3120381,36805,5403,25.66,17
332893,3120381,36805,4810,-3.81,51
332973,3120381,36805,4736,1.93,14
333053,3120381,36805,4663,2.03,27
333133,3120381,36805,4590,6.38,43
333213,3120381,36805,4518,-0.61,44
333373,3120381,36805,4373,-0.62,27
333533,3120381,36805,4230,-8.26,29
333693,3120381,36660,4087,-1.14,14
333773,3120381,36660,4015,-1.34,25
333853,3120381,36660,3943,1.86,28
333933,3120381,36660,3872,5.57,35
334333,3120381,36515,3516,-23.34,14
334413,3120381,36515,3445,7.51,33
334573,3120381,36515,3306,8.87,32
335613,3120381,35936,2373,-1.00,51
335693,3120381,35936,2305,-0.70,41
335773,3120381,35936,2236,-0.37,30
336093,3120381,35936,1973,-0.44,30
336653,3120381,35344,1467,-0.32,38
336893,3120381,34922,1245,-4.10,23
339693,3120381,33656,1368,-0.48,28
339853,3120381,33656,1505,-0.43,25
340253,3120381,33656,1865,-0.17,18
340413,3120381,33656,2013,-0.00,55
340573,3120381,33656,2163,-0.21,46
340653,3120381,33656,2238,-9.67,13
340733,3120381,33656,2314,-0.29,65
340813,3120381,33656,2390,0.27,41
340973,3120381,33656,2543,0.21,52
341213,3120381,33656,2773,0.16,26
341533,3120381,33656,3083,-0.04,32
341773,3120381,33656,3317,0.05,31
342173,3120381,33656,3708,0.25,63
342333,3120381,33656,3865,-0.06,49
332253,3120301,36805,5375,24.45,23
332893,3120301,36805,4778,-0.65,19
332973,3120301,36805,4705,-0.60,43
333053,3120301,36805,4631,-0.59,29
333133,3120301,36805,4558,-0.53,51
333293,3120301,36805,4411,-0.35,54
333373,3120301,36805,4339,3.09,27
333453,3120301,36805,4266,10.99,22
333693,3120301,36805,4051,4.52,17
333773,3120301,36805,3980,-0.45,55
333853,3120301,36660,3908,8.71,23
333933,3120301,36660,3836,-0.37,42
334413,3120301,36515,3407,7.86,38
334813,3120301,36515,3059,1.75,24
335133,3120301,35936,2766,-10.17,21
335613,3120301,35936,2334,-0.60,52
335773,3120301,35936,2195,-0.83,55
336013,3120301,35936,1991,-0.78,53
336333,3120301,35344,1723,-0.81,63
336413,3120301,35344,1649,-0.29,49
336493,3120301,35344,1575,-0.46,26
336653,3120301,35344,1430,2.98,13
336733,3120301,35344,1359,0.94,39
339613,3120301,34475,1318,-0.16,33
339693,3120301,34475,1398,7.61,55
339773,3120301,34475,1478,-0.20,54
339853,3120301,33656,1546,-0.41,45
340093,3120301,33656,1754,0.02,53
340413,3120301,33656,2043,-0.33,63
340493,3120301,33656,2117,-5.43,37
340573,3120301,33656,2191,-0.23,81
340653,3120301,33656,2266,-0.07,57
340733,3120301,33656,2340,-0.01,65
340813,3120301,33656,2416,0.16,12
340893,3120301,33656,2491,0.02,50
340973,3120301,33656,2567,-0.14,24
341053,3120301,33656,2643,0.02,76
341213,3120301,33656,2796,0.00,65
341373,3120301,33656,2949,-0.35,38
342093,3120301,33656,3647,0.30,20
342253,3120301,33656,3803,0.19,71
342333,3120301,33656,3881,0.32,29
342493,3120301,33656,4037,0.17,59
332973,3120221,36805,4674,1.80,12
333053,3120221,36805,4600,0.54,37
333133,3120221,36805,4526,-0.49,53
333293,3120221,36805,4379,1.00,34
333373,3120221,36805,4306,-0.56,37
333693,3120221,36805,4015,-0.39,25
333773,3120221,36805,3943,-0.48,22
333853,3120221,36805,3872,4.01,42
333933,3120221,36805,3801,-0.47,28
334013,3120221,36660,3729,-0.59,21
334253,3120221,36660,3515,-1.21,26
334413,3120221,36515,3371,9.11,32
334493,3120221,36515,3300,8.12,31
334573,3120221,36515,3229,5.09,35
335373,3120221,35936,2515,-1.41,29
335533,3120221,35936,2369,-30.57,20
335613,3120221,35936,2298,-19.68,16
336093,3120221,35936,1881,-0.48,48
336173,3120221,35936,1814,-0.46,35
339693,3120221,34475,1406,-4.82,24
339773,3120221,34475,1485,-0.32,67
339933,3120221,34475,1644,-0.09,66
340173,3120221,33656,1863,-0.43,15
340413,3120221,33656,2077,0.32,14
340493,3120221,33656,2149,-0.18,44
340573,3120221,33656,2222,0.07,73
340733,3120221,33656,2369,-0.04,66
340813,3120221,33656,2444,-3.56,25
340893,3120221,33656,2518,-4.64,32
340973,3120221,33656,2593,0.15,38
341053,3120221,33656,2669,0.13,72
341133,3120221,33656,2744,-0.24,55
341213,3120221,33656,2820,0.14,77
341533,3120221,33656,3125,0.25,13
342013,3120221,33656,3588,-2.78,16
342093,3120221,33656,3665,-0.28,46
342333,3120221,33656,3898,-0.04,57
342413,3120221,33656,3976,0.18,30
342493,3120221,33656,4054,0.15,54
342653,3120221,33656,4211,0.06,38
342813,3120221,33656,4367,0.22,42
343293,3120221,33656,4838,-0.17,32
343613,3120221,33656,5153,0.47,13
332973,3120141,36805,4645,0.80,49
333053,3120141,36805,4570,0.96,59
333133,3120141,36805,4496,0.84,30
333213,3120141,36805,4422,-0.60,38
333293,3120141,36805,4348,2.00,45
333453,3120141,36805,4200,-0.51,35
333533,3120141,36805,4127,-0.24,27
333613,3120141,36805,4054,-0.32,49
333693,3120141,36805,3981,-1.39,43
333773,3120141,36805,3909,-0.51,13
333933,3120141,36805,3765,-1.02,33
334013,3120141,36805,3693,3.57,24
334093,3120141,36805,3622,8.71,38
334173,3120141,36660,3550,-3.49,30
334253,3120141,36660,3478,8.83,33
334333,3120141,36660,3407,2.93,58
334413,3120141,36660,3336,1.97,31
334493,3120141,36515,3264,2.83,27
334813,3120141,36515,2979,-0.28,22
335133,3120141,36515,2703,-1.52,22
335373,3120141,35936,2483,-1.10,15
335693,3120141,35936,2191,-0.78,27
336093,3120141,35936,1838,-4.12,17
336173,3120141,35936,1770,-9.62,42
336253,3120141,35936,1703,-0.44,23
336893,3120141,35344,1145,-0.14,26
338173,3120141,34765,14,-0.58,58
338333,3120141,34765,155,-0.19,12
338813,3120141,34475,574,-0.57,17
339693,3120141,34475,1418,0.01,24
339933,3120141,34475,1654,-0.28,65
340253,3120141,34475,1971,0.08,29
340333,3120141,33656,2041,-0.26,57
340413,3120141,33656,2112,0.19,15
340573,3120141,33656,2255,-0.33,70
340653,3120141,33656,2328,-0.08,70
340733,3120141,33656,2401,-0.18,73
340813,3120141,33656,2474,-0.23,53
340893,3120141,33656,2548,0.19,34
340973,3120141,33656,2622,0.23,45
341053,3120141,33656,2696,-5.78,45
341373,3120141,33656,2997,-0.30,59
341933,3120141,33656,3531,-0.21,14
342013,3120141,33656,3608,0.32,36
342333,3120141,33656,3918,0.08,62
342573,3120141,33656,4150,0.45,44
342733,3120141,33656,4306,0.06,28
332413,3120061,36805,5146,19.65,37
332573,3120061,36805,4994,5.38,21
332653,3120061,36805,4918,-0.63,33
332893,3120061,36805,4692,-0.52,33
332973,3120061,36805,4617,3.00,13
333053,3120061,36805,4542,-0.57,41
333133,3120061,36805,4467,-3.05,16
333373,3120061,36805,4243,7.85,27
333453,3120061,36805,4169,0.80,40
333533,3120061,36805,4095,-2.89,43
333613,3120061,36805,4022,-0.53,56
333693,3120061,36805,3948,-0.51,50
333773,3120061,36805,3875,-0.55,34
333853,3120061,36805,3802,-0.60,23
333933,3120061,36805,3730,6.52,47
334013,3120061,36805,3658,1.81,36
334093,3120061,36805,3586,-0.55,13
334173,3120061,36805,3514,-6.03,54
334253,3120061,36805,3443,-2.66,42
334333,3120061,36660,3371,6.06,17
334413,3120061,36660,3299,-0.17,47
334493,3120061,36660,3228,-0.06,39
334573,3120061,36660,3157,6.29,49
334813,3120061,36515,2942,2.24,50
334893,3120061,36515,2871,8.80,30
335453,3120061,35936,2379,29.51,16
335533,3120061,35936,2305,-1.03,55
335613,3120061,35936,2231,-0.43,33
335693,3120061,35936,2157,-1.11,37
335773,3120061,35936,2084,-0.71,47
335933,3120061,35936,1940,-0.87,24
336093,3120061,35936,1798,-0.49,49
336173,3120061,35936,1729,-0.88,42
336413,3120061,35936,1526,-0.80,34
338093,3120061,34922,28,-0.13,27
339453,3120061,34475,1202,-19.53,25
339693,3120061,34475,1434,-0.56,50
339853,3120061,34475,1590,-0.09,38
340013,3120061,34475,1747,-0.19,40
340333,3120061,34475,2062,25.40,40
340413,3120061,34475,2141,-0.08,38
340573,3120061,33656,2291,45.85,30
340653,3120061,33656,2362,0.16,68
340733,3120061,33656,2434,0.12,65
340893,3120061,33656,2579,-5.33,37
341293,3120061,33656,2949,22.33,20
341613,3120061,33656,3250,8.61,13
341693,3120061,33656,3326,-0.11,12
341773,3120061,33656,3402,0.19,42
342333,3120061,33656,3938,3.43,62
342413,3120061,33656,4015,-0.02,74
342493,3120061,33656,4093,0.15,37
342573,3120061,33656,4170,-0.03,14
342653,3120061,33656,4247,0.34,31
332493,3119981,36805,5046,19.90,54
332573,3119981,36805,4969,-0.91,12
332733,3119981,36805,4817,-0.46,32
332893,3119981,36805,4665,-1.36,37
333053,3119981,36805,4514,-10.73,21
333133,3119981,36805,4439,4.34,21
333293,3119981,36805,4289,-0.50,31
333373,3119981,36805,4214,-0.61,59
333453,3119981,36805,4139,-1.45,63
333533,3119981,36805,4065,-0.59,47
333613,3119981,36805,3991,0.64,54
333773,3119981,36805,3843,-0.33,21
334013,3119981,36805,3624,-0.59,23
334333,3119981,36805,3335,-1.18,19
334413,3119981,36805,3264,-1.62,41
334493,3119981,36660,3192,5.13,49
334573,3119981,36660,3121,1.01,32
334653,3119981,36660,3049,3.01,45
334813,3119981,36515,2906,-5.72,46
334893,3119981,36515,2834,1.96,28
335293,3119981,36515,2483,-0.16,13
335373,3119981,36515,2414,-0.90,35
335453,3119981,36515,2347,-0.85,57
335773,3119981,35936,2052,-0.50,41
336093,3119981,35936,1761,-0.52,21
336173,3119981,35936,1690,-0.38,53
336253,3119981,35936,1619,-0.92,23
336973,3119981,35344,1013,10.62,15
339533,3119981,34475,1302,-0.15,56
339613,3119981,34475,1378,37.74,65
339773,3119981,34475,1532,-0.30,40
339933,3119981,34475,1686,-0.47,39
340173,3119981,34475,1920,-0.39,36
340253,3119981,34475,1998,1.66,51
340573,3119981,34475,2312,0.06,33
340653,3119981,34475,2391,-0.34,64
340733,3119981,34475,2470,0.03,43
341213,3119981,33656,2905,-9.82,30
341773,3119981,33656,3427,-7.71,14
341853,3119981,33656,3503,0.35,30
342093,3119981,33656,3731,-0.23,15
342173,3119981,33656,3807,-0.25,31
342253,3119981,33656,3884,-0.21,17
342333,3119981,33656,3960,0.29,67
342413,3119981,33656,4037,18.32,30
342573,3119981,33656,4191,-63.13,29
343053,3119981,33656,4655,0.39,24
343133,3119981,33656,4732,-1.27,23
332493,3119901,36805,5022,20.43,31
332653,3119901,36805,4869,-0.62,20
332733,3119901,36805,4793,-1.48,33
332973,3119901,36805,4564,-2.80,30
333293,3119901,36805,4261,5.08,23
333453,3119901,36805,4111,-1.32,46
333533,3119901,36805,4036,-0.50,52
333613,3119901,36805,3961,0.58,23
333693,3119901,36805,3887,-6.23,29
333853,3119901,36805,3738,-0.67,12
334253,3119901,36805,3372,-0.19,34
334413,3119901,36805,3228,-5.85,16
334493,3119901,36805,3156,6.76,30
334573,3119901,36805,3085,4.10,48
334653,3119901,36660,3013,2.20,30
334733,3119901,36660,2942,1.97,53
334813,3119901,36660,2870,-0.52,42
335453,3119901,36515,2305,-0.66,74
335613,3119901,36515,2169,-0.42,64
335693,3119901,35936,2098,-1.06,46
335773,3119901,35936,2023,-0.89,33
336013,3119901,35936,1800,-0.81,67
336573,3119901,35936,1304,-3.34,46
336653,3119901,35936,1237,-5.75,38
336733,3119901,35936,1173,-0.93,19
336813,3119901,35936,1110,-0.19,13
339613,3119901,34475,1404,-0.12,33
339693,3119901,34475,1479,-0.35,55
339773,3119901,34475,1555,-0.07,25
339853,3119901,34475,1631,21.67,20
340093,3119901,34475,1861,24.45,67
340173,3119901,34475,1939,0.00,17
340253,3119901,34475,2016,-0.07,34
340333,3119901,34475,2094,-0.45,45
340413,3119901,34475,2171,-0.51,51
340493,3119901,34475,2249,-0.12,67
340573,3119901,34475,2328,-4.37,51
340733,3119901,34475,2484,-3.19,40
340813,3119901,34475,2563,0.04,54
340973,3119901,34475,2720,-0.17,13
341853,3119901,33656,3530,-0.17,65
341933,3119901,33656,3605,0.22,43
342013,3119901,33656,3680,-0.05,52
342093,3119901,33656,3756,0.24,46
342253,3119901,33656,3908,0.13,56
342573,3119901,33656,4213,-0.05,67
343053,3119901,33656,4675,0.32,15
332733,3119821,36805,4769,-1.60,30
332813,3119821,36805,4693,-1.66,29
332893,3119821,36805,4616,-0.82,15
333133,3119821,36805,4387,-0.46,28
333213,3119821,36805,4311,-3.82,26
333373,3119821,36805,4159,-1.05,30
333453,3119821,36805,4084,-0.65,46
333533,3119821,36805,4008,-0.63,59
333613,3119821,36805,3933,0.55,51
333693,3119821,36805,3858,-10.92,14
333773,3119821,36805,3783,-3.93,33
333933,3119821,36805,3634,-1.14,14
334173,3119821,36805,3412,-0.10,24
334253,3119821,36805,3339,-0.46,53
334333,3119821,36805,3266,0.91,28
334413,3119821,36805,3193,2.17,31
334493,3119821,36805,3121,-1.41,31
334573,3119821,36805,3049,4.06,43
334653,3119821,36805,2977,-1.47,18
334733,3119821,36805,2906,7.64,31
335453,3119821,36515,2264,-59.92,13
335533,3119821,36515,2195,-9.54,23
335613,3119821,36515,2126,-0.82,62
335693,3119821,36515,2058,-0.67,63
335773,3119821,36515,1991,-0.57,61
335853,3119821,35936,1920,-0.43,25
336093,3119821,35936,1695,-5.88,15
336173,3119821,35936,1621,-0.81,13
336653,3119821,35936,1193,-1.16,24
336733,3119821,35936,1126,-0.14,24
336813,3119821,35936,1061,4.57,23
336893,3119821,35936,997,4.73,33
336973,3119821,35936,936,6.64,34
337533,3119821,35344,431,5.99,47
339453,3119821,34475,1289,-0.43,36
339693,3119821,34475,1508,-0.45,54
339773,3119821,34475,1582,-0.43,43
339853,3119821,34475,1657,10.66,16
339933,3119821,34475,1732,-0.50,19
340013,3119821,34475,1808,-0.31,55
340173,3119821,34475,1960,26.03,18
340253,3119821,34475,2037,-0.20,28
340333,3119821,34475,2114,-0.02,39
340413,3119821,34475,2191,-0.61,63
340493,3119821,34475,2268,0.05,25
340653,3119821,34475,2423,0.04,13
340733,3119821,34475,2501,-0.25,17
341053,3119821,34475,2814,0.04,16
341773,3119821,33656,3484,-44.45,23
341933,3119821,33656,3633,0.03,13
342093,3119821,33656,3783,0.31,28
342173,3119821,33656,3858,0.34,49
332253,3119741,36805,5212,-8.61,30
332573,3119741,36805,4902,21.04,27
333213,3119741,36805,4287,-0.73,23
333373,3119741,36805,4134,-1.53,24
333453,3119741,36805,4058,-0.59,29
333533,3119741,36805,3982,-0.64,51
334013,3119741,36805,3530,6.41,17
334253,3119741,36805,3308,1.00,44
334333,3119741,36805,3234,-0.37,47
334413,3119741,36805,3160,-1.35,51
334573,3119741,36805,3014,5.56,47
334653,3119741,36805,2942,8.84,44
334813,3119741,36805,2799,3.12,53
334893,3119741,36805,2727,9.12,27
334973,3119741,36660,2656,-3.82,21
335533,3119741,36515,2156,-0.61,56
335613,3119741,36515,2086,-0.73,64
335693,3119741,36515,2016,-1.06,15
336173,3119741,35936,1592,-0.99,14
336253,3119741,35936,1517,-2.27,12
336653,3119741,35936,1153,7.13,23
336733,3119741,35936,1084,-2.09,39
336893,3119741,35936,949,6.71,56
336973,3119741,35936,885,6.00,37
337053,3119741,35936,823,-1.10,37
337133,3119741,35936,766,0.16,27
337213,3119741,35621,706,2.45,39
337373,3119741,35621,566,-4.94,20
337533,3119741,35344,411,1.14,29
337613,3119741,35344,332,-0.12,19
339693,3119741,34475,1540,-0.42,22
340413,3119741,34475,2213,-0.60,16
340493,3119741,34475,2290,1.39,15
340573,3119741,34475,2367,-0.26,53
340733,3119741,34475,2521,-0.14,57
341293,3119741,34475,3065,0.20,40
341373,3119741,34475,3143,-0.78,25
341533,3119741,33656,3294,-0.03,24
341853,3119741,33656,3588,-0.13,60
342013,3119741,33656,3736,0.01,53
342653,3119741,33656,4338,0.31,42
342973,3119741,33656,4642,-0.06,15
332413,3119661,36805,5037,-1.42,37
332493,3119661,36805,4959,-0.70,38
332653,3119661,36805,4804,18.72,28
332733,3119661,36805,4727,20.86,34
332813,3119661,36805,4649,0.34,15
332973,3119661,36805,4495,-1.55,18
333293,3119661,36805,4187,-9.52,17
333533,3119661,36805,3957,-1.29,46
334173,3119661,36805,3352,-0.45,49
334253,3119661,36805,3278,5.41,31
334413,3119661,36805,3129,-6.00,14
334573,3119661,36805,2982,-2.80,12
334813,3119661,36805,2763,-0.39,21
334893,3119661,36805,2691,-0.31,35
334973,3119661,36805,2620,4.21,35
335053,3119661,36805,2549,4.42,37
335133,3119661,36660,2477,3.95,24
335373,3119661,36660,2263,-0.89,51
335533,3119661,36515,2119,-0.57,75
336173,3119661,35936,1566,-0.91,44
336573,3119661,35936,1191,7.88,18
336733,3119661,35936,1045,5.58,44
336813,3119661,35936,975,-0.97,50
336893,3119661,35936,905,5.82,44
336973,3119661,35936,838,5.57,18
337053,3119661,35936,773,5.67,47
337133,3119661,35936,710,3.54,53
337213,3119661,35936,652,4.43,44
337293,3119661,35936,599,1.32,27
337373,3119661,35621,527,6.89,16
339613,3119661,34620,1505,4.78,12
339773,3119661,34475,1647,-9.00,26
339853,3119661,34475,1719,0.06,64
340093,3119661,34475,1939,-0.24,13
340173,3119661,34475,2013,-0.33,31
340333,3119661,34475,2163,-0.03,21
340493,3119661,34475,2314,-0.15,62
340573,3119661,34475,2390,0.04,46
340813,3119661,34475,2619,-0.11,35
340893,3119661,34475,2696,0.06,42
341053,3119661,34475,2851,0.26,25
341213,3119661,34475,3006,-0.43,13
341293,3119661,34475,3083,4.99,24
341533,3119661,34475,3317,-0.14,20
341613,3119661,34475,3395,-0.34,12
341933,3119661,33656,3693,-0.20,73
342093,3119661,33656,3840,-0.04,65
343613,3119661,33656,5279,-0.01,31
332253,3119581,36937,5173,6.22,27
332333,3119581,36937,5095,0.62,37
332413,3119581,36937,5018,-2.71,24
332493,3119581,36937,4940,-3.00,56
332813,3119581,36805,4630,16.33,35
332893,3119581,36805,4552,15.66,26
333293,3119581,36805,4165,8.82,36
333373,3119581,36805,4088,7.37,31
333453,3119581,36805,4011,-0.56,37
333533,3119581,36805,3934,-3.85,34
333853,3119581,36805,3628,5.17,35
333933,3119581,36805,3552,3.06,42
334013,3119581,36805,3476,2.08,23
334093,3119581,36805,3400,-0.38,26
334173,3119581,36805,3325,-0.52,46
334253,3119581,36805,3250,0.74,32
334333,3119581,36805,3175,-0.39,15
334733,3119581,36805,2803,1.66,16
334813,3119581,36805,2730,3.11,42
334893,3119581,36805,2657,-0.09,36
334973,3119581,36805,2584,1.76,24
335053,3119581,36805,2512,3.09,33
335133,3119581,36805,2441,1.78,20
336733,3119581,35936,1012,5.82,59
336813,3119581,35936,939,3.50,57
336893,3119581,35936,867,-0.03,30
337053,3119581,35936,727,-1.11,42
337133,3119581,35936,661,-0.30,38
337213,3119581,35936,598,7.77,69
337293,3119581,35936,539,6.92,13
337453,3119581,35621,422,13.63,31
337933,3119581,35477,37,-0.30,15
338013,3119581,35477,108,-5.45,45
339613,3119581,34620,1539,0.15,21
339693,3119581,34620,1611,0.25,29
339773,3119581,34620,1684,-8.78,35
339853,3119581,34475,1754,-0.78,48
340013,3119581,34475,1898,-0.02,19
340413,3119581,34475,2266,-8.22,44
340493,3119581,34475,2340,-0.45,50
340733,3119581,34475,2567,-0.35,15
340813,3119581,34475,2643,-0.11,31
340893,3119581,34475,2719,-0.26,16
341533,3119581,34475,3335,-0.22,19
341853,3119581,34475,3647,-1.92,26
342013,3119581,33656,3798,0.18,51
332253,3119501,36937,5154,4.98,27
332893,3119501,36937,4533,18.16,61
332973,3119501,36805,4455,15.62,13
333773,3119501,36805,3681,11.23,46
333853,3119501,36805,3605,-0.41,31
333933,3119501,36805,3528,3.01,21
334013,3119501,36805,3452,1.82,28
334093,3119501,36805,3375,-1.50,59
334173,3119501,36805,3299,0.68,47
334333,3119501,36805,3148,1.60,16
334733,3119501,36805,2773,4.27,14
334893,3119501,36805,2625,5.40,18
334973,3119501,36805,2551,5.22,34
335053,3119501,36805,2478,0.90,34
335133,3119501,36805,2406,-0.42,35
335213,3119501,36805,2333,6.37,21
335293,3119501,36805,2262,-21.85,53
336733,3119501,35936,984,-0.19,30
336813,3119501,35936,909,-0.27,40
336893,3119501,35936,834,-5.08,18
336973,3119501,35936,760,-3.53,34
337053,3119501,35936,688,-0.22,42
337133,3119501,35936,617,1.17,61
337213,3119501,35936,549,1.22,53
337293,3119501,35936,485,2.30,30
337853,3119501,35621,68,-0.96,19
339133,3119501,35054,1151,-0.59,16
339773,3119501,34620,1718,-0.34,56
339853,3119501,34620,1790,-2.04,42
340093,3119501,34475,2005,-0.03,31
340173,3119501,34475,2077,-0.42,44
340253,3119501,34475,2149,-0.65,18
340493,3119501,34475,2369,0.02,71
340573,3119501,34475,2444,-0.36,65
340653,3119501,34475,2518,-0.35,12
340733,3119501,34475,2593,0.04,66
340813,3119501,34475,2669,-0.17,75
341373,3119501,34475,3202,-0.04,23
332813,3119421,36937,4591,-0.61,45
332893,3119421,36937,4513,-1.60,37
333693,3119421,36805,3737,-5.16,36
333853,3119421,36805,3583,-0.52,44
333933,3119421,36805,3506,-1.34,51
334013,3119421,36805,3429,0.88,37
334173,3119421,36805,3275,-0.21,35
334493,3119421,36805,2970,2.11,18
334653,3119421,36805,2819,-0.57,36
334733,3119421,36805,2744,-0.13,20
334893,3119421,36805,2594,-2.41,13
334973,3119421,36805,2520,0.61,21
335053,3119421,36805,2446,4.44,52
335133,3119421,36805,2372,1.71,35
335213,3119421,36805,2299,-2.76,21
335373,3119421,36805,2155,-1.26,28
336733,3119421,35936,962,-0.18,26
336813,3119421,35936,885,1.18,39
336973,3119421,35936,731,-2.20,34
337053,3119421,35936,656,1.18,51
337133,3119421,35936,581,5.46,62
337213,3119421,35936,509,1.23,49
337373,3119421,35936,373,2.32,15
337453,3119421,35936,313,-4.16,42
337853,3119421,35621,14,13.62,56
339293,3119421,35054,1330,-26.30,18
339773,3119421,34765,1755,-0.14,58
339853,3119421,34620,1826,-0.15,27
339933,3119421,34620,1897,-2.10,21
340013,3119421,34620,1969,-0.46,28
340093,3119421,34620,2041,-0.06,64
340173,3119421,34475,2112,-0.01,23
340253,3119421,34475,2183,-0.21,65
340653,3119421,34475,2548,-1.98,31
340733,3119421,34475,2622,-0.23,42
340813,3119421,34475,2696,-24.47,53
341053,3119421,34475,2922,0.12,43
341693,3119421,34475,3531,-0.16,28
341853,3119421,34475,3686,-0.15,45
342013,3119421,34475,3840,0.10,35
332733,3119341,36937,4651,-1.56,31
332813,3119341,36937,4573,-1.67,45
332893,3119341,36937,4495,0.83,41
332973,3119341,36937,4417,16.74,29
333693,3119341,36805,3718,-3.89,29
333773,3119341,36805,3640,0.48,15
333853,3119341,36805,3562,0.84,32
333933,3119341,36805,3485,-1.55,63
334013,3119341,36805,3407,-0.52,45
334093,3119341,36805,3330,3.24,21
334173,3119341,36805,3253,0.93,14
334573,3119341,36805,2869,-1.29,31
334653,3119341,36805,2793,-1.47,48
334973,3119341,36805,2491,-5.82,21
335053,3119341,36805,2416,5.62,20
335133,3119341,36805,2342,-3.49,32
335213,3119341,36805,2268,-1.25,22
335373,3119341,36805,2121,-1.31,15
336093,3119341,36515,1475,10.33,28
336813,3119341,36068,867,6.96,22
336893,3119341,35936,789,6.90,37
336973,3119341,35936,711,2.22,33
337053,3119341,35936,633,-0.13,42
337133,3119341,35936,555,-0.01,53
337213,3119341,35936,478,2.42,46
337293,3119341,35936,403,8.98,25
337373,3119341,35936,330,6.06,36
337453,3119341,35936,261,5.60,16
337773,3119341,35766,31,14.63,15
339053,3119341,35199,1148,-0.65,19
339773,3119341,34765,1790,-0.11,56
339853,3119341,34765,1862,-0.30,81
339933,3119341,34765,1934,-0.40,48
340013,3119341,34620,2005,-0.32,39
340093,3119341,34620,2076,-0.33,61
340253,3119341,34620,2220,4.62,36
340333,3119341,34475,2291,-0.25,65
340493,3119341,34475,2434,-0.08,48
340573,3119341,34475,2507,-0.08,59
340733,3119341,34475,2653,3.62,49
340813,3119341,34475,2726,-0.11,63
341693,3119341,34475,3554,-0.16,26
342973,3119341,33656,4776,0.07,20
332653,3119261,36937,4713,6.34,17
332733,3119261,36937,4635,6.16,22
332973,3119261,36937,4400,15.28,34
333053,3119261,36937,4321,12.98,21
333133,3119261,36937,4243,-0.56,15
333373,3119261,36937,4009,15.41,12
333693,3119261,36937,3698,-0.70,29
333853,3119261,36937,3543,-0.41,50
333933,3119261,36805,3466,0.67,41
334093,3119261,36805,3310,7.31,39
334253,3119261,36805,3155,11.03,21
334653,3119261,36805,2769,6.53,19
334733,3119261,36805,2693,0.64,25
334813,3119261,36805,2616,-1.25,20
335293,3119261,36805,2163,-0.21,39
335373,3119261,36805,2089,-0.35,51
335533,3119261,36805,1942,8.86,35
336253,3119261,36515,1296,-0.26,31
336973,3119261,36068,691,-2.30,46
337053,3119261,36068,614,-1.15,54
337133,3119261,36068,539,-0.14,57
337213,3119261,35936,460,-3.24,50
337293,3119261,35936,381,1.25,53
337373,3119261,35936,303,-3.29,48
337453,3119261,35936,225,-2.34,38
337853,3119261,35766,84,7.12,25
339693,3119261,34765,1758,-0.11,24
339853,3119261,34765,1898,-0.25,56
339933,3119261,34765,1969,-0.24,34
340013,3119261,34765,2040,-0.61,18
340093,3119261,34765,2113,13.13,14
340173,3119261,34620,2184,0.01,66
340253,3119261,34620,2255,-0.39,62
340333,3119261,34620,2327,-0.36,65
340573,3119261,34475,2541,0.13,48
340653,3119261,34475,2613,-0.26,29
340733,3119261,34475,2685,-0.31,71
340813,3119261,34475,2758,-0.34,38
341693,3119261,34475,3579,0.06,34
341773,3119261,34475,3655,0.19,35
332973,3119181,36937,4384,7.22,26
333053,3119181,36937,4305,14.10,53
333373,3119181,36937,3992,5.04,14
333853,3119181,36937,3524,-1.49,36
333933,3119181,36937,3446,7.87,28
334013,3119181,36937,3368,4.17,29
334093,3119181,36937,3291,-0.55,20
334413,3119181,36805,2980,0.57,30
334653,3119181,36805,2748,2.09,45
334733,3119181,36805,2671,-0.34,60
334813,3119181,36805,2593,-0.24,48
334893,3119181,36805,2517,-0.37,49
334973,3119181,36805,2440,0.68,35
335453,3119181,36805,1985,1.79,36
335533,3119181,36805,1911,4.33,23
336013,3119181,36805,1476,1.20,23
336893,3119181,36515,710,7.91,18
336973,3119181,36358,646,-1.01,12
337053,3119181,36358,581,-0.17,59
337133,3119181,36068,516,3.27,58
337213,3119181,36068,438,-0.32,69
337293,3119181,36068,361,-0.31,54
337373,3119181,36068,286,3.32,33
337453,3119181,36068,214,-0.20,41
337533,3119181,35936,136,-1.08,16
339133,3119181,35477,1280,-0.05,29
339933,3119181,34765,2006,0.27,44
340013,3119181,34765,2077,-0.56,42
340173,3119181,34765,2219,-0.04,40
340413,3119181,34620,2434,-0.23,69
340813,3119181,34475,2792,-0.16,31
340893,3119181,34475,2864,0.09,33
341053,3119181,34475,3010,33.19,22
341133,3119181,34475,3083,0.18,52
341293,3119181,34475,3231,-0.08,22
341533,3119181,34475,3455,-0.21,58
341613,3119181,34475,3530,-3.58,13
341693,3119181,34475,3605,-0.29,29
341853,3119181,34475,3756,-16.82,21
332973,3119101,36937,4370,4.98,62
333053,3119101,36937,4291,-1.26,19
333373,3119101,36937,3976,-1.54,33
333933,3119101,36937,3428,8.54,47
334013,3119101,36937,3350,-8.26,37
334093,3119101,36937,3272,-1.47,30
334653,3119101,36805,2728,4.24,14
334733,3119101,36805,2650,-0.13,53
334813,3119101,36805,2573,3.22,37
334893,3119101,36805,2495,-0.44,34
334973,3119101,36805,2418,-0.50,43
335293,3119101,36805,2111,-0.48,21
335693,3119101,36805,1733,-2.70,26
336013,3119101,36805,1439,6.50,45
336093,3119101,36805,1368,4.61,21
336173,3119101,36805,1297,-1.06,22
336253,3119101,36660,1225,4.32,46
337053,3119101,36358,537,-0.23,48
337133,3119101,36358,469,1.15,35
337213,3119101,36358,406,6.69,22
337533,3119101,36068,109,-0.15,13
339853,3119101,35054,1970,-0.13,47
340173,3119101,34765,2256,-4.98,31
340333,3119101,34765,2398,0.05,34
340573,3119101,34620,2613,-0.25,73
340653,3119101,34620,2685,-0.05,44
340733,3119101,34620,2757,0.04,60
340813,3119101,34475,2828,-0.05,43
340893,3119101,34475,2899,-0.03,45
341133,3119101,34475,3116,-27.33,32
341213,3119101,34475,3189,-0.01,27
341533,3119101,34475,3484,39.02,21
341853,3119101,34475,3783,-47.25,19
332973,3119021,36937,4357,-0.66,29
333053,3119021,36937,4278,-0.65,26
333133,3119021,36937,4199,5.94,13
334013,3119021,36937,3333,3.20,24
335933,3119021,36805,1480,10.29,30
336013,3119021,36805,1406,7.68,45
336093,3119021,36805,1333,4.47,49
336253,3119021,36805,1189,-1.24,21
336333,3119021,36805,1118,7.95,23
336413,3119021,36660,1046,-0.51,26
337213,3119021,36358,358,6.84,55
338413,3119021,35766,690,-0.04,23
340573,3119021,34765,2649,0.20,36
340653,3119021,34620,2720,-0.35,40
340733,3119021,34620,2792,-1.83,61
341293,3119021,34475,3294,-0.50,14
341773,3119021,34475,3736,-0.22,17
342333,3119021,34475,4262,-0.39,29
342413,3119021,34475,4338,0.21,33
332253,3118941,42210,4936,-0.95,19
332893,3118941,36937,4424,-0.69,15
333053,3118941,36937,4266,-0.62,28
333133,3118941,36937,4187,4.89,49
334893,3118941,36937,2456,-1.31,25
335613,3118941,36805,1758,-1.08,20
335693,3118941,36805,1681,-0.45,37
335773,3118941,36805,1605,5.64,34
336013,3118941,36805,1377,6.80,52
336093,3118941,36805,1302,6.84,43
336173,3118941,36805,1228,7.98,53
336253,3118941,36805,1154,2.11,40
337613,3118941,36201,14,16.90,30
337773,3118941,36201,165,-0.06,21
340333,3118941,34765,2473,-0.27,27
340573,3118941,34765,2684,-0.39,29
340733,3118941,34765,2828,-0.16,27
341213,3118941,34475,3257,-0.53,13
332253,3118861,42210,4868,-3.97,14
333133,3118861,36937,4176,-0.65,27
333213,3118861,36937,4097,2.54,16
334253,3118861,36937,3067,-1.26,33
335613,3118861,36805,1739,0.88,12
335693,3118861,36805,1661,-1.47,40
335773,3118861,36805,1583,2.95,38
335853,3118861,36805,1506,13.30,23
335933,3118861,36805,1429,2.01,40
336013,3118861,36805,1352,-1.36,40
336093,3118861,36805,1275,1.15,53
336173,3118861,36805,1199,4.43,16
336253,3118861,36805,1124,-0.05,41
336333,3118861,36805,1049,4.22,38
336973,3118861,36660,477,-1.39,32
337053,3118861,36515,403,-0.06,12
337533,3118861,36358,31,-0.78,39
340333,3118861,35054,2507,-0.32,27
342173,3118861,34475,4167,-0.27,38
342333,3118861,34475,4316,-0.24,25
342413,3118861,34475,4391,0.37,38
333133,3118781,36937,4167,-1.58,58
333453,3118781,36937,3849,14.05,17
333533,3118781,36937,3769,-1.28,14
333933,3118781,36937,3372,-7.42,21
335213,3118781,36937,2109,-1.36,16
335693,3118781,36937,1642,0.69,46
335773,3118781,36937,1565,0.90,33
335853,3118781,36805,1487,12.61,53
335933,3118781,36805,1409,8.99,19
336013,3118781,36805,1331,1.05,42
336093,3118781,36805,1253,4.57,31
336173,3118781,36805,1176,1.97,50
336493,3118781,36805,871,13.64,29
336733,3118781,36805,652,3.36,14
337373,3118781,36515,87,15.96,25
337453,3118781,36515,72,25.34,24
337533,3118781,36358,55,18.24,53
340413,3118781,35054,2613,0.18,24
341453,3118781,34475,3543,-0.24,64
342013,3118781,34475,4050,-0.29,47
342093,3118781,34475,4123,0.00,65
342653,3118781,34475,4644,0.34,41
332973,3118701,36937,4319,9.60,18
333053,3118701,36937,4239,4.18,24
333133,3118701,36937,4160,9.95,26
333213,3118701,36937,4080,6.37,25
333373,3118701,36937,3921,-0.68,27
333533,3118701,36937,3761,10.77,25
333693,3118701,36937,3602,9.83,41
334333,3118701,36937,2966,-1.10,26
335693,3118701,36937,1623,6.67,55
335773,3118701,36937,1545,-0.41,46
336013,3118701,36937,1312,9.17,14
336333,3118701,36805,1001,4.41,23
336413,3118701,36805,924,3.40,50
336893,3118701,36805,473,-7.00,32
337533,3118701,36515,106,26.14,50
342093,3118701,34475,4155,0.39,16
342493,3118701,34475,4523,-0.23,23
342653,3118701,34475,4672,0.36,35
342733,3118701,34475,4747,-0.26,16
343933,3118701,34475,5884,0.24,67
332813,3118621,41606,4372,-0.86,20
332973,3118621,41606,4283,10.74,25
333053,3118621,36937,4234,2.53,61
333133,3118621,36937,4154,0.54,28
333213,3118621,36937,4074,-1.39,26
333293,3118621,36937,3994,-0.60,31
333373,3118621,36937,3914,-0.50,42
333453,3118621,36937,3834,-1.58,56
333533,3118621,36937,3755,-1.43,36
333613,3118621,36937,3675,-1.58,24
333693,3118621,36937,3595,8.69,60
333773,3118621,36937,3515,-1.48,12
333853,3118621,36937,3436,-1.54,21
334733,3118621,36937,2559,-1.24,14
335613,3118621,36937,1686,1.71,29
335693,3118621,36937,1608,5.48,38
335773,3118621,36937,1529,-0.18,38
336173,3118621,36937,1137,10.08,26
336333,3118621,36937,982,4.57,26
336413,3118621,36937,906,4.60,17
336653,3118621,36805,671,-0.66,15
339453,3118621,35621,1799,0.01,38
339933,3118621,35477,2229,15.17,27
340253,3118621,35477,2524,-0.17,60
341533,3118621,34620,3686,-0.21,31
341613,3118621,34620,3758,-36.77,44
341853,3118621,34475,3972,-0.18,24
342173,3118621,34475,4261,-0.10,21
342253,3118621,34475,4334,-0.18,20
342333,3118621,34475,4407,-0.27,12
342573,3118621,34475,4628,0.16,37
342653,3118621,34475,4702,0.26,66
342813,3118621,34475,4850,0.29,29
342973,3118621,34475,5000,0.18,70
343933,3118621,34475,5907,0.08,29
332813,3118541,41606,4307,-0.79,14
332973,3118541,41606,4216,-0.84,42
333053,3118541,41606,4173,1.93,35
333133,3118541,40530,4124,20.99,37
333373,3118541,36937,3910,-1.40,17
333453,3118541,36937,3830,4.02,31
333533,3118541,36937,3750,-0.57,64
333613,3118541,36937,3670,-1.32,40
333693,3118541,36937,3590,-8.61,24
333853,3118541,36937,3430,6.54,19
334653,3118541,36937,2632,-0.36,31
334893,3118541,36937,2392,11.15,17
334973,3118541,36937,2313,-1.18,27
336093,3118541,36937,1200,18.84,40
336413,3118541,36937,885,5.21,31
337133,3118541,36805,188,1.23,16
340173,3118541,35477,2481,-0.14,49
341533,3118541,34765,3722,0.03,48
341613,3118541,34620,3794,0.31,33
341773,3118541,34620,3937,0.24,53
342093,3118541,34475,4223,0.30,34
342253,3118541,34475,4367,-0.14,53
342333,3118541,34475,4440,4.93,18
342493,3118541,34475,4586,0.23,18
342733,3118541,34475,4806,0.18,54
342893,3118541,34475,4954,-0.10,65
332973,3118461,41606,4150,0.46,22
333053,3118461,41606,4106,10.51,45
333133,3118461,41606,4062,11.66,37
333533,3118461,36937,3747,4.96,49
333613,3118461,36937,3667,4.78,16
333693,3118461,36937,3587,-3.83,34
333853,3118461,36937,3427,11.13,29
333933,3118461,36937,3347,4.31,12
334413,3118461,36937,2867,-0.50,13
334653,3118461,36937,2627,-1.39,21
334893,3118461,36937,2388,17.89,35
335053,3118461,36937,2228,8.00,17
336413,3118461,36937,872,-0.55,25
337133,3118461,36805,176,12.46,23
337213,3118461,36805,96,11.30,27
340173,3118461,35477,2515,21.54,15
340253,3118461,35477,2587,38.07,53
340413,3118461,35477,2733,-0.52,13
340493,3118461,35477,2806,0.10,50
340733,3118461,35477,3029,0.01,23
340893,3118461,35477,3179,0.23,14
341613,3118461,34765,3829,0.04,44
341693,3118461,34765,3901,-30.45,36
341773,3118461,34620,3973,0.18,14
341933,3118461,34620,4116,0.07,14
342093,3118461,34475,4259,0.10,18
342493,3118461,34475,4619,0.17,19
342653,3118461,34475,4764,-0.07,30
342893,3118461,34475,4985,-0.17,57
342973,3118461,34475,5059,-0.34,37
343053,3118461,34475,5133,-0.14,37
343853,3118461,34475,5881,0.06,65
343933,3118461,34475,5957,0.39,51
344093,3118461,34475,6109,7.77,12
332813,3118381,42210,4171,-1.00,15
332893,3118381,41606,4130,8.61,51
332973,3118381,41606,4084,10.98,36
333613,3118381,36937,3665,10.65,26
333693,3118381,36937,3585,1.46,24
333773,3118381,36937,3505,-1.15,30
333853,3118381,36937,3425,27.79,39
334013,3118381,36937,3265,7.40,65
334093,3118381,36937,3185,4.38,47
334173,3118381,36937,3105,3.25,12
334333,3118381,36937,2945,9.88,30
334413,3118381,36937,2865,0.40,47
334493,3118381,36937,2785,7.69,25
334573,3118381,36937,2705,7.43,65
334653,3118381,36937,2625,7.63,33
334733,3118381,36937,2545,4.25,26
334893,3118381,36937,2385,-0.32,39
335053,3118381,36937,2225,5.62,33
335133,3118381,36937,2145,11.01,34
335213,3118381,36937,2065,10.10,29
336093,3118381,36937,1185,-0.44,26
336413,3118381,36937,866,-0.88,43
336733,3118381,36937,546,-0.31,37
339613,3118381,35766,2049,-0.08,18
340093,3118381,35621,2479,0.12,27
340253,3118381,35477,2622,0.11,30
340333,3118381,35477,2694,-0.04,53
340413,3118381,35477,2766,-0.35,72
340733,3118381,35477,3059,-0.33,38
341933,3118381,34620,4151,-0.22,50
342013,3118381,34620,4223,-0.13,77
342653,3118381,34475,4797,0.23,37
342733,3118381,34475,4870,0.47,15
342893,3118381,34475,5016,0.08,53
343933,3118381,34475,5984,0.24,66
344013,3118381,34475,6059,0.44,14
344093,3118381,34475,6134,0.24,62
332813,3118301,42210,4101,13.27,45
332893,3118301,42210,4062,2.85,62
333693,3118301,40530,3563,1.95,21
333773,3118301,36937,3506,0.32,34
333933,3118301,36937,3346,11.09,38
334013,3118301,36937,3266,9.72,22
334093,3118301,36937,3186,10.03,30
334173,3118301,36937,3106,8.60,50
334253,3118301,36937,3026,12.14,17
334333,3118301,36937,2946,7.65,52
334413,3118301,36937,2866,7.79,41
334493,3118301,36937,2786,7.71,51
334573,3118301,36937,2706,7.59,30
334653,3118301,36937,2626,9.92,29
334813,3118301,36937,2466,-0.53,35
334893,3118301,36937,2386,-0.15,13
334973,3118301,36937,2306,0.94,43
335133,3118301,36937,2146,7.46,28
335213,3118301,36937,2066,7.63,61
335293,3118301,36937,1986,7.48,56
335453,3118301,36937,1826,8.72,17
335613,3118301,36937,1666,9.73,24
335853,3118301,36937,1426,11.78,47
337293,3118301,36937,55,20.34,13
337693,3118301,36937,418,-0.14,20
340173,3118301,35621,2586,2.65,48
340333,3118301,35477,2729,-0.18,39
340493,3118301,35477,2872,4.08,34
340573,3118301,35477,2945,-0.14,21
340653,3118301,35477,3017,-8.44,44
340973,3118301,35477,3311,-5.37,26
341533,3118301,35054,3831,-0.20,36
341693,3118301,34765,3973,-0.17,58
341773,3118301,34765,4044,-13.20,48
341853,3118301,34765,4115,12.62,41
341933,3118301,34765,4187,-0.03,43
342013,3118301,34765,4259,-19.39,22
342253,3118301,34620,4473,-0.18,40
342333,3118301,34620,4545,0.01,16
342493,3118301,34475,4688,-0.07,45
342573,3118301,34475,4760,-50.45,21
342733,3118301,34475,4904,-0.00,17
342813,3118301,34475,4976,0.55,15
343773,3118301,34475,5861,0.29,63
344013,3118301,34475,6086,0.42,19
344093,3118301,34475,6161,0.69,22
332733,3118221,42210,4072,20.02,25
333933,3118221,37057,3345,-1.35,14
334013,3118221,37057,3265,-1.53,31
334493,3118221,37057,2785,4.10,46
334573,3118221,37057,2705,0.56,22
334653,3118221,37057,2625,-0.48,34
334813,3118221,37057,2465,-0.61,35
335133,3118221,37057,2145,8.88,19
335293,3118221,37057,1985,10.09,16
335373,3118221,37057,1905,13.37,52
335453,3118221,37057,1825,10.01,50
335533,3118221,37057,1745,5.44,47
335613,3118221,37057,1665,8.90,64
335693,3118221,37057,1585,7.80,46
335773,3118221,37057,1505,6.60,60
335853,3118221,37057,1425,6.69,45
336093,3118221,37057,1185,-1.04,55
337213,3118221,37057,66,6.00,13
337293,3118221,37057,20,20.75,42
337373,3118221,37057,96,-32.08,22
337453,3118221,37057,175,-0.78,30
337613,3118221,37190,323,-1.14,44
337693,3118221,37190,400,-0.08,18
340093,3118221,35766,2551,-2.85,36
340173,3118221,35621,2622,-0.38,62
340253,3118221,35621,2693,-0.36,61
340333,3118221,35621,2765,-0.54,21
340493,3118221,35477,2908,-0.24,69
340653,3118221,35477,3051,11.16,19
340733,3118221,35477,3123,0.19,25
341053,3118221,35477,3416,-1.89,51
341133,3118221,35477,3489,-0.17,39
341693,3118221,35054,4010,-0.49,18
341853,3118221,34765,4152,-0.25,25
342253,3118221,34620,4509,0.07,54
342333,3118221,34620,4581,-0.36,32
342413,3118221,34620,4652,-0.20,33
342493,3118221,34620,4724,-0.46,17
343853,3118221,34475,5965,26.31,29
344013,3118221,34475,6114,0.36,54
344093,3118221,34475,6189,0.15,56
332653,3118141,42210,4046,10.70,20
332733,3118141,42210,4003,9.41,15
334493,3118141,37575,2782,-1.25,33
334573,3118141,37575,2703,3.12,43
334653,3118141,37575,2624,1.95,43
334733,3118141,37575,2545,-5.96,26
334813,3118141,37575,2466,-6.04,43
334893,3118141,37575,2387,0.72,38
335133,3118141,37057,2147,-1.18,31
335293,3118141,37057,1987,4.14,20
335453,3118141,37057,1827,3.43,44
335533,3118141,37057,1748,4.28,45
335613,3118141,37057,1668,3.93,33
335693,3118141,37057,1588,2.00,18
336333,3118141,37057,950,26.70,45
337293,3118141,37190,31,34.66,29
337613,3118141,37190,306,-0.80,34
337693,3118141,37190,386,-0.25,46
337773,3118141,37190,466,1.32,16
340253,3118141,35766,2730,-0.22,68
340333,3118141,35621,2801,-7.52,59
340413,3118141,35621,2872,-0.23,47
340573,3118141,35621,3016,20.06,37
340893,3118141,35477,3302,-0.25,47
340973,3118141,35477,3375,-0.09,43
341053,3118141,35477,3448,-0.27,19
341453,3118141,35477,3816,-0.15,20
341533,3118141,35477,3890,0.08,61
341613,3118141,35477,3965,-0.14,53
341693,3118141,35477,4040,-0.26,54
341773,3118141,35477,4115,-18.81,13
342253,3118141,34765,4545,0.00,24
342493,3118141,34620,4759,0.06,32
342573,3118141,34620,4831,0.07,13
343133,3118141,34475,5334,0.26,16
343213,3118141,34475,5407,34.56,39
343933,3118141,34475,6068,51.06,20
344093,3118141,34475,6217,0.26,76
332413,3118061,42210,4114,8.55,28
332493,3118061,42210,4067,9.67,45
332573,3118061,42210,4022,9.28,50
332653,3118061,42210,3978,10.04,27
334093,3118061,40530,3120,-0.57,34
334173,3118061,40530,3070,-0.82,31
334573,3118061,37575,2693,5.07,36
334653,3118061,37575,2613,-0.53,38
334733,3118061,37575,2534,0.81,45
334813,3118061,37575,2454,-1.31,48
334893,3118061,37575,2375,-0.63,32
335533,3118061,37575,1742,-27.22,12
335693,3118061,37575,1585,4.31,23
336653,3118061,37057,649,-0.98,42
337613,3118061,37190,309,1.19,44
337693,3118061,37190,388,1.27,41
337773,3118061,37190,468,-0.13,32
338253,3118061,37190,946,-2.74,19
338813,3118061,36201,1499,10.62,22
340173,3118061,35766,2694,-0.10,43
340253,3118061,35766,2765,-0.12,65
340333,3118061,35766,2836,-0.07,34
340413,3118061,35766,2908,-0.77,18
340493,3118061,35621,2980,-0.44,37
340653,3118061,35621,3123,-0.58,25
341453,3118061,35477,3846,-24.38,28
341613,3118061,35477,3994,-0.17,61
342173,3118061,34765,4510,-0.30,19
342653,3118061,34620,4938,0.18,56
343933,3118061,34475,6099,0.22,35
333613,3117981,40699,3390,-1.56,28
333693,3117981,40530,3332,0.48,17
333853,3117981,40530,3220,-0.58,25
334093,3117981,40530,3059,-0.40,39
334173,3117981,40530,3008,-0.63,45
334253,3117981,40530,2958,-9.87,14
334413,3117981,37575,2844,3.07,38
334653,3117981,37575,2605,3.26,30
334733,3117981,37575,2525,1.56,38
334813,3117981,37575,2446,-0.27,18
334893,3117981,37575,2366,-0.60,38
334973,3117981,37575,2286,-1.35,39
336013,3117981,37575,1256,-0.59,45
336253,3117981,37575,1021,-0.51,40
336573,3117981,37575,712,-0.88,24
336653,3117981,37575,637,-8.40,28
337293,3117981,37310,20,10.06,32
337373,3117981,37310,66,3.75,26
337613,3117981,37310,305,5.42,32
337693,3117981,37310,385,-0.17,25
337773,3117981,37310,465,-0.89,35
338333,3117981,37310,1025,-11.38,36
338893,3117981,37310,1585,5.69,33
340413,3117981,35766,2944,-9.10,58
340573,3117981,35766,3087,-0.01,47
340733,3117981,35621,3230,8.51,31
341133,3117981,35477,3588,12.59,34
341453,3117981,35477,3878,0.10,33
341533,3117981,35477,3951,46.18,46
341693,3117981,35477,4099,-0.11,78
341773,3117981,35477,4173,-4.95,35
341933,3117981,35477,4321,-0.16,62
342493,3117981,34765,4831,0.07,21
342653,3117981,34765,4974,-5.38,40
332253,3117901,42210,4084,-27.97,22
332413,3117901,42210,3985,-0.90,46
332733,3117901,42210,3800,-0.83,18
333613,3117901,40699,3332,-0.50,49
333773,3117901,40530,3219,6.17,33
334173,3117901,40530,2946,-0.42,24
334333,3117901,40530,2845,-0.60,54
334413,3117901,40530,2797,0.54,21
334493,3117901,40530,2750,1.91,13
334653,3117901,37575,2599,6.62,23
334733,3117901,37575,2519,-0.22,39
334973,3117901,37575,2280,0.90,33
335053,3117901,37575,2200,0.93,47
335133,3117901,37575,2120,-0.54,40
335213,3117901,37575,2040,-0.48,31
336173,3117901,37575,1085,-0.81,42
337053,3117901,37575,245,-0.31,31
337293,3117901,37430,31,23.96,31
337373,3117901,37430,70,3.63,27
337533,3117901,37430,227,-1.02,20
337613,3117901,37430,306,3.26,17
337853,3117901,37430,546,4.72,39
338893,3117901,37430,1585,-2.23,15
338973,3117901,37430,1665,2.34,45
339053,3117901,37430,1745,10.31,36
340173,3117901,35766,2772,-0.62,33
340573,3117901,35766,3123,-0.46,45
340653,3117901,35766,3194,-0.42,60
341053,3117901,35621,3552,-0.44,58
341373,3117901,35477,3839,-0.20,29
341453,3117901,35477,3911,0.08,19
341533,3117901,35477,3984,-0.13,28
341613,3117901,35477,4057,0.12,58
341693,3117901,35477,4130,-0.27,72
341773,3117901,35477,4203,29.04,47
341933,3117901,35477,4351,0.05,41
342093,3117901,35477,4499,0.12,68
342573,3117901,34765,4939,0.08,70
343773,3117901,34475,6016,-0.15,45
332813,3117821,42210,3690,1.39,32
333613,3117821,41606,3266,-1.27,21
334093,3117821,40530,2939,6.64,37
334173,3117821,40530,2886,-1.59,53
334253,3117821,40530,2833,-0.30,30
334333,3117821,40530,2783,-0.74,37
334413,3117821,40530,2733,6.31,27
334493,3117821,40530,2685,7.71,15
334573,3117821,40530,2639,-0.45,27
334653,3117821,40530,2594,10.88,43
334733,3117821,37575,2516,7.56,39
334813,3117821,37575,2436,-0.30,31
334973,3117821,37575,2276,8.87,47
335053,3117821,37575,2196,5.31,50
335133,3117821,37575,2116,4.41,26
335373,3117821,37575,1876,9.75,26
336253,3117821,37575,997,1.20,28
337133,3117821,37575,133,-1.19,26
337213,3117821,37575,76,7.91,35
337773,3117821,37430,468,3.14,13
338013,3117821,37430,707,-3.67,12
338333,3117821,37430,1026,-0.02,24
338813,3117821,37430,1506,-2.27,21
338893,3117821,37430,1586,0.03,60
338973,3117821,37430,1666,1.52,48
339053,3117821,37430,1746,2.68,34
340013,3117821,36201,2658,-0.30,57
340093,3117821,36201,2731,-0.11,34
340173,3117821,36201,2804,-0.42,17
340733,3117821,35766,3302,4.07,36
341133,3117821,35621,3659,-0.03,68
341293,3117821,35477,3803,0.15,44
341373,3117821,35477,3874,0.01,35
341613,3117821,35477,4090,-0.43,58
341773,3117821,35477,4235,0.13,67
341853,3117821,35477,4309,4.96,33
342093,3117821,35477,4529,-0.17,58
342253,3117821,35477,4678,0.03,24
342413,3117821,35477,4827,-4.51,51
342573,3117821,34765,4976,0.24,13
343773,3117821,34475,6049,0.21,22
344013,3117821,34475,6267,-0.08,28
332493,3117741,42210,3809,-13.32,21
332733,3117741,42210,3668,-0.85,42
333293,3117741,41606,3377,-0.52,39
333453,3117741,41606,3285,-1.16,13
333853,3117741,40699,3050,-1.39,34
333933,3117741,40530,2993,-0.45,55
334093,3117741,40530,2881,9.90,14
334173,3117741,40530,2826,-1.62,56
334253,3117741,40530,2773,-4.72,19
334333,3117741,40530,2721,3.01,19
334413,3117741,40530,2670,-1.52,50
334493,3117741,40530,2621,-1.28,61
334573,3117741,40530,2573,1.69,49
334653,3117741,40530,2527,6.15,31
334733,3117741,40530,2483,4.05,32
334813,3117741,37972,2430,-0.64,59
334893,3117741,37972,2351,-0.62,33
335773,3117741,37575,1475,-16.18,14
336333,3117741,37575,915,-0.82,47
336573,3117741,37575,675,-1.07,30
336973,3117741,37575,275,10.57,22
337213,3117741,37575,37,15.25,16
337293,3117741,37575,47,15.96,27
338253,3117741,37430,954,-0.64,45
338413,3117741,37430,1113,-0.55,31
338813,3117741,37430,1511,0.16,31
338893,3117741,37430,1590,-0.05,61
338973,3117741,37430,1670,0.03,44
339053,3117741,37430,1750,4.40,41
339133,3117741,37430,1830,3.41,19
339933,3117741,36201,2622,-0.57,41
340173,3117741,36201,2837,-0.45,67
340253,3117741,36201,2910,-0.22,38
340573,3117741,35766,3198,0.16,38
340733,3117741,35766,3338,-0.40,50
340813,3117741,35766,3409,-0.36,48
340893,3117741,35766,3480,-15.46,16
341053,3117741,35766,3624,-3.50,30
341133,3117741,35621,3695,14.95,33
341293,3117741,35621,3838,-2.52,52
341373,3117741,35621,3910,-2.74,12
341533,3117741,35477,4053,-0.03,75
341613,3117741,35477,4125,-0.10,63
341853,3117741,35477,4341,-0.27,56
342093,3117741,35477,4561,-0.10,47
342173,3117741,35477,4634,0.09,60
342333,3117741,35477,4782,0.04,76
342413,3117741,35477,4856,-0.08,56
342653,3117741,35477,5079,0.48,12
343693,3117741,34475,6012,-0.08,16
333293,3117661,42210,3310,-1.27,33
334013,3117661,40530,2880,6.51,23
334093,3117661,40530,2823,-1.38,38
334173,3117661,40530,2768,-2.76,47
334253,3117661,40530,2713,-1.35,63
334333,3117661,40530,2660,5.39,27
334413,3117661,40530,2608,-0.62,51
334493,3117661,40530,2558,-0.60,43
334733,3117661,40530,2416,-2.56,44
334813,3117661,40530,2373,0.86,16
334893,3117661,40083,2328,0.70,36
336973,3117661,37695,276,3.48,19
337293,3117661,37695,53,20.21,37
338173,3117661,37430,891,-0.47,47
338253,3117661,37430,969,-0.36,53
338333,3117661,37430,1047,-3.06,32
338893,3117661,37430,1599,-0.21,31
338973,3117661,37430,1678,4.42,35
339053,3117661,37430,1758,6.91,49
339133,3117661,37430,1837,6.87,16
340173,3117661,36201,2872,-0.17,64
340253,3117661,36201,2944,-0.61,15
340333,3117661,36201,3016,-0.31,55
340573,3117661,36201,3234,15.69,16
340733,3117661,35766,3377,-0.45,61
341053,3117661,35766,3659,-0.22,81
341133,3117661,35766,3731,-1.63,44
341213,3117661,35766,3803,-0.41,43
341293,3117661,35621,3874,-0.13,68
341373,3117661,35621,3945,-6.64,35
341453,3117661,35621,4017,0.13,35
341533,3117661,35621,4089,-0.28,40
342013,3117661,35477,4520,0.04,66
342173,3117661,35477,4666,-0.32,30
342333,3117661,35477,4813,-0.06,52
342653,3117661,35477,5108,-0.30,19
342733,3117661,35477,5183,-0.09,57
342813,3117661,35477,5257,6.27,38
343853,3117661,34475,6191,0.06,16
344013,3117661,34475,6335,4.55,38
333853,3117581,40699,2937,11.92,22
333933,3117581,40699,2880,6.12,36
334013,3117581,40699,2824,7.34,21
334093,3117581,40530,2767,-1.51,38
334173,3117581,40530,2710,-0.51,62
334253,3117581,40530,2654,4.84,41
334333,3117581,40530,2600,-0.68,31
334413,3117581,40530,2547,-4.95,40
334493,3117581,40530,2495,-0.53,51
334733,3117581,40530,2350,-0.60,45
335053,3117581,39371,2164,-7.48,31
335373,3117581,37972,1855,-0.50,34
335453,3117581,37972,1775,-0.90,15
336333,3117581,37972,905,1.29,17
336413,3117581,37972,827,-0.48,77
336493,3117581,37972,749,-0.95,58
336573,3117581,37972,672,-0.94,13
337293,3117581,37827,69,20.63,18
337613,3117581,37827,342,3.53,24
338093,3117581,37827,818,-0.24,28
338253,3117581,37827,977,-0.53,38
338333,3117581,37827,1057,-0.33,42
338493,3117581,37827,1217,-31.91,22
339053,3117581,37430,1769,3.23,29
339133,3117581,37430,1848,1.14,15
340253,3117581,37430,2959,-0.16,34
340733,3117581,36201,3413,1.78,51
340893,3117581,35766,3556,23.47,40
340973,3117581,35766,3626,-0.36,63
341053,3117581,35766,3696,0.14,20
341133,3117581,35766,3767,-0.32,54
341213,3117581,35766,3838,-0.07,31
341453,3117581,35621,4053,-0.21,21
341533,3117581,35621,4124,5.23,25
341613,3117581,35621,4196,-0.28,62
341773,3117581,35477,4339,15.22,29
341853,3117581,35477,4411,3.61,56
341933,3117581,35477,4482,-0.14,40
342093,3117581,35477,4626,22.48,54
342493,3117581,35477,4991,-0.23,20
343853,3117581,34475,6226,-0.15,29
334013,3117501,40699,2767,7.54,24
334093,3117501,40699,2711,7.64,50
334173,3117501,40530,2654,1.89,43
334253,3117501,40530,2597,6.68,24
334333,3117501,40530,2541,0.49,27
334493,3117501,40530,2434,5.66,26
334653,3117501,40530,2333,-1.06,22
334893,3117501,40530,2195,0.76,40
334973,3117501,40530,2153,3.39,13
335053,3117501,40083,2102,0.92,43
335133,3117501,40083,2052,2.91,31
335613,3117501,37972,1609,-0.46,19
335933,3117501,37972,1290,43.34,26
336333,3117501,37972,892,20.94,28
337293,3117501,37827,20,18.39,52
337453,3117501,37827,175,-0.28,13
338253,3117501,37827,975,-0.42,60
338413,3117501,37827,1135,-0.42,14
338973,3117501,37827,1695,-0.57,42
339853,3117501,37430,2572,-0.68,23
340493,3117501,37430,3207,-0.60,32
340573,3117501,37430,3286,-0.35,45
340653,3117501,37430,3366,-0.34,56
340733,3117501,37430,3445,-0.59,40
340813,3117501,36201,3519,-0.53,39
341053,3117501,35766,3734,22.71,34
341133,3117501,35766,3804,-44.26,16
341293,3117501,35766,3946,0.13,39
341373,3117501,35766,4017,0.14,70
341453,3117501,35766,4089,-0.26,48
341533,3117501,35766,4160,-0.04,75
341613,3117501,35621,4232,-0.19,58
341693,3117501,35621,4303,5.70,66
341773,3117501,35621,4375,0.57,38
341853,3117501,35621,4447,-0.47,19
342013,3117501,35477,4589,-8.19,18
342093,3117501,35477,4661,-0.41,58
342333,3117501,35477,4878,-0.03,44
342413,3117501,35477,4950,-0.48,36
342573,3117501,35477,5096,-0.34,37
342733,3117501,35477,5243,0.10,36
343213,3117501,35477,5688,-0.16,20
343373,3117501,34765,5833,-0.22,36
344093,3117501,34475,6477,-11.80,19
332893,3117421,42210,3314,-1.07,43
334013,3117421,40699,2710,6.16,12
334093,3117421,40699,2653,8.68,32
334173,3117421,40699,2598,7.37,21
334333,3117421,40530,2484,2.62,31
334413,3117421,40530,2428,5.41,25
334493,3117421,40530,2374,2.91,23
334653,3117421,40530,2270,-0.47,23
334733,3117421,40530,2221,-1.39,41
334813,3117421,40530,2174,-1.47,21
335053,3117421,40083,2042,-0.39,39
335133,3117421,40083,1990,6.58,19
335453,3117421,39371,1747,12.65,16
335613,3117421,37972,1605,10.53,13
336413,3117421,37972,806,-1.07,37
337293,3117421,37972,80,14.88,30
338253,3117421,37827,979,-0.68,63
338333,3117421,37827,1059,-0.96,20
338413,3117421,37827,1139,-0.03,28
338813,3117421,37827,1538,0.00,15
338973,3117421,37827,1697,-0.98,59
339053,3117421,37827,1777,3.65,35
339933,3117421,37827,2656,-0.53,39
340733,3117421,37430,3455,0.15,13
340893,3117421,37430,3613,-0.32,70
341133,3117421,35766,3843,-0.17,55
341213,3117421,35766,3913,-0.33,63
341293,3117421,35766,3983,-0.09,61
341373,3117421,35766,4054,0.15,36
341453,3117421,35766,4125,-0.32,38
341613,3117421,35766,4268,4.84,34
341693,3117421,35766,4339,2.37,33
342093,3117421,35477,4697,-18.68,15
342173,3117421,35477,4768,-9.13,57
342253,3117421,35477,4840,-0.00,67
342413,3117421,35477,4984,0.20,45
342653,3117421,35477,5202,-0.00,60
342813,3117421,35477,5348,0.21,12
332813,3117341,42210,3297,-1.18,75
332893,3117341,42210,3249,-1.44,27
332973,3117341,42210,3202,-1.23,42
333053,3117341,42210,3157,-0.94,42
334733,3117341,40530,2158,-1.38,40
334813,3117341,40530,2109,-2.92,34
335053,3117341,40530,1974,3.20,34
335613,3117341,39371,1572,-0.92,38
336893,3117341,37972,329,-0.11,15
337213,3117341,37972,53,14.62,28
337533,3117341,37827,308,-0.31,24
337613,3117341,37827,377,-7.01,31
338093,3117341,37827,833,-0.29,22
338173,3117341,37827,911,0.26,36
338413,3117341,37827,1148,-0.47,68
338493,3117341,37827,1227,2.27,57
338573,3117341,37827,1306,-0.61,67
338733,3117341,37827,1465,-0.85,26
338893,3117341,37827,1624,-0.89,43
338973,3117341,37827,1704,-1.01,58
339053,3117341,37827,1783,-0.21,60
339133,3117341,37827,1863,5.62,48
339213,3117341,37827,1943,5.71,47
339853,3117341,37827,2581,-34.64,48
339933,3117341,37827,2660,7.91,52
340013,3117341,37827,2740,-9.05,22
340653,3117341,37827,3379,-0.55,53
340733,3117341,37827,3459,-0.09,44
340893,3117341,37827,3619,-0.43,35
340973,3117341,37827,3699,-20.36,13
341053,3117341,37827,3779,-0.09,60
341133,3117341,37827,3859,-0.40,53
341213,3117341,37827,3939,-0.11,52
341293,3117341,37827,4019,0.03,57
341533,3117341,35766,4233,-0.06,42
341613,3117341,35766,4304,-0.44,41
341773,3117341,35766,4446,0.01,19
341853,3117341,35766,4518,0.27,14
342093,3117341,35621,4733,0.22,42
342253,3117341,35477,4876,-0.77,22
342333,3117341,35477,4947,0.21,66
342493,3117341,35477,5091,-0.25,37
342653,3117341,35477,5235,-0.03,46
342813,3117341,35477,5381,-4.37,39
342893,3117341,35477,5454,0.47,19
343133,3117341,35477,5674,0.31,41
343613,3117341,35477,6119,0.18,34
343773,3117341,34765,6262,0.15,21
344013,3117341,34620,6477,-4.96,38
344093,3117341,34620,6548,-0.16,29
332653,3117261,42525,3330,-1.36,41
332813,3117261,42210,3234,-1.10,57
332893,3117261,42210,3185,-1.02,75
333053,3117261,42210,3091,-1.13,73
333133,3117261,42210,3046,-10.57,24
333213,3117261,42210,3002,-9.96,17
333533,3117261,42210,2844,-1.38,34
333613,3117261,41606,2801,-1.43,24
335053,3117261,40530,1906,11.37,38
335133,3117261,40530,1865,4.17,17
335453,3117261,39371,1653,-0.57,39
335693,3117261,39371,1459,-1.07,17
336653,3117261,38092,565,8.75,24
336733,3117261,38092,485,7.65,46
336813,3117261,38092,405,1.28,43
337293,3117261,38092,76,21.64,37
338253,3117261,38357,1001,-0.61,74
338333,3117261,38357,1079,-8.99,57
338413,3117261,38357,1157,-37.54,13
338893,3117261,38357,1631,-0.09,56
338973,3117261,38357,1710,-0.22,44
339053,3117261,38357,1789,-0.17,31
339133,3117261,38357,1869,8.92,20
339213,3117261,38357,1948,2.70,38
339293,3117261,38357,2028,1.33,21
339853,3117261,38357,2585,0.03,51
339933,3117261,38357,2665,-0.17,52
340093,3117261,38634,2824,-0.23,42
340493,3117261,38634,3219,26.93,12
340893,3117261,38634,3615,0.15,27
341053,3117261,38634,3774,4.76,25
341133,3117261,38634,3853,-0.26,53
341213,3117261,38634,3933,8.54,37
341293,3117261,38634,4012,-0.28,69
341453,3117261,38634,4171,-0.28,48
341773,3117261,35766,4482,0.10,54
341853,3117261,35766,4554,-0.02,49
342013,3117261,35766,4697,-0.36,16
342093,3117261,35621,4769,0.04,70
342333,3117261,35621,4983,-0.00,47
342573,3117261,35477,5198,-0.47,21
342733,3117261,35477,5342,0.10,48
342973,3117261,35477,5560,-0.14,41
343453,3117261,35477,6000,-0.09,23
343693,3117261,35477,6223,-0.07,18
343773,3117261,35477,6297,0.04,54
344013,3117261,34765,6513,-0.07,44
332893,3117181,42210,3122,-1.34,50
332973,3117181,42210,3073,-1.05,13
333133,3117181,42210,2980,-6.97,45
333213,3117181,42210,2935,-1.41,63
333533,3117181,42210,2773,30.03,28
333613,3117181,42210,2737,-0.95,52
334813,3117181,40530,1983,-0.69,40
335133,3117181,40530,1796,9.92,15
335373,3117181,40083,1652,-0.60,39
335533,3117181,39371,1542,35.90,27
336733,3117181,38212,486,-0.17,37
336813,3117181,38212,406,2.15,29
337373,3117181,38212,157,7.63,37
337453,3117181,38357,229,-0.09,24
337613,3117181,38357,366,-0.07,20
338253,3117181,38357,986,-6.32,24
338333,3117181,38357,1065,2.05,64
338733,3117181,38357,1462,10.20,44
338813,3117181,38357,1542,5.65,30
338893,3117181,38357,1622,3.69,38
339213,3117181,38357,1940,4.34,63
339293,3117181,38357,2020,-0.77,47
339933,3117181,38634,2653,-0.50,77
340013,3117181,38634,2732,-7.60,18
340493,3117181,38634,3208,-0.03,13
340813,3117181,38634,3526,-0.36,28
341133,3117181,38634,3844,-0.37,50
341213,3117181,38634,3924,-0.08,41
341373,3117181,38634,4083,-0.33,58
341693,3117181,38634,4402,0.15,17
341773,3117181,38634,4482,8.61,12
341853,3117181,38634,4561,-0.31,48
341933,3117181,38634,4641,-9.11,26
342013,3117181,38634,4721,0.00,45
342413,3117181,35621,5090,-45.45,27
342493,3117181,35621,5162,-34.27,36
342573,3117181,35477,5234,5.76,48
342653,3117181,35477,5305,0.04,70
342973,3117181,35477,5593,-35.17,48
343133,3117181,35477,5738,0.07,38
343213,3117181,35477,5811,-0.13,61
343613,3117181,35477,6179,0.14,26
343693,3117181,35477,6253,-0.05,65
343853,3117181,35477,6401,-0.15,21
344013,3117181,34765,6548,0.21,16
332333,3117101,42682,3395,-1.61,33
332893,3117101,42210,3059,-1.32,62
333053,3117101,42210,2961,-1.33,44
333133,3117101,42210,2914,-1.30,13
333213,3117101,42210,2869,-0.68,27
333613,3117101,42210,2665,-23.89,53
333693,3117101,41606,2625,-0.84,51
333933,3117101,41606,2486,-0.80,26
334493,3117101,40699,2146,-0.73,20
334733,3117101,40530,1976,17.92,22
334893,3117101,40530,1871,4.26,33
335053,3117101,40530,1774,-1.50,40
337373,3117101,38357,116,7.75,20
338253,3117101,38357,977,-0.90,42
338333,3117101,38357,1057,1.73,25
338413,3117101,38357,1137,5.55,65
338493,3117101,38357,1217,6.40,14
338653,3117101,38357,1377,-2.55,16
339133,3117101,38634,1851,7.93,51
339213,3117101,38634,1930,6.88,25
339373,3117101,38634,2088,7.81,42
339933,3117101,38634,2643,-0.69,57
340013,3117101,38634,2722,-0.79,17
340333,3117101,38634,3040,0.00,30
340733,3117101,38634,3439,-0.53,41
341133,3117101,38634,3837,-0.30,59
341213,3117101,38634,3917,-0.30,82
341293,3117101,38634,3997,-0.04,73
341373,3117101,38634,4076,-0.13,24
341533,3117101,38634,4236,-0.33,42
341613,3117101,38634,4316,-0.48,13
341773,3117101,38634,4475,-0.34,40
341853,3117101,38634,4555,0.10,43
341933,3117101,38634,4635,-0.48,32
342013,3117101,38634,4715,-0.18,70
342253,3117101,38634,4954,-0.13,61
342333,3117101,38634,5034,-0.25,28
342493,3117101,38634,5194,-10.11,34
342573,3117101,35621,5269,0.12,28
342973,3117101,35477,5627,0.02,66
343133,3117101,35477,5772,-0.08,62
343213,3117101,35477,5844,-0.10,50
343613,3117101,35477,6210,0.05,63
332253,3117021,43419,3372,-1.47,41
333133,3117021,42210,2849,-0.71,41
333453,3117021,42210,2672,20.36,31
333693,3117021,42210,2558,-1.33,54
334093,3117021,41606,2333,-1.29,16
334253,3117021,41606,2254,-1.18,13
334493,3117021,40699,2088,-1.21,57
334813,3117021,40530,1863,-1.49,48
334893,3117021,40530,1809,-0.43,40
335053,3117021,40530,1709,3.97,64
336013,3117021,39371,1060,23.62,15
336893,3117021,38212,351,-10.14,28
336973,3117021,38212,279,-8.32,26
337293,3117021,38357,20,26.25,33
337373,3117021,38357,96,-1.19,28
337453,3117021,38357,175,-1.12,24
337533,3117021,38357,255,2.11,22
337613,3117021,38357,335,1.99,12
337693,3117021,38357,415,-0.33,21
338253,3117021,38634,972,6.29,38
338493,3117021,38634,1207,-0.89,39
339293,3117021,38634,1998,-0.08,16
339453,3117021,38634,2157,10.13,22
340013,3117021,38634,2714,-0.42,43
341053,3117021,38634,3752,0.09,25
341213,3117021,38634,3911,-0.12,50
341293,3117021,38634,3991,-0.15,56
341373,3117021,38634,4071,0.16,49
341613,3117021,38634,4311,-0.11,40
341773,3117021,38634,4471,0.02,63
341853,3117021,38634,4551,-0.43,71
342173,3117021,38634,4870,0.06,73
342253,3117021,38634,4950,0.12,53
342733,3117021,38634,5430,-0.14,72
342893,3117021,38634,5590,-0.08,66
343213,3117021,35477,5878,0.08,34
343373,3117021,35477,6023,0.01,28
343533,3117021,35477,6169,0.25,54
343613,3117021,35477,6242,0.22,40
343773,3117021,35477,6388,0.17,31
343933,3117021,35477,6536,0.20,35
344093,3117021,35477,6683,-0.08,22
333133,3116941,42210,2785,-0.80,37
333213,3116941,42210,2737,-0.80,38
333613,3116941,42210,2524,-0.89,40
334013,3116941,41606,2308,-1.23,63
334093,3116941,41606,2265,-0.80,27
334333,3116941,41606,2147,-0.85,35
334813,3116941,40530,1805,-1.33,34
334893,3116941,40530,1750,3.20,19
334973,3116941,40530,1697,11.13,32
335933,3116941,39371,1076,9.07,24
336893,3116941,38489,356,-12.68,23
336973,3116941,38489,276,-7.21,50
337053,3116941,38489,197,-11.75,49
337373,3116941,38489,128,-0.26,39
337453,3116941,38357,198,6.80,57
337533,3116941,38634,269,6.52,46
338253,3116941,38634,956,1.43,16
338493,3116941,38634,1194,-0.46,64
338733,3116941,38634,1432,-0.68,14
339613,3116941,38634,2310,-24.02,23
340013,3116941,38634,2709,-31.61,19
340493,3116941,38634,3188,-0.77,13
340733,3116941,38634,3428,-0.14,22
340973,3116941,38634,3668,5.91,28
341213,3116941,38634,3908,9.72,33
341293,3116941,38634,3988,-0.21,76
341613,3116941,38634,4307,0.01,23
341693,3116941,38634,4387,-0.23,20
341773,3116941,38634,4467,24.40,49
342013,3116941,38634,4707,0.09,45
342093,3116941,38634,4787,-0.25,68
342573,3116941,38634,5267,-46.45,21
342653,3116941,38634,5347,-0.07,69
343053,3116941,38634,5747,0.12,36
343293,3116941,35477,5985,0.07,65
343373,3116941,35477,6057,-49.71,41
343613,3116941,35477,6275,4.99,13
343773,3116941,35477,6420,0.11,15
333693,3116861,42210,2415,-0.99,62
334013,3116861,41606,2242,-0.95,73
334333,3116861,41606,2075,-0.91,36
335613,3116861,40083,1252,9.98,20
335693,3116861,40083,1203,8.92,51
335773,3116861,40083,1157,17.04,31
336253,3116861,39371,774,-1.19,33
337293,3116861,38634,69,21.41,47
337373,3116861,38634,94,-1.24,32
337453,3116861,38634,160,7.58,26
338253,3116861,38634,947,-0.40,41
338333,3116861,38634,1027,-1.61,19
338413,3116861,38634,1107,-0.34,56
338653,3116861,38634,1347,2.13,45
340013,3116861,38634,2706,0.08,17
340093,3116861,38634,2786,-0.11,14
340413,3116861,38634,3106,1.01,15
340733,3116861,38634,3426,-0.46,36
341373,3116861,38634,4065,-0.38,35
341533,3116861,38634,4225,-0.43,39
341693,3116861,38634,4385,-18.67,41
341853,3116861,38634,4545,0.09,14
342173,3116861,38634,4865,1.98,51
342253,3116861,38634,4945,0.04,73
342333,3116861,38634,5025,-0.39,12
342573,3116861,38634,5265,-0.27,70
342653,3116861,38634,5345,0.06,76
342733,3116861,38634,5425,0.09,55
342973,3116861,38634,5665,0.32,16
343213,3116861,38634,5905,0.09,61
343293,3116861,38634,5985,24.21,16
343453,3116861,38634,6145,-0.08,74
343533,3116861,38634,6225,1.93,23
343693,3116861,35477,6381,34.79,18
332413,3116781,43419,3084,-1.64,34
332893,3116781,42525,2801,-0.98,38
333133,3116781,42210,2659,-0.90,58
333693,3116781,42210,2345,-1.21,19
333773,3116781,42210,2308,11.30,44
334093,3116781,41606,2131,-1.22,29
334333,3116781,41606,2005,-1.14,78
334413,3116781,41606,1968,-0.98,63
334493,3116781,41014,1923,4.56,32
334573,3116781,40699,1864,4.22,23
334653,3116781,40699,1805,-0.78,79
335613,3116781,40083,1192,-0.61,20
335693,3116781,40083,1140,-0.41,33
336253,3116781,39371,723,-1.27,14
337133,3116781,38779,157,-0.38,41
337213,3116781,38634,96,-0.41,25
337293,3116781,38634,20,19.36,15
337373,3116781,38634,66,-0.38,25
338333,3116781,38634,1025,-0.48,22
338413,3116781,38634,1105,-0.38,50
338733,3116781,38634,1425,-0.92,13
339453,3116781,38634,2145,10.55,21
339853,3116781,38634,2545,-0.22,38
340253,3116781,38634,2945,-0.86,14
340333,3116781,38634,3025,3.67,31
340413,3116781,38634,3105,6.09,40
340493,3116781,38634,3185,-0.84,15
340733,3116781,38634,3425,-0.28,26
341133,3116781,38634,3825,11.61,37
341213,3116781,38634,3905,-0.41,60
341373,3116781,38634,4065,-0.47,50
341453,3116781,38634,4145,-0.26,69
341613,3116781,38634,4305,-0.62,14
341773,3116781,38634,4465,-0.47,36
341933,3116781,38634,4625,-0.28,32
342013,3116781,38634,4705,-0.48,60
342173,3116781,38634,4865,-0.18,70
342253,3116781,38634,4945,11.56,40
342333,3116781,38634,5025,-0.32,35
342493,3116781,38634,5185,-0.28,43
342573,3116781,38634,5265,-0.27,73
342653,3116781,38634,5345,8.64,41
342733,3116781,38634,5425,4.76,28
342893,3116781,38634,5585,-0.09,53
343053,3116781,38634,5745,0.19,32
343133,3116781,38634,5825,-0.28,33
343213,3116781,38634,5905,-0.05,56
343453,3116781,38634,6145,0.09,71
343533,3116781,38634,6225,-0.27,29
343693,3116781,38634,6385,0.48,28
344173,3116781,35477,6851,0.28,24
332733,3116701,42682,2833,-1.44,70
332813,3116701,42682,2785,-0.94,33
332973,3116701,42525,2689,-1.13,36
333613,3116701,42210,2316,-1.36,41
333853,3116701,42210,2200,-1.29,55
334333,3116701,41606,1935,-0.65,44
334573,3116701,41014,1811,5.69,24
334893,3116701,40699,1580,-0.66,39
335773,3116701,40083,1027,-0.46,30
335853,3116701,40083,980,-1.14,29
337053,3116701,39056,178,-0.18,34
337293,3116701,38779,53,15.51,51
337373,3116701,38634,113,-1.15,22
338493,3116701,38634,1188,-0.96,39
338573,3116701,38634,1268,-4.06,13
338653,3116701,38634,1348,-0.53,35
338733,3116701,38634,1428,-0.87,27
339693,3116701,38634,2387,-0.23,17
340493,3116701,38634,3186,1.36,46
340573,3116701,38634,3266,-0.09,30
340973,3116701,38634,3666,-0.56,15
341133,3116701,38634,3826,0.00,52
341533,3116701,38634,4226,-0.29,61
342013,3116701,38634,4706,-0.02,72
342253,3116701,38634,4946,-8.44,35
342333,3116701,38634,5026,-0.03,75
342413,3116701,38634,5106,0.14,66
342493,3116701,38634,5186,-0.03,78
342653,3116701,38634,5346,0.17,29
342973,3116701,38634,5666,0.09,60
343213,3116701,38634,5906,-0.06,37
343293,3116701,38634,5986,0.04,46
343373,3116701,38634,6066,-0.02,45
343453,3116701,38634,6146,0.28,59
343533,3116701,38634,6226,0.22,54
332253,3116621,43419,3035,-1.08,44
333853,3116621,42210,2129,-1.30,51
333933,3116621,42210,2094,1.86,25
334173,3116621,41606,1954,-0.88,54
334253,3116621,41606,1909,-0.80,39
334333,3116621,41606,1866,42.28,24
334413,3116621,41606,1826,-0.68,39
334493,3116621,41606,1789,-16.55,27
334573,3116621,41014,1750,-1.24,47
334653,3116621,41014,1698,-1.00,15
334813,3116621,40699,1579,0.62,22
335533,3116621,40530,1110,8.77,23
335773,3116621,40083,966,-1.19,15
335853,3116621,40083,915,2.78,43
336253,3116621,39371,639,13.59,13
336333,3116621,39371,568,11.39,46
336413,3116621,39371,499,18.29,18
336733,3116621,39214,285,-7.26,13
337053,3116621,39056,99,-0.50,43
337133,3116621,38924,87,-0.34,45
337213,3116621,38779,63,13.71,23
337293,3116621,38779,69,12.66,25
337373,3116621,38779,136,-1.12,22
337613,3116621,38634,350,-0.28,21
338413,3116621,38634,1118,-0.38,28
338573,3116621,38634,1277,-0.26,51
338653,3116621,38634,1356,2.11,16
339933,3116621,38634,2631,-1.04,37
340013,3116621,38634,2710,-0.59,37
340093,3116621,38634,2790,-0.68,29
340173,3116621,38634,2870,-0.99,16
340333,3116621,38634,3030,-0.70,18
340493,3116621,38634,3190,9.21,36
340653,3116621,38634,3349,7.98,26
341293,3116621,38634,3989,-0.38,30
341613,3116621,38634,4308,-0.20,14
341773,3116621,38634,4468,0.08,16
342013,3116621,38634,4708,-4.21,39
342173,3116621,38634,4868,31.28,15
342413,3116621,38634,5108,0.14,46
342493,3116621,38634,5188,-0.16,78
342813,3116621,38634,5508,0.02,44
342973,3116621,38634,5668,0.25,38
343133,3116621,38634,5827,-0.21,20
343293,3116621,38634,5987,0.06,31
343373,3116621,38634,6067,-0.02,28
343453,3116621,38634,6147,0.39,31
343933,3116621,38634,6627,0.25,35
332413,3116541,43419,2880,-1.03,39
333053,3116541,42525,2513,-1.37,33
333373,3116541,42210,2322,1.87,13
333773,3116541,42210,2096,-1.21,52
333853,3116541,42210,2058,-1.25,62
334173,3116541,41606,1889,-1.23,56
334253,3116541,41606,1842,-1.07,45
334333,3116541,41606,1798,-6.25,25
334413,3116541,41606,1757,28.24,46
334493,3116541,41606,1718,-1.42,38
334573,3116541,41606,1682,13.98,37
335773,3116541,40083,907,9.16,43
335853,3116541,40083,853,4.24,34
335933,3116541,40083,803,5.30,43
336333,3116541,39371,533,14.38,34
336413,3116541,39371,460,16.88,18
336493,3116541,39371,389,14.76,27
336893,3116541,39214,121,8.08,20
337053,3116541,39056,23,4.31,14
337133,3116541,38924,57,10.14,50
337213,3116541,38924,28,7.66,30
337293,3116541,38924,106,2.09,49
337373,3116541,38779,182,-0.27,27
338653,3116541,38634,1368,-0.81,41
338733,3116541,38634,1447,-0.75,41
339773,3116541,38634,2478,-3.09,20
339853,3116541,38634,2557,-0.80,19
339933,3116541,38634,2637,-0.07,46
340493,3116541,38634,3195,6.15,38
340573,3116541,38634,3275,-0.66,16
340653,3116541,38634,3354,1.54,23
340813,3116541,38634,3514,0.12,27
340893,3116541,38634,3594,-0.69,63
341053,3116541,38634,3753,5.67,52
341293,3116541,38634,3993,0.07,70
341453,3116541,38634,4153,-0.11,49
341533,3116541,38634,4232,-9.82,17
341693,3116541,38634,4392,-0.33,68
341773,3116541,38634,4472,-0.07,66
341933,3116541,38634,4632,-0.08,13
342013,3116541,38634,4712,-0.01,49
342093,3116541,38634,4792,-0.47,20
342413,3116541,38634,5111,-8.38,18
342973,3116541,38634,5671,-0.17,50
343453,3116541,38634,6150,0.14,64
343613,3116541,38634,6310,-0.16,21
343693,3116541,38634,6390,0.07,31
333853,3116461,42210,1987,-1.11,50
333933,3116461,42210,1950,-1.35,16
334253,3116461,41606,1777,-0.79,59
334413,3116461,41606,1688,-1.09,64
334573,3116461,41606,1610,-13.86,57
336253,3116461,39516,567,9.45,32
336333,3116461,39516,496,8.11,40
336413,3116461,39516,427,10.44,28
336733,3116461,39371,151,0.73,28
336813,3116461,39371,118,6.69,14
336893,3116461,39214,62,-0.50,38
336973,3116461,39214,37,9.17,27
337053,3116461,39056,64,8.06,32
337133,3116461,39056,90,-0.46,46
337293,3116461,38924,140,16.90,44
337373,3116461,38924,207,14.23,36
337453,3116461,38924,281,11.56,23
338413,3116461,38634,1154,-8.38,41
338733,3116461,38634,1463,-0.45,19
340813,3116461,38634,3521,-0.84,22
340973,3116461,38634,3680,-0.28,23
341053,3116461,38634,3760,-0.36,44
341213,3116461,38634,3919,-0.13,22
341293,3116461,38634,3999,-0.79,17
341373,3116461,38634,4078,0.03,20
341933,3116461,38634,4637,1.58,48
342013,3116461,38634,4717,-0.53,37
342653,3116461,38634,5355,-10.22,26
342813,3116461,38634,5515,0.31,31
342973,3116461,38634,5675,4.66,51
343293,3116461,38634,5994,0.09,63
343373,3116461,38634,6074,-0.14,34
343453,3116461,38634,6154,0.19,45
343693,3116461,38634,6394,6.43,30
343933,3116461,38634,6633,-0.03,44
344013,3116461,38634,6713,0.49,19
344093,3116461,38634,6793,-0.02,36
333293,3116381,42525,2242,-0.91,61
333533,3116381,42210,2097,-0.82,47
334013,3116381,42210,1843,-0.88,38
334093,3116381,42065,1807,-0.97,65
334333,3116381,41606,1666,-0.87,53
336333,3116381,39516,463,7.63,17
336413,3116381,39516,388,5.29,19
336653,3116381,39371,179,-0.42,50
336813,3116381,39371,40,17.82,40
336893,3116381,39371,75,17.66,50
337453,3116381,38924,316,8.79,52
337533,3116381,38924,386,2.79,23
338493,3116381,38634,1255,-1.02,18
338573,3116381,38634,1330,-0.30,25
338733,3116381,38634,1483,-0.15,30
338813,3116381,38634,1560,5.51,38
340493,3116381,38634,3211,0.19,16
340893,3116381,38634,3609,-0.45,45
340973,3116381,38634,3688,-0.11,39
341053,3116381,38634,3768,-0.09,52
341133,3116381,38634,3847,-0.09,57
341453,3116381,38634,4165,0.12,53
341853,3116381,38634,4564,0.00,64
342013,3116381,38634,4723,-0.29,58
342893,3116381,38634,5600,-0.01,33
343053,3116381,38634,5760,0.17,24
343373,3116381,38634,6079,-0.25,40
343613,3116381,38634,6318,0.14,30
344013,3116381,38634,6718,0.29,14
332413,3116301,43419,2682,-1.53,49
332653,3116301,43419,2549,61.53,22
332893,3116301,42682,2421,-1.41,23
333133,3116301,42682,2274,-1.10,23
333293,3116301,42525,2177,-1.08,72
333373,3116301,42525,2131,-1.42,34
333533,3116301,42210,2035,-1.01,21
333693,3116301,42210,1938,3.14,42
334493,3116301,41606,1510,-1.02,60
334573,3116301,41606,1469,-0.95,46
336413,3116301,39516,363,8.42,12
336493,3116301,39516,286,-0.53,50
336573,3116301,39516,210,1.76,35
336653,3116301,39516,139,-1.34,17
336813,3116301,39371,45,17.41,12
336973,3116301,39214,135,-0.35,15
337533,3116301,38924,427,-0.39,26
338493,3116301,38634,1283,-0.62,21
338653,3116301,38634,1432,-0.35,21
338733,3116301,38634,1508,1.98,13
339453,3116301,38634,2201,-0.03,49
340893,3116301,38634,3619,-0.17,50
341053,3116301,38634,3777,-0.13,76
341213,3116301,38634,3936,-0.35,73
341373,3116301,38634,4095,-28.45,28
341453,3116301,38634,4174,-0.38,66
341613,3116301,38634,4333,-0.33,55
341773,3116301,38634,4492,0.11,55
343213,3116301,38634,5925,0.02,55
343453,3116301,38634,6165,0.28,43
343533,3116301,38634,6244,0.29,14
332493,3116221,43419,2570,-33.82,31
332893,3116221,42682,2361,-1.48,34
333053,3116221,42682,2258,-0.86,26
333213,3116221,42682,2162,-1.12,61
334093,3116221,42210,1664,-0.94,62
334413,3116221,41606,1489,-1.20,46
334493,3116221,41606,1443,-0.89,71
334653,3116221,41606,1360,-1.31,17
335853,3116221,40530,610,11.86,12
336013,3116221,40083,513,10.11,43
336093,3116221,40083,454,8.49,27
336173,3116221,40083,403,6.28,12
336253,3116221,40083,362,2.70,12
336493,3116221,39793,259,10.95,21
336573,3116221,39516,195,-0.58,38
336653,3116221,39516,115,6.30,54
336813,3116221,39516,45,-0.66,52
337613,3116221,38924,540,3.77,12
337693,3116221,38924,605,-0.94,41
338733,3116221,38634,1536,-0.31,38
339373,3116221,38634,2143,3.04,14
339453,3116221,38634,2220,9.30,32
339933,3116221,38634,2687,-0.47,21
340173,3116221,38634,2922,2.76,29
340813,3116221,38634,3551,-0.31,64
340973,3116221,38634,3709,-0.54,19
341053,3116221,38634,3788,-0.45,32
341133,3116221,38634,3868,-0.11,35
341213,3116221,38634,3947,-0.36,53
341293,3116221,38634,4026,-7.07,28
341373,3116221,38634,4105,-0.71,17
341453,3116221,38634,4184,-7.98,46
341613,3116221,38634,4343,-0.03,29
341693,3116221,38634,4422,-0.44,30
342573,3116221,38634,5296,-0.14,41
343453,3116221,38634,6172,-0.26,29
343933,3116221,38634,6650,-4.63,17
332493,3116141,43419,2505,-1.63,58
332573,3116141,43419,2459,-1.18,69
332653,3116141,43419,2414,-1.14,23
332733,3116141,43419,2371,-1.09,78
332893,3116141,43419,2291,-1.00,43
332973,3116141,42682,2248,23.12,29
333853,3116141,42210,1715,28.21,38
334333,3116141,41763,1474,-1.33,28
334413,3116141,41606,1425,57.71,28
334573,3116141,41606,1332,-1.02,70
334733,3116141,41606,1252,-3.24,23
335053,3116141,41014,1073,0.77,21
335293,3116141,40699,901,-1.09,19
335853,3116141,40530,537,4.00,33
335933,3116141,40385,503,6.37,27
336493,3116141,39793,201,-0.55,18
336573,3116141,39793,148,5.29,58
336653,3116141,39648,93,5.24,60
336733,3116141,39648,38,-1.20,36
338813,3116141,38634,1640,0.05,34
339293,3116141,38634,2089,1.06,34
339373,3116141,38634,2166,3.56,63
339453,3116141,38634,2242,-0.09,43
339533,3116141,38634,2319,-0.77,40
340093,3116141,38634,2860,-40.91,32
340333,3116141,38634,3094,-0.52,48
340413,3116141,38634,3173,-31.82,34
340493,3116141,38634,3251,-0.34,23
340813,3116141,38634,3565,-0.53,36
340893,3116141,38634,3644,-0.29,45
341133,3116141,38634,3880,-0.73,45
341213,3116141,38634,3959,-0.25,70
341293,3116141,38634,4038,-0.33,20
341453,3116141,38634,4196,-0.03,31
341693,3116141,38634,4433,-0.33,28
342013,3116141,38634,4750,0.25,27
332573,3116061,43419,2393,-1.49,40
332973,3116061,43419,2183,50.93,39
333533,3116061,42525,1842,-1.50,28
334253,3116061,42065,1450,-0.06,27
334333,3116061,41763,1409,-0.98,17
334413,3116061,41763,1363,-23.51,20
334573,3116061,41606,1266,6.15,47
334813,3116061,41606,1145,-0.53,25
336493,3116061,39950,142,4.49,16
336653,3116061,39793,48,-1.23,30
336733,3116061,39648,43,-0.54,18
338573,3116061,38779,1460,-1.04,27
338813,3116061,38634,1674,-0.86,22
339213,3116061,38634,2041,-0.04,41
339293,3116061,38634,2116,1.21,51
339373,3116061,38634,2191,-0.24,43
339853,3116061,38634,2648,-0.13,18
340013,3116061,38634,2802,-0.79,52
340093,3116061,38634,2880,-0.86,31
340333,3116061,38634,3112,-0.45,41
340493,3116061,38634,3268,-0.26,23
340733,3116061,38634,3502,-0.16,68
340813,3116061,38634,3581,-0.07,45
340893,3116061,38634,3659,-0.49,49
341053,3116061,38634,3816,-0.05,45
341133,3116061,38634,3894,-0.42,41
341293,3116061,38634,4052,-0.25,19
341373,3116061,38634,4130,-0.56,33
341453,3116061,38634,4209,32.93,26
341533,3116061,38634,4288,-0.15,44
342013,3116061,38634,4762,2.51,19
342813,3116061,38634,5553,8.32,46
332253,3115981,43419,2535,-1.11,70
332493,3115981,43419,2378,-1.14,15
332573,3115981,43419,2329,-1.16,49
332893,3115981,43419,2151,-1.94,32
334493,3115981,41606,1251,-1.09,59
334573,3115981,41606,1201,-0.77,50
334653,3115981,41606,1154,-0.15,41
334733,3115981,41606,1112,4.71,32
334813,3115981,41606,1073,-0.69,15
335133,3115981,41014,900,-1.20,14
336573,3115981,39950,73,24.63,41
336653,3115981,39793,33,-0.44,21
337773,3115981,38924,819,-0.57,23
337853,3115981,38924,877,-0.65,43
338573,3115981,38779,1495,-0.23,36
338973,3115981,38634,1853,4.30,14
339053,3115981,38634,1925,-0.03,23
339213,3115981,38634,2071,0.05,47
339533,3115981,38634,2369,-0.08,50
339853,3115981,38634,2671,23.10,29
339933,3115981,38634,2748,10.35,35
340013,3115981,38634,2824,-16.11,18
340093,3115981,38634,2901,-30.24,33
340253,3115981,38634,3055,-0.57,59
340413,3115981,38634,3209,-0.34,55
340573,3115981,38634,3364,-0.03,28
340653,3115981,38634,3442,-20.98,20
340733,3115981,38634,3520,-0.05,27
340813,3115981,38634,3598,-0.19,64
340973,3115981,38634,3754,-0.10,52
341133,3115981,38634,3910,-0.24,72
341213,3115981,38634,3989,0.09,24
342893,3115981,38634,5644,0.15,21
343373,3115981,38634,6119,-0.35,21
332733,3115901,43419,2170,-1.63,39
332893,3115901,43419,2082,-1.39,36
334253,3115901,42210,1306,-15.94,12
334413,3115901,41763,1233,-0.83,49
334573,3115901,41606,1138,-0.84,65
336573,3115901,39950,50,-0.37,29
336653,3115901,39793,113,-0.59,27
337613,3115901,38924,779,14.98,15
338973,3115901,38634,1889,4.34,13
339053,3115901,38634,1960,-0.17,23
339293,3115901,38634,2176,-0.84,33
339533,3115901,38634,2397,2.20,44
339613,3115901,38634,2472,-0.04,30
339853,3115901,38634,2697,-0.81,30
340013,3115901,38634,2848,-0.53,52
340093,3115901,38634,2924,-28.06,13
340173,3115901,38634,3001,-0.28,29
340333,3115901,38634,3154,-0.70,13
340413,3115901,38634,3231,39.30,36
340733,3115901,38634,3539,31.23,20
340813,3115901,38634,3617,-0.42,17
340893,3115901,38634,3694,-0.45,37
340973,3115901,38634,3772,-0.70,56
341133,3115901,38634,3928,-0.37,72
341293,3115901,38634,4084,-8.21,35
341853,3115901,38634,4632,2.28,14
332253,3115821,43419,2420,-1.20,77
332493,3115821,43419,2255,-1.60,40
332573,3115821,43419,2204,-1.27,48
332733,3115821,43419,2105,-4.18,16
332813,3115821,43419,2059,-1.34,53
332973,3115821,43419,1973,-7.40,19
333053,3115821,43419,1933,4.81,24
333133,3115821,43419,1896,-7.94,32
333213,3115821,42682,1849,-1.39,21
333293,3115821,42682,1796,-0.99,26
334413,3115821,42065,1163,-0.78,27
334573,3115821,41763,1074,3.28,32
337533,3115821,38924,810,-2.73,22
339293,3115821,38634,2210,-0.84,29
339853,3115821,38634,2724,-0.70,29
339933,3115821,38634,2799,-0.29,64
340013,3115821,38634,2874,-0.10,40
340173,3115821,38634,3025,-0.18,18
340333,3115821,38634,3177,-0.52,44
340653,3115821,38634,3483,-8.83,31
340813,3115821,38634,3637,-0.12,34
341053,3115821,38634,3869,-0.41,28
341133,3115821,38634,3947,19.30,40
341773,3115821,38634,4570,-40.85,13
332333,3115741,43419,2307,8.15,14
332413,3115741,43419,2251,-8.13,55
332653,3115741,43419,2091,-1.21,77
332973,3115741,43419,1904,-1.42,15
333213,3115741,43419,1789,-1.33,57
333373,3115741,42682,1684,-1.05,13
333853,3115741,42525,1400,-1.14,40
334653,3115741,41763,963,-1.28,34
335293,3115741,41014,618,-0.90,32
336253,3115741,40385,61,-0.54,17
336333,3115741,40228,64,-1.09,31
339053,3115741,38779,2032,19.65,41
339293,3115741,38634,2247,-0.16,29
339933,3115741,38634,2828,-0.35,35
332253,3115661,43588,2307,-1.47,53
332333,3115661,43419,2252,-1.65,21
332493,3115661,43419,2138,-1.50,69
332573,3115661,43419,2083,-1.28,67
332653,3115661,43419,2030,-41.02,44
332733,3115661,43419,1978,-1.30,17
332813,3115661,43419,1929,-1.17,59
332893,3115661,43419,1882,16.17,54
332973,3115661,43419,1837,-0.93,43
333053,3115661,43419,1794,-1.35,36
333373,3115661,42682,1623,-1.17,47
333453,3115661,42682,1571,-1.45,43
333533,3115661,42682,1521,-1.73,23
333693,3115661,42525,1425,-1.32,27
334013,3115661,42210,1236,-1.24,32
334493,3115661,42065,984,-1.11,64
334573,3115661,41763,946,-1.24,69
337693,3115661,38924,1026,-6.19,26
338093,3115661,38924,1271,6.18,45
339773,3115661,38634,2713,-20.78,43
340253,3115661,38634,3155,-0.25,23
343373,3115661,38634,6170,0.32,27
332253,3115581,43588,2250,-1.45,53
332493,3115581,43419,2081,35.99,41
332733,3115581,43419,1917,-1.43,19
332973,3115581,43419,1770,-1.31,69
333053,3115581,43419,1726,-1.10,45
333213,3115581,43419,1646,-1.03,47
333293,3115581,43419,1610,-1.26,69
333453,3115581,42682,1510,0.31,14
333613,3115581,42682,1409,22.11,37
333693,3115581,42682,1363,0.01,31
333773,3115581,42525,1313,-0.90,23
334093,3115581,42210,1123,-0.86,28
334173,3115581,42210,1073,-0.93,37
334253,3115581,42210,1027,-0.93,37
334573,3115581,42065,877,-1.35,24
334653,3115581,41763,834,-0.67,18
336013,3115581,40699,73,-0.69,32
336093,3115581,40530,74,-1.22,29
336253,3115581,40385,144,-1.16,29
336653,3115581,39950,365,13.23,17
336733,3115581,39950,399,6.73,13
338013,3115581,38924,1275,14.43,19
338253,3115581,38924,1442,-30.61,16
338653,3115581,38924,1758,-0.78,51
339293,3115581,38779,2318,-9.15,22
340093,3115581,38634,3037,-30.89,15
342813,3115581,38634,5637,0.10,25
342893,3115581,38634,5715,2.81,38
343053,3115581,38634,5871,-0.26,14
344173,3115581,38634,6971,28.97,16
332253,3115501,43588,2195,-1.43,21
332573,3115501,43419,1968,-1.61,20
332733,3115501,43419,1857,1.94,72
332973,3115501,43419,1705,50.65,33
333053,3115501,43419,1659,-1.71,32
333133,3115501,43419,1616,-1.17,44
333293,3115501,43419,1538,-5.49,22
333373,3115501,43419,1504,-1.31,74
333533,3115501,42682,1397,-1.40,48
333693,3115501,42682,1297,-1.30,40
333933,3115501,42525,1154,-1.34,51
334413,3115501,42210,877,-1.13,62
334493,3115501,42210,843,-0.93,58
335933,3115501,40699,41,-0.43,37
336013,3115501,40699,64,-0.59,36
336093,3115501,40699,139,-0.74,25
336173,3115501,40530,180,-0.51,26
337773,3115501,39648,1198,-8.87,19
343933,3115501,38634,6750,25.47,26
332253,3115421,43758,2138,-1.50,53
332413,3115421,43588,2024,-1.79,52
332493,3115421,43588,1968,-1.10,61
332573,3115421,43419,1912,-1.32,16
332653,3115421,43419,1855,-1.52,28
332733,3115421,43419,1798,-1.04,20
332813,3115421,43419,1744,-1.21,47
332893,3115421,43419,1691,-0.36,25
332973,3115421,43419,1641,-8.37,46
333133,3115421,43419,1548,-1.07,27
333213,3115421,43419,1506,-1.58,24
333293,3115421,43419,1467,-1.55,22
333453,3115421,42682,1395,-1.00,63
333533,3115421,42682,1339,-0.99,63
334093,3115421,42525,1003,-1.33,19
334493,3115421,42210,769,-1.19,36
335853,3115421,40857,17,-1.17,25
335933,3115421,40857,65,-1.21,25
336013,3115421,40699,125,2.96,47
337693,3115421,39648,1174,33.67,60
337773,3115421,39648,1240,18.41,33
338013,3115421,38924,1401,-0.99,33
338413,3115421,38924,1668,-1.02,39
339053,3115421,38924,2182,-30.22,23
342653,3115421,38634,5518,20.65,31
342733,3115421,38634,5596,20.75,26
332253,3115341,43758,2081,-1.40,70
332333,3115341,43758,2024,-1.76,31
332733,3115341,43419,1741,2.72,25
332973,3115341,43419,1579,-16.42,39
333053,3115341,43419,1529,-1.50,19
333293,3115341,43419,1397,-1.32,16
333453,3115341,43419,1326,-1.04,31
333693,3115341,42682,1172,0.01,23
333773,3115341,42682,1121,-0.71,22
334173,3115341,42210,893,-1.27,18
334493,3115341,42210,698,-1.42,39
335773,3115341,41014,30,-0.56,22
335853,3115341,40857,74,-1.24,32
335933,3115341,40857,97,0.65,27
337533,3115341,39648,1102,-0.69,31
337613,3115341,39648,1161,1.90,12
337693,3115341,39648,1222,-0.88,27
337853,3115341,39648,1351,1.74,28
338093,3115341,38924,1513,-0.34,54
338173,3115341,38924,1562,-1.15,40
339213,3115341,38924,2360,-24.36,13
332653,3115261,43588,1742,-1.12,47
332893,3115261,43419,1572,-1.18,37
333213,3115261,43419,1371,-1.62,36
333293,3115261,43419,1328,-1.46,14
333373,3115261,43419,1288,-1.29,30
334333,3115261,42210,724,-0.97,23
334413,3115261,42210,673,7.45,65
334493,3115261,42210,628,-0.96,78
335693,3115261,41171,67,-1.57,38
335853,3115261,41014,122,0.91,41
337613,3115261,39648,1215,-0.91,18
338093,3115261,38924,1578,-1.44,52
338813,3115261,38924,2076,-0.56,19
340573,3115261,38634,3607,11.45,24
341053,3115261,38634,4046,21.39,42
332893,3115181,43419,1515,-1.24,67
332973,3115181,43419,1459,-1.17,57
333133,3115181,43419,1354,-1.41,68
333293,3115181,43419,1260,-1.35,72
333373,3115181,43419,1218,-1.17,19
333533,3115181,43419,1147,-1.47,22
334173,3115181,42525,755,-0.79,22
334333,3115181,42210,667,-1.36,69
334413,3115181,42210,611,-0.77,19
334493,3115181,42210,561,33.16,36
335533,3115181,41328,68,14.08,19
335613,3115181,41171,50,-1.19,23
335693,3115181,41171,42,28.34,32
335773,3115181,41171,117,0.60,22
336093,3115181,40857,324,-0.75,13
337693,3115181,39648,1328,-0.61,33
338013,3115181,39648,1574,21.96,16
338093,3115181,39648,1639,-0.87,51
338173,3115181,38924,1689,1.59,29
338253,3115181,38924,1737,-0.90,38
338813,3115181,38924,2127,-3.28,16
339053,3115181,38924,2316,-0.45,39
339133,3115181,38924,2380,-0.25,34
339213,3115181,38924,2446,-16.82,21
339693,3115181,38924,2856,13.58,44
332813,3115101,43588,1515,16.71,51
332973,3115101,43419,1402,-1.36,17
333613,3115101,43419,1043,-0.94,39
334013,3115101,42682,786,-0.99,32
334253,3115101,42525,645,-1.31,49
334333,3115101,42525,609,-1.53,17
335453,3115101,41473,59,-1.15,18
335533,3115101,41328,14,1.55,32
337453,3115101,39793,1217,4.75,19
337533,3115101,39793,1271,-0.55,26
337693,3115101,39648,1385,-0.59,30
337853,3115101,39648,1499,-0.61,31
338093,3115101,39648,1686,-0.40,23
338813,3115101,38924,2180,-0.68,20
339693,3115101,38924,2896,27.82,13
339773,3115101,38924,2965,24.08,36
339853,3115101,38924,3035,31.20,14
340093,3115101,38924,3248,-0.04,20
340173,3115101,38924,3320,22.75,32
340253,3115101,38779,3392,20.71,29
340333,3115101,38779,3463,18.25,45
340653,3115101,38634,3749,32.03,28
332813,3115021,43588,1459,-1.39,47
332973,3115021,43419,1347,7.69,42
333053,3115021,43419,1289,-1.36,43
333213,3115021,43419,1179,-1.42,41
333853,3115021,42682,830,-1.15,48
333933,3115021,42682,773,-4.38,38
334253,3115021,42525,578,-1.50,19
334333,3115021,42525,537,-1.41,27
334413,3115021,42210,503,-1.23,27
337853,3115021,39648,1554,-0.82,54
337933,3115021,39648,1612,-10.43,16
338013,3115021,39648,1673,6.88,47
339613,3115021,38924,2869,22.40,16
340413,3115021,38779,3570,-0.37,31
340973,3115021,38634,4071,-0.03,14
332733,3114941,43758,1459,-1.33,17
333373,3114941,43419,1017,-1.32,27
333453,3114941,43419,972,-1.43,40
333533,3114941,43419,931,21.97,54
333693,3114941,43419,866,-1.04,55
333773,3114941,42852,830,-1.49,31
333933,3114941,42682,716,-1.43,60
334013,3114941,42682,660,-1.02,20
334173,3114941,42682,565,-0.95,28
334253,3114941,42525,513,-0.98,33
334333,3114941,42525,467,-1.81,14
335213,3114941,41763,36,-1.59,31
335453,3114941,41473,118,-1.52,17
337373,3114941,39793,1295,-0.65,34
337453,3114941,39793,1341,20.40,29
337533,3114941,39793,1391,-0.59,61
337613,3114941,39793,1443,-0.76,27
337773,3114941,39793,1554,-0.43,13
332173,3114861,43928,1815,-1.76,42
332413,3114861,43928,1630,-1.63,55
332813,3114861,43758,1346,-1.35,66
332893,3114861,43588,1291,-1.60,38
332973,3114861,43588,1232,-1.25,36
333213,3114861,43419,1063,11.20,15
333293,3114861,43419,1007,-0.94,36
333373,3114861,43419,954,-1.36,69
333453,3114861,43419,905,30.28,18
333533,3114861,43419,861,-1.32,70
333613,3114861,43419,823,-1.05,57
333693,3114861,43419,791,-2.61,46
333773,3114861,43419,765,-1.02,67
333933,3114861,42682,665,-1.04,47
335053,3114861,41920,18,-1.36,18
335133,3114861,41920,77,-0.66,32
335213,3114861,41763,81,-1.24,16
335293,3114861,41763,136,-1.42,37
335373,3114861,41606,179,-1.35,45
335453,3114861,41473,196,-1.40,41
337533,3114861,39793,1453,-0.89,69
337613,3114861,39793,1503,-0.64,41
337693,3114861,39793,1556,-4.07,20
337773,3114861,39793,1611,18.48,29
337853,3114861,39793,1667,-0.97,31
337933,3114861,39648,1724,-0.71,29
338013,3114861,39648,1780,-3.18,28
338093,3114861,39648,1838,-0.50,52
338173,3114861,39648,1898,-0.59,32
338253,3114861,39648,1959,-0.50,23
338413,3114861,39648,2085,-0.46,14
338493,3114861,38924,2137,-3.76,13
341853,3114861,38634,4939,0.15,12
342013,3114861,38634,5086,-0.76,17
343933,3114861,38634,6901,0.08,37
332333,3114781,43928,1639,-44.18,35
332813,3114781,43758,1289,-1.49,16
332893,3114781,43758,1233,-0.76,28
333053,3114781,43588,1119,10.09,21
333213,3114781,43419,1009,-8.05,43
333293,3114781,43419,950,-23.68,13
333373,3114781,43419,893,-11.16,56
333453,3114781,43419,841,-1.37,48
333533,3114781,43419,794,-1.30,51
333613,3114781,43419,752,11.01,16
333693,3114781,43419,717,10.85,19
333773,3114781,43419,689,-0.76,19
334093,3114781,42682,490,-24.19,27
334973,3114781,42065,35,9.39,20
335133,3114781,41920,98,9.56,27
335213,3114781,41763,157,-0.62,54
335293,3114781,41763,191,-0.78,68
335373,3114781,41763,248,-0.73,49
335453,3114781,41473,275,2.53,33
337453,3114781,39950,1470,-0.55,16
337613,3114781,39793,1565,-0.56,35
337693,3114781,39793,1616,0.10,30
337853,3114781,39793,1724,-1.20,31
337933,3114781,39793,1781,-3.05,58
338093,3114781,39648,1893,-0.92,61
338173,3114781,39648,1951,-0.83,38
342013,3114781,38634,5117,0.27,36
344013,3114781,38634,7000,-0.29,34
332653,3114701,43928,1345,-1.16,75
332733,3114701,43928,1289,-26.29,28
332893,3114701,43758,1176,-22.35,14
333213,3114701,43588,950,-0.03,35
334813,3114701,42210,23,-0.93,13
334973,3114701,42065,90,-1.22,25
335053,3114701,42065,141,-0.49,19
335293,3114701,41763,259,-0.79,57
335373,3114701,41763,303,5.46,21
336413,3114701,40857,897,-0.60,30
337373,3114701,39950,1486,-0.60,30
337533,3114701,39950,1583,-0.90,47
337693,3114701,39793,1678,-0.50,24
338013,3114701,39793,1894,-0.59,19
338173,3114701,39648,2007,-0.48,37
338893,3114701,38924,2518,-6.79,18
340333,3114701,38924,3650,4.54,23
341773,3114701,38634,4931,0.13,17
342013,3114701,38634,5149,-0.71,26
332493,3114621,43928,1415,-0.92,52
332653,3114621,43928,1291,-1.48,54
332733,3114621,43928,1232,-1.81,13
332893,3114621,43758,1122,-1.27,32
332973,3114621,43758,1063,4.35,15
333133,3114621,43588,952,-13.63,39
333533,3114621,43419,667,-1.15,42
333773,3114621,43419,538,-1.06,41
334013,3114621,42852,434,-1.26,21
334733,3114621,42380,39,-0.76,40
334813,3114621,42210,103,0.23,28
335133,3114621,41920,235,1.63,13
335213,3114621,41920,271,6.15,18
335293,3114621,41920,324,1.41,25
336493,3114621,40857,1009,-0.70,35
337373,3114621,39950,1553,-0.95,29
337453,3114621,39950,1598,1.21,37
337933,3114621,39793,1895,17.02,22
338093,3114621,39793,2007,-0.46,20
339293,3114621,38924,2858,1.29,19
339373,3114621,38924,2917,9.25,31
339533,3114621,38924,3039,-11.54,21
341133,3114621,38924,4393,-0.51,24
332413,3114541,44085,1431,-1.32,53
332573,3114541,43928,1303,3.13,21
332733,3114541,43928,1178,-1.46,44
332813,3114541,43928,1119,-1.18,59
333453,3114541,43419,671,-1.13,14
333693,3114541,43419,505,-1.07,40
333933,3114541,43419,420,21.11,13
335053,3114541,42065,268,-19.89,32
335133,3114541,42065,311,-1.59,42
335213,3114541,41920,340,3.13,53
336173,3114541,41171,839,-8.51,27
336253,3114541,41171,890,-1.08,13
336493,3114541,41171,1066,-0.62,48
337533,3114541,39950,1709,-0.50,43
337693,3114541,39793,1806,-0.73,76
337773,3114541,39793,1853,6.04,57
338573,3114541,39648,2410,-0.45,28
338973,3114541,38924,2690,-40.14,17
332173,3114461,44085,1583,-1.19,56
332653,3114461,43928,1191,-1.64,42
332813,3114461,43928,1065,-1.37,57
332893,3114461,43928,1006,-1.04,12
334013,3114461,43286,319,-7.53,19
334173,3114461,42852,209,3.43,19
334493,3114461,42682,36,-0.65,31
334653,3114461,42525,111,20.00,29
335053,3114461,42065,342,-15.33,13
335213,3114461,41920,413,10.60,51
336093,3114461,41328,857,3.83,42
336253,3114461,41171,951,-13.81,29
336653,3114461,40857,1234,-1.26,32
337533,3114461,39950,1775,-0.99,64
337613,3114461,39950,1821,-0.57,71
337853,3114461,39793,1965,-0.98,24
337933,3114461,39793,2015,-0.51,36
338173,3114461,39793,2176,-16.01,16
338333,3114461,39648,2289,-0.81,43
338733,3114461,39648,2584,-0.95,51
338813,3114461,39648,2646,-0.51,41
339133,3114461,38924,2857,4.36,20
339293,3114461,38924,2968,4.70,22
339373,3114461,38924,3025,3.22,49
339453,3114461,38924,3084,11.56,16
339533,3114461,38924,3143,-1.15,22
343693,3114461,38634,6798,0.34,22
332173,3114381,44085,1543,-1.28,71
332253,3114381,44085,1473,-1.55,47
332653,3114381,44085,1144,-1.30,29
334333,3114381,42852,48,-0.89,16
335053,3114381,42210,415,-6.14,37
335133,3114381,42065,447,-1.63,21
335293,3114381,41920,519,17.65,36
336173,3114381,41328,969,12.40,25
336733,3114381,40857,1347,-0.28,57
336813,3114381,40857,1400,-0.55,58
336973,3114381,40857,1512,5.51,16
337533,3114381,39950,1841,-1.00,26
337613,3114381,39950,1886,-0.77,30
337693,3114381,39950,1933,-0.75,48
337853,3114381,39793,2029,-8.77,19
338093,3114381,39793,2180,-0.48,60
338173,3114381,39793,2234,-1.00,14
338253,3114381,39793,2289,-0.84,55
338333,3114381,39793,2346,-0.66,68
338493,3114381,39648,2459,-0.52,53
338573,3114381,39648,2517,-1.12,17
338653,3114381,39648,2576,-0.55,64
338813,3114381,39648,2697,-0.78,35
339133,3114381,38924,2916,6.70,15
339293,3114381,38924,3025,-4.61,41
339453,3114381,38924,3138,1.24,12
339533,3114381,38924,3197,0.07,28
342973,3114381,38634,6157,24.87,19
332173,3114301,44085,1506,-1.55,63
332333,3114301,44085,1364,-1.28,33
334333,3114301,42852,33,-0.68,22
335133,3114301,42065,520,-0.74,65
335213,3114301,42065,555,3.87,37
335293,3114301,41920,591,17.26,19
336013,3114301,41328,941,-0.95,21
336173,3114301,41328,1031,-1.23,60
336253,3114301,41171,1081,-0.77,52
336413,3114301,41171,1177,-1.12,21
336973,3114301,40857,1568,-0.57,45
337053,3114301,40857,1625,-1.30,14
337613,3114301,39950,1952,-0.51,27
337773,3114301,39950,2045,-1.00,28
338093,3114301,39793,2241,-39.47,19
338333,3114301,39793,2402,-0.59,70
338413,3114301,39793,2459,-0.53,59
338653,3114301,39648,2630,-0.59,33
338733,3114301,39648,2689,-0.24,37
338813,3114301,39648,2749,-3.27,35
339213,3114301,38924,3029,-0.17,18
339533,3114301,38924,3252,3.49,19
343133,3114301,38634,6336,0.08,40
343773,3114301,38634,6929,-0.45,32
332253,3114221,44085,1400,-1.17,19
333453,3114221,43758,442,-1.07,41
334253,3114221,42996,26,-0.83,28
334413,3114221,42996,135,31.50,15
335133,3114221,42380,579,0.27,40
335213,3114221,42065,626,2.39,59
335373,3114221,41920,698,7.66,20
336173,3114221,41328,1095,-1.18,35
336253,3114221,41328,1144,-1.01,68
336333,3114221,41171,1192,-0.75,45
336413,3114221,41171,1239,13.30,32
336973,3114221,40857,1626,0.61,40
337053,3114221,40857,1681,11.24,40
337533,3114221,39950,1977,-0.88,45
337693,3114221,39950,2063,-0.99,57
337773,3114221,39950,2109,-0.62,60
337853,3114221,39950,2157,-0.93,63
337933,3114221,39793,2206,49.73,25
338013,3114221,39793,2253,-0.50,38
338493,3114221,39793,2572,-0.77,30
338973,3114221,39648,2922,-0.42,15
339213,3114221,38924,3089,5.84,55
340013,3114221,38924,3663,-1.00,30
340173,3114221,38924,3788,-1.21,18
332573,3114141,44085,1077,0.08,23
333053,3114141,43928,680,-1.21,38
334253,3114141,43141,59,-1.60,32
334333,3114141,42996,91,-0.96,22
335933,3114141,41473,1048,-1.24,23
336013,3114141,41328,1082,-0.84,37
336253,3114141,41328,1207,-1.00,41
336413,3114141,41171,1303,-1.22,15
336893,3114141,41171,1629,-7.15,25
337453,3114141,39950,2008,-1.05,60
337533,3114141,39950,2046,-0.81,76
337613,3114141,39950,2087,-0.86,78
337693,3114141,39950,2129,-0.51,56
339213,3114141,38924,3150,-2.22,16
340013,3114141,38924,3715,7.03,31
340173,3114141,38924,3838,-1.15,20
343053,3114141,38634,6328,-0.03,24
343133,3114141,38634,6400,-0.14,27
332413,3114061,44085,1191,-1.85,49
333133,3114061,43928,569,-1.49,16
333213,3114061,43928,503,-1.67,40
333293,3114061,43928,441,-1.27,60
333373,3114061,43928,385,-1.28,26
334013,3114061,43419,72,10.62,24
334253,3114061,43141,48,-3.14,25
334813,3114061,42682,529,-21.07,30
334893,3114061,42525,576,-22.04,47
335533,3114061,41920,915,-1.55,29
335613,3114061,41920,959,8.73,25
335933,3114061,41473,1118,-0.93,57
336013,3114061,41328,1155,-1.01,21
336093,3114061,41328,1190,-0.53,43
336173,3114061,41328,1229,-1.05,70
336333,3114061,41328,1319,-0.97,61
336733,3114061,41171,1569,-0.47,16
336813,3114061,41171,1625,4.99,16
337373,3114061,40857,2023,-0.93,72
337453,3114061,40385,2075,-0.74,32
337533,3114061,39950,2116,-1.84,32
337613,3114061,39950,2156,-1.01,68
337693,3114061,39950,2197,-0.57,57
337853,3114061,39950,2286,-0.62,60
338893,3114061,39648,2969,-13.10,23
339213,3114061,39648,3209,-1.11,32
343693,3114061,38634,6945,-0.04,18
332173,3113981,44822,1347,-1.25,49
332253,3113981,44822,1289,-1.68,18
332333,3113981,44375,1220,-1.23,35
332413,3113981,44375,1150,-0.95,19
332813,3113981,44085,791,0.44,26
333373,3113981,43928,328,-1.52,26
333853,3113981,43588,23,8.67,16
335533,3113981,41920,985,-0.44,18
336013,3113981,41473,1227,-0.96,59
336093,3113981,41328,1261,-0.78,31
336173,3113981,41328,1298,-1.28,63
336253,3113981,41328,1339,-0.78,44
336813,3113981,41171,1682,4.48,43
336893,3113981,41171,1738,-1.16,29
336973,3113981,41171,1795,3.97,39
337373,3113981,40857,2078,-0.73,60
337453,3113981,40857,2136,-1.02,59
337533,3113981,39950,2187,-1.05,54
337613,3113981,39950,2225,28.31,35
337693,3113981,39950,2265,-0.94,64
338733,3113981,39793,2912,-7.59,20
338893,3113981,39648,3025,-0.53,52
339053,3113981,39648,3141,-0.76,37
339293,3113981,39648,3322,-0.31,23
340653,3113981,38924,4316,-6.87,20
341693,3113981,38924,5188,-0.53,14
341853,3113981,38924,5327,-6.83,48
343773,3113981,38634,7050,0.20,29
343933,3113981,38634,7197,-0.45,47
332253,3113901,44822,1234,2.83,21
332413,3113901,44375,1113,-0.85,29
332813,3113901,44085,760,-1.79,22
333053,3113901,44085,540,-0.80,36
333453,3113901,43928,215,-0.43,25
333693,3113901,43758,48,17.42,24
334653,3113901,43141,476,6.62,38
336093,3113901,41328,1334,-1.07,31
336253,3113901,41328,1408,-1.27,26
336893,3113901,41171,1795,-1.25,42
336973,3113901,41171,1851,2.09,30
337453,3113901,40857,2191,-0.80,74
337613,3113901,39950,2295,-0.74,24
337693,3113901,39950,2334,-1.24,18
338013,3113901,39950,2509,-0.64,52
338253,3113901,39793,2653,-0.75,41
338653,3113901,39793,2912,-0.93,57
338733,3113901,39793,2968,63.37,40
338813,3113901,39793,3025,-0.43,26
338893,3113901,39648,3081,-0.65,46
341693,3113901,38924,5228,-0.70,45
341853,3113901,38924,5366,-0.42,39
342013,3113901,38924,5506,-0.38,63
343853,3113901,38634,7156,-0.27,52
344013,3113901,38634,7302,-5.53,19
332333,3113821,44822,1121,-1.61,16
333053,3113821,44085,507,11.25,14
334813,3113821,43141,654,-0.69,39
336013,3113821,41473,1369,-0.86,15
336093,3113821,41473,1405,-1.26,45
336173,3113821,41328,1440,-0.97,73
336253,3113821,41328,1477,-0.80,28
337613,3113821,40857,2362,-1.04,23
337693,3113821,39950,2404,-0.71,45
338013,3113821,39950,2574,-0.82,68
338173,3113821,39950,2670,-0.37,39
338813,3113821,39793,3081,-0.41,62
338893,3113821,39793,3138,-1.05,45
338973,3113821,39648,3195,11.02,14
341853,3113821,38924,5406,-0.35,51
341933,3113821,38924,5475,-0.25,36
342013,3113821,38924,5545,0.65,44
342733,3113821,38924,6182,-0.09,48
342813,3113821,38779,6253,-0.20,31
343533,3113821,38634,6898,0.03,56
343693,3113821,38634,7043,0.03,61
343773,3113821,38634,7116,0.00,34
343933,3113821,38634,7261,0.23,33
344013,3113821,38634,7334,-0.53,32
332253,3113741,44822,1133,-1.29,35
332413,3113741,44822,1008,-1.66,51
332813,3113741,44375,684,-1.31,70
333053,3113741,44085,485,-1.65,32
334813,3113741,43141,692,-5.14,28
334893,3113741,43141,761,4.03,22
335933,3113741,41920,1408,-1.45,25
336093,3113741,41473,1476,-1.00,72
337453,3113741,40857,2304,-26.54,30
337533,3113741,40857,2360,-0.89,58
337613,3113741,40857,2417,4.39,27
338093,3113741,39950,2686,-0.73,34
338653,3113741,39793,3031,16.49,35
338813,3113741,39793,3139,-0.48,23
339053,3113741,39648,3308,20.39,20
340973,3113741,38924,4716,-0.06,18
341213,3113741,38924,4910,3.49,20
341693,3113741,38924,5311,46.90,13
341933,3113741,38924,5516,-17.67,53
342013,3113741,38924,5585,-0.65,59
342573,3113741,38924,6075,-0.00,58
342653,3113741,38924,6146,-0.08,41
342813,3113741,38924,6289,-6.77,14
342893,3113741,38924,6361,-0.27,18
343053,3113741,38779,6504,-0.04,19
343293,3113741,38634,6718,-0.09,43
343453,3113741,38634,6861,-0.17,37
343533,3113741,38634,6933,-0.37,55
343613,3113741,38634,7005,-0.41,17
343693,3113741,38634,7077,25.96,19
343933,3113741,38634,7294,0.19,32
332493,3113661,44822,895,-1.74,48
332893,3113661,44375,576,24.31,26
334893,3113661,43141,802,-24.69,22
334973,3113661,43141,870,1.81,23
337293,3113661,41171,2248,-0.91,46
337453,3113661,40857,2363,38.10,42
337693,3113661,40857,2530,-0.76,24
338013,3113661,39950,2706,10.15,16
338653,3113661,39793,3091,4.19,19
338733,3113661,39793,3143,-0.71,35
340253,3113661,38924,4214,36.64,15
340573,3113661,38924,4452,-0.89,31
340893,3113661,38924,4700,-0.90,14
341133,3113661,38924,4892,-0.02,19
341533,3113661,38924,5220,-0.11,32
341613,3113661,38924,5286,-0.08,44
341693,3113661,38924,5354,-33.39,17
341773,3113661,38924,5421,-0.57,18
341933,3113661,38924,5557,-0.19,26
342573,3113661,38924,6113,-0.61,17
342653,3113661,38924,6183,-0.36,58
342813,3113661,38924,6325,-0.46,39
342893,3113661,38924,6396,4.39,23
343133,3113661,38779,6611,-0.07,60
343533,3113661,38634,6969,-0.28,63
343613,3113661,38634,7040,0.08,13
343853,3113661,38634,7256,-0.18,14
344013,3113661,38634,7401,-0.35,55
332173,3113581,44822,1117,-1.48,29
332253,3113581,44822,1046,-1.28,55
332413,3113581,44822,910,-1.53,62
332493,3113581,44822,845,-1.28,60
332653,3113581,44822,723,-1.57,42
332733,3113581,44822,668,-1.29,65
332893,3113581,44520,544,-9.88,22
333533,3113581,44085,63,-1.07,15
333613,3113581,44085,105,-1.04,23
333693,3113581,44085,176,-5.87,38
335053,3113581,43141,980,-0.57,41
335613,3113581,42380,1372,-23.89,15
336013,3113581,41920,1583,-0.79,15
336093,3113581,41473,1620,-1.13,23
336173,3113581,41473,1655,-18.94,59
337293,3113581,41171,2303,-0.97,36
337453,3113581,41171,2420,-0.99,54
337613,3113581,40857,2530,-1.07,41
337773,3113581,40857,2643,-8.28,36
337853,3113581,39950,2691,-0.38,19
338173,3113581,39950,2862,-0.48,18
338413,3113581,39793,3005,0.51,24
338493,3113581,39793,3053,-1.03,24
338893,3113581,39793,3310,4.30,13
339053,3113581,39793,3421,-0.41,42
340893,3113581,38924,4750,-0.02,14
341533,3113581,38924,5264,-12.18,23
341613,3113581,38924,5331,2.67,44
341693,3113581,38924,5397,-0.23,35
341853,3113581,38924,5532,-33.45,21
341933,3113581,38924,5599,-0.47,67
342013,3113581,38924,5667,-0.03,47
342573,3113581,38924,6151,-0.39,60
342653,3113581,38924,6221,4.11,24
342733,3113581,38924,6291,-0.18,76
343373,3113581,38779,6861,0.02,39
343933,3113581,38634,7363,-0.26,57
344093,3113581,38634,7507,31.51,46
332253,3113501,44822,1010,-1.35,65
332573,3113501,44822,733,-1.20,33
332733,3113501,44822,610,-1.50,16
332813,3113501,44822,556,-1.37,56
332893,3113501,44520,504,-12.28,38
332973,3113501,44520,434,-1.78,16
333693,3113501,44217,196,-1.55,42
334813,3113501,43141,840,-0.67,26
335053,3113501,43141,1024,3.66,12
337213,3113501,41171,2306,-1.06,20
337293,3113501,41171,2360,-0.75,51
337453,3113501,41171,2474,-0.73,68
337933,3113501,39950,2800,-0.72,53
338893,3113501,39793,3369,-0.80,16
339453,3113501,39648,3761,-6.58,16
339533,3113501,39648,3819,-0.96,15
339613,3113501,39648,3878,-0.63,16
340653,3113501,38924,4618,-0.31,44
341453,3113501,38924,5245,-0.19,31
341533,3113501,38924,5310,-0.18,38
341693,3113501,38924,5442,0.02,33
341933,3113501,38924,5642,-0.16,30
342093,3113501,38924,5777,-0.19,58
342333,3113501,38924,5982,-8.23,48
342413,3113501,38924,6051,-0.51,70
342493,3113501,38924,6120,-0.10,38
342653,3113501,38924,6260,-0.15,47
342733,3113501,38924,6330,0.07,42
342813,3113501,38924,6400,-0.50,22
342973,3113501,38924,6541,-0.32,73
343053,3113501,38924,6612,-0.09,37
343213,3113501,38924,6754,-0.29,69
343293,3113501,38924,6826,-0.26,18
343533,3113501,38779,7040,0.10,21
343773,3113501,38634,7255,0.24,29
343853,3113501,38634,7326,0.13,52
343933,3113501,38634,7398,0.18,36
344013,3113501,38634,7470,0.04,21
332253,3113421,44967,975,-1.05,16
332333,3113421,44822,904,-1.60,19
332413,3113421,44822,831,-1.23,19
332493,3113421,44822,759,-1.39,48
332573,3113421,44822,689,-1.19,51
332653,3113421,44822,621,-1.31,54
332733,3113421,44822,557,-1.32,20
333533,3113421,44217,108,-1.25,21
337293,3113421,41171,2419,25.19,22
337373,3113421,41171,2474,-0.96,16
337533,3113421,41171,2587,-1.01,34
337693,3113421,40857,2702,-0.59,45
337933,3113421,40857,2870,-0.65,15
338413,3113421,39950,3133,-0.94,29
338493,3113421,39950,3182,3.35,13
338893,3113421,39793,3429,-1.11,48
339213,3113421,39793,3647,-0.38,24
341773,3113421,38924,5553,0.02,41
341933,3113421,38924,5686,-0.42,40
342093,3113421,38924,5820,-0.65,17
342173,3113421,38924,5887,-0.51,59
342333,3113421,38924,6024,-0.11,79
342493,3113421,38924,6161,14.67,43
342973,3113421,38924,6579,-0.31,36
343053,3113421,38924,6649,0.02,20
343213,3113421,38924,6791,-0.35,63
343293,3113421,38924,6862,0.30,39
343373,3113421,38924,6933,-0.47,20
343533,3113421,38924,7076,-0.49,16
343773,3113421,38779,7291,-0.03,43
344013,3113421,38634,7505,0.03,67
332173,3113341,44967,1012,-1.36,29
337373,3113341,41171,2532,16.97,23
337453,3113341,41171,2587,-0.81,78
337533,3113341,41171,2643,-0.78,42
337613,3113341,41171,2700,-0.72,75
337693,3113341,41171,2759,-1.03,68
337933,3113341,40857,2926,-0.83,17
338173,3113341,39950,3062,-0.44,14
338813,3113341,39793,3439,6.82,45
338893,3113341,39793,3490,6.02,23
340893,3113341,38924,4904,-0.37,13
341213,3113341,38924,5150,-0.22,31
341613,3113341,38924,5468,-0.17,55
341693,3113341,38924,5533,-0.64,49
341773,3113341,38924,5598,-0.68,19
341853,3113341,38924,5664,-0.46,40
341933,3113341,38924,5730,-0.44,42
342013,3113341,38924,5797,-0.68,26
342093,3113341,38924,5863,-10.34,41
342173,3113341,38924,5930,-0.60,45
342253,3113341,38924,5998,-0.42,70
342333,3113341,38924,6066,-0.53,50
342573,3113341,38924,6270,6.19,39
342733,3113341,38924,6408,-0.33,45
342813,3113341,38924,6478,-0.49,38
342893,3113341,38924,6547,-0.26,60
343133,3113341,38924,6757,-0.63,42
343293,3113341,38924,6899,-0.10,63
343373,3113341,38924,6969,-0.43,56
343533,3113341,38924,7112,-0.31,56
343693,3113341,38924,7255,0.12,44
343933,3113341,38779,7470,-0.13,34
344013,3113341,38779,7541,0.15,47
344093,3113341,38634,7613,-6.43,24
332173,3113261,44967,984,40.55,30
332253,3113261,44967,909,-1.42,66
332333,3113261,44967,834,-1.65,43
332493,3113261,44967,688,-1.39,65
332733,3113261,44822,474,-1.49,44
333453,3113261,44520,107,-1.77,27
337373,3113261,41171,2591,-0.86,75
337453,3113261,41171,2645,-0.66,58
337533,3113261,41171,2700,-0.69,68
337613,3113261,41171,2756,-0.64,26
337693,3113261,41171,2813,-0.51,37
338173,3113261,39950,3130,-0.87,14
338493,3113261,39950,3309,-2.47,25
338893,3113261,39793,3552,-47.27,18
338973,3113261,39793,3603,-0.59,58
339053,3113261,39793,3655,-0.94,41
339133,3113261,39793,3708,-0.42,45
340893,3113261,38924,4957,-21.90,67
341133,3113261,38924,5138,-0.28,35
341613,3113261,38924,5516,-0.51,61
341693,3113261,38924,5580,-0.02,37
341773,3113261,38924,5645,-0.14,19
341853,3113261,38924,5710,4.87,14
341933,3113261,38924,5775,-0.34,79
342013,3113261,38924,5841,8.65,29
342173,3113261,38924,5974,-0.38,61
342333,3113261,38924,6108,-0.33,79
342413,3113261,38924,6176,5.10,23
342653,3113261,38924,6380,-0.21,60
342813,3113261,38924,6518,-0.33,51
342893,3113261,38924,6587,-0.20,43
342973,3113261,38924,6656,-0.45,46
343053,3113261,38924,6726,-0.27,46
343133,3113261,38924,6796,9.88,22
343213,3113261,38924,6866,-0.10,60
343373,3113261,38924,7007,-0.14,36
343613,3113261,38924,7219,-0.30,33
343773,3113261,38924,7362,-0.33,63
344013,3113261,38779,7577,-18.55,54
332173,3113181,45401,957,22.59,14
332413,3113181,44967,731,-1.31,30
332573,3113181,44967,581,-1.21,24
332733,3113181,44967,439,-1.18,21
333293,3113181,44664,18,24.23,37
335693,3113181,43141,1734,-1.32,32
337293,3113181,41171,2601,5.90,53
337373,3113181,41171,2652,-4.85,46
337453,3113181,41171,2704,-0.85,73
337533,3113181,41171,2758,-13.89,29
337613,3113181,41171,2813,-0.77,61
337693,3113181,41171,2869,-6.55,31
338013,3113181,40857,3096,-0.88,25
338173,3113181,39950,3198,-0.37,13
338413,3113181,39950,3328,-0.81,60
338493,3113181,39950,3374,-0.42,16
338573,3113181,39950,3421,-0.76,50
340893,3113181,38924,5010,7.04,52
340973,3113181,38924,5069,-0.50,65
341053,3113181,38924,5130,5.61,27
341213,3113181,38924,5251,-0.53,66
341293,3113181,38924,5313,-0.65,34
341373,3113181,38924,5375,-0.62,14
341613,3113181,38924,5564,6.67,37
341693,3113181,38924,5627,-0.46,65
341773,3113181,38924,5692,-0.67,18
341853,3113181,38924,5756,-0.14,69
341933,3113181,38924,5821,-0.35,46
342093,3113181,38924,5953,-0.28,58
342173,3113181,38924,6019,-0.40,24
342253,3113181,38924,6085,-0.20,72
342333,3113181,38924,6152,-0.24,43
342413,3113181,38924,6219,-0.48,34
342573,3113181,38924,6354,-0.26,61
342653,3113181,38924,6422,-0.11,34
342733,3113181,38924,6490,7.28,24
342813,3113181,38924,6558,0.01,38
342893,3113181,38924,6627,-0.51,58
342973,3113181,38924,6696,-0.31,43
343213,3113181,38924,6905,-0.41,55
343373,3113181,38924,7045,-0.23,39
343613,3113181,38924,7256,-7.37,18
343693,3113181,38924,7327,-0.01,41
343853,3113181,38924,7470,-4.02,14
343933,3113181,38924,7541,-0.08,49
332173,3113101,45848,901,-0.99,13
332253,3113101,45401,845,-31.83,32
332573,3113101,44967,555,-1.33,60
332653,3113101,44967,478,-1.30,61
333053,3113101,44822,118,-19.39,21
333373,3113101,44664,105,-1.47,35
334573,3113101,43141,1054,-22.02,15
337053,3113101,41328,2519,-0.68,28
337133,3113101,41328,2568,-1.11,34
337213,3113101,41171,2615,-0.87,63
337293,3113101,41171,2663,-1.13,52
337373,3113101,41171,2713,-0.67,62
337453,3113101,41171,2765,-0.81,82
337533,3113101,41171,2817,-1.08,68
337693,3113101,41171,2926,-0.99,53
337933,3113101,41171,3098,-0.96,47
338413,3113101,39950,3394,-0.39,39
338733,3113101,39950,3582,-0.92,22
338813,3113101,39793,3629,-0.59,64
339133,3113101,39793,3829,-0.91,61
340813,3113101,38924,5006,-0.84,16
340893,3113101,38924,5064,-0.33,33
340973,3113101,38924,5123,-0.17,21
341053,3113101,38924,5182,-0.46,63
341133,3113101,38924,5242,-0.52,23
341293,3113101,38924,5364,-0.29,62
341373,3113101,38924,5425,4.16,71
341613,3113101,38924,5612,-0.17,45
341773,3113101,38924,5739,-48.74,16
341853,3113101,38924,5804,-0.74,39
341933,3113101,38924,5868,-0.52,53
342253,3113101,38924,6130,-0.57,45
342493,3113101,38924,6329,-0.17,35
342573,3113101,38924,6397,7.93,38
342653,3113101,38924,6464,11.40,15
342733,3113101,38924,6532,-31.14,23
342813,3113101,38924,6600,-0.31,42
342893,3113101,38924,6668,-0.21,50
343053,3113101,38924,6806,0.05,19
343133,3113101,38924,6875,-0.52,53
343213,3113101,38924,6944,-0.33,43
343293,3113101,38924,7014,-0.30,59
343453,3113101,38924,7153,-0.03,71
343533,3113101,38924,7223,-0.12,36
343773,3113101,38924,7435,-0.36,33
343933,3113101,38924,7577,-0.21,63
344093,3113101,38924,7720,-0.04,70
332173,3113021,45848,833,0.93,34
332253,3113021,45848,792,-1.39,51
332413,3113021,45401,669,-1.33,60
332653,3113021,44967,460,-1.56,76
332733,3113021,44967,381,0.32,31
332973,3113021,44967,151,-1.76,21
336413,3113021,41473,2263,2.19,13
336973,3113021,41328,2537,-0.61,30
337133,3113021,41328,2631,-0.99,58
337213,3113021,41171,2680,-0.97,60
337293,3113021,41171,2727,14.97,15
337373,3113021,41171,2776,-0.98,54
337693,3113021,41171,2984,-0.55,52
337853,3113021,41171,3095,-0.93,39
338093,3113021,40857,3267,-0.92,42
338253,3113021,39950,3376,-0.91,30
338493,3113021,39950,3505,-0.91,72
338653,3113021,39950,3597,-0.86,39
338813,3113021,39793,3694,-0.85,45
338973,3113021,39793,3790,31.29,32
340413,3113021,38924,4783,-0.84,17
340573,3113021,38924,4893,-0.26,18
340733,3113021,38924,5005,-0.85,20
340973,3113021,38924,5177,-0.68,65
341053,3113021,38924,5236,-25.17,66
341133,3113021,38924,5295,-0.54,68
341213,3113021,38924,5355,-0.45,55
341293,3113021,38924,5416,-0.49,78
341453,3113021,38924,5538,-0.49,60
341933,3113021,38924,5916,-0.18,29
342413,3113021,38924,6307,-0.57,29
342493,3113021,38924,6373,-0.12,43
343053,3113021,38924,6847,-0.58,52
343133,3113021,38924,6915,-0.09,27
343213,3113021,38924,6984,-0.38,70
343293,3113021,38924,7053,-0.10,72
343453,3113021,38924,7192,-0.04,22
343773,3113021,38924,7473,-0.11,71
343853,3113021,38924,7543,0.12,58
343933,3113021,38924,7614,-0.09,54
344013,3113021,38924,7685,0.03,20
332253,3112941,45848,722,-1.79,13
332333,3112941,45848,684,-1.75,58
332413,3112941,45401,621,-1.13,58
332493,3112941,45401,557,-5.49,19
332573,3112941,45401,497,-1.12,41
332653,3112941,45099,438,-1.65,59
332733,3112941,45099,361,21.91,20
334173,3112941,44217,892,-4.26,62
334253,3112941,44217,954,-7.91,45
335773,3112941,43141,1935,-1.54,18
336413,3112941,41473,2335,-0.78,19
337213,3112941,41328,2743,-1.11,55
337293,3112941,41171,2791,-1.13,39
337373,3112941,41171,2839,-0.82,65
337453,3112941,41171,2888,-0.67,61
337613,3112941,41171,2990,-0.62,51
337693,3112941,41171,3043,63.56,39
337773,3112941,41171,3097,-0.98,46
338173,3112941,40857,3380,-0.61,22
338333,3112941,39950,3486,-0.99,16
338493,3112941,39950,3572,-1.01,53
338733,3112941,39950,3709,-0.56,68
338813,3112941,39950,3757,-1.00,35
339053,3112941,39793,3902,-23.07,19
339453,3112941,39793,4160,-0.91,23
340893,3112941,38924,5175,-0.62,58
341053,3112941,38924,5290,-0.60,64
341133,3112941,38924,5349,-0.36,49
341213,3112941,38924,5408,-0.64,62
341293,3112941,38924,5468,17.82,28
341373,3112941,38924,5528,-0.35,85
341533,3112941,38924,5651,0.20,27
342333,3112941,38924,6287,-0.43,58
342413,3112941,38924,6352,-0.46,18
342493,3112941,38924,6418,-0.24,73
342813,3112941,38924,6685,-0.46,35
342893,3112941,38924,6753,-0.53,41
343053,3112941,38924,6888,-0.65,36
343373,3112941,38924,7163,-0.48,32
343693,3112941,38924,7441,-0.44,73
343773,3112941,38924,7511,-0.61,26
343933,3112941,38924,7651,0.17,12
344013,3112941,38924,7722,-0.08,60
344093,3112941,38924,7793,-0.30,17
332173,3112861,45848,704,-1.39,73
332253,3112861,45848,655,-1.30,73
332333,3112861,45848,613,-1.52,38
332413,3112861,45558,575,-1.43,72
337213,3112861,41328,2807,-0.99,15
337373,3112861,41171,2903,-1.10,66
338173,3112861,41171,3437,-0.68,20
338253,3112861,40857,3493,-0.56,22
338333,3112861,40857,3548,-0.96,64
338493,3112861,39950,3639,-1.14,24
338733,3112861,39950,3774,-0.87,16
338973,3112861,39793,3917,-0.48,22
339053,3112861,39793,3965,-0.97,69
339133,3112861,39793,4014,-0.39,30
341133,3112861,38924,5403,-0.48,54
341293,3112861,38924,5521,-0.66,57
341373,3112861,38924,5581,-0.44,80
341453,3112861,38924,5641,-0.31,61
342813,3112861,38924,6729,-0.35,13
343133,3112861,38924,6998,-0.43,22
343373,3112861,38924,7203,-0.40,62
343533,3112861,38924,7341,-0.24,34
343613,3112861,38924,7410,-0.18,42
343693,3112861,38924,7480,0.07,63
343853,3112861,38924,7619,-0.24,68
343933,3112861,38924,7690,-0.27,36
344013,3112861,38924,7760,-0.19,57
332173,3112781,46005,642,-1.62,73
332253,3112781,45848,592,-1.80,46
332333,3112781,45848,544,-19.73,24
334173,3112781,44664,964,-0.41,20
336893,3112781,41328,2698,3.42,22
337213,3112781,41328,2872,-0.79,65
337693,3112781,41171,3164,-0.66,29
337853,3112781,41171,3269,-1.09,52
338013,3112781,41171,3379,-1.15,39
338093,3112781,41171,3435,-0.60,63
338413,3112781,40857,3662,-0.85,54
338653,3112781,39950,3794,-0.93,42
339453,3112781,39793,4280,-0.30,13
341053,3112781,38924,5401,-0.70,65
341133,3112781,38924,5458,-0.59,43
341373,3112781,38924,5634,-0.59,59
341453,3112781,38924,5694,-0.62,65
341533,3112781,38924,5754,-0.12,50
341613,3112781,38924,5815,-0.49,29
342413,3112781,38924,6445,-0.15,59
342493,3112781,38924,6510,-0.13,66
342573,3112781,38924,6575,3.06,46
342653,3112781,38924,6641,-15.10,28
342893,3112781,38924,6839,-0.22,18
342973,3112781,38924,6906,-0.34,72
343213,3112781,38924,7109,0.17,17
343373,3112781,38924,7245,-2.45,69
343933,3112781,38924,7728,-0.33,38
332253,3112701,45848,532,-1.31,46
332333,3112701,45848,479,-4.85,68
332413,3112701,45848,434,-1.35,73
334013,3112701,44664,860,2.72,44
335453,3112701,43141,1861,-53.17,23
335533,3112701,43141,1915,-0.74,13
336413,3112701,41920,2535,-10.59,20
337053,3112701,41328,2849,-1.25,38
337133,3112701,41328,2892,-27.90,64
337213,3112701,41328,2937,-0.96,84
337293,3112701,41328,2983,26.92,46
337373,3112701,41328,3031,-1.06,27
337773,3112701,41171,3277,-0.63,51
337853,3112701,41171,3329,-5.73,15
338173,3112701,41171,3548,-0.63,25
338493,3112701,39950,3774,-0.90,70
338653,3112701,39950,3860,3.78,39
338733,3112701,39950,3905,-0.57,21
340973,3112701,38924,5401,-0.17,28
341053,3112701,38924,5457,-0.32,30
341133,3112701,38924,5514,-0.75,52
341293,3112701,38924,5630,-0.37,82
341453,3112701,38924,5747,-0.60,55
341533,3112701,38924,5807,-0.63,36
341773,3112701,38924,5989,-0.45,74
342173,3112701,38924,6300,-0.10,50
342333,3112701,38924,6427,12.78,21
342413,3112701,38924,6492,3.15,45
342493,3112701,38924,6556,-0.20,52
343293,3112701,38924,7219,-0.00,68
343773,3112701,38924,7629,0.06,31
344013,3112701,38924,7837,-0.34,45
332173,3112621,46005,512,-1.77,12
332253,3112621,46005,464,-1.77,30
332333,3112621,45848,419,-1.90,40
334173,3112621,44664,1038,-2.01,34
334493,3112621,44664,1321,-1.57,53
334813,3112621,43141,1588,-0.94,17
335453,3112621,43141,1922,-10.62,17
336413,3112621,41920,2603,5.11,24
336893,3112621,41328,2837,-1.04,22
336973,3112621,41328,2876,-1.04,52
337133,3112621,41328,2959,-0.94,38
337213,3112621,41328,3003,-0.75,42
337293,3112621,41328,3048,-33.37,66
337373,3112621,41328,3095,-6.07,66
337453,3112621,41328,3143,-0.81,33
337533,3112621,41171,3191,-0.79,24
337613,3112621,41171,3239,-0.74,44
337693,3112621,41171,3288,-0.79,54
337773,3112621,41171,3338,-0.70,37
337853,3112621,41171,3389,-0.94,69
338333,3112621,41171,3718,-0.70,71
338573,3112621,39950,3884,-0.89,76
338653,3112621,39950,3927,-0.77,53
338733,3112621,39950,3971,-8.37,31
341133,3112621,38924,5570,-0.36,24
341373,3112621,38924,5743,-0.35,79
341453,3112621,38924,5801,-0.88,41
341613,3112621,38924,5920,-0.69,55
341773,3112621,38924,6040,-0.24,53
341933,3112621,38924,6163,-26.61,17
342173,3112621,38924,6349,-0.05,19
342493,3112621,38924,6604,-0.35,71
342573,3112621,38924,6668,-0.48,61
342653,3112621,38924,6733,-3.00,52
342733,3112621,38924,6798,-0.16,41
342813,3112621,38924,6863,-0.15,58
342893,3112621,38924,6929,-0.19,26
342973,3112621,38924,6995,-0.51,32
343053,3112621,38924,7061,-0.05,40
343453,3112621,38924,7397,0.04,22
344093,3112621,38924,7946,-0.15,44
332253,3112541,46005,399,-1.55,32
332333,3112541,46005,354,-1.17,17
333933,3112541,44664,896,-1.57,41
334013,3112541,44664,956,-19.15,28
334333,3112541,44664,1216,-1.41,62
334413,3112541,44664,1286,-1.18,59
334893,3112541,43141,1693,-1.38,28
336493,3112541,41920,2713,-1.42,32
336733,3112541,41473,2836,-1.29,14
336813,3112541,41328,2871,-1.18,45
336893,3112541,41328,2908,-0.91,66
336973,3112541,41328,2946,-1.00,76
337053,3112541,41328,2985,-0.81,47
337133,3112541,41328,3027,-0.84,71
337293,3112541,41328,3114,-1.21,66
337373,3112541,41328,3160,-1.04,38
337693,3112541,41171,3351,-0.72,32
337853,3112541,41171,3451,1.02,32
337933,3112541,41171,3502,-1.11,48
338253,3112541,41171,3718,-1.00,70
338493,3112541,41171,3889,-10.00,13
338653,3112541,39950,3995,-0.66,34
338813,3112541,39950,4082,3.89,20
339293,3112541,39793,4365,-0.79,20
339373,3112541,39793,4414,-0.89,73
341053,3112541,38924,5571,-0.44,69
341133,3112541,38924,5627,-7.82,34
341213,3112541,38924,5683,-0.61,60
341293,3112541,38924,5740,-0.51,58
341453,3112541,38924,5856,-0.87,43
341693,3112541,38924,6033,-0.27,32
342493,3112541,38924,6652,-0.50,25
342733,3112541,38924,6844,-0.44,42
343053,3112541,38924,7106,-0.56,16
343133,3112541,38924,7172,-0.63,36
343613,3112541,38924,7575,-0.60,53
343693,3112541,38924,7643,-0.68,32
343773,3112541,38924,7711,-0.44,52
343853,3112541,38924,7780,-0.44,29
332173,3112461,46005,405,-1.42,72
332333,3112461,46005,287,-1.42,41
332893,3112461,45558,56,8.11,19
333933,3112461,45231,920,-1.16,50
334093,3112461,44664,1068,0.56,34
334493,3112461,44664,1395,32.71,47
334653,3112461,44664,1535,-1.27,64
335373,3112461,43141,2000,-0.92,24
336493,3112461,41920,2781,-2.93,33
336653,3112461,41920,2867,-1.03,51
336733,3112461,41473,2907,-1.22,19
336813,3112461,41328,2943,-1.04,50
336893,3112461,41328,2979,-0.54,44
337053,3112461,41328,3055,-8.70,42
337213,3112461,41328,3137,-1.03,82
337293,3112461,41328,3181,-1.20,50
337373,3112461,41328,3225,-1.11,53
337773,3112461,41171,3463,-0.50,52
337933,3112461,41171,3563,-0.78,55
338013,3112461,41171,3615,7.31,38
338253,3112461,41171,3776,-9.54,61
338333,3112461,41171,3831,-1.02,19
338493,3112461,41171,3944,-1.24,24
338573,3112461,41171,4002,-0.83,32
338733,3112461,39950,4105,-0.82,50
338813,3112461,39950,4149,-0.65,62
338893,3112461,39950,4193,-10.60,17
339213,3112461,39950,4382,-1.16,25
339453,3112461,39793,4526,-0.83,38
341133,3112461,38924,5684,-0.40,30
341213,3112461,38924,5740,-0.69,44
341293,3112461,38924,5797,-0.82,16
341373,3112461,38924,5853,-0.28,49
341453,3112461,38924,5911,-0.37,77
341533,3112461,38924,5969,-0.21,60
341613,3112461,38924,6027,-0.32,79
341693,3112461,38924,6086,-0.20,38
341773,3112461,38924,6146,-0.34,57
341933,3112461,38924,6266,-0.77,25
342573,3112461,38924,6764,-29.20,42
342653,3112461,38924,6827,-0.46,51
342973,3112461,38924,7086,-0.27,47
343133,3112461,38924,7217,-0.50,45
343213,3112461,38924,7283,-0.33,45
343293,3112461,38924,7350,-0.37,41
343453,3112461,38924,7483,-0.36,38
343693,3112461,38924,7685,-0.06,80
343933,3112461,38924,7889,-0.41,29
344013,3112461,38924,7958,1.01,16
332173,3112381,46175,343,-1.42,52
332333,3112381,46005,229,-8.82,30
333613,3112381,45231,656,-22.96,33
333933,3112381,45231,945,-1.16,32
334013,3112381,45231,1021,1.03,16
334253,3112381,44664,1242,-1.47,28
334413,3112381,44664,1370,-1.37,62
334573,3112381,44664,1504,-1.40,33
334653,3112381,44664,1573,-1.44,21
334733,3112381,44664,1643,-1.50,21
334893,3112381,44664,1786,-0.87,28
336493,3112381,43141,2847,-5.63,27
336733,3112381,41920,2978,-0.77,57
336813,3112381,41473,3015,-0.86,24
336973,3112381,41328,3086,-0.93,69
337133,3112381,41328,3164,-1.07,65
337213,3112381,41328,3205,-1.00,62
337293,3112381,41328,3248,-1.18,62
337693,3112381,41171,3480,-0.67,37
337853,3112381,41171,3576,-10.07,19
338013,3112381,41171,3676,-0.68,64
338093,3112381,41171,3728,-0.56,41
338493,3112381,41171,4000,-0.60,58
338653,3112381,41171,4115,-1.08,25
338893,3112381,39950,4259,-0.84,23
340893,3112381,39648,5579,-0.31,21
341133,3112381,38924,5742,-0.30,34
341213,3112381,38924,5797,-0.30,53
341533,3112381,38924,6024,-0.63,29
341613,3112381,38924,6082,-0.42,84
341693,3112381,38924,6140,-0.41,63
342013,3112381,38924,6379,-0.61,63
342653,3112381,38924,6876,-28.02,21
342973,3112381,38924,7133,-0.05,63
343053,3112381,38924,7198,-0.42,39
343213,3112381,38924,7329,32.91,22
343293,3112381,38924,7395,26.49,14
343533,3112381,38924,7594,0.19,12
343613,3112381,38924,7661,-34.94,22
343773,3112381,38924,7796,2.81,30
334093,3112301,45231,1123,-1.43,47
334173,3112301,45231,1198,-1.10,51
334253,3112301,45231,1274,-1.33,47
334413,3112301,44664,1418,-1.08,82
334573,3112301,44664,1548,-0.99,41
334653,3112301,44664,1615,-1.56,36
334813,3112301,44664,1752,-1.30,46
335213,3112301,43141,2050,-0.89,15
335293,3112301,43141,2090,-1.38,23
335373,3112301,43141,2132,-14.08,12
335453,3112301,43141,2177,-1.01,32
335533,3112301,43141,2223,-26.31,42
336493,3112301,43141,2896,-1.19,62
336573,3112301,43141,2960,-1.14,47
336653,3112301,41920,3001,-1.15,76
336813,3112301,41473,3086,22.82,62
336973,3112301,41328,3157,-0.89,78
337053,3112301,41328,3195,-0.75,60
337133,3112301,41328,3233,-1.06,50
337213,3112301,41328,3274,-0.73,31
337293,3112301,41328,3315,-0.75,48
337533,3112301,41328,3448,24.24,18
337773,3112301,41171,3591,4.08,20
338013,3112301,41171,3738,37.78,20
338093,3112301,41171,3789,6.04,23
338413,3112301,41171,4002,-0.86,54
338493,3112301,41171,4057,-0.47,21
338653,3112301,41171,4171,-0.71,62
338813,3112301,39950,4283,-0.64,63
338973,3112301,39950,4370,-0.49,16
339933,3112301,39793,4957,-1.04,12
341133,3112301,38924,5801,-0.95,18
341373,3112301,38924,5966,-0.30,58
341453,3112301,38924,6023,-0.48,58
341533,3112301,38924,6080,-0.41,67
341613,3112301,38924,6137,-0.58,27
341693,3112301,38924,6195,-0.49,80
341773,3112301,38924,6253,-0.28,76
341853,3112301,38924,6312,-0.72,55
342013,3112301,38924,6431,-0.62,49
342173,3112301,38924,6552,-0.28,40
342253,3112301,38924,6613,-0.23,51
342333,3112301,38924,6675,-0.54,27
342493,3112301,38924,6799,-0.20,58
342573,3112301,38924,6862,10.71,37
343133,3112301,38924,7309,-0.56,43
343373,3112301,38924,7506,-0.52,47
343533,3112301,38924,7638,-0.06,34
343613,3112301,38924,7705,-0.44,74
343773,3112301,38924,7839,-0.04,64
343853,3112301,38924,7906,-0.51,41
344013,3112301,38924,8041,-0.45,16
333853,3112221,45231,944,-1.52,35
334013,3112221,45231,1083,-1.86,22
334253,3112221,45231,1302,-5.53,15
334333,3112221,45231,1376,-1.30,71
334413,3112221,45231,1451,-16.28,17
334653,3112221,44664,1659,-1.44,66
334733,3112221,44664,1725,-1.34,32
334893,3112221,44664,1861,0.51,28
335373,3112221,43141,2200,10.98,29
335533,3112221,43141,2288,-1.46,12
336493,3112221,43141,2946,-0.86,23
336573,3112221,43141,3009,-0.88,42
336653,3112221,41920,3069,-1.23,44
337053,3112221,41328,3265,-1.17,61
337213,3112221,41328,3343,-1.36,26
337373,3112221,41328,3425,-1.20,70
337453,3112221,41328,3469,-0.79,39
337933,3112221,41171,3751,-39.93,22
338333,3112221,41171,4006,-0.66,40
338493,3112221,41171,4115,-0.47,41
338573,3112221,41171,4170,-0.79,17
338653,3112221,41171,4227,-0.98,33
338733,3112221,41171,4284,-0.98,47
339453,3112221,39793,4717,-0.61,22
341053,3112221,39648,5805,-0.71,37
341373,3112221,38924,6024,-0.24,48
341533,3112221,38924,6136,-0.19,51
341693,3112221,38924,6250,-0.36,50
341773,3112221,38924,6308,-0.43,51
342333,3112221,38924,6726,-0.11,50
343053,3112221,38924,7292,-0.17,20
343133,3112221,38924,7356,13.24,22
343213,3112221,38924,7421,-0.10,35
343293,3112221,38924,7486,-0.55,33
333853,3112141,45231,988,-1.58,65
333933,3112141,45231,1054,-1.53,75
334013,3112141,45231,1122,-1.19,68
334093,3112141,45231,1191,-1.48,71
334333,3112141,45231,1407,-1.26,79
334573,3112141,45231,1629,-1.03,43
334733,3112141,44664,1770,-1.50,69
334893,3112141,44664,1903,-1.37,62
335453,3112141,43141,2310,-0.96,19
336493,3112141,43141,2998,-1.17,45
336573,3112141,43141,3059,-0.91,47
336653,3112141,43141,3121,-1.19,57
336733,3112141,41920,3180,33.13,42
336813,3112141,41920,3222,-32.60,38
336893,3112141,41473,3265,-1.12,70
336973,3112141,41328,3301,-1.02,77
337053,3112141,41328,3336,-1.08,54
337133,3112141,41328,3373,-1.07,43
337213,3112141,41328,3412,-1.18,56
337373,3112141,41328,3493,30.81,45
337453,3112141,41328,3536,-0.92,19
338093,3112141,41171,3913,-1.00,30
338173,3112141,41171,3963,-0.58,42
338253,3112141,41171,4014,-1.26,19
338493,3112141,41171,4173,-6.96,17
338573,3112141,41171,4228,-0.78,77
338653,3112141,41171,4284,-0.71,37
338973,3112141,39950,4504,-0.54,46
340893,3112141,39648,5742,-5.60,36
341053,3112141,39648,5858,-0.30,63
341133,3112141,39648,5918,-0.34,38
341213,3112141,38924,5973,-0.37,24
341293,3112141,38924,6027,-5.13,14
341453,3112141,38924,6137,18.87,16
341693,3112141,38924,6306,-0.84,50
341853,3112141,38924,6421,-0.57,60
342333,3112141,38924,6778,-0.27,70
342893,3112141,38924,7212,-0.10,19
343213,3112141,38924,7468,-0.42,33
343293,3112141,38924,7533,0.21,16
343613,3112141,38924,7794,-0.45,43
343693,3112141,38924,7860,-0.42,37
343773,3112141,38924,7927,-0.43,63
343853,3112141,38924,7993,-0.07,64
344013,3112141,38924,8127,-0.44,51
332493,3112061,46175,117,1.91,15
333533,3112061,45401,806,-1.03,26
334013,3112061,45231,1165,-1.17,24
334173,3112061,45231,1300,-4.85,13
334253,3112061,45231,1370,2.94,31
334413,3112061,45231,1513,-1.69,25
334733,3112061,45231,1807,-1.55,62
334813,3112061,45231,1882,-0.97,30
335293,3112061,44664,2288,-19.03,27
335373,3112061,43141,2338,-1.43,26
335453,3112061,43141,2378,-1.12,59
336413,3112061,43141,2991,-1.09,60
336573,3112061,43141,3111,-1.24,54
336653,3112061,43141,3172,-0.93,74
336813,3112061,41920,3290,-6.11,51
336893,3112061,41920,3333,-1.04,41
336973,3112061,41473,3372,-0.82,40
337053,3112061,41328,3408,-1.06,22
337133,3112061,41328,3444,13.39,16
337213,3112061,41328,3482,2.92,33
337293,3112061,41328,3521,-0.69,15
337453,3112061,41328,3603,-0.67,26
337613,3112061,41328,3691,-1.12,56
338013,3112061,41171,3927,-1.00,28
338333,3112061,41171,4127,-1.07,60
338493,3112061,41171,4232,-0.99,23
338573,3112061,41171,4286,-1.09,60
338653,3112061,41171,4341,-0.97,65
338733,3112061,41171,4397,-0.91,86
338813,3112061,41171,4453,-0.62,83
338893,3112061,41171,4510,-0.80,63
338973,3112061,41171,4568,-0.58,41
339053,3112061,39950,4615,-0.85,20
339133,3112061,39950,4659,-0.59,57
339693,3112061,39793,4989,-0.88,58
339853,3112061,39793,5089,-0.58,38
341293,3112061,38924,6086,-0.33,67
341693,3112061,38924,6362,-0.28,63
341933,3112061,38924,6534,-0.48,72
342093,3112061,38924,6651,-0.52,60
342173,3112061,38924,6711,-0.67,26
342573,3112061,38924,7013,-0.15,66
342813,3112061,38924,7199,-0.43,35
342973,3112061,38924,7325,-0.52,47
343053,3112061,38924,7388,-0.51,23
343293,3112061,38924,7580,-0.61,29
343453,3112061,38924,7709,-26.16,24
343613,3112061,38924,7840,-0.33,29
343853,3112061,38924,8038,0.24,23
333213,3111981,45703,615,-20.87,13
333853,3111981,45231,1088,11.63,28
334013,3111981,45231,1211,-1.25,33
334093,3111981,45231,1276,-1.81,16
334253,3111981,45231,1410,-1.07,23
334333,3111981,45231,1479,-1.57,44
334573,3111981,45231,1692,-1.02,64
334813,3111981,45231,1911,28.06,30
334893,3111981,45231,1985,-1.50,24
335453,3111981,43141,2447,-0.94,56
336253,3111981,43141,2933,-0.77,27
336333,3111981,43141,2989,-0.95,17
336413,3111981,43141,3046,-1.00,31
336493,3111981,43141,3105,-0.94,64
336573,3111981,43141,3164,-1.15,18
336653,3111981,43141,3224,-1.13,78
336733,3111981,43141,3284,8.48,49
336893,3111981,41920,3400,-1.13,64
336973,3111981,41473,3444,-0.81,59
337053,3111981,41328,3480,-1.25,57
337213,3111981,41328,3552,-0.96,23
337453,3111981,41328,3672,5.36,31
337933,3111981,41328,3943,-0.68,52
338013,3111981,41171,3991,-0.86,60
338253,3111981,41171,4137,-0.55,59
338493,3111981,41171,4292,-0.41,19
338653,3111981,41171,4399,-0.54,47
338893,3111981,41171,4566,-0.86,77
339133,3111981,39950,4725,-0.62,33
339853,3111981,39793,5151,-0.64,13
340093,3111981,39793,5304,-7.45,20
340973,3111981,39648,5910,-0.65,31
341053,3111981,39648,5968,8.36,21
341133,3111981,39648,6026,-0.32,68
341293,3111981,39648,6144,-0.27,31
341533,3111981,38924,6308,-0.49,59
341613,3111981,38924,6363,2.87,18
341853,3111981,38924,6532,0.09,20
342093,3111981,38924,6706,-24.05,63
342173,3111981,38924,6764,-0.27,63
342573,3111981,38924,7064,-0.15,59
342733,3111981,38924,7187,-0.60,35
342973,3111981,38924,7374,5.66,30
343133,3111981,38924,7500,-0.60,46
343533,3111981,38924,7821,-0.13,51
343613,3111981,38924,7886,-0.51,13
332173,3111901,46502,25,-1.01,24
332413,3111901,46332,190,-1.43,20
333853,3111901,45231,1144,5.77,28
334093,3111901,45231,1324,-1.08,67
334253,3111901,45231,1453,-1.12,36
334333,3111901,45231,1520,-1.00,44
334413,3111901,45231,1588,-1.03,26
334493,3111901,45231,1658,-52.95,20
334573,3111901,45231,1728,-0.90,25
334733,3111901,45231,1871,31.84,25
334813,3111901,45231,1943,-0.84,45
334893,3111901,45231,2016,-0.92,24
334973,3111901,45231,2089,-1.49,52
335133,3111901,44664,2236,-1.09,20
335293,3111901,44664,2369,-0.69,33
335373,3111901,44664,2437,-12.09,20
336253,3111901,43141,2991,28.47,27
336333,3111901,43141,3046,-0.77,13
336413,3111901,43141,3102,-1.40,14
336493,3111901,43141,3160,-0.89,17
336573,3111901,43141,3218,-1.00,80
336733,3111901,43141,3336,-1.14,72
336893,3111901,43141,3459,-1.21,59
337053,3111901,41473,3551,-1.17,31
338013,3111901,41328,4055,-0.56,41
338093,3111901,41171,4103,-0.79,55
338333,3111901,41171,4250,-0.68,44
338413,3111901,41171,4301,-0.65,12
338493,3111901,41171,4352,-0.99,49
338893,3111901,41171,4623,-0.92,67
338973,3111901,41171,4679,-0.49,37
339053,3111901,41171,4736,-0.57,44
339133,3111901,39950,4792,-0.41,43
339373,3111901,39950,4927,-0.94,26
339533,3111901,39950,5021,-0.80,47
339613,3111901,39950,5069,-0.91,18
340173,3111901,39793,5416,4.76,40
341053,3111901,39648,6023,15.26,16
341293,3111901,39648,6197,-0.63,51
341453,3111901,38924,6312,-0.61,57
341533,3111901,38924,6366,-0.74,48
341693,3111901,38924,6476,-0.71,48
341773,3111901,38924,6532,-0.30,16
342013,3111901,38924,6703,3.25,24
342093,3111901,38924,6761,-0.34,66
342253,3111901,38924,6877,-0.36,61
342333,3111901,38924,6937,-0.14,74
342413,3111901,38924,6996,-0.68,42
342653,3111901,38924,7177,21.04,37
342813,3111901,38924,7300,-0.17,31
332173,3111821,46502,86,-1.94,20
332333,3111821,46502,202,-1.27,13
333613,3111821,45558,1013,-1.60,43
333853,3111821,45231,1202,-1.59,27
333933,3111821,45231,1257,-9.28,16
334013,3111821,45231,1314,-1.38,62
334093,3111821,45231,1374,6.53,51
334173,3111821,45231,1436,-1.41,43
334253,3111821,45231,1499,-1.19,50
334413,3111821,45231,1631,-1.00,32
334653,3111821,45231,1836,-0.93,25
334973,3111821,45231,2122,-3.75,37
335293,3111821,44664,2413,-1.27,66
335373,3111821,44664,2480,-1.48,38
335453,3111821,44664,2547,-1.15,13
335853,3111821,43141,2800,-0.84,44
336333,3111821,43141,3104,-1.18,22
336573,3111821,43141,3273,-1.10,44
336653,3111821,43141,3331,-1.36,31
336733,3111821,43141,3390,-1.05,67
336973,3111821,43141,3571,-1.18,48
337693,3111821,41328,3935,-0.76,53
337853,3111821,41328,4025,-0.73,51
338173,3111821,41171,4215,-1.22,27
338413,3111821,41171,4362,-0.82,50
338573,3111821,41171,4465,-11.79,53
338653,3111821,41171,4518,16.74,13
338733,3111821,41171,4571,-0.94,15
338813,3111821,41171,4626,-0.93,66
338893,3111821,41171,4680,-0.54,67
338973,3111821,41171,4736,-0.94,52
339053,3111821,41171,4792,-0.69,63
339133,3111821,41171,4849,-0.67,63
339693,3111821,39950,5181,-0.81,48
340253,3111821,39793,5529,0.87,48
340333,3111821,39793,5582,-1.10,15
341373,3111821,39648,6311,-0.61,53
341693,3111821,38924,6534,-0.68,18
341933,3111821,38924,6702,-0.63,25
342093,3111821,38924,6816,-0.77,57
342173,3111821,38924,6874,-0.72,45
342333,3111821,38924,6991,-0.64,49
343373,3111821,38924,7788,0.14,27
343453,3111821,38924,7852,-0.24,30
333693,3111741,45558,1126,-1.36,36
333773,3111741,45558,1188,-1.10,46
333933,3111741,45231,1315,-1.10,37
334253,3111741,45231,1548,-1.69,34
334573,3111741,45231,1809,-1.50,66
334813,3111741,45231,2015,-1.17,63
334893,3111741,45231,2086,11.76,34
334973,3111741,45231,2157,-1.09,38
335133,3111741,45231,2301,-1.61,34
335293,3111741,45231,2447,-1.10,23
335693,3111741,43141,2777,-1.15,17
336173,3111741,43141,3059,-1.21,52
336653,3111741,43141,3386,-1.06,25
336813,3111741,43141,3503,-1.02,41
336893,3111741,43141,3562,-1.47,45
337293,3111741,41328,3802,-51.88,17
337453,3111741,41328,3878,-0.83,28
337693,3111741,41328,4002,-0.96,26
337853,3111741,41328,4091,-0.78,53
338013,3111741,41328,4183,-0.88,25
338173,3111741,41171,4280,-1.16,28
338333,3111741,41171,4375,-1.01,67
338413,3111741,41171,4425,-5.39,58
338493,3111741,41171,4475,-0.93,71
338573,3111741,41171,4526,-0.94,74
338653,3111741,41171,4578,-0.70,31
338733,3111741,41171,4631,-0.51,44
338813,3111741,41171,4684,-0.81,58
338893,3111741,41171,4739,-0.68,61
338973,3111741,41171,4794,-0.81,48
339053,3111741,41171,4849,-0.93,59
339133,3111741,41171,4906,-0.72,64
339213,3111741,41171,4963,-8.10,29
339533,3111741,39950,5150,-0.40,54
339613,3111741,39950,5197,-0.97,30
340813,3111741,39793,5967,-0.31,50
341373,3111741,39648,6365,-0.16,26
341453,3111741,39648,6424,-2.01,42
341613,3111741,38924,6538,-0.30,42
341693,3111741,38924,6592,3.57,32
341773,3111741,38924,6647,-0.14,40
342013,3111741,38924,6815,-0.26,17
342093,3111741,38924,6872,2.44,21
333613,3111661,45558,1123,-1.14,26
334013,3111661,45231,1428,-1.42,73
334093,3111661,45231,1483,8.96,36
334253,3111661,45231,1600,-1.47,65
334573,3111661,45231,1853,-1.51,18
335053,3111661,45231,2264,-10.45,16
335133,3111661,45231,2336,-1.08,50
335293,3111661,45231,2479,-0.94,13
336093,3111661,43141,3071,1.67,26
336173,3111661,43141,3121,-1.24,22
336573,3111661,43141,3386,20.62,46
336653,3111661,43141,3442,2.06,26
336733,3111661,43141,3499,-1.21,39
336893,3111661,43141,3616,-0.99,53
337053,3111661,43141,3736,-0.88,21
337533,3111661,41328,3987,-16.30,28
337613,3111661,41328,4028,-1.23,20
337773,3111661,41328,4113,-1.21,33
338333,3111661,41171,4439,-0.87,27
338493,3111661,41171,4537,-0.78,58
338733,3111661,41171,4691,-1.02,46
338813,3111661,41171,4744,-0.69,45
338973,3111661,41171,4852,-0.69,60
339133,3111661,41171,4962,-0.94,63
339213,3111661,41171,5019,-0.72,69
339533,3111661,39950,5215,-0.98,24
339773,3111661,39950,5357,-1.23,13
340733,3111661,39793,5969,-0.27,36
340893,3111661,39793,6080,-0.73,59
341293,3111661,39648,6363,-0.55,61
341373,3111661,39648,6420,-0.33,20
341453,3111661,39648,6478,-0.56,58
341533,3111661,39648,6537,26.64,35
341613,3111661,39648,6596,-0.42,24
341773,3111661,38924,6705,-0.73,31
333613,3111581,45703,1180,-1.23,20
333933,3111581,45558,1413,-3.26,22
334013,3111581,45558,1475,-1.63,15
334253,3111581,45231,1654,0.86,40
334333,3111581,45231,1713,7.83,15
334653,3111581,45231,1964,-5.54,50
334893,3111581,45231,2165,-0.96,23
335053,3111581,45231,2303,21.48,19
335373,3111581,45231,2586,-0.96,43
335453,3111581,45231,2658,7.63,21
335533,3111581,45231,2731,-1.32,62
335613,3111581,45231,2804,6.83,36
336093,3111581,43141,3135,-0.95,32
336173,3111581,43141,3184,-1.36,69
336253,3111581,43141,3233,-1.01,26
336493,3111581,43141,3389,-1.00,39
336653,3111581,43141,3499,-9.16,44
336733,3111581,43141,3555,-1.22,73
336813,3111581,43141,3612,-1.21,69
337053,3111581,43141,3788,-1.19,39
337213,3111581,41473,3909,-1.20,25
337613,3111581,41328,4097,-0.99,76
337773,3111581,41328,4180,-0.72,68
338013,3111581,41328,4313,-0.62,46
338253,3111581,41328,4455,-0.55,55
338333,3111581,41171,4503,30.97,16
338413,3111581,41171,4551,-0.68,33
338493,3111581,41171,4600,-1.11,40
338733,3111581,41171,4752,-7.98,46
338893,3111581,41171,4857,-1.05,35
339053,3111581,41171,4965,-0.98,70
339133,3111581,41171,5020,-0.70,72
339293,3111581,41171,5132,-0.95,30
339373,3111581,41171,5189,-0.87,37
339693,3111581,39950,5374,18.85,24
339773,3111581,39950,5421,-0.42,63
340733,3111581,39793,6028,-0.78,29
340813,3111581,39793,6082,-0.73,34
341133,3111581,39793,6306,-0.89,34
333373,3111501,45703,1081,16.86,20
333453,3111501,45703,1130,-1.51,53
333533,3111501,45703,1181,-1.74,58
333613,3111501,45703,1236,-1.42,23
333853,3111501,45558,1406,-1.25,28
333933,3111501,45558,1464,-1.22,24
334013,3111501,45558,1525,-1.53,45
334173,3111501,45558,1652,-1.37,41
334333,3111501,45231,1767,29.45,42
334413,3111501,45231,1826,-1.51,16
334493,3111501,45231,1886,-1.09,32
334573,3111501,45231,1948,-1.26,66
334813,3111501,45231,2141,45.45,25
334893,3111501,45231,2208,-1.03,61
334973,3111501,45231,2275,-1.17,44
335293,3111501,45231,2551,-1.08,52
335373,3111501,45231,2622,-1.32,42
335453,3111501,45231,2693,-15.30,67
335533,3111501,45231,2765,-0.98,33
336013,3111501,43141,3153,1.95,39
336093,3111501,43141,3199,12.18,35
336173,3111501,43141,3247,21.11,49
336413,3111501,43141,3397,-0.96,58
336653,3111501,43141,3557,-0.88,61
336893,3111501,43141,3725,-0.93,39
338173,3111501,41328,4471,-1.08,30
338253,3111501,41328,4519,-1.04,25
338333,3111501,41328,4568,-1.14,42
338413,3111501,41171,4615,-0.74,73
338493,3111501,41171,4663,-0.71,38
338573,3111501,41171,4712,-0.53,22
338813,3111501,41171,4864,-0.95,53
339133,3111501,41171,5078,-1.01,56
339213,3111501,41171,5133,-0.53,33
339293,3111501,41171,5189,-0.55,27
340653,3111501,39793,6033,-0.81,27
333533,3111421,45703,1242,-1.63,48
333613,3111421,45703,1294,-1.04,50
333853,3111421,45558,1462,-1.71,39
334013,3111421,45558,1577,-1.79,34
334093,3111421,45558,1638,-1.11,23
334333,3111421,45231,1823,-21.45,14
334733,3111421,45231,2124,-0.94,31
334893,3111421,45231,2253,-1.36,49
335053,3111421,45231,2385,-1.26,73
335373,3111421,45231,2660,-1.24,49
335453,3111421,45231,2730,-0.90,32
335533,3111421,45231,2801,-1.10,68
336093,3111421,43141,3265,-1.08,42
336173,3111421,43141,3311,-1.22,70
336253,3111421,43141,3359,-8.70,47
336333,3111421,43141,3408,-1.21,40
336413,3111421,43141,3458,-1.07,80
336493,3111421,43141,3510,-1.30,35
336573,3111421,43141,3562,-1.00,64
332813,3111341,46502,871,3.57,40
332893,3111341,46175,923,4.44,68
332973,3111341,46175,969,-4.26,38
333293,3111341,45703,1176,-1.40,33
333373,3111341,45703,1216,-12.20,14
333933,3111341,45558,1575,-1.32,43
334253,3111341,45558,1812,-1.01,21
334333,3111341,45558,1875,-1.63,70
334493,3111341,45231,1993,1.10,36
334653,3111341,45231,2112,-1.29,46
334813,3111341,45231,2236,-1.21,70
334893,3111341,45231,2299,9.62,16
334973,3111341,45231,2364,-1.56,61
335053,3111341,45231,2430,-37.23,48
335293,3111341,45231,2631,32.50,18
335373,3111341,45231,2700,-1.14,47
335533,3111341,45231,2839,-0.96,50
335693,3111341,45231,2980,-1.18,14
336013,3111341,45231,3267,-8.87,60
332733,3111261,46502,869,2.69,25
332813,3111261,46502,925,2.53,34
332973,3111261,46175,1034,-4.67,16
333373,3111261,45703,1285,-1.57,68
333453,3111261,45703,1326,-1.31,17
333933,3111261,45703,1632,-1.52,43
334013,3111261,45558,1688,-1.31,63
334093,3111261,45558,1745,-1.19,30
334173,3111261,45558,1803,-0.96,22
334253,3111261,45558,1863,7.31,59
334333,3111261,45558,1925,-6.78,39
334653,3111261,45231,2165,-1.57,38
334733,3111261,45231,2225,-1.52,55
334893,3111261,45231,2348,-1.51,19
334973,3111261,45231,2411,2.50,51
335053,3111261,45231,2476,-1.42,77
335133,3111261,45231,2541,-1.73,20
335213,3111261,45231,2607,-1.43,52
335373,3111261,45231,2741,-28.52,23
335533,3111261,45231,2878,-1.05,59
335613,3111261,45231,2948,-1.12,17
332573,3111181,46672,812,4.79,40
332653,3111181,46672,868,-1.86,24
332733,3111181,46672,927,-6.70,62
333133,3111181,46175,1194,-1.33,36
333213,3111181,46175,1245,-1.30,78
333293,3111181,46175,1299,-1.55,61
333373,3111181,45703,1355,-1.76,27
333453,3111181,45703,1394,-1.49,44
333533,3111181,45703,1436,-1.62,65
333693,3111181,45703,1529,-1.68,34
333853,3111181,45703,1633,-1.16,26
334333,3111181,45558,1976,-14.32,29
334733,3111181,45231,2278,-1.18,68
335133,3111181,45231,2588,-1.04,69
332653,3111101,46672,925,6.68,16
332813,3111101,46672,1040,4.67,22
332893,3111101,46502,1095,-1.14,52
333293,3111101,46175,1358,-63.78,15
333373,3111101,46175,1413,-1.64,49
333613,3111101,45703,1547,-1.23,54
333693,3111101,45703,1593,-1.40,50
334013,3111101,45703,1801,-1.61,15
334173,3111101,45558,1915,-1.14,18
334253,3111101,45558,1971,-1.55,54
334333,3111101,45558,2029,-13.58,46
334413,3111101,45558,2089,-1.60,56
334733,3111101,45231,2332,-1.55,36
334973,3111101,45231,2511,-1.48,41
332333,3111021,46999,734,-1.02,13
332413,3111021,46999,792,9.20,24
332653,3111021,46841,984,-2.03,49
332733,3111021,46672,1038,-3.42,30
332813,3111021,46672,1094,4.69,25
332893,3111021,46672,1153,-0.65,26
332973,3111021,46502,1208,-1.40,33
333133,3111021,46175,1322,3.50,33
333533,3111021,45703,1572,-0.41,19
333613,3111021,45703,1614,-1.22,36
333693,3111021,45703,1658,31.25,25
333853,3111021,45703,1754,15.57,15
333933,3111021,45703,1806,17.91,16
332973,3110941,46672,1266,-1.26,24
333053,3110941,46502,1321,-1.20,59
333213,3110941,46175,1434,-1.28,24
333293,3110941,46175,1481,-2.26,20
333453,3110941,46175,1584,-1.51,70
333613,3110941,45703,1682,-1.32,22
333693,3110941,45703,1725,-1.33,73
334173,3110941,45703,2028,-1.61,58
333053,3110861,46672,1379,-1.59,71
333133,3110861,46502,1434,-1.75,20
333453,3110861,46175,1644,-1.79,21
333613,3110861,45703,1751,-41.68,32
333693,3110861,45703,1792,-1.61,33
333773,3110861,45703,1835,-1.67,22
333613,3110781,46175,1810,-1.58,39
333693,3110781,45703,1860,-14.62,22
333773,3110781,45703,1902,-1.71,23
333933,3110781,45703,1993,-1.49,66
