{"type": "FeatureCollection", "features": [{"type": "Feature", "geometry": {"type": "Polygon", "coordinates": [[[85.174251, 27.966042], [85.174251, 27.966024], [85.174231, 27.966024], [85.174231, 27.966006], [85.174211, 27.966006], [85.174211, 27.965988], [85.174231, 27.965988], [85.174232, 27.96597], [85.174252, 27.96597], [85.174252, 27.965952], [85.174272, 27.965953], [85.174272, 27.965971], [85.174292, 27.965971], [85.174292, 27.965989], [85.174313, 27.965989], [85.174312, 27.966007], [85.174292, 27.966007], [85.174292, 27.966025], [85.174271, 27.966025], [85.174271, 27.966043], [85.174251, 27.966042]]]}, "properties": {"layer": "stripped vegetation, day 2", "note": "cloud-free 59% of corridor only"}}, {"type": "Feature", "geometry": {"type": "Polygon", "coordinates": [[[85.17283, 27.965915], [85.17283, 27.965897], [85.17281, 27.965897], [85.17281, 27.965879], [85.17279, 27.965879], [85.17279, 27.965843], [85.172811, 27.965843], [85.172811, 27.965825], [85.172831, 27.965825], [85.172832, 27.965807], [85.172852, 27.965807], [85.172852, 27.965825], [85.172872, 27.965826], [85.172872, 27.965844], [85.172892, 27.965844], [85.172891, 27.96588], [85.172871, 27.96588], [85.172871, 27.965898], [85.17285, 27.965898], [85.17285, 27.965916], [85.17283, 27.965915]]]}, "properties": {"layer": "stripped vegetation, day 2", "note": "cloud-free 59% of corridor only"}}, {"type": "Feature", "geometry": {"type": "Polygon", "coordinates": [[[85.17479, 27.965418], [85.17479, 27.9654], [85.17477, 27.9654], [85.17477, 27.965382], [85.17475, 27.965381], [85.17475, 27.965345], [85.174771, 27.965345], [85.174771, 27.965327], [85.174791, 27.965328], [85.174792, 27.96531], [85.174832, 27.96531], [85.174832, 27.965328], [85.174852, 27.965328], [85.174852, 27.965347], [85.174872, 27.965347], [85.174872, 27.965365], [85.174852, 27.965365], [85.174851, 27.965383], [85.174831, 27.965382], [85.174831, 27.9654], [85.17481, 27.9654], [85.17481, 27.965418], [85.17479, 27.965418]]]}, "properties": {"layer": "stripped vegetation, day 2", "note": "cloud-free 59% of corridor only"}}, {"type": "Feature", "geometry": {"type": "Polygon", "coordinates": [[[85.172478, 27.965098], [85.172478, 27.96508], [85.172458, 27.96508], [85.172458, 27.965062], [85.172438, 27.965062], [85.172438, 27.965044], [85.172458, 27.965044], [85.172458, 27.965026], [85.172479, 27.965026], [85.172479, 27.965008], [85.172499, 27.965008], [85.172499, 27.965026], [85.172519, 27.965027], [85.172519, 27.965045], [85.172539, 27.965045], [85.172539, 27.965063], [85.172519, 27.965063], [85.172519, 27.965081], [85.172498, 27.965081], [85.172498, 27.965099], [85.172478, 27.965098]]]}, "properties": {"layer": "stripped vegetation, day 2", "note": "cloud-free 59% of corridor only"}}, {"type": "Feature", "geometry": {"type": "Polygon", "coordinates": [[[85.173005, 27.96516], [85.173005, 27.965142], [85.172985, 27.965141], [85.172985, 27.965123], [85.172965, 27.965123], [85.172965, 27.965105], [85.172945, 27.965105], [85.172945, 27.965087], [85.172925, 27.965086], [85.172925, 27.965068], [85.172905, 27.965068], [85.172906, 27.965014], [85.172926, 27.965014], [85.172927, 27.964996], [85.172947, 27.964996], [85.172947, 27.964978], [85.173028, 27.964979], [85.173028, 27.964997], [85.173069, 27.964998], [85.173068, 27.965016], [85.173089, 27.965016], [85.173089, 27.965034], [85.173109, 27.965035], [85.173109, 27.965053], [85.173129, 27.965053], [85.173128, 27.965125], [85.173107, 27.965125], [85.173107, 27.965143], [85.173087, 27.965143], [85.173086, 27.965161], [85.173005, 27.96516]]]}, "properties": {"layer": "stripped vegetation, day 2", "note": "cloud-free 59% of corridor only"}}, {"type": "Feature", "geometry": {"type": "Polygon", "coordinates": [[[85.172419, 27.964971], [85.172419, 27.964953], [85.172399, 27.964953], [85.172399, 27.964935], [85.172379, 27.964935], [85.172379, 27.964917], [85.172399, 27.964917], [85.1724, 27.964899], [85.17242, 27.964899], [85.17242, 27.964881], [85.172441, 27.964881], [85.17244, 27.964899], [85.172461, 27.9649], [85.17246, 27.964918], [85.172481, 27.964918], [85.17248, 27.964936], [85.17246, 27.964936], [85.17246, 27.964954], [85.172439, 27.964954], [85.172439, 27.964972], [85.172419, 27.964971]]]}, "properties": {"layer": "stripped vegetation, day 2", "note": "cloud-free 59% of corridor only"}}, {"type": "Feature", "geometry": {"type": "Polygon", "coordinates": [[[85.174838, 27.964985], [85.174838, 27.964967], [85.174818, 27.964967], [85.174818, 27.964949], [85.174798, 27.964949], [85.174798, 27.964913], [85.174819, 27.964913], [85.174819, 27.964895], [85.174839, 27.964895], [85.174839, 27.964877], [85.17486, 27.964877], [85.174859, 27.964895], [85.17488, 27.964896], [85.174879, 27.964914], [85.1749, 27.964914], [85.174899, 27.96495], [85.174879, 27.96495], [85.174879, 27.964968], [85.174858, 27.964968], [85.174858, 27.964986], [85.174838, 27.964985]]]}, "properties": {"layer": "stripped vegetation, day 2", "note": "cloud-free 59% of corridor only"}}, {"type": "Feature", "geometry": {"type": "Polygon", "coordinates": [[[85.174612, 27.965109], [85.174612, 27.965091], [85.174592, 27.96509], [85.174592, 27.965072], [85.174572, 27.965072], [85.174572, 27.965036], [85.174593, 27.965036], [85.174593, 27.965], [85.174573, 27.965], [85.174573, 27.964982], [85.174594, 27.964982], [85.174594, 27.964964], [85.174614, 27.964964], [85.174615, 27.964946], [85.174594, 27.964946], [85.174595, 27.964928], [85.174574, 27.964928], [85.174575, 27.964892], [85.174595, 27.964892], [85.174596, 27.964874], [85.174616, 27.964874], [85.174616, 27.964856], [85.174718, 27.964857], [85.174717, 27.964875], [85.174738, 27.964876], [85.174738, 27.964894], [85.174758, 27.964894], [85.174758, 27.964912], [85.174778, 27.964912], [85.174778, 27.96493], [85.174757, 27.96493], [85.174757, 27.964948], [85.174737, 27.964948], [85.174736, 27.964966], [85.174675, 27.964965], [85.174675, 27.965001], [85.174654, 27.965001], [85.174654, 27.965037], [85.174674, 27.965037], [85.174674, 27.965055], [85.174694, 27.965056], [85.174694, 27.965074], [85.174674, 27.965073], [85.174673, 27.965091], [85.174653, 27.965091], [85.174653, 27.965109], [85.174612, 27.965109]]]}, "properties": {"layer": "stripped vegetation, day 2", "note": "cloud-free 59% of corridor only"}}, {"type": "Feature", "geometry": {"type": "Polygon", "coordinates": [[[85.172991, 27.964816], [85.172991, 27.964798], [85.17295, 27.964798], [85.172951, 27.96478], [85.17293, 27.96478], [85.17293, 27.964761], [85.17291, 27.964761], [85.17291, 27.964743], [85.17289, 27.964743], [85.17289, 27.964725], [85.17287, 27.964725], [85.17287, 27.964707], [85.17285, 27.964706], [85.17285, 27.964724], [85.172829, 27.964724], [85.17283, 27.964706], [85.172809, 27.964706], [85.17281, 27.964688], [85.172789, 27.964687], [85.17279, 27.964633], [85.172811, 27.964634], [85.172811, 27.964616], [85.172831, 27.964616], [85.172832, 27.964598], [85.172872, 27.964598], [85.172872, 27.964616], [85.172892, 27.964617], [85.172892, 27.964635], [85.172912, 27.964635], [85.172913, 27.964617], [85.172933, 27.964617], [85.172933, 27.964599], [85.172954, 27.964599], [85.172954, 27.964581], [85.172994, 27.964582], [85.172994, 27.9646], [85.173035, 27.9646], [85.173035, 27.964618], [85.173055, 27.964619], [85.173055, 27.964637], [85.173075, 27.964637], [85.173074, 27.964691], [85.173094, 27.964691], [85.173094, 27.96471], [85.173135, 27.96471], [85.173134, 27.964728], [85.173155, 27.964728], [85.173154, 27.964746], [85.173175, 27.964747], [85.173174, 27.964765], [85.173154, 27.964764], [85.173154, 27.964782], [85.173133, 27.964782], [85.173133, 27.9648], [85.173052, 27.964799], [85.173052, 27.964817], [85.172991, 27.964816]]]}, "properties": {"layer": "stripped vegetation, day 2", "note": "cloud-free 59% of corridor only"}}, {"type": "Feature", "geometry": {"type": "Polygon", "coordinates": [[[85.173465, 27.96439], [85.173466, 27.964372], [85.173445, 27.964371], [85.173446, 27.964353], [85.173425, 27.964353], [85.173426, 27.964335], [85.173405, 27.964335], [85.173405, 27.964353], [85.173385, 27.964352], [85.173385, 27.964334], [85.173365, 27.964334], [85.173365, 27.964316], [85.173345, 27.964316], [85.173345, 27.964298], [85.173365, 27.964298], [85.173365, 27.96428], [85.173386, 27.96428], [85.173386, 27.964262], [85.173406, 27.964262], [85.173406, 27.96428], [85.173426, 27.964281], [85.173426, 27.964299], [85.173446, 27.964299], [85.173447, 27.964281], [85.173467, 27.964281], [85.173467, 27.964299], [85.173487, 27.9643], [85.173487, 27.964318], [85.173507, 27.964318], [85.173507, 27.964336], [85.173527, 27.964336], [85.173527, 27.964354], [85.173507, 27.964354], [85.173506, 27.964372], [85.173486, 27.964372], [85.173486, 27.96439], [85.173465, 27.96439]]]}, "properties": {"layer": "stripped vegetation, day 2", "note": "cloud-free 59% of corridor only"}}, {"type": "Feature", "geometry": {"type": "Polygon", "coordinates": [[[85.171233, 27.964161], [85.171233, 27.964143], [85.171213, 27.964143], [85.171213, 27.964125], [85.171173, 27.964124], [85.171172, 27.964142], [85.171152, 27.964142], [85.171152, 27.964124], [85.171132, 27.964124], [85.171132, 27.964106], [85.171112, 27.964106], [85.171113, 27.964069], [85.171133, 27.96407], [85.171133, 27.964052], [85.171154, 27.964052], [85.171154, 27.964034], [85.171194, 27.964034], [85.171194, 27.964053], [85.171214, 27.964053], [85.171214, 27.964071], [85.171255, 27.964071], [85.171255, 27.964089], [85.171275, 27.96409], [85.171275, 27.964108], [85.171295, 27.964108], [85.171295, 27.964126], [85.171274, 27.964126], [85.171274, 27.964144], [85.171254, 27.964144], [85.171253, 27.964162], [85.171233, 27.964161]]]}, "properties": {"layer": "stripped vegetation, day 2", "note": "cloud-free 59% of corridor only"}}, {"type": "Feature", "geometry": {"type": "Polygon", "coordinates": [[[85.17475, 27.964136], [85.174751, 27.964118], [85.17473, 27.964118], [85.174731, 27.964099], [85.17471, 27.964099], [85.174711, 27.964081], [85.17469, 27.964081], [85.174691, 27.964063], [85.17467, 27.964063], [85.174671, 27.964027], [85.174691, 27.964027], [85.174691, 27.964009], [85.174712, 27.964009], [85.174712, 27.963991], [85.174732, 27.963991], [85.174733, 27.963973], [85.174753, 27.963973], [85.174753, 27.963991], [85.174773, 27.963992], [85.174773, 27.96401], [85.174793, 27.96401], [85.174792, 27.964082], [85.174812, 27.964083], [85.174812, 27.964101], [85.174792, 27.9641], [85.174791, 27.964118], [85.174771, 27.964118], [85.174771, 27.964136], [85.17475, 27.964136]]]}, "properties": {"layer": "stripped vegetation, day 2", "note": "cloud-free 59% of corridor only"}}, {"type": "Feature", "geometry": {"type": "Polygon", "coordinates": [[[85.169449, 27.963867], [85.169449, 27.963849], [85.169429, 27.963849], [85.169429, 27.963831], [85.169409, 27.96383], [85.169409, 27.963812], [85.169389, 27.963812], [85.169389, 27.963794], [85.16941, 27.963794], [85.16941, 27.963776], [85.16943, 27.963776], [85.169431, 27.963758], [85.169492, 27.963759], [85.169491, 27.963777], [85.169512, 27.963777], [85.169511, 27.963796], [85.169532, 27.963796], [85.169531, 27.963814], [85.169552, 27.963814], [85.169551, 27.963832], [85.169531, 27.963832], [85.169531, 27.96385], [85.16951, 27.96385], [85.16951, 27.963868], [85.169449, 27.963867]]]}, "properties": {"layer": "stripped vegetation, day 2", "note": "cloud-free 59% of corridor only"}}, {"type": "Feature", "geometry": {"type": "Polygon", "coordinates": [[[85.170608, 27.963864], [85.170608, 27.963846], [85.170588, 27.963846], [85.170588, 27.963828], [85.170568, 27.963828], [85.170568, 27.96381], [85.170588, 27.96381], [85.170589, 27.963792], [85.170609, 27.963792], [85.170609, 27.963774], [85.17067, 27.963775], [85.17067, 27.963793], [85.17069, 27.963793], [85.17069, 27.963811], [85.17071, 27.963811], [85.17071, 27.96383], [85.17069, 27.963829], [85.170689, 27.963847], [85.170669, 27.963847], [85.170669, 27.963865], [85.170608, 27.963864]]]}, "properties": {"layer": "stripped vegetation, day 2", "note": "cloud-free 59% of corridor only"}}, {"type": "Feature", "geometry": {"type": "Polygon", "coordinates": [[[85.170366, 27.963735], [85.170366, 27.963717], [85.170346, 27.963716], [85.170346, 27.963698], [85.170326, 27.963698], [85.170326, 27.96368], [85.170347, 27.96368], [85.170347, 27.963662], [85.170367, 27.963662], [85.170368, 27.963644], [85.170388, 27.963645], [85.170388, 27.963627], [85.170449, 27.963627], [85.170449, 27.963646], [85.170469, 27.963646], [85.170469, 27.963664], [85.170489, 27.963664], [85.170489, 27.963682], [85.170469, 27.963682], [85.170468, 27.9637], [85.170448, 27.9637], [85.170448, 27.963718], [85.170407, 27.963717], [85.170407, 27.963735], [85.170366, 27.963735]]]}, "properties": {"layer": "stripped vegetation, day 2", "note": "cloud-free 59% of corridor only"}}, {"type": "Feature", "geometry": {"type": "Polygon", "coordinates": [[[85.172272, 27.964031], [85.172272, 27.964013], [85.172252, 27.964012], [85.172252, 27.963994], [85.172232, 27.963994], [85.172232, 27.963976], [85.172253, 27.963976], [85.172253, 27.963958], [85.172273, 27.963959], [85.172273, 27.963941], [85.172294, 27.963941], [85.172294, 27.963923], [85.172314, 27.963923], [85.172315, 27.963905], [85.172335, 27.963905], [85.172335, 27.963887], [85.172356, 27.963887], [85.172356, 27.963869], [85.172376, 27.96387], [85.172377, 27.963852], [85.172397, 27.963852], [85.172397, 27.963834], [85.172418, 27.963834], [85.172418, 27.963798], [85.172438, 27.963798], [85.172439, 27.96378], [85.172459, 27.963781], [85.172459, 27.963763], [85.17248, 27.963763], [85.17248, 27.963745], [85.1725, 27.963745], [85.172501, 27.963727], [85.172562, 27.963728], [85.172562, 27.96371], [85.172603, 27.96371], [85.172603, 27.963692], [85.172644, 27.963693], [85.172644, 27.963675], [85.172664, 27.963675], [85.172664, 27.963657], [85.172705, 27.963657], [85.172705, 27.963639], [85.172746, 27.96364], [85.172746, 27.963622], [85.172767, 27.963622], [85.172766, 27.96364], [85.172787, 27.963641], [85.172786, 27.963659], [85.172807, 27.963659], [85.172806, 27.963713], [85.172786, 27.963713], [85.172784, 27.963785], [85.172764, 27.963785], [85.172763, 27.963821], [85.172743, 27.96382], [85.172742, 27.963911], [85.172721, 27.96391], [85.172721, 27.963928], [85.172701, 27.963928], [85.1727, 27.963946], [85.17268, 27.963946], [85.17268, 27.963964], [85.172659, 27.963964], [85.17266, 27.963946], [85.172599, 27.963945], [85.172599, 27.963927], [85.172518, 27.963926], [85.172518, 27.963908], [85.172498, 27.963907], [85.172497, 27.963925], [85.172457, 27.963925], [85.172457, 27.963907], [85.172437, 27.963907], [85.172436, 27.963925], [85.172396, 27.963924], [85.172395, 27.963942], [85.172375, 27.963942], [85.172375, 27.96396], [85.172354, 27.96396], [85.172354, 27.963978], [85.172334, 27.963977], [85.172334, 27.963995], [85.172313, 27.963995], [85.172313, 27.964013], [85.172293, 27.964013], [85.172292, 27.964031], [85.172272, 27.964031]]]}, "properties": {"layer": "stripped vegetation, day 2", "note": "cloud-free 59% of corridor only"}}, {"type": "Feature", "geometry": {"type": "Polygon", "coordinates": [[[85.169595, 27.963634], [85.169596, 27.963616], [85.169575, 27.963616], [85.169576, 27.963598], [85.169555, 27.963598], [85.169556, 27.96358], [85.169576, 27.96358], [85.169576, 27.963562], [85.169596, 27.963562], [85.169597, 27.963544], [85.169637, 27.963544], [85.169637, 27.963563], [85.169657, 27.963563], [85.169657, 27.963581], [85.169677, 27.963581], [85.169677, 27.963599], [85.169657, 27.963599], [85.169657, 27.963617], [85.169636, 27.963617], [85.169636, 27.963635], [85.169595, 27.963634]]]}, "properties": {"layer": "stripped vegetation, day 2", "note": "cloud-free 59% of corridor only"}}, {"type": "Feature", "geometry": {"type": "Polygon", "coordinates": [[[85.170224, 27.963733], [85.170224, 27.963715], [85.170204, 27.963714], [85.170204, 27.963696], [85.170184, 27.963696], [85.170184, 27.963678], [85.170204, 27.963678], [85.170205, 27.96366], [85.170225, 27.963661], [85.170225, 27.963643], [85.170246, 27.963643], [85.170246, 27.963607], [85.170226, 27.963606], [85.170227, 27.963534], [85.170247, 27.963535], [85.170248, 27.963517], [85.170268, 27.963517], [85.170268, 27.963499], [85.170289, 27.963499], [85.170288, 27.963517], [85.170309, 27.963517], [85.170308, 27.963535], [85.170329, 27.963536], [85.170328, 27.963554], [85.170349, 27.963554], [85.170348, 27.96359], [85.170328, 27.96359], [85.170328, 27.963608], [85.170307, 27.963608], [85.170307, 27.963644], [85.170327, 27.963644], [85.170326, 27.96368], [85.170306, 27.96368], [85.170306, 27.963698], [85.170285, 27.963698], [85.170285, 27.963716], [85.170265, 27.963715], [85.170264, 27.963733], [85.170224, 27.963733]]]}, "properties": {"layer": "stripped vegetation, day 2", "note": "cloud-free 59% of corridor only"}}, {"type": "Feature", "geometry": {"type": "Polygon", "coordinates": [[[85.174318, 27.964473], [85.174318, 27.964455], [85.174257, 27.964454], [85.174257, 27.964436], [85.174217, 27.964436], [85.174217, 27.964418], [85.174176, 27.964417], [85.174176, 27.964435], [85.174135, 27.964435], [85.174136, 27.964416], [85.174115, 27.964416], [85.174116, 27.964398], [85.174095, 27.964398], [85.174096, 27.96438], [85.174035, 27.964379], [85.174035, 27.964361], [85.173954, 27.96436], [85.173954, 27.964342], [85.173832, 27.96434], [85.173832, 27.964322], [85.173792, 27.964322], [85.173792, 27.964304], [85.173751, 27.964303], [85.173752, 27.964285], [85.173691, 27.964284], [85.173691, 27.964266], [85.17365, 27.964266], [85.173651, 27.964248], [85.17361, 27.964247], [85.17361, 27.964229], [85.17357, 27.964228], [85.17357, 27.96421], [85.173529, 27.96421], [85.17353, 27.964192], [85.173509, 27.964192], [85.17351, 27.964174], [85.173489, 27.964173], [85.17349, 27.964155], [85.173408, 27.964154], [85.173409, 27.964136], [85.173388, 27.964136], [85.173389, 27.964118], [85.173368, 27.964118], [85.173369, 27.964099], [85.173328, 27.964099], [85.173328, 27.964081], [85.173186, 27.964079], [85.173186, 27.964061], [85.173146, 27.96406], [85.173146, 27.964042], [85.173085, 27.964042], [85.173085, 27.964024], [85.173024, 27.964023], [85.173025, 27.964005], [85.172923, 27.964003], [85.172923, 27.963985], [85.172903, 27.963985], [85.172903, 27.963967], [85.172883, 27.963967], [85.172884, 27.963894], [85.172904, 27.963895], [85.172905, 27.963841], [85.172926, 27.963841], [85.172927, 27.963787], [85.172947, 27.963787], [85.172948, 27.963733], [85.172968, 27.963733], [85.172969, 27.963661], [85.17299, 27.963661], [85.172991, 27.963589], [85.173011, 27.963589], [85.173012, 27.963553], [85.173032, 27.963554], [85.173033, 27.963517], [85.173012, 27.963517], [85.173013, 27.963499], [85.173033, 27.963499], [85.173034, 27.963463], [85.173054, 27.963464], [85.173054, 27.963446], [85.173075, 27.963446], [85.173075, 27.963428], [85.173116, 27.963428], [85.173115, 27.963446], [85.173136, 27.963447], [85.173135, 27.963465], [85.173196, 27.963465], [85.173196, 27.963483], [85.173257, 27.963484], [85.173257, 27.963502], [85.173277, 27.963503], [85.173277, 27.963521], [85.173297, 27.963521], [85.173296, 27.963557], [85.173317, 27.963557], [85.173316, 27.963575], [85.173337, 27.963576], [85.173336, 27.963594], [85.173357, 27.963594], [85.173356, 27.963612], [85.173417, 27.963613], [85.173417, 27.963631], [85.173458, 27.963631], [85.173457, 27.963649], [85.173539, 27.96365], [85.173539, 27.963632], [85.173559, 27.963633], [85.173559, 27.963651], [85.173579, 27.963651], [85.173579, 27.963669], [85.173599, 27.963669], [85.173599, 27.963687], [85.173619, 27.963688], [85.173619, 27.963706], [85.173639, 27.963706], [85.173639, 27.963724], [85.173659, 27.963724], [85.173659, 27.963742], [85.173639, 27.963742], [85.173638, 27.963778], [85.173659, 27.963778], [85.173659, 27.96376], [85.173699, 27.963761], [85.1737, 27.963743], [85.17372, 27.963743], [85.17372, 27.963761], [85.17374, 27.963761], [85.17374, 27.96378], [85.173801, 27.96378], [85.173801, 27.963762], [85.173781, 27.963762], [85.173781, 27.963744], [85.173801, 27.963744], [85.173802, 27.963726], [85.173822, 27.963726], [85.173822, 27.963708], [85.173843, 27.963709], [85.173842, 27.963727], [85.173863, 27.963727], [85.173862, 27.963745], [85.173883, 27.963745], [85.173882, 27.963781], [85.173902, 27.963782], [85.173902, 27.9638], [85.173922, 27.9638], [85.173922, 27.963818], [85.173942, 27.963818], [85.173942, 27.963836], [85.173922, 27.963836], [85.173921, 27.963872], [85.173962, 27.963873], [85.173962, 27.963891], [85.173982, 27.963891], [85.173982, 27.963909], [85.174002, 27.963909], [85.174002, 27.963891], [85.174043, 27.963892], [85.174043, 27.963856], [85.174064, 27.963856], [85.174064, 27.963838], [85.174084, 27.963838], [85.174085, 27.96382], [85.174166, 27.963821], [85.174166, 27.963803], [85.174187, 27.963803], [85.174186, 27.963822], [85.174207, 27.963822], [85.174206, 27.96384], [85.174227, 27.96384], [85.174226, 27.963858], [85.174206, 27.963858], [85.174206, 27.963876], [85.174185, 27.963876], [85.174185, 27.963912], [85.174205, 27.963912], [85.174205, 27.96393], [85.174185, 27.96393], [85.174184, 27.963948], [85.174164, 27.963948], [85.174164, 27.963966], [85.174184, 27.963966], [85.174184, 27.963984], [85.174224, 27.963984], [85.174225, 27.963966], [85.174245, 27.963967], [85.174245, 27.963985], [85.174306, 27.963986], [85.174305, 27.964004], [85.174326, 27.964004], [85.174325, 27.964022], [85.174346, 27.964022], [85.174345, 27.964058], [85.174365, 27.964059], [85.174366, 27.964041], [85.174386, 27.964041], [85.174386, 27.964023], [85.174447, 27.964024], [85.174447, 27.964042], [85.174508, 27.964042], [85.174508, 27.96406], [85.174548, 27.964061], [85.174548, 27.964079], [85.174568, 27.964079], [85.174568, 27.964097], [85.174588, 27.964098], [85.174588, 27.964116], [85.174608, 27.964116], [85.174608, 27.964134], [85.174588, 27.964134], [85.174587, 27.964152], [85.174567, 27.964151], [85.174567, 27.96417], [85.174546, 27.964169], [85.174546, 27.964187], [85.174526, 27.964187], [85.174525, 27.964205], [85.174505, 27.964205], [85.174505, 27.964223], [85.174485, 27.964223], [85.174484, 27.964241], [85.174464, 27.96424], [85.174464, 27.964258], [85.174443, 27.964258], [85.174443, 27.964276], [85.174423, 27.964276], [85.174422, 27.964294], [85.174402, 27.964294], [85.174402, 27.964312], [85.174381, 27.964311], [85.174381, 27.96433], [85.174361, 27.964329], [85.17436, 27.964347], [85.174381, 27.964348], [85.17438, 27.964366], [85.174401, 27.964366], [85.174401, 27.964384], [85.174421, 27.964384], [85.17442, 27.96442], [85.1744, 27.96442], [85.1744, 27.964438], [85.174379, 27.964438], [85.174379, 27.964456], [85.174359, 27.964456], [85.174358, 27.964474], [85.174318, 27.964473]]]}, "properties": {"layer": "stripped vegetation, day 2", "note": "cloud-free 59% of corridor only"}}, {"type": "Feature", "geometry": {"type": "Polygon", "coordinates": [[[85.169928, 27.963169], [85.169929, 27.963151], [85.169908, 27.963151], [85.169909, 27.963133], [85.169888, 27.963133], [85.169889, 27.963097], [85.169909, 27.963097], [85.16991, 27.963079], [85.16993, 27.963079], [85.16993, 27.963061], [85.169951, 27.963061], [85.16995, 27.963079], [85.169971, 27.96308], [85.16997, 27.963098], [85.169991, 27.963098], [85.16999, 27.963134], [85.16997, 27.963134], [85.169969, 27.963152], [85.169949, 27.963152], [85.169949, 27.96317], [85.169928, 27.963169]]]}, "properties": {"layer": "stripped vegetation, day 2", "note": "cloud-free 59% of corridor only"}}, {"type": "Feature", "geometry": {"type": "Polygon", "coordinates": [[[85.171863, 27.962978], [85.171863, 27.96296], [85.171822, 27.96296], [85.171823, 27.962942], [85.171741, 27.962941], [85.171742, 27.962923], [85.171721, 27.962922], [85.171722, 27.962904], [85.171701, 27.962904], [85.171702, 27.962886], [85.171681, 27.962886], [85.171683, 27.962814], [85.171703, 27.962814], [85.171703, 27.962796], [85.171724, 27.962796], [85.171724, 27.962778], [85.171744, 27.962778], [85.171744, 27.962796], [85.171764, 27.962797], [85.171764, 27.962815], [85.171784, 27.962815], [85.171784, 27.962833], [85.171825, 27.962834], [85.171824, 27.962852], [85.171845, 27.962852], [85.171844, 27.96287], [85.171885, 27.96287], [85.171885, 27.962888], [85.171905, 27.962889], [85.171905, 27.962907], [85.171925, 27.962907], [85.171925, 27.962925], [85.171945, 27.962925], [85.171945, 27.962943], [85.171924, 27.962943], [85.171924, 27.962961], [85.171904, 27.962961], [85.171903, 27.962979], [85.171863, 27.962978]]]}, "properties": {"layer": "stripped vegetation, day 2", "note": "cloud-free 59% of corridor only"}}, {"type": "Feature", "geometry": {"type": "Polygon", "coordinates": [[[85.169516, 27.963507], [85.169516, 27.963489], [85.169476, 27.963488], [85.169476, 27.96347], [85.169456, 27.96347], [85.169456, 27.963452], [85.169436, 27.963452], [85.169436, 27.963434], [85.169416, 27.963433], [85.169416, 27.963397], [85.169396, 27.963397], [85.169397, 27.963343], [85.169377, 27.963342], [85.169377, 27.963324], [85.169357, 27.963324], [85.169357, 27.963288], [85.169337, 27.963288], [85.169337, 27.963252], [85.169317, 27.963251], [85.169318, 27.963197], [85.169298, 27.963197], [85.169298, 27.963161], [85.169278, 27.963161], [85.169279, 27.963107], [85.169259, 27.963106], [85.169259, 27.963088], [85.169239, 27.963088], [85.169239, 27.963052], [85.169219, 27.963052], [85.169219, 27.963015], [85.169199, 27.963015], [85.1692, 27.962979], [85.169179, 27.962979], [85.16918, 27.962943], [85.16916, 27.962943], [85.16916, 27.962906], [85.16914, 27.962906], [85.16914, 27.962888], [85.16912, 27.962888], [85.169121, 27.962852], [85.1691, 27.962851], [85.169101, 27.962833], [85.16908, 27.962833], [85.169081, 27.962815], [85.16906, 27.962815], [85.169061, 27.962779], [85.169041, 27.962778], [85.169041, 27.96276], [85.16902, 27.96276], [85.169021, 27.962742], [85.169, 27.962742], [85.169001, 27.962724], [85.16898, 27.962724], [85.168981, 27.962705], [85.16896, 27.962705], [85.168961, 27.962687], [85.16894, 27.962687], [85.168941, 27.962669], [85.16892, 27.962669], [85.168921, 27.962632], [85.16888, 27.962632], [85.168881, 27.962614], [85.16886, 27.962614], [85.168861, 27.962596], [85.16884, 27.962595], [85.168841, 27.962559], [85.168861, 27.962559], [85.168862, 27.962541], [85.168841, 27.962541], [85.168842, 27.962523], [85.168821, 27.962523], [85.168822, 27.962505], [85.168801, 27.962505], [85.168801, 27.962486], [85.168781, 27.962486], [85.168781, 27.962468], [85.168802, 27.962468], [85.168802, 27.96245], [85.168822, 27.962451], [85.168823, 27.962433], [85.168843, 27.962433], [85.168843, 27.962451], [85.168863, 27.962451], [85.168863, 27.962469], [85.168883, 27.96247], [85.168883, 27.962488], [85.168903, 27.962488], [85.168903, 27.962506], [85.168923, 27.962506], [85.168923, 27.962524], [85.168943, 27.962524], [85.168943, 27.962543], [85.168963, 27.962543], [85.168963, 27.962561], [85.168983, 27.962561], [85.168983, 27.962579], [85.169003, 27.962579], [85.169003, 27.962597], [85.169023, 27.962598], [85.169023, 27.962616], [85.169043, 27.962616], [85.169043, 27.962634], [85.169063, 27.962634], [85.169063, 27.962652], [85.169083, 27.962653], [85.169083, 27.962671], [85.169103, 27.962671], [85.169103, 27.962689], [85.169123, 27.962689], [85.169123, 27.962707], [85.169143, 27.962708], [85.169143, 27.962744], [85.169163, 27.962744], [85.169163, 27.962762], [85.169183, 27.962762], [85.169183, 27.96278], [85.169203, 27.962781], [85.169202, 27.962817], [85.169223, 27.962817], [85.169223, 27.962835], [85.169243, 27.962835], [85.169242, 27.962871], [85.169263, 27.962872], [85.169262, 27.96289], [85.169283, 27.96289], [85.169282, 27.962926], [85.169302, 27.962926], [85.169302, 27.962962], [85.169322, 27.962963], [85.169321, 27.962999], [85.169342, 27.962999], [85.169341, 27.963035], [85.169361, 27.963035], [85.169361, 27.963072], [85.169381, 27.963072], [85.169381, 27.963108], [85.169401, 27.963108], [85.1694, 27.963144], [85.169421, 27.963145], [85.16942, 27.963181], [85.16944, 27.963181], [85.16944, 27.963217], [85.16946, 27.963217], [85.169459, 27.963253], [85.16948, 27.963254], [85.169479, 27.963308], [85.169499, 27.963308], [85.169499, 27.963326], [85.169519, 27.963326], [85.169518, 27.96338], [85.169539, 27.963381], [85.169538, 27.963417], [85.169558, 27.963417], [85.169558, 27.963453], [85.169578, 27.963453], [85.169578, 27.963471], [85.169557, 27.963471], [85.169557, 27.963489], [85.169537, 27.963489], [85.169536, 27.963507], [85.169516, 27.963507]]]}, "properties": {"layer": "stripped vegetation, day 2", "note": "cloud-free 59% of corridor only"}}, {"type": "Feature", "geometry": {"type": "Polygon", "coordinates": [[[85.17152, 27.962793], [85.171521, 27.962775], [85.1715, 27.962775], [85.171501, 27.962757], [85.17148, 27.962757], [85.171481, 27.962739], [85.17146, 27.962738], [85.171461, 27.96272], [85.1714, 27.96272], [85.1714, 27.962702], [85.17138, 27.962701], [85.17138, 27.962683], [85.171339, 27.962683], [85.17134, 27.962665], [85.171299, 27.962664], [85.171299, 27.962646], [85.171279, 27.962646], [85.171279, 27.962628], [85.171259, 27.962627], [85.171259, 27.962609], [85.171239, 27.962609], [85.171239, 27.962591], [85.171219, 27.962591], [85.171219, 27.962573], [85.171239, 27.962573], [85.17124, 27.962555], [85.171219, 27.962555], [85.17122, 27.962519], [85.1712, 27.962518], [85.1712, 27.9625], [85.17118, 27.9625], [85.17118, 27.962482], [85.1712, 27.962482], [85.171201, 27.962464], [85.171221, 27.962465], [85.171221, 27.962446], [85.171242, 27.962447], [85.171242, 27.962429], [85.171283, 27.962429], [85.171282, 27.962447], [85.171323, 27.962448], [85.171323, 27.962466], [85.171343, 27.962466], [85.171343, 27.962484], [85.171383, 27.962485], [85.171383, 27.962503], [85.171403, 27.962503], [85.171403, 27.962521], [85.171423, 27.962521], [85.171423, 27.962557], [85.171443, 27.962558], [85.171442, 27.962594], [85.171463, 27.962594], [85.171462, 27.962612], [85.171483, 27.962612], [85.171482, 27.96263], [85.171503, 27.962631], [85.171502, 27.962649], [85.171523, 27.962649], [85.171522, 27.962667], [85.171543, 27.962667], [85.171542, 27.962685], [85.171563, 27.962686], [85.171562, 27.96274], [85.171582, 27.96274], [85.171582, 27.962758], [85.171562, 27.962758], [85.171561, 27.962776], [85.171541, 27.962776], [85.171541, 27.962794], [85.17152, 27.962793]]]}, "properties": {"layer": "stripped vegetation, day 2", "note": "cloud-free 59% of corridor only"}}, {"type": "Feature", "geometry": {"type": "Polygon", "coordinates": [[[85.169693, 27.962661], [85.169693, 27.962643], [85.169673, 27.962642], [85.169673, 27.962624], [85.169653, 27.962624], [85.169653, 27.962606], [85.169633, 27.962606], [85.169633, 27.962588], [85.169613, 27.962588], [85.169613, 27.962569], [85.169593, 27.962569], [85.169593, 27.962551], [85.169573, 27.962551], [85.169573, 27.962533], [85.169553, 27.962533], [85.169554, 27.96246], [85.169534, 27.96246], [85.169534, 27.962442], [85.169514, 27.962442], [85.169513, 27.96246], [85.169493, 27.96246], [85.169493, 27.962442], [85.169473, 27.962441], [85.169473, 27.962423], [85.169453, 27.962423], [85.169453, 27.962405], [85.169433, 27.962405], [85.169434, 27.962351], [85.169414, 27.96235], [85.169414, 27.962332], [85.169434, 27.962332], [85.169435, 27.962314], [85.169455, 27.962315], [85.169455, 27.962297], [85.169476, 27.962297], [85.169475, 27.962315], [85.169496, 27.962315], [85.169495, 27.962333], [85.169516, 27.962334], [85.169515, 27.962352], [85.169536, 27.962352], [85.169535, 27.96237], [85.169576, 27.96237], [85.169576, 27.962389], [85.169596, 27.962389], [85.169596, 27.962407], [85.169616, 27.962407], [85.169616, 27.962425], [85.169636, 27.962425], [85.169636, 27.962443], [85.169656, 27.962444], [85.169655, 27.962498], [85.169675, 27.962498], [85.169675, 27.962516], [85.169695, 27.962516], [85.169695, 27.962553], [85.169715, 27.962553], [85.169715, 27.962589], [85.169735, 27.962589], [85.169735, 27.962607], [85.169755, 27.962607], [85.169755, 27.962626], [85.169734, 27.962625], [85.169734, 27.962643], [85.169714, 27.962643], [85.169713, 27.962661], [85.169693, 27.962661]]]}, "properties": {"layer": "stripped vegetation, day 2", "note": "cloud-free 59% of corridor only"}}, {"type": "Feature", "geometry": {"type": "Polygon", "coordinates": [[[85.168661, 27.962376], [85.168661, 27.962358], [85.168641, 27.962358], [85.168641, 27.96234], [85.168621, 27.96234], [85.168622, 27.962304], [85.168642, 27.962304], [85.168642, 27.962286], [85.168663, 27.962286], [85.168663, 27.962268], [85.168683, 27.962268], [85.168683, 27.962286], [85.168703, 27.962287], [85.168703, 27.962305], [85.168723, 27.962305], [85.168723, 27.962323], [85.168743, 27.962323], [85.168743, 27.962341], [85.168723, 27.962341], [85.168722, 27.962359], [85.168702, 27.962359], [85.168702, 27.962377], [85.168661, 27.962376]]]}, "properties": {"layer": "stripped vegetation, day 2", "note": "cloud-free 59% of corridor only"}}, {"type": "Feature", "geometry": {"type": "Polygon", "coordinates": [[[85.168357, 27.9623], [85.168358, 27.962282], [85.168337, 27.962282], [85.168338, 27.962264], [85.168317, 27.962263], [85.168318, 27.962227], [85.168338, 27.962228], [85.168339, 27.96221], [85.168359, 27.96221], [85.168359, 27.962192], [85.16838, 27.962192], [85.168379, 27.96221], [85.1684, 27.96221], [85.168399, 27.962228], [85.16842, 27.962229], [85.168419, 27.962265], [85.168399, 27.962265], [85.168398, 27.962283], [85.168378, 27.962282], [85.168378, 27.9623], [85.168357, 27.9623]]]}, "properties": {"layer": "stripped vegetation, day 2", "note": "cloud-free 59% of corridor only"}}, {"type": "Feature", "geometry": {"type": "Polygon", "coordinates": [[[85.168482, 27.962121], [85.168483, 27.962103], [85.168462, 27.962103], [85.168463, 27.962085], [85.168442, 27.962085], [85.168443, 27.962049], [85.168463, 27.962049], [85.168464, 27.962031], [85.168484, 27.962031], [85.168484, 27.962013], [85.168566, 27.962014], [85.168565, 27.962032], [85.168586, 27.962032], [85.168585, 27.96205], [85.168606, 27.962051], [85.168605, 27.962069], [85.168626, 27.962069], [85.168625, 27.962087], [85.168605, 27.962087], [85.168605, 27.962105], [85.168584, 27.962105], [85.168584, 27.962123], [85.168564, 27.962122], [85.168564, 27.962104], [85.168523, 27.962104], [85.168523, 27.962122], [85.168482, 27.962121]]]}, "properties": {"layer": "stripped vegetation, day 2", "note": "cloud-free 59% of corridor only"}}, {"type": "Feature", "geometry": {"type": "Polygon", "coordinates": [[[85.16826, 27.962028], [85.168261, 27.96201], [85.16824, 27.96201], [85.168241, 27.961992], [85.16822, 27.961991], [85.168221, 27.961973], [85.168241, 27.961974], [85.168241, 27.961956], [85.168262, 27.961956], [85.168262, 27.961938], [85.168303, 27.961938], [85.168302, 27.961956], [85.168323, 27.961957], [85.168322, 27.961975], [85.168343, 27.961975], [85.168342, 27.961993], [85.168322, 27.961993], [85.168322, 27.962011], [85.168301, 27.962011], [85.168301, 27.962029], [85.16826, 27.962028]]]}, "properties": {"layer": "stripped vegetation, day 2", "note": "cloud-free 59% of corridor only"}}, {"type": "Feature", "geometry": {"type": "Polygon", "coordinates": [[[85.170815, 27.962405], [85.170816, 27.962387], [85.170795, 27.962387], [85.170796, 27.962369], [85.170775, 27.962368], [85.170776, 27.962332], [85.170796, 27.962333], [85.170797, 27.962314], [85.170817, 27.962315], [85.170818, 27.962243], [85.170798, 27.962242], [85.170799, 27.962152], [85.170779, 27.962152], [85.17078, 27.962116], [85.170759, 27.962115], [85.17076, 27.962079], [85.17074, 27.962079], [85.170739, 27.962097], [85.170699, 27.962097], [85.170699, 27.962079], [85.170679, 27.962078], [85.170679, 27.96206], [85.170659, 27.96206], [85.170659, 27.962006], [85.17068, 27.962006], [85.17068, 27.96197], [85.17066, 27.96197], [85.17066, 27.961952], [85.17064, 27.961951], [85.17064, 27.961933], [85.170661, 27.961934], [85.170661, 27.961916], [85.170681, 27.961916], [85.170682, 27.961898], [85.170702, 27.961898], [85.170702, 27.961916], [85.170722, 27.961916], [85.170722, 27.961934], [85.170742, 27.961935], [85.170742, 27.961953], [85.170762, 27.961953], [85.170762, 27.961971], [85.170782, 27.961971], [85.170782, 27.961989], [85.170822, 27.96199], [85.170822, 27.962008], [85.170863, 27.962009], [85.170862, 27.962027], [85.170883, 27.962027], [85.170882, 27.962045], [85.170903, 27.962045], [85.170902, 27.962063], [85.170923, 27.962063], [85.170922, 27.962082], [85.170963, 27.962082], [85.170963, 27.9621], [85.170983, 27.9621], [85.170983, 27.962118], [85.171003, 27.962119], [85.171003, 27.962137], [85.171023, 27.962137], [85.171023, 27.962155], [85.171043, 27.962155], [85.171043, 27.962191], [85.171022, 27.962191], [85.171022, 27.962209], [85.171002, 27.962209], [85.171001, 27.962227], [85.170981, 27.962227], [85.17098, 27.962263], [85.17096, 27.962263], [85.17096, 27.962281], [85.170939, 27.96228], [85.170939, 27.962298], [85.170919, 27.962298], [85.170918, 27.962334], [85.170898, 27.962334], [85.170898, 27.962352], [85.170877, 27.962352], [85.170877, 27.96237], [85.170857, 27.962369], [85.170856, 27.962387], [85.170836, 27.962387], [85.170836, 27.962405], [85.170815, 27.962405]]]}, "properties": {"layer": "stripped vegetation, day 2", "note": "cloud-free 59% of corridor only"}}, {"type": "Feature", "geometry": {"type": "Polygon", "coordinates": [[[85.168403, 27.961994], [85.168404, 27.961976], [85.168383, 27.961976], [85.168384, 27.961957], [85.168363, 27.961957], [85.168364, 27.961885], [85.168385, 27.961885], [85.168385, 27.961867], [85.168405, 27.961868], [85.168406, 27.961849], [85.168426, 27.96185], [85.168426, 27.961832], [85.168447, 27.961832], [85.168447, 27.961814], [85.168467, 27.961814], [85.168467, 27.961832], [85.168487, 27.961833], [85.168487, 27.961851], [85.168507, 27.961851], [85.168507, 27.961869], [85.168527, 27.961869], [85.168527, 27.961887], [85.168547, 27.961887], [85.168547, 27.961906], [85.168527, 27.961905], [85.168526, 27.961923], [85.168506, 27.961923], [85.168506, 27.961941], [85.168465, 27.961941], [85.168465, 27.961959], [85.168445, 27.961958], [85.168444, 27.961976], [85.168424, 27.961976], [85.168424, 27.961994], [85.168403, 27.961994]]]}, "properties": {"layer": "stripped vegetation, day 2", "note": "cloud-free 59% of corridor only"}}, {"type": "Feature", "geometry": {"type": "Polygon", "coordinates": [[[85.168283, 27.961866], [85.168284, 27.961848], [85.168263, 27.961848], [85.168264, 27.96183], [85.168243, 27.961829], [85.168244, 27.961775], [85.168265, 27.961775], [85.168265, 27.961757], [85.168285, 27.961758], [85.168286, 27.96174], [85.168306, 27.96174], [85.168307, 27.961704], [85.168327, 27.961704], [85.168327, 27.961668], [85.168348, 27.961668], [85.168348, 27.96165], [85.168368, 27.96165], [85.168369, 27.961632], [85.168389, 27.961633], [85.168389, 27.961651], [85.168409, 27.961651], [85.168409, 27.961669], [85.168429, 27.961669], [85.168429, 27.961687], [85.168449, 27.961688], [85.168449, 27.961706], [85.168469, 27.961706], [85.168468, 27.961742], [85.168448, 27.961742], [85.168448, 27.96176], [85.168428, 27.96176], [85.168427, 27.961778], [85.168387, 27.961777], [85.168386, 27.961831], [85.168365, 27.961831], [85.168365, 27.961849], [85.168345, 27.961849], [85.168344, 27.961867], [85.168283, 27.961866]]]}, "properties": {"layer": "stripped vegetation, day 2", "note": "cloud-free 59% of corridor only"}}, {"type": "Feature", "geometry": {"type": "Polygon", "coordinates": [[[85.170505, 27.961534], [85.170505, 27.961516], [85.170485, 27.961516], [85.170485, 27.961498], [85.170465, 27.961498], [85.170465, 27.961462], [85.170486, 27.961462], [85.170486, 27.961444], [85.170506, 27.961444], [85.170507, 27.961426], [85.170527, 27.961426], [85.170527, 27.961445], [85.170547, 27.961445], [85.170547, 27.961463], [85.170567, 27.961463], [85.170566, 27.961499], [85.170546, 27.961499], [85.170546, 27.961517], [85.170525, 27.961517], [85.170525, 27.961535], [85.170505, 27.961534]]]}, "properties": {"layer": "stripped vegetation, day 2", "note": "cloud-free 59% of corridor only"}}, {"type": "Feature", "geometry": {"type": "Polygon", "coordinates": [[[85.168782, 27.961223], [85.168782, 27.961205], [85.168762, 27.961204], [85.168762, 27.961186], [85.168742, 27.961186], [85.168742, 27.961168], [85.168702, 27.961168], [85.168702, 27.96115], [85.168682, 27.961149], [85.168682, 27.961131], [85.168662, 27.961131], [85.168662, 27.961113], [85.168642, 27.961113], [85.168642, 27.961077], [85.168663, 27.961077], [85.168664, 27.961023], [85.168643, 27.961022], [85.168644, 27.961004], [85.168623, 27.961004], [85.168624, 27.960986], [85.168603, 27.960986], [85.168604, 27.960968], [85.168563, 27.960967], [85.168563, 27.960949], [85.168543, 27.960949], [85.168543, 27.960931], [85.168523, 27.960931], [85.168524, 27.960876], [85.168503, 27.960876], [85.168504, 27.960858], [85.168483, 27.960858], [85.168484, 27.96084], [85.168463, 27.960839], [85.168464, 27.960821], [85.168443, 27.960821], [85.168444, 27.960767], [85.168424, 27.960767], [85.168425, 27.960731], [85.168445, 27.960731], [85.168446, 27.960677], [85.168425, 27.960677], [85.168426, 27.960658], [85.168405, 27.960658], [85.168406, 27.96064], [85.168385, 27.96064], [85.168386, 27.960622], [85.168365, 27.960622], [85.168367, 27.960549], [85.168346, 27.960549], [85.168347, 27.960531], [85.168326, 27.960531], [85.168327, 27.960495], [85.168347, 27.960495], [85.168348, 27.960477], [85.168368, 27.960477], [85.168368, 27.960459], [85.168389, 27.960459], [85.168388, 27.960478], [85.168409, 27.960478], [85.168408, 27.960496], [85.168429, 27.960496], [85.168428, 27.960532], [85.168448, 27.960532], [85.168448, 27.96055], [85.168468, 27.960551], [85.168467, 27.960605], [85.168488, 27.960605], [85.168487, 27.960623], [85.168508, 27.960623], [85.168507, 27.960642], [85.168528, 27.960642], [85.168527, 27.960696], [85.168547, 27.960696], [85.168547, 27.960714], [85.168567, 27.960715], [85.168567, 27.960733], [85.168587, 27.960733], [85.168587, 27.960751], [85.168607, 27.960751], [85.168607, 27.960769], [85.168627, 27.960769], [85.168627, 27.960788], [85.168647, 27.960788], [85.168647, 27.960824], [85.168667, 27.960824], [85.168667, 27.960842], [85.168687, 27.960842], [85.168687, 27.960861], [85.168707, 27.960861], [85.168706, 27.960897], [85.168727, 27.960897], [85.168726, 27.960933], [85.168746, 27.960934], [85.168746, 27.960952], [85.168766, 27.960952], [85.168766, 27.96097], [85.168786, 27.96097], [85.168786, 27.960988], [85.168806, 27.960988], [85.168806, 27.961025], [85.168826, 27.961025], [85.168826, 27.961043], [85.168846, 27.961043], [85.168845, 27.961097], [85.168866, 27.961098], [85.168864, 27.96117], [85.168844, 27.961169], [85.168844, 27.961187], [85.168823, 27.961187], [85.168823, 27.961205], [85.168803, 27.961205], [85.168803, 27.961223], [85.168782, 27.961223]]]}, "properties": {"layer": "stripped vegetation, day 2", "note": "cloud-free 59% of corridor only"}}, {"type": "Feature", "geometry": {"type": "Polygon", "coordinates": [[[85.169059, 27.960468], [85.169059, 27.96045], [85.169039, 27.96045], [85.169039, 27.960432], [85.169019, 27.960432], [85.169021, 27.960323], [85.169041, 27.960324], [85.169042, 27.960306], [85.169062, 27.960306], [85.169062, 27.960288], [85.169083, 27.960288], [85.169082, 27.960306], [85.169103, 27.960307], [85.169102, 27.960325], [85.169123, 27.960325], [85.169122, 27.960343], [85.169143, 27.960343], [85.169142, 27.960361], [85.169163, 27.960361], [85.169162, 27.96038], [85.169142, 27.960379], [85.169141, 27.960415], [85.169121, 27.960415], [85.169121, 27.960433], [85.1691, 27.960433], [85.1691, 27.960451], [85.16908, 27.960451], [85.16908, 27.960469], [85.169059, 27.960468]]]}, "properties": {"layer": "stripped vegetation, day 2", "note": "cloud-free 59% of corridor only"}}, {"type": "Feature", "geometry": {"type": "Polygon", "coordinates": [[[85.169123, 27.960289], [85.169123, 27.960271], [85.169103, 27.96027], [85.169103, 27.960252], [85.169083, 27.960252], [85.169083, 27.960234], [85.169104, 27.960234], [85.169104, 27.960216], [85.169124, 27.960217], [85.169125, 27.960199], [85.169165, 27.960199], [85.169165, 27.960217], [85.169185, 27.960217], [85.169185, 27.960235], [85.169205, 27.960236], [85.169205, 27.960254], [85.169185, 27.960253], [85.169184, 27.960272], [85.169164, 27.960271], [85.169164, 27.960289], [85.169123, 27.960289]]]}, "properties": {"layer": "stripped vegetation, day 2", "note": "cloud-free 59% of corridor only"}}, {"type": "Feature", "geometry": {"type": "Polygon", "coordinates": [[[85.168332, 27.960188], [85.168332, 27.96017], [85.168312, 27.96017], [85.168312, 27.960152], [85.168292, 27.960151], [85.168293, 27.960115], [85.168313, 27.960116], [85.168313, 27.960097], [85.168334, 27.960098], [85.168334, 27.96008], [85.168354, 27.96008], [85.168354, 27.960098], [85.168374, 27.960098], [85.168374, 27.960116], [85.168394, 27.960117], [85.168394, 27.960135], [85.168414, 27.960135], [85.168414, 27.960153], [85.168394, 27.960153], [85.168393, 27.960171], [85.168373, 27.96017], [85.168373, 27.960189], [85.168332, 27.960188]]]}, "properties": {"layer": "stripped vegetation, day 2", "note": "cloud-free 59% of corridor only"}}, {"type": "Feature", "geometry": {"type": "Polygon", "coordinates": [[[85.168355, 27.960044], [85.168355, 27.960026], [85.168335, 27.960026], [85.168335, 27.960008], [85.168315, 27.960007], [85.168315, 27.959989], [85.168335, 27.959989], [85.168336, 27.959971], [85.168356, 27.959972], [85.168356, 27.959954], [85.168377, 27.959954], [85.168376, 27.959972], [85.168397, 27.959972], [85.168396, 27.95999], [85.168417, 27.959991], [85.168416, 27.960009], [85.168396, 27.960008], [85.168396, 27.960026], [85.168375, 27.960026], [85.168375, 27.960044], [85.168355, 27.960044]]]}, "properties": {"layer": "stripped vegetation, day 2", "note": "cloud-free 59% of corridor only"}}, {"type": "Feature", "geometry": {"type": "Polygon", "coordinates": [[[85.16911, 27.959891], [85.16911, 27.959873], [85.16909, 27.959873], [85.16909, 27.959855], [85.16907, 27.959855], [85.16907, 27.959837], [85.16909, 27.959837], [85.16909, 27.959819], [85.169111, 27.959819], [85.169111, 27.959801], [85.169152, 27.959802], [85.169152, 27.959784], [85.169172, 27.959784], [85.169172, 27.959802], [85.169192, 27.959802], [85.169192, 27.95982], [85.169212, 27.959821], [85.169212, 27.959839], [85.169232, 27.959839], [85.169232, 27.959857], [85.169212, 27.959857], [85.169211, 27.959875], [85.169191, 27.959875], [85.169191, 27.959893], [85.16911, 27.959891]]]}, "properties": {"layer": "stripped vegetation, day 2", "note": "cloud-free 59% of corridor only"}}, {"type": "Feature", "geometry": {"type": "Polygon", "coordinates": [[[85.17029, 27.959835], [85.17029, 27.959817], [85.17027, 27.959817], [85.17027, 27.959799], [85.17025, 27.959798], [85.17025, 27.95978], [85.170229, 27.95978], [85.17023, 27.959762], [85.170209, 27.959762], [85.17021, 27.959726], [85.17019, 27.959725], [85.17019, 27.959707], [85.17017, 27.959707], [85.17017, 27.959689], [85.17019, 27.959689], [85.170191, 27.959653], [85.170211, 27.959653], [85.170212, 27.959635], [85.170232, 27.959636], [85.170232, 27.959618], [85.170253, 27.959618], [85.170252, 27.959636], [85.170273, 27.959636], [85.170272, 27.959654], [85.170293, 27.959655], [85.170292, 27.959691], [85.170312, 27.959691], [85.170312, 27.959709], [85.170332, 27.959709], [85.170332, 27.959745], [85.170352, 27.959746], [85.170352, 27.959764], [85.170372, 27.959764], [85.170371, 27.9598], [85.170351, 27.9598], [85.170351, 27.959818], [85.17033, 27.959817], [85.17033, 27.959836], [85.17029, 27.959835]]]}, "properties": {"layer": "stripped vegetation, day 2", "note": "cloud-free 59% of corridor only"}}, {"type": "Feature", "geometry": {"type": "Polygon", "coordinates": [[[85.169528, 27.959211], [85.169528, 27.959193], [85.169508, 27.959193], [85.169508, 27.959175], [85.169488, 27.959175], [85.169488, 27.959156], [85.169468, 27.959156], [85.169468, 27.959138], [85.169488, 27.959138], [85.169488, 27.95912], [85.169509, 27.959121], [85.169509, 27.959103], [85.16955, 27.959103], [85.169549, 27.959121], [85.16957, 27.959121], [85.169569, 27.95914], [85.16959, 27.95914], [85.169589, 27.959176], [85.169569, 27.959176], [85.169569, 27.959194], [85.169548, 27.959193], [85.169548, 27.959211], [85.169528, 27.959211]]]}, "properties": {"layer": "stripped vegetation, day 2", "note": "cloud-free 59% of corridor only"}}, {"type": "Feature", "geometry": {"type": "Polygon", "coordinates": [[[85.169691, 27.959141], [85.169692, 27.959123], [85.169671, 27.959123], [85.169672, 27.959105], [85.169651, 27.959104], [85.169652, 27.959086], [85.169631, 27.959086], [85.169632, 27.959068], [85.169652, 27.959068], [85.169652, 27.95905], [85.169673, 27.959051], [85.169673, 27.959033], [85.169714, 27.959033], [85.169713, 27.959051], [85.169734, 27.959051], [85.169733, 27.959069], [85.169754, 27.95907], [85.169753, 27.959106], [85.169733, 27.959106], [85.169732, 27.959124], [85.169712, 27.959123], [85.169712, 27.959141], [85.169691, 27.959141]]]}, "properties": {"layer": "stripped vegetation, day 2", "note": "cloud-free 59% of corridor only"}}, {"type": "Feature", "geometry": {"type": "Polygon", "coordinates": [[[85.166993, 27.958834], [85.166993, 27.958816], [85.166973, 27.958816], [85.166973, 27.958798], [85.166953, 27.958798], [85.166953, 27.95878], [85.166933, 27.95878], [85.166934, 27.958743], [85.166954, 27.958744], [85.166954, 27.958726], [85.166975, 27.958726], [85.166975, 27.958708], [85.166995, 27.958708], [85.166995, 27.958726], [85.167015, 27.958726], [85.167015, 27.958745], [85.167035, 27.958745], [85.167035, 27.958781], [85.167055, 27.958781], [85.167055, 27.958799], [85.167034, 27.958799], [85.167034, 27.958817], [85.167014, 27.958817], [85.167013, 27.958835], [85.166993, 27.958834]]]}, "properties": {"layer": "stripped vegetation, day 2", "note": "cloud-free 59% of corridor only"}}, {"type": "Feature", "geometry": {"type": "Polygon", "coordinates": [[[85.166874, 27.95867], [85.166874, 27.958652], [85.166854, 27.958652], [85.166854, 27.958634], [85.166834, 27.958634], [85.166834, 27.958616], [85.166814, 27.958615], [85.166814, 27.958597], [85.166794, 27.958597], [85.166794, 27.958579], [85.166774, 27.958579], [85.166775, 27.958525], [85.166754, 27.958524], [85.166755, 27.958506], [85.166734, 27.958506], [85.166735, 27.95847], [85.166715, 27.95847], [85.166715, 27.958452], [85.166695, 27.958451], [85.166695, 27.958433], [85.166675, 27.958433], [85.166675, 27.958415], [85.166655, 27.958415], [85.166655, 27.958397], [85.166635, 27.958397], [85.166635, 27.95836], [85.166615, 27.95836], [85.166615, 27.958324], [85.166595, 27.958324], [85.166595, 27.958306], [85.166575, 27.958305], [85.166575, 27.958287], [85.166596, 27.958288], [85.166596, 27.95827], [85.166616, 27.95827], [85.166617, 27.958252], [85.166637, 27.958252], [85.166637, 27.95827], [85.166657, 27.95827], [85.166657, 27.958288], [85.166677, 27.958289], [85.166677, 27.958307], [85.166697, 27.958307], [85.166697, 27.958325], [85.166717, 27.958325], [85.166716, 27.95838], [85.166736, 27.95838], [85.166736, 27.958398], [85.166756, 27.958398], [85.166756, 27.958416], [85.166776, 27.958416], [85.166776, 27.958434], [85.166796, 27.958435], [85.166796, 27.958453], [85.166817, 27.958453], [85.166816, 27.958489], [85.166836, 27.958489], [85.166836, 27.958507], [85.166856, 27.958508], [85.166856, 27.958544], [85.166876, 27.958544], [85.166875, 27.95858], [85.166896, 27.95858], [85.166895, 27.958599], [85.166916, 27.958599], [85.166915, 27.958617], [85.166936, 27.958617], [85.166935, 27.958635], [85.166915, 27.958635], [85.166915, 27.958653], [85.166894, 27.958653], [85.166894, 27.958671], [85.166874, 27.95867]]]}, "properties": {"layer": "stripped vegetation, day 2", "note": "cloud-free 59% of corridor only"}}, {"type": "Feature", "geometry": {"type": "Polygon", "coordinates": [[[85.165002, 27.957581], [85.165002, 27.957563], [85.164982, 27.957562], [85.164982, 27.957544], [85.164962, 27.957544], [85.164962, 27.957526], [85.164982, 27.957526], [85.164983, 27.957508], [85.164942, 27.957508], [85.164942, 27.957526], [85.164921, 27.957525], [85.164921, 27.957543], [85.164901, 27.957543], [85.1649, 27.957561], [85.16488, 27.957561], [85.16488, 27.957543], [85.16486, 27.957543], [85.16486, 27.957525], [85.16484, 27.957524], [85.164841, 27.957488], [85.164861, 27.957488], [85.164863, 27.957398], [85.164883, 27.957398], [85.164883, 27.95738], [85.164904, 27.957381], [85.164904, 27.957363], [85.164944, 27.957363], [85.164944, 27.957381], [85.164965, 27.957382], [85.164964, 27.9574], [85.164985, 27.9574], [85.164984, 27.957418], [85.165045, 27.957419], [85.165045, 27.957437], [85.165086, 27.957437], [85.165085, 27.957455], [85.165106, 27.957456], [85.165105, 27.957474], [85.165126, 27.957474], [85.165125, 27.957528], [85.165104, 27.957528], [85.165104, 27.957546], [85.165084, 27.957546], [85.165083, 27.957564], [85.165022, 27.957563], [85.165022, 27.957581], [85.165002, 27.957581]]]}, "properties": {"layer": "stripped vegetation, day 2", "note": "cloud-free 59% of corridor only"}}, {"type": "Feature", "geometry": {"type": "Polygon", "coordinates": [[[85.168684, 27.957413], [85.168684, 27.957395], [85.168644, 27.957394], [85.168644, 27.957376], [85.168624, 27.957376], [85.168624, 27.957358], [85.168603, 27.957358], [85.168604, 27.95734], [85.168624, 27.95734], [85.168624, 27.957322], [85.168645, 27.957322], [85.168645, 27.957304], [85.168686, 27.957305], [85.168685, 27.957323], [85.168706, 27.957323], [85.168705, 27.957341], [85.168726, 27.957341], [85.168725, 27.957359], [85.168746, 27.95736], [85.168745, 27.957378], [85.168725, 27.957377], [85.168725, 27.957396], [85.168705, 27.957395], [85.168704, 27.957413], [85.168684, 27.957413]]]}, "properties": {"layer": "stripped vegetation, day 2", "note": "cloud-free 59% of corridor only"}}, {"type": "Feature", "geometry": {"type": "Polygon", "coordinates": [[[85.166516, 27.958214], [85.166516, 27.958196], [85.166496, 27.958196], [85.166496, 27.958178], [85.166476, 27.958178], [85.166476, 27.95816], [85.166456, 27.958159], [85.166456, 27.958123], [85.166436, 27.958123], [85.166436, 27.958105], [85.166416, 27.958105], [85.166416, 27.958087], [85.166396, 27.958086], [85.166396, 27.958068], [85.166376, 27.958068], [85.166376, 27.95805], [85.166356, 27.95805], [85.166356, 27.958032], [85.166336, 27.958032], [85.166336, 27.957995], [85.166316, 27.957995], [85.166316, 27.957977], [85.166296, 27.957977], [85.166296, 27.957959], [85.166276, 27.957959], [85.166277, 27.957922], [85.166256, 27.957922], [85.166257, 27.957868], [85.166217, 27.957867], [85.166217, 27.957849], [85.166197, 27.957849], [85.166197, 27.957831], [85.166177, 27.957831], [85.166177, 27.957813], [85.166157, 27.957813], [85.166157, 27.957795], [85.166137, 27.957794], [85.166137, 27.957776], [85.166116, 27.957776], [85.166117, 27.95774], [85.166097, 27.95774], [85.166097, 27.957722], [85.166077, 27.957721], [85.166077, 27.957703], [85.166057, 27.957703], [85.166057, 27.957667], [85.166037, 27.957667], [85.166037, 27.957649], [85.166017, 27.957648], [85.166017, 27.95763], [85.165997, 27.95763], [85.165998, 27.957594], [85.165977, 27.957594], [85.165978, 27.957576], [85.165937, 27.957575], [85.165937, 27.957557], [85.165917, 27.957557], [85.165917, 27.957539], [85.165897, 27.957538], [85.165897, 27.95752], [85.165877, 27.95752], [85.165877, 27.957502], [85.165837, 27.957501], [85.165837, 27.957483], [85.165817, 27.957483], [85.165817, 27.957465], [85.165776, 27.957465], [85.165776, 27.957446], [85.165756, 27.957446], [85.165756, 27.957428], [85.165716, 27.957428], [85.165716, 27.95741], [85.165696, 27.957409], [85.165696, 27.957391], [85.165635, 27.95739], [85.165635, 27.957372], [85.165595, 27.957372], [85.165595, 27.957354], [85.165554, 27.957353], [85.165555, 27.957335], [85.165514, 27.957335], [85.165514, 27.957317], [85.165474, 27.957316], [85.165474, 27.957298], [85.165433, 27.957298], [85.165434, 27.957279], [85.165393, 27.957279], [85.165393, 27.957261], [85.165332, 27.95726], [85.165333, 27.957242], [85.165292, 27.957241], [85.165292, 27.957223], [85.165231, 27.957223], [85.165232, 27.957205], [85.165191, 27.957204], [85.165191, 27.957186], [85.165151, 27.957185], [85.165151, 27.957167], [85.16509, 27.957167], [85.16509, 27.957149], [85.16505, 27.957148], [85.16505, 27.95713], [85.16503, 27.95713], [85.16503, 27.957112], [85.164969, 27.957111], [85.164969, 27.957093], [85.164929, 27.957092], [85.164929, 27.957074], [85.164868, 27.957073], [85.164868, 27.957055], [85.164828, 27.957055], [85.164828, 27.957037], [85.164787, 27.957036], [85.164788, 27.957018], [85.164747, 27.957018], [85.164747, 27.957], [85.164707, 27.956999], [85.164707, 27.956981], [85.164646, 27.95698], [85.164646, 27.956962], [85.164606, 27.956962], [85.164606, 27.956944], [85.164565, 27.956943], [85.164566, 27.956925], [85.164525, 27.956924], [85.164525, 27.956906], [85.164464, 27.956906], [85.164465, 27.956888], [85.164424, 27.956887], [85.164424, 27.956869], [85.164404, 27.956869], [85.164404, 27.956851], [85.164384, 27.95685], [85.164384, 27.956832], [85.164364, 27.956832], [85.164364, 27.956814], [85.164385, 27.956814], [85.164385, 27.956796], [85.164405, 27.956796], [85.164406, 27.956778], [85.164467, 27.956779], [85.164466, 27.956797], [85.164487, 27.956798], [85.164486, 27.956816], [85.164527, 27.956816], [85.164527, 27.956834], [85.164567, 27.956835], [85.164567, 27.956853], [85.164648, 27.956854], [85.164648, 27.956872], [85.164689, 27.956872], [85.164688, 27.95689], [85.164729, 27.956891], [85.164729, 27.956909], [85.164749, 27.956909], [85.164749, 27.956927], [85.16483, 27.956928], [85.16483, 27.956947], [85.16485, 27.956947], [85.16485, 27.956965], [85.16489, 27.956965], [85.16489, 27.956983], [85.164971, 27.956985], [85.164971, 27.957003], [85.165012, 27.957003], [85.165011, 27.957021], [85.165072, 27.957022], [85.165072, 27.95704], [85.165092, 27.95704], [85.165092, 27.957058], [85.165133, 27.957059], [85.165132, 27.957077], [85.165193, 27.957078], [85.165193, 27.957096], [85.165213, 27.957096], [85.165214, 27.957078], [85.165254, 27.957079], [85.165254, 27.957097], [85.165295, 27.957097], [85.165294, 27.957115], [85.165315, 27.957115], [85.165314, 27.957133], [85.165335, 27.957134], [85.165334, 27.957152], [85.165395, 27.957153], [85.165395, 27.957171], [85.165436, 27.957171], [85.165435, 27.957189], [85.165456, 27.95719], [85.165456, 27.957171], [85.165497, 27.957172], [85.165496, 27.95719], [85.165517, 27.95719], [85.165516, 27.957208], [85.165537, 27.957209], [85.165536, 27.957245], [85.165577, 27.957245], [85.165576, 27.957263], [85.165637, 27.957264], [85.165637, 27.957282], [85.165678, 27.957283], [85.165677, 27.957301], [85.165698, 27.957301], [85.165697, 27.957319], [85.165718, 27.957319], [85.165717, 27.957337], [85.165799, 27.957338], [85.165798, 27.957357], [85.165819, 27.957357], [85.165818, 27.957375], [85.165839, 27.957375], [85.165838, 27.957393], [85.165879, 27.957394], [85.165879, 27.957412], [85.165919, 27.957412], [85.165919, 27.95743], [85.165939, 27.957431], [85.165939, 27.957449], [85.165959, 27.957449], [85.165959, 27.957467], [85.165979, 27.957467], [85.165979, 27.957485], [85.165999, 27.957486], [85.165999, 27.957504], [85.166019, 27.957504], [85.166019, 27.957522], [85.166039, 27.957522], [85.166039, 27.95754], [85.166059, 27.957541], [85.166059, 27.957559], [85.1661, 27.957559], [85.1661, 27.957577], [85.16612, 27.957577], [85.16612, 27.957595], [85.16614, 27.957596], [85.166139, 27.95765], [85.166159, 27.95765], [85.166159, 27.957668], [85.166179, 27.957668], [85.166179, 27.957687], [85.166199, 27.957687], [85.166199, 27.957705], [85.166219, 27.957705], [85.166219, 27.957723], [85.166239, 27.957723], [85.166239, 27.957759], [85.166259, 27.95776], [85.166259, 27.957778], [85.166279, 27.957778], [85.166278, 27.957814], [85.166299, 27.957814], [85.166298, 27.957832], [85.166319, 27.957833], [85.166319, 27.957851], [85.166339, 27.957851], [85.166338, 27.957887], [85.166359, 27.957887], [85.166358, 27.957905], [85.166379, 27.957906], [85.166378, 27.957924], [85.166399, 27.957924], [85.166398, 27.957942], [85.166419, 27.957942], [85.166418, 27.957978], [85.166438, 27.957979], [85.166438, 27.957997], [85.166458, 27.957997], [85.166458, 27.958033], [85.166478, 27.958033], [85.166478, 27.958051], [85.166498, 27.958052], [85.166498, 27.95807], [85.166518, 27.95807], [85.166518, 27.958088], [85.166538, 27.958088], [85.166538, 27.958106], [85.166558, 27.958107], [85.166558, 27.958125], [85.166578, 27.958125], [85.166577, 27.958179], [85.166557, 27.958179], [85.166557, 27.958197], [85.166536, 27.958197], [85.166536, 27.958215], [85.166516, 27.958214]]]}, "properties": {"layer": "stripped vegetation, day 2", "note": "cloud-free 59% of corridor only"}}, {"type": "Feature", "geometry": {"type": "Polygon", "coordinates": [[[85.168245, 27.956902], [85.168246, 27.956884], [85.168225, 27.956883], [85.168226, 27.956865], [85.168205, 27.956865], [85.168206, 27.956847], [85.168226, 27.956847], [85.168226, 27.956829], [85.168247, 27.95683], [85.168247, 27.956812], [85.168287, 27.956812], [85.168287, 27.95683], [85.168307, 27.95683], [85.168307, 27.956848], [85.168328, 27.956849], [85.168327, 27.956867], [85.168307, 27.956867], [85.168307, 27.956885], [85.168286, 27.956884], [85.168286, 27.956902], [85.168245, 27.956902]]]}, "properties": {"layer": "stripped vegetation, day 2", "note": "cloud-free 59% of corridor only"}}, {"type": "Feature", "geometry": {"type": "Polygon", "coordinates": [[[85.168329, 27.95674], [85.16833, 27.956722], [85.168309, 27.956722], [85.16831, 27.956704], [85.168289, 27.956704], [85.16829, 27.956686], [85.16831, 27.956686], [85.16831, 27.956668], [85.168331, 27.956668], [85.168331, 27.95665], [85.168372, 27.956651], [85.168371, 27.956669], [85.168392, 27.956669], [85.168391, 27.956687], [85.168412, 27.956687], [85.168411, 27.956705], [85.168391, 27.956705], [85.168391, 27.956723], [85.16837, 27.956723], [85.16837, 27.956741], [85.168329, 27.95674]]]}, "properties": {"layer": "stripped vegetation, day 2", "note": "cloud-free 59% of corridor only"}}, {"type": "Feature", "geometry": {"type": "Polygon", "coordinates": [[[85.166983, 27.957047], [85.166983, 27.957029], [85.166963, 27.957029], [85.166963, 27.957011], [85.166943, 27.957011], [85.166943, 27.956957], [85.166923, 27.956956], [85.166923, 27.956938], [85.166883, 27.956938], [85.166883, 27.95692], [85.166863, 27.956919], [85.166863, 27.956901], [85.166843, 27.956901], [85.166843, 27.956883], [85.166802, 27.956883], [85.166803, 27.956865], [85.166782, 27.956864], [85.166783, 27.956846], [85.166762, 27.956846], [85.166763, 27.956828], [85.166722, 27.956827], [85.166722, 27.956809], [85.166682, 27.956809], [85.166682, 27.956791], [85.166641, 27.95679], [85.166642, 27.956772], [85.166621, 27.956772], [85.166622, 27.956754], [85.166601, 27.956754], [85.166602, 27.956736], [85.166581, 27.956735], [85.166582, 27.956717], [85.166602, 27.956717], [85.166602, 27.956699], [85.166623, 27.9567], [85.166623, 27.956682], [85.166562, 27.956681], [85.166562, 27.956699], [85.166541, 27.956699], [85.166541, 27.956717], [85.166521, 27.956716], [85.166521, 27.956698], [85.166501, 27.956698], [85.166501, 27.95668], [85.166481, 27.95668], [85.166482, 27.956571], [85.166503, 27.956572], [85.166503, 27.956554], [85.166523, 27.956554], [85.166524, 27.956536], [85.166544, 27.956536], [85.166544, 27.956554], [85.166564, 27.956555], [85.166564, 27.956573], [85.166584, 27.956573], [85.166584, 27.956591], [85.166604, 27.956591], [85.166604, 27.956609], [85.166624, 27.956609], [85.166624, 27.956628], [85.166664, 27.956628], [85.166664, 27.956646], [85.166705, 27.956647], [85.166704, 27.956665], [85.166725, 27.956665], [85.166724, 27.956683], [85.166765, 27.956684], [85.166765, 27.956702], [85.166785, 27.956702], [85.166785, 27.95672], [85.166805, 27.95672], [85.166805, 27.956738], [85.166845, 27.956739], [85.166845, 27.956757], [85.166886, 27.956757], [85.166886, 27.956775], [85.166926, 27.956776], [85.166926, 27.956794], [85.166966, 27.956795], [85.166966, 27.956813], [85.166987, 27.956813], [85.166986, 27.956831], [85.167007, 27.956831], [85.167006, 27.956849], [85.167027, 27.956849], [85.167026, 27.956868], [85.167047, 27.956868], [85.167046, 27.956886], [85.167067, 27.956886], [85.167066, 27.956922], [85.167086, 27.956922], [85.167085, 27.956977], [85.167065, 27.956976], [85.167065, 27.956994], [85.167044, 27.956994], [85.167044, 27.957012], [85.167024, 27.957012], [85.167024, 27.95703], [85.167003, 27.95703], [85.167003, 27.957048], [85.166983, 27.957047]]]}, "properties": {"layer": "stripped vegetation, day 2", "note": "cloud-free 59% of corridor only"}}, {"type": "Feature", "geometry": {"type": "Polygon", "coordinates": [[[85.164303, 27.956831], [85.164303, 27.956813], [85.164242, 27.956812], [85.164243, 27.956794], [85.164202, 27.956794], [85.164202, 27.956776], [85.164162, 27.956775], [85.164162, 27.956757], [85.164121, 27.956757], [85.164122, 27.956739], [85.164061, 27.956738], [85.164061, 27.95672], [85.16402, 27.956719], [85.164021, 27.956701], [85.16396, 27.9567], [85.16396, 27.956682], [85.163919, 27.956682], [85.16392, 27.956664], [85.163879, 27.956663], [85.163879, 27.956645], [85.163839, 27.956645], [85.163839, 27.956626], [85.163798, 27.956626], [85.163799, 27.956608], [85.163738, 27.956607], [85.163738, 27.956589], [85.163718, 27.956589], [85.163718, 27.956571], [85.163698, 27.95657], [85.163698, 27.956552], [85.163678, 27.956552], [85.163678, 27.956534], [85.163698, 27.956534], [85.163699, 27.956516], [85.163719, 27.956517], [85.163719, 27.956499], [85.163739, 27.956499], [85.163739, 27.956517], [85.1638, 27.956518], [85.1638, 27.956536], [85.163861, 27.956537], [85.16386, 27.956555], [85.163901, 27.956555], [85.163901, 27.956573], [85.163962, 27.956574], [85.163961, 27.956592], [85.163982, 27.956592], [85.163982, 27.95661], [85.164022, 27.956611], [85.164022, 27.956629], [85.164062, 27.956629], [85.164062, 27.956648], [85.164143, 27.956649], [85.164143, 27.956667], [85.164164, 27.956667], [85.164163, 27.956685], [85.164204, 27.956685], [85.164204, 27.956704], [85.164244, 27.956704], [85.164244, 27.956722], [85.164305, 27.956723], [85.164305, 27.956741], [85.164325, 27.956741], [85.164325, 27.956759], [85.164345, 27.95676], [85.164345, 27.956778], [85.164365, 27.956778], [85.164365, 27.956796], [85.164344, 27.956796], [85.164344, 27.956814], [85.164324, 27.956813], [85.164323, 27.956831], [85.164303, 27.956831]]]}, "properties": {"layer": "stripped vegetation, day 2", "note": "cloud-free 59% of corridor only"}}, {"type": "Feature", "geometry": {"type": "Polygon", "coordinates": [[[85.167662, 27.956551], [85.167662, 27.956533], [85.167642, 27.956533], [85.167642, 27.956515], [85.167622, 27.956514], [85.167622, 27.956496], [85.167642, 27.956497], [85.167643, 27.956479], [85.167663, 27.956479], [85.167663, 27.956461], [85.167684, 27.956461], [85.167684, 27.956443], [85.167704, 27.956443], [85.167704, 27.956461], [85.167724, 27.956462], [85.167724, 27.95648], [85.167744, 27.95648], [85.167744, 27.956498], [85.167724, 27.956498], [85.167723, 27.956516], [85.167703, 27.956516], [85.167703, 27.956534], [85.167682, 27.956533], [85.167682, 27.956551], [85.167662, 27.956551]]]}, "properties": {"layer": "stripped vegetation, day 2", "note": "cloud-free 59% of corridor only"}}, {"type": "Feature", "geometry": {"type": "Polygon", "coordinates": [[[85.167805, 27.956499], [85.167805, 27.956481], [85.167785, 27.956481], [85.167785, 27.956462], [85.167765, 27.956462], [85.167765, 27.956444], [85.167786, 27.956444], [85.167786, 27.956426], [85.167806, 27.956427], [85.167806, 27.956409], [85.167827, 27.956409], [85.167826, 27.956427], [85.167847, 27.956427], [85.167846, 27.956445], [85.167867, 27.956446], [85.167866, 27.956464], [85.167846, 27.956463], [85.167846, 27.956481], [85.167826, 27.956481], [85.167825, 27.956499], [85.167805, 27.956499]]]}, "properties": {"layer": "stripped vegetation, day 2", "note": "cloud-free 59% of corridor only"}}, {"type": "Feature", "geometry": {"type": "Polygon", "coordinates": [[[85.16612, 27.956386], [85.16612, 27.956368], [85.1661, 27.956368], [85.1661, 27.95635], [85.16608, 27.95635], [85.16608, 27.956331], [85.1661, 27.956332], [85.166101, 27.956314], [85.166121, 27.956314], [85.166121, 27.956296], [85.166142, 27.956296], [85.166141, 27.956314], [85.166162, 27.956315], [85.166161, 27.956333], [85.166182, 27.956333], [85.166181, 27.956351], [85.166161, 27.956351], [85.166161, 27.956369], [85.16614, 27.956368], [85.16614, 27.956386], [85.16612, 27.956386]]]}, "properties": {"layer": "stripped vegetation, day 2", "note": "cloud-free 59% of corridor only"}}, {"type": "Feature", "geometry": {"type": "Polygon", "coordinates": [[[85.165735, 27.956273], [85.165736, 27.956255], [85.165715, 27.956254], [85.165716, 27.956236], [85.165695, 27.956236], [85.165696, 27.956218], [85.165716, 27.956218], [85.165716, 27.9562], [85.165737, 27.956201], [85.165737, 27.956182], [85.165757, 27.956183], [85.165757, 27.956201], [85.165777, 27.956201], [85.165777, 27.956219], [85.165797, 27.956219], [85.165797, 27.956237], [85.165777, 27.956237], [85.165776, 27.956255], [85.165756, 27.956255], [85.165756, 27.956273], [85.165735, 27.956273]]]}, "properties": {"layer": "stripped vegetation, day 2", "note": "cloud-free 59% of corridor only"}}, {"type": "Feature", "geometry": {"type": "Polygon", "coordinates": [[[85.167768, 27.9563], [85.167768, 27.956282], [85.167748, 27.956281], [85.167748, 27.956263], [85.167728, 27.956263], [85.167728, 27.956245], [85.167748, 27.956245], [85.167749, 27.956227], [85.167769, 27.956228], [85.167769, 27.95621], [85.167789, 27.95621], [85.16779, 27.956192], [85.16781, 27.956192], [85.16781, 27.956174], [85.167851, 27.956175], [85.167851, 27.956193], [85.167871, 27.956193], [85.167871, 27.956211], [85.167891, 27.956211], [85.167891, 27.956229], [85.167911, 27.95623], [85.167911, 27.956248], [85.16789, 27.956247], [85.16789, 27.956265], [85.16787, 27.956265], [85.16787, 27.956283], [85.167849, 27.956283], [85.167849, 27.956301], [85.167768, 27.9563]]]}, "properties": {"layer": "stripped vegetation, day 2", "note": "cloud-free 59% of corridor only"}}, {"type": "Feature", "geometry": {"type": "Polygon", "coordinates": [[[85.167604, 27.956388], [85.167604, 27.95637], [85.167583, 27.95637], [85.167584, 27.956352], [85.167563, 27.956351], [85.167564, 27.956297], [85.167585, 27.956297], [85.167585, 27.956279], [85.167605, 27.95628], [85.167606, 27.956244], [85.167586, 27.956243], [85.167586, 27.956225], [85.167566, 27.956225], [85.167566, 27.956189], [85.167587, 27.956189], [85.167587, 27.956171], [85.167607, 27.956171], [85.167607, 27.956153], [85.167628, 27.956154], [85.167628, 27.956136], [85.167648, 27.956136], [85.167648, 27.956154], [85.167668, 27.956154], [85.167668, 27.956172], [85.167688, 27.956172], [85.167688, 27.95619], [85.167668, 27.95619], [85.167667, 27.956226], [85.167647, 27.956226], [85.167646, 27.956262], [85.167667, 27.956262], [85.167666, 27.95628], [85.167687, 27.956281], [85.167686, 27.956335], [85.167665, 27.956335], [85.167665, 27.956353], [85.167645, 27.956352], [85.167644, 27.95637], [85.167624, 27.95637], [85.167624, 27.956388], [85.167604, 27.956388]]]}, "properties": {"layer": "stripped vegetation, day 2", "note": "cloud-free 59% of corridor only"}}, {"type": "Feature", "geometry": {"type": "Polygon", "coordinates": [[[85.167951, 27.956248], [85.167952, 27.95623], [85.167931, 27.95623], [85.167932, 27.956212], [85.167911, 27.956211], [85.167912, 27.956193], [85.167932, 27.956194], [85.167932, 27.956176], [85.167953, 27.956176], [85.167953, 27.956158], [85.167973, 27.956158], [85.167974, 27.95614], [85.167953, 27.95614], [85.167954, 27.956086], [85.167974, 27.956086], [85.167975, 27.956068], [85.167995, 27.956068], [85.167995, 27.95605], [85.168016, 27.95605], [85.168015, 27.956068], [85.168036, 27.956069], [85.168035, 27.956087], [85.168056, 27.956087], [85.168055, 27.956141], [85.168035, 27.956141], [85.168034, 27.956159], [85.168014, 27.956159], [85.168014, 27.956177], [85.167993, 27.956176], [85.167993, 27.956195], [85.168013, 27.956195], [85.168013, 27.956213], [85.167993, 27.956213], [85.167992, 27.956231], [85.167972, 27.95623], [85.167972, 27.956248], [85.167951, 27.956248]]]}, "properties": {"layer": "stripped vegetation, day 2", "note": "cloud-free 59% of corridor only"}}, {"type": "Feature", "geometry": {"type": "Polygon", "coordinates": [[[85.165451, 27.956233], [85.165452, 27.956215], [85.16535, 27.956213], [85.16535, 27.956195], [85.16533, 27.956195], [85.16533, 27.956177], [85.16531, 27.956177], [85.165311, 27.956141], [85.16525, 27.95614], [85.165249, 27.956158], [85.165168, 27.956157], [85.165168, 27.956175], [85.165127, 27.956174], [85.165128, 27.956156], [85.165107, 27.956156], [85.165107, 27.956138], [85.165087, 27.956138], [85.165088, 27.956102], [85.165067, 27.956101], [85.165068, 27.956083], [85.165027, 27.956083], [85.165027, 27.956065], [85.165007, 27.956064], [85.165007, 27.956046], [85.164987, 27.956046], [85.164987, 27.956028], [85.165008, 27.956028], [85.165008, 27.95601], [85.165028, 27.956011], [85.165029, 27.955993], [85.16513, 27.955994], [85.165131, 27.955976], [85.165151, 27.955976], [85.165151, 27.955958], [85.165172, 27.955958], [85.165172, 27.95594], [85.165192, 27.955941], [85.165192, 27.955959], [85.165212, 27.955959], [85.165212, 27.955977], [85.165232, 27.955977], [85.165232, 27.955995], [85.165273, 27.955996], [85.165272, 27.956014], [85.165293, 27.956014], [85.165292, 27.956032], [85.165313, 27.956032], [85.165312, 27.95605], [85.165292, 27.95605], [85.165292, 27.956068], [85.165393, 27.95607], [85.165394, 27.956052], [85.165434, 27.956052], [85.165434, 27.95607], [85.165454, 27.95607], [85.165454, 27.956088], [85.165515, 27.956089], [85.165515, 27.956071], [85.165535, 27.956072], [85.165535, 27.95609], [85.165556, 27.95609], [85.165555, 27.956108], [85.165576, 27.956108], [85.165575, 27.956126], [85.165596, 27.956126], [85.165595, 27.956145], [85.165616, 27.956145], [85.165615, 27.956163], [85.165636, 27.956163], [85.165635, 27.956181], [85.165656, 27.956181], [85.165655, 27.956199], [85.165635, 27.956199], [85.165635, 27.956217], [85.165614, 27.956217], [85.165614, 27.956235], [85.165451, 27.956233]]]}, "properties": {"layer": "stripped vegetation, day 2", "note": "cloud-free 59% of corridor only"}}, {"type": "Feature", "geometry": {"type": "Polygon", "coordinates": [[[85.162679, 27.955474], [85.16268, 27.955456], [85.162619, 27.955455], [85.162619, 27.955437], [85.162599, 27.955437], [85.162599, 27.955419], [85.162579, 27.955418], [85.162579, 27.9554], [85.162559, 27.9554], [85.162559, 27.955382], [85.162539, 27.955382], [85.162539, 27.955364], [85.162498, 27.955363], [85.162499, 27.955345], [85.162417, 27.955344], [85.162418, 27.955326], [85.162397, 27.955326], [85.162398, 27.955308], [85.162377, 27.955307], [85.162378, 27.955289], [85.162357, 27.955289], [85.162358, 27.955271], [85.162337, 27.955271], [85.162338, 27.955253], [85.162358, 27.955253], [85.162358, 27.955235], [85.162379, 27.955235], [85.162379, 27.955217], [85.162399, 27.955217], [85.162399, 27.955235], [85.16244, 27.955236], [85.16244, 27.955218], [85.162481, 27.955219], [85.16248, 27.955237], [85.162501, 27.955237], [85.1625, 27.955255], [85.162521, 27.955255], [85.16252, 27.955273], [85.162541, 27.955273], [85.16254, 27.955292], [85.162561, 27.955292], [85.16256, 27.95531], [85.162581, 27.95531], [85.16258, 27.955328], [85.162621, 27.955329], [85.162621, 27.955347], [85.162641, 27.955347], [85.162641, 27.955365], [85.162661, 27.955365], [85.162661, 27.955383], [85.162701, 27.955384], [85.162701, 27.955402], [85.162721, 27.955402], [85.162721, 27.95542], [85.162741, 27.955421], [85.162741, 27.955439], [85.162721, 27.955438], [85.16272, 27.955456], [85.1627, 27.955456], [85.1627, 27.955474], [85.162679, 27.955474]]]}, "properties": {"layer": "stripped vegetation, day 2", "note": "cloud-free 59% of corridor only"}}, {"type": "Feature", "geometry": {"type": "Polygon", "coordinates": [[[85.164919, 27.955287], [85.164919, 27.955269], [85.164899, 27.955269], [85.164899, 27.955251], [85.164879, 27.955251], [85.164879, 27.955232], [85.164859, 27.955232], [85.164859, 27.955196], [85.164839, 27.955196], [85.164839, 27.955178], [85.164859, 27.955178], [85.16486, 27.95516], [85.16488, 27.95516], [85.16488, 27.955142], [85.164901, 27.955143], [85.1649, 27.955161], [85.164921, 27.955161], [85.16492, 27.955179], [85.164941, 27.955179], [85.16494, 27.955197], [85.164961, 27.955197], [85.16496, 27.955234], [85.164981, 27.955234], [85.16498, 27.955252], [85.16496, 27.955252], [85.16496, 27.95527], [85.164939, 27.955269], [85.164939, 27.955287], [85.164919, 27.955287]]]}, "properties": {"layer": "stripped vegetation, day 2", "note": "cloud-free 59% of corridor only"}}, {"type": "Feature", "geometry": {"type": "Polygon", "coordinates": [[[85.164113, 27.954825], [85.164114, 27.954807], [85.164093, 27.954807], [85.164094, 27.954789], [85.164073, 27.954789], [85.164074, 27.954771], [85.164094, 27.954771], [85.164094, 27.954753], [85.164074, 27.954752], [85.164074, 27.954734], [85.164054, 27.954734], [85.164055, 27.954698], [85.164075, 27.954698], [85.164075, 27.95468], [85.164095, 27.954681], [85.164096, 27.954663], [85.164116, 27.954663], [85.164116, 27.954681], [85.164136, 27.954681], [85.164136, 27.954699], [85.164156, 27.954699], [85.164156, 27.954736], [85.164135, 27.954735], [85.164135, 27.954753], [85.164155, 27.954754], [85.164155, 27.954772], [85.164175, 27.954772], [85.164175, 27.95479], [85.164155, 27.95479], [85.164154, 27.954808], [85.164134, 27.954807], [85.164134, 27.954825], [85.164113, 27.954825]]]}, "properties": {"layer": "stripped vegetation, day 2", "note": "cloud-free 59% of corridor only"}}, {"type": "Feature", "geometry": {"type": "Polygon", "coordinates": [[[85.16154, 27.954322], [85.161541, 27.954304], [85.16152, 27.954303], [85.161521, 27.954285], [85.1615, 27.954285], [85.161501, 27.954267], [85.161521, 27.954267], [85.161521, 27.954249], [85.161542, 27.954249], [85.161542, 27.954231], [85.161583, 27.954232], [85.161582, 27.95425], [85.161603, 27.95425], [85.161602, 27.954268], [85.161623, 27.954268], [85.161622, 27.954287], [85.161602, 27.954286], [85.161602, 27.954304], [85.161581, 27.954304], [85.161581, 27.954322], [85.16154, 27.954322]]]}, "properties": {"layer": "stripped vegetation, day 2", "note": "cloud-free 59% of corridor only"}}, {"type": "Feature", "geometry": {"type": "Polygon", "coordinates": [[[85.15959, 27.954277], [85.15959, 27.954259], [85.15957, 27.954259], [85.15957, 27.954241], [85.15955, 27.954241], [85.15955, 27.954223], [85.15953, 27.954222], [85.15953, 27.954204], [85.15951, 27.954204], [85.15951, 27.954186], [85.15953, 27.954186], [85.159531, 27.954168], [85.15951, 27.954168], [85.159511, 27.95415], [85.159531, 27.95415], [85.159531, 27.954132], [85.159552, 27.954133], [85.159552, 27.954114], [85.159572, 27.954115], [85.159572, 27.954133], [85.159592, 27.954133], [85.159592, 27.954151], [85.159612, 27.954151], [85.159612, 27.954169], [85.159592, 27.954169], [85.159591, 27.954187], [85.159612, 27.954187], [85.159611, 27.954206], [85.159632, 27.954206], [85.159631, 27.954224], [85.159652, 27.954224], [85.159651, 27.954242], [85.159631, 27.954242], [85.159631, 27.95426], [85.15961, 27.95426], [85.15961, 27.954278], [85.15959, 27.954277]]]}, "properties": {"layer": "stripped vegetation, day 2", "note": "cloud-free 59% of corridor only"}}, {"type": "Feature", "geometry": {"type": "Polygon", "coordinates": [[[85.159672, 27.954206], [85.159673, 27.954188], [85.159652, 27.954188], [85.159653, 27.95417], [85.159632, 27.95417], [85.159633, 27.954134], [85.159653, 27.954134], [85.159653, 27.954116], [85.159674, 27.954116], [85.159674, 27.954098], [85.159694, 27.954098], [85.159695, 27.95408], [85.159715, 27.954081], [85.159715, 27.954063], [85.159736, 27.954063], [85.159735, 27.954081], [85.159756, 27.954081], [85.159755, 27.954099], [85.159776, 27.954099], [85.159775, 27.954136], [85.159795, 27.954136], [85.159795, 27.954154], [85.159775, 27.954154], [85.159775, 27.954172], [85.159754, 27.954171], [85.159754, 27.954189], [85.159734, 27.954189], [85.159733, 27.954207], [85.159672, 27.954206]]]}, "properties": {"layer": "stripped vegetation, day 2", "note": "cloud-free 59% of corridor only"}}, {"type": "Feature", "geometry": {"type": "Polygon", "coordinates": [[[85.161695, 27.954793], [85.161695, 27.954775], [85.161675, 27.954775], [85.161675, 27.954757], [85.161655, 27.954756], [85.161656, 27.95472], [85.161676, 27.95472], [85.161677, 27.954684], [85.161656, 27.954684], [85.161657, 27.954666], [85.161636, 27.954666], [85.161636, 27.954648], [85.161616, 27.954647], [85.161616, 27.954629], [85.161596, 27.954629], [85.161597, 27.954575], [85.161617, 27.954575], [85.161618, 27.954557], [85.161597, 27.954557], [85.161598, 27.954539], [85.161618, 27.954539], [85.161618, 27.954521], [85.161598, 27.954521], [85.161598, 27.954503], [85.161578, 27.954503], [85.161579, 27.954448], [85.161559, 27.954448], [85.161559, 27.95443], [85.161539, 27.95443], [85.161539, 27.954412], [85.161559, 27.954412], [85.161559, 27.954394], [85.16158, 27.954394], [85.16158, 27.954376], [85.1616, 27.954376], [85.1616, 27.954395], [85.16162, 27.954395], [85.16162, 27.954413], [85.16164, 27.954413], [85.161641, 27.954377], [85.161661, 27.954377], [85.161662, 27.954359], [85.161682, 27.95436], [85.161682, 27.954341], [85.161723, 27.954342], [85.161723, 27.954324], [85.161744, 27.954324], [85.161744, 27.954306], [85.161764, 27.954306], [85.161765, 27.954288], [85.161785, 27.954289], [85.161785, 27.954307], [85.161825, 27.954307], [85.161826, 27.954253], [85.161806, 27.954253], [85.161806, 27.954217], [85.161786, 27.954217], [85.161786, 27.954198], [85.161807, 27.954199], [85.161807, 27.954181], [85.161827, 27.954181], [85.161828, 27.954163], [85.161848, 27.954163], [85.161848, 27.954145], [85.161889, 27.954146], [85.161889, 27.954164], [85.161929, 27.954164], [85.16193, 27.954146], [85.16195, 27.954147], [85.16195, 27.95411], [85.161971, 27.954111], [85.161971, 27.954093], [85.161991, 27.954093], [85.161992, 27.954075], [85.162012, 27.954075], [85.162012, 27.954057], [85.162033, 27.954057], [85.162033, 27.954039], [85.162074, 27.95404], [85.162073, 27.954058], [85.162114, 27.954058], [85.162114, 27.954077], [85.162154, 27.954077], [85.162155, 27.954041], [85.162175, 27.954041], [85.162176, 27.954023], [85.162196, 27.954023], [85.162196, 27.954005], [85.162217, 27.954006], [85.162217, 27.953988], [85.162237, 27.953988], [85.162237, 27.95397], [85.162298, 27.953971], [85.162298, 27.953989], [85.162318, 27.953989], [85.162318, 27.954007], [85.162338, 27.954007], [85.162337, 27.954079], [85.162317, 27.954079], [85.162316, 27.954115], [85.162296, 27.954115], [85.162296, 27.954133], [85.162275, 27.954133], [85.162275, 27.954151], [85.162255, 27.954151], [85.162254, 27.954169], [85.162234, 27.954168], [85.162234, 27.954186], [85.162193, 27.954186], [85.162193, 27.954204], [85.162173, 27.954204], [85.162172, 27.954222], [85.162152, 27.954221], [85.162152, 27.954239], [85.162131, 27.954239], [85.16213, 27.954293], [85.162151, 27.954294], [85.16215, 27.954312], [85.16213, 27.954311], [85.16213, 27.954329], [85.162109, 27.954329], [85.162109, 27.954347], [85.162068, 27.954347], [85.162069, 27.954329], [85.162048, 27.954328], [85.162048, 27.954346], [85.162007, 27.954346], [85.162007, 27.954364], [85.161987, 27.954364], [85.161987, 27.954382], [85.161946, 27.954381], [85.161946, 27.954399], [85.161905, 27.954399], [85.161905, 27.954417], [85.161864, 27.954416], [85.161864, 27.954398], [85.161803, 27.954397], [85.161803, 27.954415], [85.161783, 27.954415], [85.161782, 27.954451], [85.161762, 27.954451], [85.161761, 27.954469], [85.161741, 27.954469], [85.161741, 27.954487], [85.161721, 27.954486], [85.16172, 27.954504], [85.16168, 27.954504], [85.161679, 27.95454], [85.161699, 27.95454], [85.161699, 27.954558], [85.161719, 27.954559], [85.161719, 27.954577], [85.161739, 27.954577], [85.161739, 27.954595], [85.161759, 27.954595], [85.161759, 27.954613], [85.161779, 27.954614], [85.161779, 27.95465], [85.161758, 27.954649], [85.161758, 27.954667], [85.161738, 27.954667], [85.161737, 27.954685], [85.161717, 27.954685], [85.161717, 27.954703], [85.161737, 27.954703], [85.161737, 27.954721], [85.161757, 27.954722], [85.161757, 27.954758], [85.161736, 27.954757], [85.161736, 27.954775], [85.161716, 27.954775], [85.161715, 27.954793], [85.161695, 27.954793]]]}, "properties": {"layer": "stripped vegetation, day 2", "note": "cloud-free 59% of corridor only"}}, {"type": "Feature", "geometry": {"type": "Polygon", "coordinates": [[[85.161362, 27.954048], [85.161362, 27.95403], [85.161342, 27.95403], [85.161342, 27.954012], [85.161322, 27.954012], [85.161322, 27.953994], [85.161302, 27.953993], [85.161302, 27.953975], [85.161282, 27.953975], [85.161282, 27.953993], [85.161261, 27.953993], [85.161262, 27.953975], [85.161241, 27.953975], [85.161242, 27.953957], [85.161221, 27.953956], [85.161222, 27.953938], [85.161201, 27.953938], [85.161202, 27.95392], [85.161222, 27.95392], [85.161222, 27.953902], [85.161243, 27.953902], [85.161243, 27.953884], [85.161263, 27.953885], [85.161263, 27.953903], [85.161283, 27.953903], [85.161283, 27.953921], [85.161303, 27.953921], [85.161303, 27.953939], [85.161323, 27.95394], [85.161324, 27.953922], [85.161344, 27.953922], [85.161344, 27.95394], [85.161364, 27.95394], [85.161364, 27.953958], [85.161384, 27.953958], [85.161384, 27.95394], [85.161405, 27.953941], [85.161405, 27.953923], [85.161425, 27.953923], [85.161425, 27.953941], [85.161445, 27.953941], [85.161445, 27.953959], [85.161465, 27.95396], [85.161465, 27.953978], [85.161445, 27.953977], [85.161444, 27.953995], [85.161424, 27.953995], [85.161424, 27.954013], [85.161403, 27.954013], [85.161403, 27.954031], [85.161383, 27.954031], [85.161382, 27.954049], [85.161362, 27.954048]]]}, "properties": {"layer": "stripped vegetation, day 2", "note": "cloud-free 59% of corridor only"}}, {"type": "Feature", "geometry": {"type": "Polygon", "coordinates": [[[85.16171, 27.953927], [85.16171, 27.953909], [85.16169, 27.953908], [85.16169, 27.95389], [85.16167, 27.95389], [85.16167, 27.953872], [85.16165, 27.953872], [85.16165, 27.953854], [85.16167, 27.953854], [85.161671, 27.953836], [85.161691, 27.953836], [85.161691, 27.953818], [85.161732, 27.953819], [85.161732, 27.953837], [85.161752, 27.953837], [85.161752, 27.953855], [85.161772, 27.953855], [85.161771, 27.953891], [85.161751, 27.953891], [85.161751, 27.953909], [85.16173, 27.953909], [85.16173, 27.953927], [85.16171, 27.953927]]]}, "properties": {"layer": "stripped vegetation, day 2", "note": "cloud-free 59% of corridor only"}}, {"type": "Feature", "geometry": {"type": "Polygon", "coordinates": [[[85.160049, 27.953562], [85.160049, 27.953544], [85.160029, 27.953543], [85.160029, 27.953525], [85.160009, 27.953525], [85.16001, 27.953471], [85.16003, 27.953471], [85.160031, 27.953453], [85.160051, 27.953453], [85.160051, 27.953435], [85.160072, 27.953436], [85.160072, 27.953417], [85.160092, 27.953418], [85.160092, 27.953436], [85.160112, 27.953436], [85.160112, 27.953454], [85.160132, 27.953454], [85.160132, 27.953472], [85.160112, 27.953472], [85.160111, 27.953526], [85.16009, 27.953526], [85.16009, 27.953544], [85.16007, 27.953544], [85.160069, 27.953562], [85.160049, 27.953562]]]}, "properties": {"layer": "stripped vegetation, day 2", "note": "cloud-free 59% of corridor only"}}, {"type": "Feature", "geometry": {"type": "Polygon", "coordinates": [[[85.159928, 27.953488], [85.159929, 27.95347], [85.159908, 27.953469], [85.159909, 27.953451], [85.159888, 27.953451], [85.159889, 27.953415], [85.159909, 27.953415], [85.15991, 27.953397], [85.15993, 27.953398], [85.15993, 27.95338], [85.159951, 27.95338], [85.159951, 27.953362], [85.159971, 27.953362], [85.159971, 27.953344], [85.160012, 27.953344], [85.160012, 27.953326], [85.160033, 27.953327], [85.160032, 27.953345], [85.160053, 27.953345], [85.160052, 27.953363], [85.160073, 27.953363], [85.160072, 27.953399], [85.160052, 27.953399], [85.160052, 27.953417], [85.160031, 27.953417], [85.160031, 27.953435], [85.15999, 27.953434], [85.15999, 27.953452], [85.15997, 27.953452], [85.159969, 27.95347], [85.159949, 27.95347], [85.159949, 27.953488], [85.159928, 27.953488]]]}, "properties": {"layer": "stripped vegetation, day 2", "note": "cloud-free 59% of corridor only"}}, {"type": "Feature", "geometry": {"type": "Polygon", "coordinates": [[[85.161679, 27.953349], [85.161679, 27.953331], [85.161659, 27.95333], [85.161659, 27.953312], [85.161639, 27.953312], [85.161639, 27.953294], [85.161659, 27.953294], [85.16166, 27.953276], [85.16168, 27.953277], [85.16168, 27.953258], [85.161701, 27.953259], [85.161701, 27.953241], [85.161721, 27.953241], [85.161722, 27.953223], [85.161742, 27.953223], [85.161742, 27.953205], [85.161783, 27.953206], [85.161783, 27.953224], [85.161803, 27.953224], [85.161803, 27.953242], [85.161823, 27.953242], [85.161823, 27.95326], [85.161843, 27.953261], [85.161843, 27.953279], [85.161822, 27.953278], [85.161822, 27.953296], [85.161802, 27.953296], [85.161801, 27.953314], [85.161761, 27.953314], [85.16176, 27.953332], [85.16174, 27.953331], [85.16174, 27.953313], [85.16172, 27.953313], [85.16172, 27.953331], [85.161699, 27.953331], [85.161699, 27.953349], [85.161679, 27.953349]]]}, "properties": {"layer": "stripped vegetation, day 2", "note": "cloud-free 59% of corridor only"}}, {"type": "Feature", "geometry": {"type": "Polygon", "coordinates": [[[85.161662, 27.953168], [85.161662, 27.95315], [85.161601, 27.953149], [85.161601, 27.953131], [85.161581, 27.953131], [85.161581, 27.953113], [85.161561, 27.953113], [85.161561, 27.953094], [85.161581, 27.953095], [85.161582, 27.953077], [85.161602, 27.953077], [85.161602, 27.953059], [85.161623, 27.953059], [85.161623, 27.953041], [85.161684, 27.953042], [85.161684, 27.95306], [85.161704, 27.95306], [85.161704, 27.953078], [85.161724, 27.953079], [85.161723, 27.953115], [85.161744, 27.953115], [85.161743, 27.953133], [85.161723, 27.953133], [85.161723, 27.953151], [85.161703, 27.95315], [85.161702, 27.953169], [85.161662, 27.953168]]]}, "properties": {"layer": "stripped vegetation, day 2", "note": "cloud-free 59% of corridor only"}}, {"type": "Feature", "geometry": {"type": "Polygon", "coordinates": [[[85.164055, 27.954662], [85.164055, 27.954644], [85.164035, 27.954644], [85.164035, 27.954626], [85.164015, 27.954625], [85.164016, 27.954589], [85.163995, 27.954589], [85.163997, 27.954517], [85.163976, 27.954517], [85.163977, 27.95448], [85.163957, 27.95448], [85.163958, 27.954408], [85.163937, 27.954408], [85.163938, 27.954372], [85.163918, 27.954371], [85.163919, 27.954317], [85.163898, 27.954317], [85.163899, 27.954263], [85.163879, 27.954263], [85.16388, 27.954172], [85.16386, 27.954172], [85.163861, 27.954136], [85.16384, 27.954136], [85.163841, 27.9541], [85.163861, 27.9541], [85.163862, 27.954082], [85.163841, 27.954082], [85.163842, 27.954063], [85.163821, 27.954063], [85.163822, 27.954027], [85.163802, 27.954027], [85.163803, 27.953973], [85.163782, 27.953972], [85.163783, 27.953918], [85.163763, 27.953918], [85.163764, 27.953864], [85.163743, 27.953864], [85.163744, 27.953828], [85.163724, 27.953827], [85.163724, 27.953791], [85.163745, 27.953791], [85.163745, 27.953773], [85.163725, 27.953773], [85.163725, 27.953755], [85.163705, 27.953755], [85.163706, 27.953701], [85.163685, 27.9537], [85.163686, 27.953646], [85.163666, 27.953646], [85.163666, 27.953628], [85.163646, 27.953628], [85.163647, 27.953555], [85.163627, 27.953555], [85.163628, 27.953501], [85.163607, 27.953501], [85.163608, 27.953465], [85.163588, 27.953464], [85.163589, 27.953392], [85.163568, 27.953392], [85.163569, 27.953338], [85.163549, 27.953338], [85.16355, 27.953302], [85.163529, 27.953301], [85.16353, 27.953247], [85.16351, 27.953247], [85.163511, 27.953193], [85.163491, 27.953192], [85.163491, 27.953174], [85.163511, 27.953175], [85.163511, 27.953157], [85.163491, 27.953156], [85.163492, 27.953102], [85.163512, 27.953102], [85.163513, 27.953084], [85.163492, 27.953084], [85.163493, 27.953066], [85.163472, 27.953066], [85.163473, 27.95303], [85.163453, 27.953029], [85.163454, 27.952921], [85.163475, 27.952921], [85.163475, 27.952903], [85.163495, 27.952904], [85.163496, 27.952886], [85.163516, 27.952886], [85.163516, 27.952904], [85.163536, 27.952904], [85.163536, 27.952922], [85.163556, 27.952923], [85.163554, 27.953031], [85.163575, 27.953031], [85.163574, 27.953067], [85.163554, 27.953067], [85.163553, 27.953085], [85.163574, 27.953085], [85.163573, 27.953103], [85.163594, 27.953104], [85.163593, 27.953158], [85.163572, 27.953157], [85.163572, 27.953175], [85.163592, 27.953176], [85.163592, 27.953212], [85.163612, 27.953212], [85.163611, 27.953266], [85.163632, 27.953267], [85.163631, 27.953303], [85.163651, 27.953303], [85.163651, 27.953321], [85.163671, 27.953321], [85.163671, 27.953339], [85.163691, 27.953339], [85.163691, 27.953358], [85.163711, 27.953358], [85.163711, 27.953376], [85.163691, 27.953376], [85.163689, 27.953466], [85.163709, 27.953466], [85.163709, 27.95352], [85.163729, 27.95352], [85.163728, 27.953575], [85.163748, 27.953575], [85.163748, 27.953593], [85.163768, 27.953593], [85.163767, 27.953665], [85.163787, 27.953666], [85.163787, 27.95372], [85.163807, 27.95372], [85.163806, 27.953756], [85.163786, 27.953756], [85.163786, 27.953774], [85.163806, 27.953774], [85.163806, 27.953792], [85.163826, 27.953793], [85.163825, 27.953829], [85.163846, 27.953829], [85.163845, 27.953865], [85.163865, 27.953865], [85.163864, 27.953937], [85.163884, 27.953938], [85.163884, 27.953992], [85.163904, 27.953992], [85.163903, 27.954028], [85.163924, 27.954028], [85.163923, 27.954065], [85.163903, 27.954064], [85.163902, 27.954082], [85.163923, 27.954083], [85.163922, 27.954101], [85.163943, 27.954101], [85.163942, 27.954137], [85.163962, 27.954137], [85.163961, 27.954191], [85.163982, 27.954192], [85.163981, 27.954246], [85.164001, 27.954246], [85.164, 27.9543], [85.164021, 27.954301], [85.164019, 27.954373], [85.16404, 27.954373], [85.164039, 27.954427], [85.164059, 27.954427], [85.164058, 27.954482], [85.164079, 27.954482], [85.164078, 27.954536], [85.164098, 27.954536], [85.164097, 27.95459], [85.164117, 27.954591], [85.164117, 27.954627], [85.164096, 27.954626], [85.164096, 27.954644], [85.164076, 27.954644], [85.164075, 27.954662], [85.164055, 27.954662]]]}, "properties": {"layer": "stripped vegetation, day 2", "note": "cloud-free 59% of corridor only"}}, {"type": "Feature", "geometry": {"type": "Polygon", "coordinates": [[[85.163496, 27.952868], [85.163496, 27.95285], [85.163476, 27.952849], [85.163476, 27.952831], [85.163456, 27.952831], [85.163456, 27.952813], [85.163477, 27.952813], [85.163478, 27.952741], [85.163498, 27.952741], [85.1635, 27.952633], [85.16352, 27.952633], [85.163521, 27.952615], [85.163541, 27.952616], [85.163542, 27.952561], [85.163562, 27.952562], [85.163563, 27.952526], [85.163583, 27.952526], [85.163584, 27.952472], [85.163604, 27.952472], [85.163605, 27.952454], [85.163625, 27.952454], [85.163625, 27.952436], [85.163646, 27.952436], [85.163646, 27.952418], [85.163626, 27.952418], [85.163626, 27.952382], [85.163647, 27.952382], [85.163647, 27.952346], [85.163667, 27.952346], [85.163669, 27.952274], [85.163689, 27.952275], [85.163689, 27.952257], [85.16371, 27.952257], [85.16371, 27.952239], [85.16373, 27.952239], [85.163731, 27.952203], [85.163711, 27.952203], [85.163712, 27.95213], [85.163732, 27.952131], [85.163732, 27.952113], [85.163753, 27.952113], [85.163753, 27.952095], [85.163773, 27.952095], [85.163773, 27.952113], [85.163793, 27.952113], [85.163793, 27.952132], [85.163813, 27.952132], [85.163812, 27.952204], [85.163792, 27.952204], [85.163792, 27.952222], [85.163771, 27.952221], [85.163771, 27.952258], [85.163791, 27.952258], [85.163791, 27.952276], [85.16377, 27.952276], [85.163769, 27.95233], [85.163749, 27.952329], [85.163748, 27.952384], [85.163728, 27.952383], [85.163727, 27.952419], [85.163707, 27.952419], [85.163707, 27.952437], [85.163686, 27.952437], [85.163686, 27.952455], [85.163666, 27.952455], [85.163665, 27.952473], [85.163686, 27.952473], [85.163685, 27.952527], [85.163664, 27.952527], [85.163664, 27.952563], [85.163643, 27.952563], [85.163643, 27.952617], [85.163622, 27.952617], [85.163621, 27.952671], [85.163601, 27.95267], [85.1636, 27.952743], [85.163579, 27.952742], [85.163578, 27.952815], [85.163558, 27.952814], [85.163558, 27.952832], [85.163537, 27.952832], [85.163537, 27.95285], [85.163517, 27.95285], [85.163516, 27.952868], [85.163496, 27.952868]]]}, "properties": {"layer": "stripped vegetation, day 2", "note": "cloud-free 59% of corridor only"}}, {"type": "Feature", "geometry": {"type": "Polygon", "coordinates": [[[85.163756, 27.951896], [85.163757, 27.951878], [85.163736, 27.951878], [85.163737, 27.95186], [85.163716, 27.95186], [85.163719, 27.951697], [85.163739, 27.951698], [85.16374, 27.95168], [85.16376, 27.95168], [85.16376, 27.951662], [85.163781, 27.951662], [85.16378, 27.95168], [85.163801, 27.95168], [85.1638, 27.951698], [85.163821, 27.951699], [85.163818, 27.951861], [85.163798, 27.951861], [85.163797, 27.951879], [85.163777, 27.951879], [85.163777, 27.951897], [85.163756, 27.951896]]]}, "properties": {"layer": "stripped vegetation, day 2", "note": "cloud-free 59% of corridor only"}}, {"type": "Feature", "geometry": {"type": "Polygon", "coordinates": [[[85.160509, 27.951618], [85.160509, 27.9516], [85.160489, 27.9516], [85.160489, 27.951582], [85.160469, 27.951582], [85.160469, 27.951564], [85.160489, 27.951564], [85.16049, 27.951546], [85.16051, 27.951546], [85.16051, 27.951528], [85.160531, 27.951528], [85.16053, 27.951546], [85.160551, 27.951547], [85.16055, 27.951565], [85.160571, 27.951565], [85.16057, 27.951583], [85.16055, 27.951583], [85.16055, 27.951601], [85.16053, 27.951601], [85.160529, 27.951619], [85.160509, 27.951618]]]}, "properties": {"layer": "stripped vegetation, day 2", "note": "cloud-free 59% of corridor only"}}, {"type": "Feature", "geometry": {"type": "Polygon", "coordinates": [[[85.163092, 27.951527], [85.163092, 27.951509], [85.163072, 27.951508], [85.163072, 27.95149], [85.163052, 27.95149], [85.163052, 27.951472], [85.163072, 27.951472], [85.163073, 27.951454], [85.163093, 27.951454], [85.163093, 27.951436], [85.163114, 27.951437], [85.163113, 27.951455], [85.163134, 27.951455], [85.163133, 27.951473], [85.163154, 27.951473], [85.163153, 27.951491], [85.163133, 27.951491], [85.163133, 27.951509], [85.163113, 27.951509], [85.163112, 27.951527], [85.163092, 27.951527]]]}, "properties": {"layer": "stripped vegetation, day 2", "note": "cloud-free 59% of corridor only"}}, {"type": "Feature", "geometry": {"type": "Polygon", "coordinates": [[[85.163742, 27.951571], [85.163742, 27.951553], [85.163722, 27.951553], [85.163722, 27.951535], [85.163702, 27.951535], [85.163704, 27.951408], [85.163724, 27.951409], [85.163724, 27.951391], [85.163745, 27.951391], [85.163745, 27.951373], [85.163765, 27.951373], [85.163765, 27.951391], [85.163785, 27.951391], [85.163785, 27.951409], [85.163805, 27.95141], [85.163803, 27.951536], [85.163783, 27.951536], [85.163783, 27.951554], [85.163762, 27.951554], [85.163762, 27.951572], [85.163742, 27.951571]]]}, "properties": {"layer": "stripped vegetation, day 2", "note": "cloud-free 59% of corridor only"}}, {"type": "Feature", "geometry": {"type": "Polygon", "coordinates": [[[85.163727, 27.951228], [85.163727, 27.95121], [85.163707, 27.95121], [85.163707, 27.951192], [85.163687, 27.951192], [85.163688, 27.951137], [85.163708, 27.951138], [85.163709, 27.95112], [85.163729, 27.95112], [85.163729, 27.951102], [85.16375, 27.951102], [85.163749, 27.95112], [85.16377, 27.95112], [85.163769, 27.951138], [85.16379, 27.951139], [85.163789, 27.951193], [85.163768, 27.951193], [85.163768, 27.951211], [85.163748, 27.95121], [85.163747, 27.951228], [85.163727, 27.951228]]]}, "properties": {"layer": "stripped vegetation, day 2", "note": "cloud-free 59% of corridor only"}}, {"type": "Feature", "geometry": {"type": "Polygon", "coordinates": [[[85.163712, 27.950939], [85.163712, 27.950921], [85.163692, 27.950921], [85.163692, 27.950903], [85.163672, 27.950903], [85.163672, 27.950848], [85.163693, 27.950849], [85.163693, 27.950831], [85.163713, 27.950831], [85.163714, 27.950813], [85.163734, 27.950813], [85.163734, 27.950831], [85.163754, 27.950831], [85.163754, 27.95085], [85.163774, 27.95085], [85.163773, 27.950904], [85.163753, 27.950904], [85.163753, 27.950922], [85.163732, 27.950921], [85.163732, 27.950939], [85.163712, 27.950939]]]}, "properties": {"layer": "stripped vegetation, day 2", "note": "cloud-free 59% of corridor only"}}, {"type": "Feature", "geometry": {"type": "Polygon", "coordinates": [[[85.163715, 27.950723], [85.163716, 27.950705], [85.163695, 27.950704], [85.163696, 27.950686], [85.163675, 27.950686], [85.163676, 27.95065], [85.163696, 27.95065], [85.163696, 27.950632], [85.163717, 27.950632], [85.163717, 27.950614], [85.163737, 27.950615], [85.163737, 27.950633], [85.163757, 27.950633], [85.163757, 27.950651], [85.163777, 27.950651], [85.163777, 27.950687], [85.163757, 27.950687], [85.163756, 27.950705], [85.163736, 27.950705], [85.163736, 27.950723], [85.163715, 27.950723]]]}, "properties": {"layer": "stripped vegetation, day 2", "note": "cloud-free 59% of corridor only"}}, {"type": "Feature", "geometry": {"type": "Polygon", "coordinates": [[[85.161625, 27.950514], [85.161626, 27.950496], [85.161605, 27.950496], [85.161606, 27.950478], [85.161585, 27.950478], [85.161585, 27.95046], [85.161606, 27.95046], [85.161606, 27.950442], [85.161626, 27.950442], [85.161627, 27.950424], [85.161647, 27.950424], [85.161647, 27.950406], [85.161668, 27.950407], [85.161667, 27.950425], [85.161688, 27.950425], [85.161687, 27.950443], [85.161708, 27.950443], [85.161707, 27.950479], [85.161687, 27.950479], [85.161686, 27.950497], [85.161666, 27.950497], [85.161666, 27.950515], [85.161625, 27.950514]]]}, "properties": {"layer": "stripped vegetation, day 2", "note": "cloud-free 59% of corridor only"}}, {"type": "Feature", "geometry": {"type": "Polygon", "coordinates": [[[85.162583, 27.952747], [85.162584, 27.952729], [85.162563, 27.952729], [85.162564, 27.952711], [85.162543, 27.95271], [85.162544, 27.952656], [85.162565, 27.952657], [85.162566, 27.952602], [85.162545, 27.952602], [85.162546, 27.952566], [85.162566, 27.952566], [85.162566, 27.952548], [85.162587, 27.952549], [85.162587, 27.952531], [85.162607, 27.952531], [85.162608, 27.952495], [85.162588, 27.952494], [85.162589, 27.952422], [85.162569, 27.952422], [85.162569, 27.952386], [85.162589, 27.952386], [85.16259, 27.952332], [85.16257, 27.952332], [85.16257, 27.952314], [85.16255, 27.952313], [85.162552, 27.952223], [85.162531, 27.952223], [85.162532, 27.952169], [85.162512, 27.952169], [85.162512, 27.952151], [85.162492, 27.95215], [85.162495, 27.951952], [85.162475, 27.951951], [85.162477, 27.951843], [85.162456, 27.951843], [85.162459, 27.951717], [85.162438, 27.951716], [85.162439, 27.951698], [85.162459, 27.951699], [85.16246, 27.951644], [85.162439, 27.951644], [85.16244, 27.95159], [85.16242, 27.95159], [85.162421, 27.951518], [85.162442, 27.951518], [85.162443, 27.951428], [85.162423, 27.951427], [85.162423, 27.951391], [85.162444, 27.951392], [85.162444, 27.951355], [85.162465, 27.951356], [85.162465, 27.951338], [85.162445, 27.951337], [85.162445, 27.951301], [85.162425, 27.951301], [85.162426, 27.951247], [85.162406, 27.951247], [85.162406, 27.951211], [85.162426, 27.951211], [85.162427, 27.951193], [85.162447, 27.951193], [85.162447, 27.951175], [85.162427, 27.951175], [85.162427, 27.951157], [85.162407, 27.951156], [85.162409, 27.951066], [85.162388, 27.951066], [85.162389, 27.951048], [85.162409, 27.951048], [85.162409, 27.95103], [85.162389, 27.95103], [85.162389, 27.951012], [85.162369, 27.951012], [85.162371, 27.950885], [85.162351, 27.950885], [85.162353, 27.950723], [85.162333, 27.950722], [85.162334, 27.95065], [85.162314, 27.95065], [85.162314, 27.950632], [85.162335, 27.950632], [85.162335, 27.950596], [85.162356, 27.950596], [85.162356, 27.95056], [85.162336, 27.95056], [85.162336, 27.950524], [85.162316, 27.950523], [85.162317, 27.950451], [85.162297, 27.950451], [85.162297, 27.950433], [85.162277, 27.950433], [85.162277, 27.950415], [85.162298, 27.950415], [85.162298, 27.950397], [85.162318, 27.950397], [85.162319, 27.950379], [85.162298, 27.950379], [85.162299, 27.950361], [85.162319, 27.950361], [85.162319, 27.950343], [85.16234, 27.950343], [85.16234, 27.950325], [85.16238, 27.950326], [85.16238, 27.950344], [85.162421, 27.950344], [85.162421, 27.950308], [85.162442, 27.950309], [85.162442, 27.950291], [85.162462, 27.950291], [85.162463, 27.950273], [85.162483, 27.950273], [85.162483, 27.950291], [85.162503, 27.950291], [85.162503, 27.950309], [85.162523, 27.95031], [85.162521, 27.950436], [85.162541, 27.950436], [85.162541, 27.950454], [85.162561, 27.950455], [85.162561, 27.950473], [85.162581, 27.950473], [85.162581, 27.950491], [85.162561, 27.950491], [85.16256, 27.950545], [85.16258, 27.950545], [85.162579, 27.950599], [85.162599, 27.950599], [85.162599, 27.950617], [85.162619, 27.950618], [85.162619, 27.950636], [85.162639, 27.950636], [85.162639, 27.950654], [85.162619, 27.950654], [85.162618, 27.950726], [85.162638, 27.950726], [85.162638, 27.950744], [85.162658, 27.950745], [85.162658, 27.950763], [85.162678, 27.950763], [85.162678, 27.950781], [85.162698, 27.950781], [85.162698, 27.950799], [85.162718, 27.9508], [85.162717, 27.950854], [85.162697, 27.950853], [85.162694, 27.951016], [85.162674, 27.951016], [85.162673, 27.95107], [85.162693, 27.95107], [85.162691, 27.951196], [85.162711, 27.951197], [85.162709, 27.951305], [85.162689, 27.951305], [85.162689, 27.951341], [85.162709, 27.951341], [85.162709, 27.951359], [85.162729, 27.951359], [85.162729, 27.951377], [85.162708, 27.951377], [85.162706, 27.951485], [85.162686, 27.951485], [85.162685, 27.951521], [85.162706, 27.951521], [85.162705, 27.951557], [85.162685, 27.951557], [85.162684, 27.951629], [85.162704, 27.95163], [85.162703, 27.951684], [85.162683, 27.951684], [85.162681, 27.951756], [85.162702, 27.951756], [85.162697, 27.952063], [85.162676, 27.952062], [85.162676, 27.952081], [85.162656, 27.95208], [85.162654, 27.95217], [85.162674, 27.952171], [85.162674, 27.952207], [85.162694, 27.952207], [85.162692, 27.952315], [85.162713, 27.952316], [85.162712, 27.95237], [85.162691, 27.95237], [85.162691, 27.952388], [85.162671, 27.952387], [85.16267, 27.952423], [85.16269, 27.952424], [85.16269, 27.952442], [85.162711, 27.952442], [85.16271, 27.952478], [85.16269, 27.952478], [85.162689, 27.952496], [85.162669, 27.952496], [85.162668, 27.952532], [85.162689, 27.952532], [85.162688, 27.95255], [85.162709, 27.95255], [85.162707, 27.952622], [85.162687, 27.952622], [85.162687, 27.952658], [85.162707, 27.952659], [85.162707, 27.952677], [85.162686, 27.952676], [85.162686, 27.952694], [85.162666, 27.952694], [85.162665, 27.952712], [85.162645, 27.952712], [85.162645, 27.95273], [85.162624, 27.95273], [85.162624, 27.952748], [85.162583, 27.952747]]]}, "properties": {"layer": "stripped vegetation, day 2", "note": "cloud-free 59% of corridor only"}}, {"type": "Feature", "geometry": {"type": "Polygon", "coordinates": [[[85.161793, 27.95021], [85.161793, 27.950192], [85.161773, 27.950191], [85.161773, 27.950173], [85.161753, 27.950173], [85.161753, 27.950155], [85.161774, 27.950155], [85.161774, 27.950137], [85.161794, 27.950137], [85.161795, 27.950119], [85.161815, 27.95012], [85.161815, 27.950138], [85.161835, 27.950138], [85.161835, 27.950156], [85.161855, 27.950156], [85.161855, 27.950174], [85.161834, 27.950174], [85.161834, 27.950192], [85.161814, 27.950192], [85.161813, 27.95021], [85.161793, 27.95021]]]}, "properties": {"layer": "stripped vegetation, day 2", "note": "cloud-free 59% of corridor only"}}, {"type": "Feature", "geometry": {"type": "Polygon", "coordinates": [[[85.161989, 27.950663], [85.161989, 27.950645], [85.161969, 27.950645], [85.161969, 27.950627], [85.161949, 27.950627], [85.161949, 27.950609], [85.161969, 27.950609], [85.16197, 27.950573], [85.16199, 27.950573], [85.16199, 27.950555], [85.162011, 27.950555], [85.162011, 27.950537], [85.162031, 27.950538], [85.162032, 27.950502], [85.162052, 27.950502], [85.162053, 27.950484], [85.162032, 27.950484], [85.162033, 27.950466], [85.162012, 27.950465], [85.162013, 27.950447], [85.161992, 27.950447], [85.161993, 27.950429], [85.162013, 27.950429], [85.162013, 27.950411], [85.161993, 27.950411], [85.161995, 27.950303], [85.162015, 27.950303], [85.162015, 27.950285], [85.162036, 27.950285], [85.162036, 27.950249], [85.162016, 27.950249], [85.162017, 27.950213], [85.162037, 27.950213], [85.162038, 27.950123], [85.162059, 27.950123], [85.162059, 27.950105], [85.162079, 27.950105], [85.16208, 27.950087], [85.1621, 27.950087], [85.1621, 27.950069], [85.16208, 27.950069], [85.162081, 27.950033], [85.16206, 27.950033], [85.162061, 27.950015], [85.16204, 27.950014], [85.162041, 27.949978], [85.162061, 27.949979], [85.162061, 27.949961], [85.162082, 27.949961], [85.162082, 27.949943], [85.162102, 27.949943], [85.162103, 27.949907], [85.162123, 27.949907], [85.162124, 27.949889], [85.162144, 27.949889], [85.162144, 27.949871], [85.162165, 27.949872], [85.162165, 27.949854], [85.162185, 27.949854], [85.162185, 27.949872], [85.162205, 27.949872], [85.162205, 27.94989], [85.162246, 27.949891], [85.162245, 27.949909], [85.162266, 27.949909], [85.162265, 27.949927], [85.162286, 27.949927], [85.162286, 27.949909], [85.162306, 27.94991], [85.162306, 27.949928], [85.162326, 27.949928], [85.162326, 27.949946], [85.162346, 27.949946], [85.162346, 27.949964], [85.162326, 27.949964], [85.162325, 27.949982], [85.162305, 27.949982], [85.162304, 27.950054], [85.162283, 27.950054], [85.162283, 27.950072], [85.162263, 27.950072], [85.162263, 27.95009], [85.162242, 27.950089], [85.162243, 27.950071], [85.162222, 27.950071], [85.162222, 27.950053], [85.162182, 27.950052], [85.162182, 27.95007], [85.162161, 27.95007], [85.162161, 27.950106], [85.162201, 27.950107], [85.162201, 27.950125], [85.162221, 27.950125], [85.162221, 27.950143], [85.162241, 27.950143], [85.16224, 27.950198], [85.16222, 27.950197], [85.16222, 27.950215], [85.16224, 27.950216], [85.16224, 27.950234], [85.16226, 27.950234], [85.16226, 27.950252], [85.16228, 27.950252], [85.16228, 27.95027], [85.162259, 27.95027], [85.162259, 27.950288], [85.162239, 27.950288], [85.162239, 27.950306], [85.162198, 27.950305], [85.162197, 27.950341], [85.162218, 27.950342], [85.162217, 27.950378], [85.162197, 27.950377], [85.162196, 27.950396], [85.162176, 27.950395], [85.162176, 27.950413], [85.162155, 27.950413], [85.162155, 27.950431], [85.162175, 27.950431], [85.162175, 27.950449], [85.162195, 27.95045], [85.162195, 27.950468], [85.162175, 27.950467], [85.162175, 27.950485], [85.162154, 27.950485], [85.162154, 27.950521], [85.162174, 27.950522], [85.162173, 27.950576], [85.162153, 27.950575], [85.162152, 27.950593], [85.162132, 27.950593], [85.162132, 27.950611], [85.162111, 27.950611], [85.162112, 27.950593], [85.162071, 27.950592], [85.162071, 27.95061], [85.16205, 27.95061], [85.16205, 27.950628], [85.16203, 27.950628], [85.16203, 27.950646], [85.162009, 27.950646], [85.162009, 27.950664], [85.161989, 27.950663]]]}, "properties": {"layer": "stripped vegetation, day 2", "note": "cloud-free 59% of corridor only"}}, {"type": "Feature", "geometry": {"type": "Polygon", "coordinates": [[[85.163737, 27.950615], [85.163738, 27.950597], [85.163717, 27.950596], [85.163718, 27.950578], [85.163697, 27.950578], [85.163699, 27.950506], [85.163719, 27.950506], [85.16372, 27.95047], [85.16374, 27.95047], [85.163741, 27.950416], [85.163761, 27.950416], [85.163762, 27.95038], [85.163782, 27.950381], [85.163783, 27.950345], [85.163803, 27.950345], [85.163804, 27.950309], [85.163824, 27.950309], [85.163825, 27.950255], [85.163845, 27.950255], [85.163846, 27.950183], [85.163867, 27.950183], [85.163867, 27.950147], [85.163888, 27.950147], [85.163889, 27.950093], [85.163909, 27.950093], [85.16391, 27.950021], [85.16393, 27.950022], [85.163933, 27.949841], [85.163954, 27.949841], [85.163954, 27.949805], [85.163934, 27.949805], [85.163934, 27.949787], [85.163914, 27.949787], [85.163915, 27.949751], [85.163935, 27.949751], [85.163935, 27.949733], [85.163956, 27.949733], [85.163956, 27.949715], [85.163976, 27.949715], [85.163976, 27.949733], [85.163996, 27.949734], [85.163996, 27.949752], [85.164016, 27.949752], [85.164016, 27.949788], [85.163995, 27.949788], [85.163995, 27.949824], [85.164015, 27.949824], [85.164015, 27.949842], [85.164035, 27.949842], [85.164031, 27.950059], [85.164011, 27.950059], [85.16401, 27.950113], [85.16399, 27.950113], [85.163989, 27.950149], [85.163969, 27.950148], [85.163968, 27.950203], [85.163948, 27.950202], [85.163947, 27.950238], [85.163927, 27.950238], [85.163926, 27.950292], [85.163905, 27.950292], [85.163905, 27.950328], [85.163885, 27.950328], [85.163884, 27.950382], [85.163863, 27.950382], [85.163863, 27.950418], [85.163842, 27.950417], [85.163842, 27.950454], [85.163821, 27.950453], [85.163821, 27.950507], [85.1638, 27.950507], [85.163799, 27.950579], [85.163779, 27.950579], [85.163778, 27.950597], [85.163758, 27.950597], [85.163758, 27.950615], [85.163737, 27.950615]]]}, "properties": {"layer": "stripped vegetation, day 2", "note": "cloud-free 59% of corridor only"}}, {"type": "Feature", "geometry": {"type": "Polygon", "coordinates": [[[85.163936, 27.949715], [85.163936, 27.949697], [85.163916, 27.949696], [85.163916, 27.949678], [85.163896, 27.949678], [85.163896, 27.94966], [85.163916, 27.94966], [85.163916, 27.949642], [85.163937, 27.949643], [85.163937, 27.949625], [85.163957, 27.949625], [85.163957, 27.949643], [85.163977, 27.949643], [85.163977, 27.949661], [85.163997, 27.949661], [85.163997, 27.94968], [85.163977, 27.949679], [85.163977, 27.949697], [85.163956, 27.949697], [85.163956, 27.949715], [85.163936, 27.949715]]]}, "properties": {"layer": "stripped vegetation, day 2", "note": "cloud-free 59% of corridor only"}}, {"type": "Feature", "geometry": {"type": "Polygon", "coordinates": [[[85.16233, 27.949711], [85.16233, 27.949693], [85.16231, 27.949693], [85.16231, 27.949675], [85.16229, 27.949675], [85.16229, 27.949657], [85.16231, 27.949657], [85.162311, 27.949639], [85.162331, 27.949639], [85.162332, 27.949603], [85.162311, 27.949603], [85.162313, 27.949531], [85.162333, 27.949531], [85.162333, 27.949513], [85.162354, 27.949513], [85.162354, 27.949495], [85.162374, 27.949495], [85.162374, 27.949513], [85.162394, 27.949514], [85.162394, 27.949532], [85.162414, 27.949532], [85.162414, 27.94955], [85.162434, 27.94955], [85.162433, 27.949605], [85.162413, 27.949604], [85.162413, 27.949622], [85.162392, 27.949622], [85.162392, 27.94964], [85.162372, 27.94964], [85.162371, 27.949658], [85.162392, 27.949658], [85.162391, 27.949676], [85.162371, 27.949676], [85.162371, 27.949694], [85.162351, 27.949694], [85.16235, 27.949712], [85.16233, 27.949711]]]}, "properties": {"layer": "stripped vegetation, day 2", "note": "cloud-free 59% of corridor only"}}, {"type": "Feature", "geometry": {"type": "Polygon", "coordinates": [[[85.162395, 27.949442], [85.162396, 27.949424], [85.162375, 27.949423], [85.162376, 27.949405], [85.162355, 27.949405], [85.162356, 27.949387], [85.162335, 27.949387], [85.162336, 27.949369], [85.162315, 27.949368], [85.162316, 27.949332], [85.162336, 27.949332], [85.162337, 27.949296], [85.162357, 27.949297], [85.162358, 27.949279], [85.162378, 27.949279], [85.162378, 27.949261], [85.162399, 27.949261], [85.162399, 27.949243], [85.162419, 27.949243], [85.162419, 27.949225], [85.16244, 27.949226], [85.16244, 27.949208], [85.16246, 27.949208], [85.16246, 27.949226], [85.16248, 27.949226], [85.16248, 27.949244], [85.1625, 27.949244], [85.162499, 27.949335], [85.162479, 27.949334], [85.162477, 27.949407], [85.162457, 27.949406], [85.162457, 27.949424], [85.162436, 27.949424], [85.162436, 27.949442], [85.162395, 27.949442]]]}, "properties": {"layer": "stripped vegetation, day 2", "note": "cloud-free 59% of corridor only"}}, {"type": "Feature", "geometry": {"type": "Polygon", "coordinates": [[[85.161506, 27.949159], [85.161506, 27.949141], [85.161486, 27.949141], [85.161486, 27.949123], [85.161466, 27.949122], [85.161466, 27.949086], [85.161487, 27.949086], [85.161487, 27.949068], [85.161507, 27.949069], [85.161508, 27.949051], [85.161528, 27.949051], [85.161528, 27.949069], [85.161548, 27.949069], [85.161548, 27.949087], [85.161568, 27.949088], [85.161567, 27.949124], [85.161547, 27.949123], [85.161547, 27.949141], [85.161527, 27.949141], [85.161526, 27.949159], [85.161506, 27.949159]]]}, "properties": {"layer": "stripped vegetation, day 2", "note": "cloud-free 59% of corridor only"}}, {"type": "Feature", "geometry": {"type": "Polygon", "coordinates": [[[85.163901, 27.949353], [85.163901, 27.949335], [85.163881, 27.949335], [85.163881, 27.949317], [85.163861, 27.949317], [85.163862, 27.949281], [85.163882, 27.949281], [85.163882, 27.949263], [85.163903, 27.949263], [85.163903, 27.949245], [85.163883, 27.949245], [85.163883, 27.949191], [85.163904, 27.949191], [85.163904, 27.949173], [85.163924, 27.949173], [85.163925, 27.949155], [85.163945, 27.949155], [85.163945, 27.949137], [85.163925, 27.949137], [85.163926, 27.949101], [85.163946, 27.949101], [85.163946, 27.949083], [85.163967, 27.949083], [85.163967, 27.949065], [85.163987, 27.949066], [85.163987, 27.949084], [85.164007, 27.949084], [85.164007, 27.949102], [85.164027, 27.949102], [85.164027, 27.949138], [85.164006, 27.949138], [85.164006, 27.949156], [85.163986, 27.949156], [85.163985, 27.949174], [85.164006, 27.949174], [85.164005, 27.949192], [85.163985, 27.949192], [85.163984, 27.949246], [85.163964, 27.949246], [85.163964, 27.949264], [85.163943, 27.949264], [85.163943, 27.949282], [85.163963, 27.949282], [85.163963, 27.949318], [85.163942, 27.949318], [85.163942, 27.949336], [85.163922, 27.949336], [85.163921, 27.949354], [85.163901, 27.949353]]]}, "properties": {"layer": "stripped vegetation, day 2", "note": "cloud-free 59% of corridor only"}}, {"type": "Feature", "geometry": {"type": "Polygon", "coordinates": [[[85.164008, 27.949066], [85.164008, 27.949048], [85.163988, 27.949048], [85.163988, 27.94903], [85.163968, 27.949029], [85.163968, 27.948993], [85.163988, 27.948994], [85.163989, 27.948975], [85.164009, 27.948976], [85.164009, 27.948958], [85.16403, 27.948958], [85.164029, 27.948976], [85.16405, 27.948976], [85.164049, 27.948994], [85.16407, 27.948995], [85.164069, 27.949031], [85.164049, 27.94903], [85.164048, 27.949048], [85.164028, 27.949048], [85.164028, 27.949066], [85.164008, 27.949066]]]}, "properties": {"layer": "stripped vegetation, day 2", "note": "cloud-free 59% of corridor only"}}, {"type": "Feature", "geometry": {"type": "Polygon", "coordinates": [[[85.162485, 27.948973], [85.162485, 27.948955], [85.162465, 27.948955], [85.162465, 27.948937], [85.162445, 27.948937], [85.162445, 27.948919], [85.162425, 27.948919], [85.162425, 27.948882], [85.162446, 27.948883], [85.162446, 27.948865], [85.162466, 27.948865], [85.162466, 27.948847], [85.162507, 27.948847], [85.162507, 27.948865], [85.162527, 27.948866], [85.162527, 27.948884], [85.162547, 27.948884], [85.162547, 27.948902], [85.162567, 27.948902], [85.162567, 27.94892], [85.162547, 27.94892], [85.162546, 27.948938], [85.162526, 27.948938], [85.162526, 27.948956], [85.162505, 27.948956], [85.162505, 27.948974], [85.162485, 27.948973]]]}, "properties": {"layer": "stripped vegetation, day 2", "note": "cloud-free 59% of corridor only"}}, {"type": "Feature", "geometry": {"type": "Polygon", "coordinates": [[[85.162549, 27.948776], [85.162549, 27.948758], [85.162529, 27.948757], [85.162529, 27.948739], [85.162509, 27.948739], [85.162509, 27.948721], [85.16253, 27.948721], [85.16253, 27.948703], [85.16255, 27.948704], [85.162551, 27.948686], [85.162571, 27.948686], [85.162571, 27.948704], [85.162591, 27.948704], [85.162591, 27.948722], [85.162611, 27.948722], [85.162611, 27.948741], [85.16259, 27.94874], [85.16259, 27.948758], [85.16257, 27.948758], [85.162569, 27.948776], [85.162549, 27.948776]]]}, "properties": {"layer": "stripped vegetation, day 2", "note": "cloud-free 59% of corridor only"}}, {"type": "Feature", "geometry": {"type": "Polygon", "coordinates": [[[85.162611, 27.948686], [85.162612, 27.948668], [85.162591, 27.948668], [85.162592, 27.94865], [85.162571, 27.94865], [85.162572, 27.948596], [85.162593, 27.948596], [85.162593, 27.948578], [85.162613, 27.948578], [85.162614, 27.94856], [85.162634, 27.94856], [85.162634, 27.948578], [85.162654, 27.948579], [85.162654, 27.948597], [85.162674, 27.948597], [85.162673, 27.948651], [85.162653, 27.948651], [85.162652, 27.948669], [85.162632, 27.948669], [85.162632, 27.948687], [85.162611, 27.948686]]]}, "properties": {"layer": "stripped vegetation, day 2", "note": "cloud-free 59% of corridor only"}}, {"type": "Feature", "geometry": {"type": "Polygon", "coordinates": [[[85.161859, 27.94873], [85.161859, 27.948712], [85.161839, 27.948712], [85.161839, 27.948694], [85.161819, 27.948694], [85.161819, 27.948676], [85.161799, 27.948676], [85.161799, 27.948657], [85.161819, 27.948658], [85.16182, 27.94864], [85.16184, 27.94864], [85.16184, 27.948622], [85.161861, 27.948622], [85.161861, 27.948586], [85.161841, 27.948586], [85.161841, 27.94855], [85.161862, 27.94855], [85.161862, 27.948532], [85.161882, 27.948532], [85.161883, 27.948514], [85.161903, 27.948514], [85.161903, 27.948533], [85.161943, 27.948533], [85.161944, 27.948515], [85.161964, 27.948515], [85.161964, 27.948497], [85.161985, 27.948497], [85.161984, 27.948516], [85.162005, 27.948516], [85.162004, 27.948534], [85.162025, 27.948534], [85.162024, 27.948552], [85.162045, 27.948552], [85.162044, 27.94857], [85.162024, 27.94857], [85.162023, 27.948624], [85.162043, 27.948625], [85.162043, 27.948643], [85.162023, 27.948642], [85.162022, 27.94866], [85.162002, 27.94866], [85.162002, 27.948678], [85.161941, 27.948677], [85.161941, 27.948695], [85.16192, 27.948695], [85.16192, 27.948713], [85.1619, 27.948713], [85.161899, 27.948731], [85.161859, 27.94873]]]}, "properties": {"layer": "stripped vegetation, day 2", "note": "cloud-free 59% of corridor only"}}, {"type": "Feature", "geometry": {"type": "Polygon", "coordinates": [[[85.162392, 27.948467], [85.162392, 27.948449], [85.162372, 27.948449], [85.162372, 27.94843], [85.162352, 27.94843], [85.162352, 27.948412], [85.162291, 27.948411], [85.162291, 27.948429], [85.16227, 27.948429], [85.16227, 27.948447], [85.16225, 27.948447], [85.16225, 27.948429], [85.16223, 27.948429], [85.16223, 27.948411], [85.16221, 27.94841], [85.16221, 27.948374], [85.16219, 27.948374], [85.16219, 27.948356], [85.16217, 27.948356], [85.16217, 27.948338], [85.16215, 27.948337], [85.16215, 27.948319], [85.162171, 27.948319], [85.162171, 27.948301], [85.162191, 27.948302], [85.162191, 27.948284], [85.162212, 27.948284], [85.162212, 27.948266], [85.162232, 27.948266], [85.162233, 27.948248], [85.162253, 27.948248], [85.162253, 27.94823], [85.162274, 27.948231], [85.162274, 27.948213], [85.162294, 27.948213], [85.162295, 27.948195], [85.162315, 27.948195], [85.162315, 27.948177], [85.162336, 27.948177], [85.162336, 27.948159], [85.162356, 27.94816], [85.162356, 27.948141], [85.162377, 27.948142], [85.162376, 27.94816], [85.162437, 27.948161], [85.162438, 27.948143], [85.162478, 27.948143], [85.162479, 27.948125], [85.162499, 27.948125], [85.162499, 27.948143], [85.162519, 27.948144], [85.162519, 27.948162], [85.162539, 27.948162], [85.162539, 27.94818], [85.162559, 27.94818], [85.162559, 27.948198], [85.162579, 27.948199], [85.162579, 27.948217], [85.162599, 27.948217], [85.162599, 27.948253], [85.162578, 27.948253], [85.162578, 27.948289], [85.162557, 27.948289], [85.162557, 27.948307], [85.162537, 27.948306], [85.162536, 27.948324], [85.162516, 27.948324], [85.162516, 27.948342], [85.162475, 27.948342], [85.162475, 27.948324], [85.162435, 27.948323], [85.162434, 27.948377], [85.162454, 27.948377], [85.162453, 27.948432], [85.162433, 27.948431], [85.162433, 27.948449], [85.162412, 27.948449], [85.162412, 27.948467], [85.162392, 27.948467]]]}, "properties": {"layer": "stripped vegetation, day 2", "note": "cloud-free 59% of corridor only"}}, {"type": "Feature", "geometry": {"type": "Polygon", "coordinates": [[[85.162499, 27.948125], [85.162499, 27.948107], [85.162479, 27.948107], [85.162479, 27.948089], [85.162459, 27.948089], [85.16246, 27.948053], [85.16248, 27.948053], [85.16248, 27.948035], [85.162501, 27.948035], [85.162501, 27.948017], [85.162521, 27.948017], [85.162521, 27.948035], [85.162541, 27.948036], [85.162541, 27.948054], [85.162561, 27.948054], [85.162561, 27.94809], [85.16254, 27.94809], [85.16254, 27.948108], [85.16252, 27.948108], [85.162519, 27.948126], [85.162499, 27.948125]]]}, "properties": {"layer": "stripped vegetation, day 2", "note": "cloud-free 59% of corridor only"}}, {"type": "Feature", "geometry": {"type": "Polygon", "coordinates": [[[85.162679, 27.948308], [85.162679, 27.94829], [85.162659, 27.94829], [85.162659, 27.948272], [85.162639, 27.948272], [85.162639, 27.948254], [85.162659, 27.948254], [85.16266, 27.948236], [85.16268, 27.948236], [85.16268, 27.948218], [85.162701, 27.948218], [85.162701, 27.9482], [85.162721, 27.9482], [85.162722, 27.948182], [85.162701, 27.948182], [85.162702, 27.948164], [85.162681, 27.948164], [85.162683, 27.948092], [85.162703, 27.948092], [85.162703, 27.948074], [85.162683, 27.948074], [85.162683, 27.948056], [85.162663, 27.948055], [85.162663, 27.948037], [85.162643, 27.948037], [85.162644, 27.947983], [85.162664, 27.947983], [85.162664, 27.947965], [85.162685, 27.947965], [85.162685, 27.947947], [85.162705, 27.947948], [85.162706, 27.94793], [85.162746, 27.94793], [85.162746, 27.947948], [85.162766, 27.947948], [85.162766, 27.947966], [85.162786, 27.947967], [85.162785, 27.948021], [85.162765, 27.948021], [85.162764, 27.948057], [85.162744, 27.948056], [85.162744, 27.948074], [85.162764, 27.948075], [85.162764, 27.948093], [85.162784, 27.948093], [85.162784, 27.948111], [85.162804, 27.948111], [85.162804, 27.948147], [85.162783, 27.948147], [85.162783, 27.948165], [85.162763, 27.948165], [85.162762, 27.948183], [85.162742, 27.948183], [85.162742, 27.948201], [85.162762, 27.948201], [85.162762, 27.948219], [85.162782, 27.948219], [85.162782, 27.948237], [85.162761, 27.948237], [85.162761, 27.948255], [85.162741, 27.948255], [85.16274, 27.948273], [85.16272, 27.948273], [85.16272, 27.948291], [85.162699, 27.94829], [85.162699, 27.948308], [85.162679, 27.948308]]]}, "properties": {"layer": "stripped vegetation, day 2", "note": "cloud-free 59% of corridor only"}}, {"type": "Feature", "geometry": {"type": "Polygon", "coordinates": [[[85.162239, 27.947905], [85.162239, 27.947887], [85.162219, 27.947887], [85.162219, 27.947869], [85.162198, 27.947869], [85.162199, 27.947833], [85.162219, 27.947833], [85.16222, 27.947815], [85.16224, 27.947815], [85.16224, 27.947797], [85.162261, 27.947797], [85.162261, 27.947779], [85.162342, 27.94778], [85.162343, 27.947762], [85.162363, 27.947763], [85.162363, 27.947781], [85.162383, 27.947781], [85.162383, 27.947799], [85.162403, 27.947799], [85.162402, 27.947853], [85.162382, 27.947853], [85.162381, 27.947871], [85.162361, 27.947871], [85.162361, 27.947889], [85.16234, 27.947889], [85.162341, 27.947871], [85.1623, 27.94787], [85.1623, 27.947888], [85.162279, 27.947888], [85.162279, 27.947906], [85.162239, 27.947905]]]}, "properties": {"layer": "stripped vegetation, day 2", "note": "cloud-free 59% of corridor only"}}, {"type": "Feature", "geometry": {"type": "Polygon", "coordinates": [[[85.162749, 27.947768], [85.162749, 27.94775], [85.162729, 27.947749], [85.162729, 27.947731], [85.162689, 27.947731], [85.162688, 27.947749], [85.162668, 27.947749], [85.162668, 27.947731], [85.162648, 27.94773], [85.162648, 27.947712], [85.162628, 27.947712], [85.162628, 27.947694], [85.162649, 27.947694], [85.162649, 27.947676], [85.162669, 27.947676], [85.16267, 27.947658], [85.16269, 27.947659], [85.16269, 27.947677], [85.16271, 27.947677], [85.16271, 27.947695], [85.16273, 27.947695], [85.16273, 27.947677], [85.162751, 27.947677], [85.162752, 27.947605], [85.162772, 27.947606], [85.162772, 27.947587], [85.162752, 27.947587], [85.162752, 27.947569], [85.162773, 27.947569], [85.162773, 27.947551], [85.162793, 27.947552], [85.162794, 27.947534], [85.162814, 27.947534], [85.162814, 27.947552], [85.162834, 27.947552], [85.162834, 27.94757], [85.162854, 27.947571], [85.162854, 27.947589], [85.162833, 27.947588], [85.162833, 27.947606], [85.162853, 27.947607], [85.162852, 27.947661], [85.162832, 27.94766], [85.162831, 27.947733], [85.162811, 27.947732], [85.16281, 27.94775], [85.16279, 27.94775], [85.16279, 27.947768], [85.162749, 27.947768]]]}, "properties": {"layer": "stripped vegetation, day 2", "note": "cloud-free 59% of corridor only"}}, {"type": "Feature", "geometry": {"type": "Polygon", "coordinates": [[[85.162835, 27.947462], [85.162836, 27.947444], [85.162815, 27.947444], [85.162816, 27.947426], [85.162795, 27.947425], [85.162796, 27.947389], [85.162776, 27.947389], [85.162776, 27.947371], [85.162756, 27.947371], [85.162757, 27.947298], [85.162777, 27.947299], [85.162778, 27.947281], [85.162798, 27.947281], [85.162798, 27.947263], [85.162839, 27.947263], [85.162839, 27.947282], [85.162859, 27.947282], [85.162859, 27.9473], [85.162879, 27.9473], [85.162878, 27.947372], [85.162898, 27.947373], [85.162897, 27.947427], [85.162877, 27.947426], [85.162876, 27.947444], [85.162856, 27.947444], [85.162856, 27.947462], [85.162835, 27.947462]]]}, "properties": {"layer": "stripped vegetation, day 2", "note": "cloud-free 59% of corridor only"}}, {"type": "Feature", "geometry": {"type": "Polygon", "coordinates": [[[85.161516, 27.947372], [85.161516, 27.947354], [85.161496, 27.947354], [85.161496, 27.947336], [85.161476, 27.947336], [85.161476, 27.947317], [85.161456, 27.947317], [85.161456, 27.947299], [85.161436, 27.947299], [85.161436, 27.947281], [85.161456, 27.947281], [85.161457, 27.947263], [85.161477, 27.947263], [85.161477, 27.947245], [85.161498, 27.947246], [85.161497, 27.947264], [85.161518, 27.947264], [85.161517, 27.947282], [85.161558, 27.947282], [85.161558, 27.947301], [85.161578, 27.947301], [85.161578, 27.947319], [85.161598, 27.947319], [85.161598, 27.947337], [85.161577, 27.947337], [85.161577, 27.947355], [85.161557, 27.947355], [85.161556, 27.947373], [85.161516, 27.947372]]]}, "properties": {"layer": "stripped vegetation, day 2", "note": "cloud-free 59% of corridor only"}}, {"type": "Feature", "geometry": {"type": "Polygon", "coordinates": [[[85.161943, 27.947324], [85.161944, 27.947306], [85.161923, 27.947305], [85.161924, 27.947287], [85.161903, 27.947287], [85.161904, 27.947269], [85.161924, 27.947269], [85.161924, 27.947251], [85.161945, 27.947252], [85.161945, 27.947234], [85.161965, 27.947234], [85.161965, 27.947252], [85.161985, 27.947252], [85.161985, 27.94727], [85.162005, 27.94727], [85.162005, 27.947288], [85.161985, 27.947288], [85.161984, 27.947306], [85.161964, 27.947306], [85.161964, 27.947324], [85.161943, 27.947324]]]}, "properties": {"layer": "stripped vegetation, day 2", "note": "cloud-free 59% of corridor only"}}, {"type": "Feature", "geometry": {"type": "Polygon", "coordinates": [[[85.161138, 27.948107], [85.161138, 27.948089], [85.161118, 27.948089], [85.161118, 27.948071], [85.161097, 27.948071], [85.161098, 27.948034], [85.161078, 27.948034], [85.161079, 27.947962], [85.161059, 27.947962], [85.16106, 27.947908], [85.161039, 27.947907], [85.16104, 27.947853], [85.16102, 27.947853], [85.161021, 27.947799], [85.161, 27.947798], [85.161001, 27.947762], [85.160981, 27.947762], [85.160981, 27.947744], [85.160961, 27.947744], [85.160961, 27.947726], [85.160941, 27.947725], [85.160941, 27.947707], [85.160921, 27.947707], [85.160921, 27.947689], [85.160901, 27.947689], [85.160901, 27.947671], [85.160881, 27.947671], [85.160881, 27.947652], [85.16084, 27.947652], [85.160841, 27.947634], [85.16082, 27.947634], [85.160821, 27.947616], [85.1608, 27.947615], [85.160801, 27.947597], [85.16076, 27.947597], [85.16076, 27.947579], [85.16074, 27.947578], [85.16074, 27.94756], [85.1607, 27.94756], [85.1607, 27.947542], [85.16068, 27.947541], [85.16068, 27.947523], [85.16066, 27.947523], [85.16066, 27.947505], [85.160619, 27.947505], [85.16062, 27.947487], [85.160579, 27.947486], [85.160579, 27.947468], [85.160559, 27.947468], [85.160559, 27.94745], [85.160519, 27.947449], [85.160519, 27.947431], [85.160499, 27.947431], [85.160499, 27.947413], [85.160479, 27.947412], [85.160479, 27.947394], [85.160459, 27.947394], [85.160459, 27.947376], [85.160418, 27.947376], [85.160419, 27.947358], [85.160398, 27.947357], [85.160399, 27.947339], [85.160378, 27.947339], [85.160378, 27.947321], [85.160358, 27.947321], [85.160358, 27.947303], [85.160318, 27.947302], [85.160318, 27.947284], [85.160298, 27.947284], [85.160298, 27.947266], [85.160278, 27.947265], [85.160278, 27.947247], [85.160298, 27.947248], [85.160299, 27.947212], [85.160279, 27.947211], [85.160279, 27.947193], [85.160259, 27.947193], [85.160259, 27.947175], [85.160279, 27.947175], [85.16028, 27.947157], [85.1603, 27.947157], [85.1603, 27.947139], [85.160321, 27.94714], [85.16032, 27.947158], [85.160341, 27.947158], [85.16034, 27.947176], [85.160361, 27.947176], [85.16036, 27.947194], [85.160381, 27.947195], [85.16038, 27.947213], [85.160421, 27.947213], [85.160421, 27.947231], [85.160441, 27.947231], [85.160441, 27.94725], [85.160481, 27.94725], [85.160481, 27.947268], [85.160501, 27.947268], [85.160501, 27.947286], [85.160521, 27.947287], [85.160521, 27.947305], [85.160562, 27.947305], [85.160561, 27.947323], [85.160582, 27.947324], [85.160581, 27.947342], [85.160602, 27.947342], [85.160601, 27.94736], [85.160622, 27.94736], [85.160621, 27.947378], [85.160662, 27.947379], [85.160662, 27.947397], [85.160682, 27.947397], [85.160682, 27.947415], [85.160702, 27.947415], [85.160702, 27.947433], [85.160722, 27.947434], [85.160722, 27.947452], [85.160762, 27.947452], [85.160762, 27.94747], [85.160782, 27.947471], [85.160782, 27.947489], [85.160823, 27.947489], [85.160822, 27.947507], [85.160863, 27.947508], [85.160863, 27.947526], [85.160883, 27.947526], [85.160883, 27.947544], [85.160903, 27.947544], [85.160903, 27.947563], [85.160943, 27.947563], [85.160943, 27.947581], [85.160964, 27.947581], [85.160963, 27.947599], [85.161004, 27.9476], [85.161004, 27.947618], [85.161024, 27.947618], [85.161024, 27.947636], [85.161044, 27.947637], [85.161043, 27.947673], [85.161064, 27.947673], [85.161063, 27.947691], [85.161084, 27.947691], [85.161083, 27.947709], [85.161104, 27.94771], [85.161103, 27.947746], [85.161123, 27.947746], [85.161123, 27.947782], [85.161143, 27.947782], [85.161142, 27.947836], [85.161162, 27.947837], [85.161162, 27.947891], [85.161182, 27.947891], [85.161181, 27.947963], [85.161201, 27.947964], [85.161199, 27.948072], [85.161179, 27.948072], [85.161178, 27.94809], [85.161158, 27.948089], [85.161158, 27.948107], [85.161138, 27.948107]]]}, "properties": {"layer": "stripped vegetation, day 2", "note": "cloud-free 59% of corridor only"}}, {"type": "Feature", "geometry": {"type": "Polygon", "coordinates": [[[85.161618, 27.947319], [85.161619, 27.947301], [85.161598, 27.947301], [85.161599, 27.947283], [85.161578, 27.947283], [85.161579, 27.947247], [85.161599, 27.947247], [85.1616, 27.947229], [85.161579, 27.947229], [85.16158, 27.947211], [85.161559, 27.94721], [85.16156, 27.947192], [85.16158, 27.947193], [85.16158, 27.947174], [85.1616, 27.947175], [85.161601, 27.947157], [85.161621, 27.947157], [85.161621, 27.947139], [85.161682, 27.94714], [85.161683, 27.947122], [85.161723, 27.947122], [85.161724, 27.947104], [85.161744, 27.947104], [85.161744, 27.947086], [85.161765, 27.947087], [85.161765, 27.947069], [85.161785, 27.947069], [85.161785, 27.947087], [85.161805, 27.947087], [85.161805, 27.947105], [85.161825, 27.947106], [85.161825, 27.947142], [85.161804, 27.947141], [85.161804, 27.947177], [85.161824, 27.947178], [85.161823, 27.947214], [85.161844, 27.947214], [85.161843, 27.947232], [85.161864, 27.947232], [85.161863, 27.94725], [85.161843, 27.94725], [85.161843, 27.947268], [85.161822, 27.947268], [85.161822, 27.947286], [85.161802, 27.947286], [85.161802, 27.947304], [85.161761, 27.947303], [85.161761, 27.947321], [85.16172, 27.947321], [85.16172, 27.947303], [85.1617, 27.947302], [85.1617, 27.947284], [85.16166, 27.947284], [85.161659, 27.947302], [85.161639, 27.947302], [85.161639, 27.94732], [85.161618, 27.947319]]]}, "properties": {"layer": "stripped vegetation, day 2", "note": "cloud-free 59% of corridor only"}}, {"type": "Feature", "geometry": {"type": "Polygon", "coordinates": [[[85.161254, 27.94726], [85.161254, 27.947242], [85.161233, 27.947242], [85.161234, 27.947224], [85.161213, 27.947224], [85.161214, 27.947188], [85.161194, 27.947187], [85.161194, 27.947169], [85.161174, 27.947169], [85.161174, 27.947151], [85.161154, 27.947151], [85.161154, 27.947133], [85.161134, 27.947132], [85.161134, 27.947114], [85.161154, 27.947115], [85.161155, 27.947097], [85.161175, 27.947097], [85.161175, 27.947079], [85.161196, 27.947079], [85.161196, 27.947061], [85.161237, 27.947062], [85.161236, 27.94708], [85.161257, 27.94708], [85.161258, 27.946972], [85.161279, 27.946972], [85.161279, 27.946954], [85.161299, 27.946954], [85.1613, 27.946936], [85.16132, 27.946936], [85.16132, 27.946954], [85.16134, 27.946955], [85.16134, 27.946973], [85.16136, 27.946973], [85.16136, 27.946991], [85.16138, 27.946991], [85.161379, 27.947027], [85.161359, 27.947027], [85.161357, 27.947153], [85.161418, 27.947154], [85.161418, 27.947172], [85.161438, 27.947173], [85.161438, 27.947191], [85.161458, 27.947191], [85.161458, 27.947209], [85.161437, 27.947209], [85.161437, 27.947227], [85.161417, 27.947226], [85.161416, 27.947244], [85.161376, 27.947244], [85.161376, 27.947226], [85.161356, 27.947226], [85.161356, 27.947208], [85.161336, 27.947207], [85.161335, 27.947225], [85.161295, 27.947225], [85.161294, 27.947243], [85.161274, 27.947243], [85.161274, 27.947261], [85.161254, 27.94726]]]}, "properties": {"layer": "stripped vegetation, day 2", "note": "cloud-free 59% of corridor only"}}, {"type": "Feature", "geometry": {"type": "Polygon", "coordinates": [[[85.161622, 27.947103], [85.161622, 27.947085], [85.161602, 27.947085], [85.161602, 27.947066], [85.161582, 27.947066], [85.161583, 27.947012], [85.161603, 27.947012], [85.161604, 27.946994], [85.161624, 27.946995], [85.161624, 27.946977], [85.161644, 27.946977], [85.161645, 27.946959], [85.161685, 27.946959], [85.161686, 27.946941], [85.161726, 27.946942], [85.161727, 27.946924], [85.161747, 27.946924], [85.161747, 27.946942], [85.161767, 27.946942], [85.161767, 27.94696], [85.161787, 27.946961], [85.161787, 27.946979], [85.161766, 27.946978], [85.161766, 27.946996], [85.161746, 27.946996], [85.161745, 27.947014], [85.161725, 27.947014], [85.161725, 27.947032], [85.161705, 27.947032], [85.161704, 27.94705], [85.161684, 27.94705], [85.161684, 27.947068], [85.161663, 27.947067], [85.161663, 27.947085], [85.161643, 27.947085], [85.161642, 27.947103], [85.161622, 27.947103]]]}, "properties": {"layer": "stripped vegetation, day 2", "note": "cloud-free 59% of corridor only"}}, {"type": "Feature", "geometry": {"type": "Polygon", "coordinates": [[[85.160568, 27.946908], [85.160569, 27.94689], [85.160548, 27.94689], [85.160549, 27.946872], [85.160528, 27.946872], [85.160529, 27.946854], [85.160549, 27.946854], [85.160549, 27.946836], [85.16057, 27.946836], [85.16057, 27.946818], [85.16055, 27.946818], [85.16055, 27.9468], [85.16057, 27.9468], [85.160571, 27.946782], [85.160591, 27.946782], [85.160591, 27.946764], [85.160611, 27.946764], [85.160611, 27.946782], [85.160632, 27.946783], [85.160631, 27.946801], [85.160652, 27.946801], [85.160651, 27.946819], [85.160672, 27.946819], [85.160671, 27.946837], [85.160712, 27.946838], [85.160712, 27.94682], [85.160692, 27.94682], [85.160692, 27.946784], [85.160713, 27.946784], [85.160713, 27.946766], [85.160733, 27.946766], [85.160734, 27.946748], [85.160754, 27.946748], [85.160754, 27.946766], [85.160774, 27.946767], [85.160774, 27.946785], [85.160794, 27.946785], [85.160793, 27.946821], [85.160773, 27.946821], [85.160773, 27.946839], [85.160793, 27.946839], [85.160793, 27.946857], [85.160773, 27.946857], [85.160772, 27.946875], [85.160752, 27.946875], [85.160752, 27.946893], [85.160731, 27.946892], [85.160732, 27.946874], [85.160691, 27.946874], [85.160691, 27.946892], [85.16067, 27.946892], [85.16067, 27.94691], [85.160568, 27.946908]]]}, "properties": {"layer": "stripped vegetation, day 2", "note": "cloud-free 59% of corridor only"}}, {"type": "Feature", "geometry": {"type": "Polygon", "coordinates": [[[85.161035, 27.946987], [85.161035, 27.946969], [85.161015, 27.946968], [85.161015, 27.94695], [85.160995, 27.94695], [85.160995, 27.946914], [85.160955, 27.946913], [85.160955, 27.946895], [85.160934, 27.946895], [85.160935, 27.946877], [85.160914, 27.946877], [85.160915, 27.946859], [85.160935, 27.946859], [85.160935, 27.946841], [85.160956, 27.946841], [85.160956, 27.946823], [85.160997, 27.946824], [85.160996, 27.946842], [85.161017, 27.946842], [85.161017, 27.946806], [85.160997, 27.946806], [85.160997, 27.946788], [85.161018, 27.946788], [85.161018, 27.94677], [85.161038, 27.94677], [85.161039, 27.946752], [85.161059, 27.946752], [85.161059, 27.94677], [85.161099, 27.946771], [85.161099, 27.946789], [85.161119, 27.946789], [85.161119, 27.946807], [85.161139, 27.946808], [85.161139, 27.946826], [85.161159, 27.946826], [85.161158, 27.946898], [85.161178, 27.946898], [85.161178, 27.946916], [85.161158, 27.946916], [85.161157, 27.946934], [85.161137, 27.946934], [85.161137, 27.946952], [85.161116, 27.946952], [85.161116, 27.94697], [85.161076, 27.946969], [85.161075, 27.946987], [85.161035, 27.946987]]]}, "properties": {"layer": "stripped vegetation, day 2", "note": "cloud-free 59% of corridor only"}}, {"type": "Feature", "geometry": {"type": "Polygon", "coordinates": [[[85.162075, 27.946784], [85.162075, 27.946766], [85.162055, 27.946766], [85.162055, 27.946748], [85.162035, 27.946747], [85.162035, 27.946729], [85.162055, 27.94673], [85.162055, 27.946712], [85.162076, 27.946712], [85.162076, 27.946694], [85.162096, 27.946694], [85.162096, 27.946712], [85.162116, 27.946712], [85.162116, 27.94673], [85.162136, 27.946731], [85.162136, 27.946749], [85.162116, 27.946748], [85.162116, 27.946766], [85.162095, 27.946766], [85.162095, 27.946784], [85.162075, 27.946784]]]}, "properties": {"layer": "stripped vegetation, day 2", "note": "cloud-free 59% of corridor only"}}, {"type": "Feature", "geometry": {"type": "Polygon", "coordinates": [[[85.161586, 27.946832], [85.161586, 27.946814], [85.161566, 27.946813], [85.161566, 27.946795], [85.161546, 27.946795], [85.161546, 27.946777], [85.161567, 27.946777], [85.161567, 27.946759], [85.161587, 27.946759], [85.161588, 27.946741], [85.161608, 27.946742], [85.161608, 27.946724], [85.161628, 27.946724], [85.161629, 27.946706], [85.16169, 27.946707], [85.16169, 27.946689], [85.16171, 27.946689], [85.161711, 27.946671], [85.161751, 27.946671], [85.161752, 27.946653], [85.161772, 27.946654], [85.161772, 27.946672], [85.161792, 27.946672], [85.161792, 27.94669], [85.161812, 27.94669], [85.161812, 27.946708], [85.161832, 27.946709], [85.161831, 27.946745], [85.161811, 27.946744], [85.161811, 27.946762], [85.16179, 27.946762], [85.16179, 27.94678], [85.161729, 27.946779], [85.161729, 27.946797], [85.161709, 27.946797], [85.161708, 27.946815], [85.161627, 27.946814], [85.161627, 27.946832], [85.161586, 27.946832]]]}, "properties": {"layer": "stripped vegetation, day 2", "note": "cloud-free 59% of corridor only"}}, {"type": "Feature", "geometry": {"type": "Polygon", "coordinates": [[[85.163061, 27.947321], [85.163062, 27.947303], [85.163021, 27.947302], [85.163021, 27.947284], [85.163001, 27.947284], [85.163001, 27.947266], [85.162981, 27.947265], [85.162981, 27.947247], [85.162961, 27.947247], [85.162961, 27.947229], [85.162941, 27.947229], [85.162941, 27.947211], [85.162901, 27.94721], [85.162901, 27.947192], [85.162881, 27.947192], [85.162881, 27.947174], [85.162861, 27.947174], [85.162862, 27.947119], [85.162841, 27.947119], [85.162841, 27.947137], [85.162821, 27.947137], [85.162821, 27.947119], [85.162801, 27.947119], [85.162801, 27.947101], [85.162781, 27.9471], [85.162781, 27.947082], [85.162761, 27.947082], [85.162761, 27.947046], [85.162741, 27.947046], [85.162741, 27.947028], [85.162721, 27.947027], [85.162721, 27.946991], [85.162701, 27.946991], [85.162701, 27.946973], [85.162681, 27.946973], [85.162681, 27.946955], [85.162661, 27.946954], [85.162662, 27.946918], [85.162641, 27.946918], [85.162642, 27.9469], [85.162621, 27.9469], [85.162622, 27.946882], [85.162601, 27.946881], [85.162602, 27.946863], [85.162581, 27.946863], [85.162582, 27.946845], [85.162541, 27.946844], [85.162541, 27.946826], [85.162521, 27.946826], [85.162521, 27.946808], [85.162501, 27.946808], [85.162501, 27.94679], [85.162481, 27.946789], [85.162481, 27.946771], [85.162461, 27.946771], [85.162461, 27.946753], [85.162421, 27.946753], [85.162421, 27.946734], [85.162401, 27.946734], [85.162401, 27.946716], [85.162381, 27.946716], [85.162381, 27.946698], [85.162361, 27.946698], [85.162361, 27.94668], [85.162341, 27.946679], [85.162341, 27.946661], [85.162321, 27.946661], [85.162321, 27.946643], [85.162301, 27.946643], [85.162301, 27.946625], [85.162281, 27.946624], [85.162281, 27.946606], [85.162261, 27.946606], [85.162261, 27.946588], [85.162241, 27.946588], [85.162241, 27.946552], [85.162261, 27.946552], [85.162262, 27.946534], [85.162282, 27.946534], [85.162282, 27.946516], [85.162323, 27.946517], [85.162323, 27.946535], [85.162404, 27.946536], [85.162404, 27.946554], [85.162424, 27.946554], [85.162424, 27.946572], [85.162444, 27.946572], [85.162444, 27.94659], [85.162464, 27.946591], [85.162463, 27.946627], [85.162484, 27.946627], [85.162484, 27.946591], [85.162505, 27.946591], [85.162505, 27.946573], [85.162525, 27.946573], [85.162526, 27.946555], [85.162566, 27.946556], [85.162566, 27.946574], [85.162586, 27.946574], [85.162586, 27.946592], [85.162606, 27.946593], [85.162606, 27.946611], [85.162626, 27.946611], [85.162626, 27.946647], [85.162646, 27.946647], [85.162645, 27.946683], [85.162666, 27.946684], [85.162665, 27.94672], [85.162685, 27.94672], [85.162685, 27.946774], [85.162705, 27.946774], [85.162705, 27.946792], [85.162725, 27.946793], [85.162724, 27.946829], [85.162745, 27.946829], [85.162744, 27.946847], [85.162765, 27.946847], [85.162764, 27.946883], [85.162784, 27.946884], [85.162784, 27.946902], [85.162804, 27.946902], [85.162804, 27.94692], [85.162824, 27.94692], [85.162824, 27.946956], [85.162844, 27.946957], [85.162843, 27.947011], [85.162863, 27.947011], [85.162863, 27.947029], [85.162883, 27.947029], [85.162883, 27.947047], [85.162924, 27.947048], [85.162923, 27.947066], [85.162964, 27.947067], [85.162964, 27.947085], [85.163025, 27.947085], [85.163024, 27.947104], [85.163045, 27.947104], [85.163044, 27.947122], [85.163126, 27.947123], [85.163125, 27.947141], [85.163146, 27.947141], [85.163145, 27.947159], [85.163166, 27.94716], [85.163165, 27.947178], [85.163145, 27.947177], [85.163144, 27.94725], [85.163124, 27.947249], [85.163123, 27.947285], [85.163103, 27.947285], [85.163102, 27.947303], [85.163082, 27.947303], [85.163082, 27.947321], [85.163061, 27.947321]]]}, "properties": {"layer": "stripped vegetation, day 2", "note": "cloud-free 59% of corridor only"}}, {"type": "Feature", "geometry": {"type": "Polygon", "coordinates": [[[85.1607, 27.946314], [85.160701, 27.946296], [85.16068, 27.946296], [85.160681, 27.946278], [85.160599, 27.946277], [85.160599, 27.946295], [85.160579, 27.946295], [85.160579, 27.946277], [85.160559, 27.946276], [85.160559, 27.946258], [85.160539, 27.946258], [85.16054, 27.946186], [85.16056, 27.946186], [85.160561, 27.946168], [85.160581, 27.946168], [85.160581, 27.94615], [85.160663, 27.946151], [85.160662, 27.946169], [85.160683, 27.94617], [85.160682, 27.946188], [85.160743, 27.946189], [85.160743, 27.946207], [85.160763, 27.946207], [85.160763, 27.946225], [85.160783, 27.946225], [85.160783, 27.946243], [85.160763, 27.946243], [85.160762, 27.946279], [85.160742, 27.946279], [85.160741, 27.946297], [85.160721, 27.946297], [85.160721, 27.946315], [85.1607, 27.946314]]]}, "properties": {"layer": "stripped vegetation, day 2", "note": "cloud-free 59% of corridor only"}}, {"type": "Feature", "geometry": {"type": "Polygon", "coordinates": [[[85.160139, 27.947083], [85.160139, 27.947065], [85.160119, 27.947065], [85.160119, 27.947047], [85.160099, 27.947046], [85.160099, 27.947028], [85.160079, 27.947028], [85.160079, 27.94701], [85.160059, 27.94701], [85.160062, 27.946811], [85.160042, 27.946811], [85.160043, 27.946757], [85.160063, 27.946757], [85.160064, 27.946703], [85.160043, 27.946703], [85.160045, 27.946612], [85.160025, 27.946612], [85.160025, 27.946576], [85.160005, 27.946576], [85.160006, 27.94654], [85.159985, 27.946539], [85.159986, 27.946503], [85.159966, 27.946503], [85.159966, 27.946485], [85.159946, 27.946485], [85.159946, 27.946431], [85.159926, 27.94643], [85.159926, 27.946412], [85.159906, 27.946412], [85.159907, 27.946376], [85.159886, 27.946376], [85.159887, 27.946358], [85.159866, 27.946357], [85.159867, 27.946321], [85.159847, 27.946321], [85.159847, 27.946285], [85.159827, 27.946285], [85.159827, 27.946267], [85.159807, 27.946266], [85.159807, 27.946248], [85.159787, 27.946248], [85.159788, 27.946212], [85.159767, 27.946212], [85.159768, 27.946176], [85.159747, 27.946175], [85.159748, 27.946157], [85.159727, 27.946157], [85.159728, 27.946121], [85.159708, 27.946121], [85.159708, 27.946103], [85.159688, 27.946102], [85.159688, 27.946066], [85.159668, 27.946066], [85.159669, 27.94603], [85.159648, 27.94603], [85.159649, 27.946012], [85.159628, 27.946011], [85.159629, 27.945975], [85.159609, 27.945975], [85.159609, 27.945939], [85.159589, 27.945939], [85.159589, 27.945921], [85.159569, 27.94592], [85.159569, 27.945902], [85.159549, 27.945902], [85.15955, 27.945848], [85.159529, 27.945848], [85.15953, 27.945829], [85.15955, 27.94583], [85.15955, 27.945812], [85.159571, 27.945812], [85.159571, 27.945794], [85.159612, 27.945794], [85.159611, 27.945813], [85.159632, 27.945813], [85.159631, 27.945831], [85.159652, 27.945831], [85.159651, 27.945849], [85.159672, 27.945849], [85.159671, 27.945886], [85.159691, 27.945886], [85.159691, 27.945922], [85.159711, 27.945922], [85.159711, 27.94594], [85.159731, 27.94594], [85.159731, 27.945959], [85.159751, 27.945959], [85.159751, 27.945995], [85.159771, 27.945995], [85.159771, 27.946013], [85.159791, 27.946013], [85.15979, 27.946086], [85.15981, 27.946086], [85.15981, 27.946104], [85.15983, 27.946104], [85.159829, 27.94614], [85.15985, 27.946141], [85.159849, 27.946159], [85.15987, 27.946159], [85.159869, 27.946195], [85.159889, 27.946195], [85.159889, 27.946213], [85.159909, 27.946214], [85.159909, 27.946268], [85.159929, 27.946268], [85.159929, 27.946286], [85.159949, 27.946286], [85.159949, 27.946304], [85.159969, 27.946305], [85.159968, 27.946341], [85.159989, 27.946341], [85.159988, 27.946359], [85.160009, 27.946359], [85.160008, 27.946377], [85.160029, 27.946378], [85.160028, 27.946414], [85.160048, 27.946414], [85.160048, 27.94645], [85.160068, 27.94645], [85.160067, 27.946486], [85.160088, 27.946487], [85.160087, 27.946505], [85.160108, 27.946505], [85.160107, 27.946541], [85.160127, 27.946541], [85.160127, 27.946596], [85.160147, 27.946596], [85.160146, 27.946632], [85.160167, 27.946632], [85.160163, 27.946831], [85.160184, 27.946831], [85.160181, 27.946993], [85.160201, 27.946994], [85.1602, 27.947048], [85.16018, 27.947047], [85.16018, 27.947066], [85.160159, 27.947065], [85.160159, 27.947083], [85.160139, 27.947083]]]}, "properties": {"layer": "stripped vegetation, day 2", "note": "cloud-free 59% of corridor only"}}, {"type": "Feature", "geometry": {"type": "Polygon", "coordinates": [[[85.162374, 27.945904], [85.162374, 27.945886], [85.162354, 27.945885], [85.162354, 27.945867], [85.162334, 27.945867], [85.162335, 27.945831], [85.162314, 27.945831], [85.162315, 27.945794], [85.162335, 27.945795], [85.162336, 27.945777], [85.162356, 27.945777], [85.162356, 27.945759], [85.162376, 27.945759], [85.162376, 27.945777], [85.162397, 27.945778], [85.162396, 27.945796], [85.162417, 27.945796], [85.162416, 27.945814], [85.162437, 27.945814], [85.162436, 27.945868], [85.162415, 27.945868], [85.162415, 27.945886], [85.162395, 27.945886], [85.162394, 27.945904], [85.162374, 27.945904]]]}, "properties": {"layer": "stripped vegetation, day 2", "note": "cloud-free 59% of corridor only"}}, {"type": "Feature", "geometry": {"type": "Polygon", "coordinates": [[[85.160182, 27.945694], [85.160183, 27.945676], [85.160162, 27.945675], [85.160163, 27.945657], [85.160142, 27.945657], [85.160143, 27.945639], [85.160163, 27.945639], [85.160163, 27.945621], [85.160184, 27.945622], [85.160184, 27.945604], [85.160204, 27.945604], [85.160205, 27.945586], [85.160225, 27.945586], [85.160225, 27.945604], [85.160245, 27.945604], [85.160245, 27.945622], [85.160265, 27.945623], [85.160265, 27.945641], [85.160244, 27.94564], [85.160244, 27.945659], [85.160224, 27.945658], [85.160223, 27.945676], [85.160203, 27.945676], [85.160203, 27.945694], [85.160182, 27.945694]]]}, "properties": {"layer": "stripped vegetation, day 2", "note": "cloud-free 59% of corridor only"}}, {"type": "Feature", "geometry": {"type": "Polygon", "coordinates": [[[85.161637, 27.946237], [85.161637, 27.946219], [85.161617, 27.946218], [85.161617, 27.9462], [85.161597, 27.9462], [85.161597, 27.946164], [85.161618, 27.946164], [85.161618, 27.946146], [85.161638, 27.946146], [85.161639, 27.946128], [85.161618, 27.946128], [85.161619, 27.94611], [85.161598, 27.94611], [85.161599, 27.946074], [85.161578, 27.946073], [85.161579, 27.946037], [85.161559, 27.946037], [85.161559, 27.946019], [85.161518, 27.946018], [85.161518, 27.946037], [85.161478, 27.946036], [85.161478, 27.946018], [85.161457, 27.946018], [85.161458, 27.946], [85.161437, 27.945999], [85.161438, 27.945981], [85.161458, 27.945982], [85.161458, 27.945964], [85.161377, 27.945962], [85.161377, 27.945944], [85.161357, 27.945944], [85.161357, 27.945926], [85.161337, 27.945926], [85.161337, 27.945908], [85.161317, 27.945908], [85.161317, 27.945889], [85.161297, 27.945889], [85.161297, 27.945871], [85.161318, 27.945871], [85.161319, 27.945817], [85.161298, 27.945817], [85.161298, 27.945835], [85.161257, 27.945835], [85.161258, 27.945816], [85.161237, 27.945816], [85.161238, 27.945798], [85.161197, 27.945798], [85.161197, 27.945816], [85.161136, 27.945815], [85.161136, 27.945797], [85.161116, 27.945797], [85.161116, 27.945778], [85.161096, 27.945778], [85.161096, 27.94576], [85.161116, 27.94576], [85.161117, 27.945742], [85.161137, 27.945743], [85.161137, 27.945725], [85.161117, 27.945724], [85.161118, 27.945688], [85.161138, 27.945689], [85.161138, 27.94567], [85.161158, 27.945671], [85.161159, 27.945635], [85.161139, 27.945634], [85.161139, 27.945616], [85.161119, 27.945616], [85.161119, 27.945598], [85.161139, 27.945598], [85.16114, 27.94558], [85.16116, 27.945581], [85.16116, 27.945562], [85.161181, 27.945563], [85.161182, 27.945509], [85.161202, 27.945509], [85.161202, 27.945491], [85.161223, 27.945491], [85.161223, 27.945473], [85.161243, 27.945473], [85.161243, 27.945491], [85.161263, 27.945492], [85.161263, 27.94551], [85.161283, 27.94551], [85.161283, 27.945528], [85.161303, 27.945528], [85.161303, 27.945564], [85.161323, 27.945565], [85.161322, 27.945601], [85.161343, 27.945601], [85.161342, 27.945619], [85.161363, 27.945619], [85.161362, 27.945637], [85.161383, 27.945638], [85.161382, 27.945656], [85.161403, 27.945656], [85.161402, 27.945674], [85.161423, 27.945674], [85.161422, 27.94571], [85.161442, 27.945711], [85.161442, 27.945729], [85.161462, 27.945729], [85.161462, 27.945747], [85.161482, 27.945747], [85.161482, 27.945765], [85.161502, 27.945766], [85.161502, 27.945802], [85.161522, 27.945802], [85.161522, 27.94582], [85.161542, 27.94582], [85.161542, 27.945838], [85.161562, 27.945839], [85.161562, 27.945857], [85.161582, 27.945857], [85.161582, 27.945875], [85.161602, 27.945875], [85.161602, 27.945893], [85.161622, 27.945894], [85.161622, 27.945912], [85.161642, 27.945912], [85.161642, 27.945948], [85.161662, 27.945948], [85.161661, 27.946002], [85.161681, 27.946003], [85.16168, 27.946093], [85.1617, 27.946093], [85.1617, 27.946111], [85.161679, 27.946111], [85.161679, 27.946147], [85.161699, 27.946147], [85.161699, 27.946165], [85.161719, 27.946166], [85.161719, 27.946184], [85.161699, 27.946183], [85.161698, 27.946201], [85.161678, 27.946201], [85.161678, 27.946219], [85.161657, 27.946219], [85.161657, 27.946237], [85.161637, 27.946237]]]}, "properties": {"layer": "stripped vegetation, day 2", "note": "cloud-free 59% of corridor only"}}, {"type": "Feature", "geometry": {"type": "Polygon", "coordinates": [[[85.160193, 27.94508], [85.160193, 27.945062], [85.160173, 27.945062], [85.160173, 27.945044], [85.160153, 27.945044], [85.160153, 27.945026], [85.160133, 27.945025], [85.160133, 27.945007], [85.160153, 27.945008], [85.160154, 27.944989], [85.160174, 27.94499], [85.160174, 27.944972], [85.160195, 27.944972], [85.160194, 27.94499], [85.160215, 27.94499], [85.160214, 27.945008], [85.160235, 27.945009], [85.160234, 27.945027], [85.160255, 27.945027], [85.160254, 27.945045], [85.160234, 27.945045], [85.160234, 27.945063], [85.160214, 27.945062], [85.160213, 27.945081], [85.160193, 27.94508]]]}, "properties": {"layer": "stripped vegetation, day 2", "note": "cloud-free 59% of corridor only"}}, {"type": "Feature", "geometry": {"type": "Polygon", "coordinates": [[[85.161615, 27.945099], [85.161616, 27.945081], [85.161595, 27.945081], [85.161596, 27.945063], [85.161575, 27.945063], [85.161576, 27.945027], [85.161556, 27.945026], [85.161556, 27.945008], [85.161576, 27.945008], [85.161577, 27.94499], [85.161597, 27.944991], [85.161597, 27.944973], [85.161638, 27.944973], [85.161637, 27.944991], [85.161658, 27.944992], [85.161657, 27.94501], [85.161678, 27.94501], [85.161677, 27.945046], [85.161698, 27.945046], [85.161697, 27.945064], [85.161677, 27.945064], [85.161677, 27.945082], [85.161656, 27.945082], [85.161656, 27.9451], [85.161615, 27.945099]]]}, "properties": {"layer": "stripped vegetation, day 2", "note": "cloud-free 59% of corridor only"}}, {"type": "Feature", "geometry": {"type": "Polygon", "coordinates": [[[85.160252, 27.945171], [85.160253, 27.945153], [85.160232, 27.945153], [85.160233, 27.945135], [85.160212, 27.945135], [85.160213, 27.945099], [85.160233, 27.945099], [85.160234, 27.945081], [85.160254, 27.945081], [85.160254, 27.945063], [85.160376, 27.945065], [85.160377, 27.945029], [85.160397, 27.945029], [85.160398, 27.944975], [85.160378, 27.944974], [85.160378, 27.944956], [85.160398, 27.944957], [85.160399, 27.944939], [85.160419, 27.944939], [85.160419, 27.944921], [85.160439, 27.944921], [85.160439, 27.944939], [85.16046, 27.944939], [85.160459, 27.944957], [85.16048, 27.944958], [85.160479, 27.944976], [85.1605, 27.944976], [85.160499, 27.944994], [85.16052, 27.944994], [85.160518, 27.945067], [85.160498, 27.945066], [85.160498, 27.945084], [85.160477, 27.945084], [85.160477, 27.945102], [85.160457, 27.945102], [85.160456, 27.94512], [85.160395, 27.945119], [85.160395, 27.945137], [85.160375, 27.945137], [85.160375, 27.945155], [85.160314, 27.945154], [85.160313, 27.945172], [85.160252, 27.945171]]]}, "properties": {"layer": "stripped vegetation, day 2", "note": "cloud-free 59% of corridor only"}}, {"type": "Feature", "geometry": {"type": "Polygon", "coordinates": [[[85.160866, 27.944945], [85.160866, 27.944927], [85.160846, 27.944927], [85.160846, 27.944908], [85.160826, 27.944908], [85.160826, 27.94489], [85.160847, 27.94489], [85.160847, 27.944872], [85.160826, 27.944872], [85.160827, 27.944854], [85.160806, 27.944854], [85.160807, 27.9448], [85.160787, 27.944799], [85.160788, 27.944745], [85.160808, 27.944746], [85.160809, 27.944727], [85.160788, 27.944727], [85.160789, 27.944709], [85.160809, 27.944709], [85.160809, 27.944691], [85.16083, 27.944692], [85.16083, 27.944674], [85.16085, 27.944674], [85.16085, 27.944692], [85.16087, 27.944692], [85.16087, 27.94471], [85.16089, 27.944711], [85.16089, 27.944729], [85.16087, 27.944728], [85.160869, 27.944746], [85.16091, 27.944747], [85.16091, 27.944765], [85.16093, 27.944765], [85.16093, 27.944783], [85.16095, 27.944784], [85.16095, 27.944802], [85.16097, 27.944802], [85.16097, 27.94482], [85.160949, 27.94482], [85.160949, 27.944838], [85.160929, 27.944837], [85.160928, 27.944855], [85.160908, 27.944855], [85.160907, 27.944891], [85.160928, 27.944892], [85.160927, 27.94491], [85.160907, 27.944909], [85.160907, 27.944927], [85.160887, 27.944927], [85.160886, 27.944945], [85.160866, 27.944945]]]}, "properties": {"layer": "stripped vegetation, day 2", "note": "cloud-free 59% of corridor only"}}, {"type": "Feature", "geometry": {"type": "Polygon", "coordinates": [[[85.160201, 27.944575], [85.160202, 27.944557], [85.160181, 27.944557], [85.160182, 27.944539], [85.160161, 27.944538], [85.160162, 27.94452], [85.160182, 27.944521], [85.160182, 27.944503], [85.160203, 27.944503], [85.160203, 27.944485], [85.160223, 27.944485], [85.160224, 27.944467], [85.160244, 27.944467], [85.160244, 27.944485], [85.160264, 27.944486], [85.160264, 27.944504], [85.160284, 27.944504], [85.160284, 27.944522], [85.160263, 27.944522], [85.160263, 27.94454], [85.160243, 27.944539], [85.160242, 27.944557], [85.160222, 27.944557], [85.160222, 27.944575], [85.160201, 27.944575]]]}, "properties": {"layer": "stripped vegetation, day 2", "note": "cloud-free 59% of corridor only"}}, {"type": "Feature", "geometry": {"type": "Polygon", "coordinates": [[[85.15951, 27.945793], [85.15951, 27.945775], [85.15949, 27.945775], [85.15949, 27.945757], [85.15947, 27.945756], [85.15947, 27.945738], [85.15945, 27.945738], [85.159451, 27.945702], [85.15943, 27.945702], [85.159431, 27.945666], [85.159411, 27.945665], [85.159411, 27.945647], [85.159391, 27.945647], [85.159391, 27.945611], [85.159371, 27.945611], [85.159371, 27.945593], [85.159351, 27.945592], [85.159351, 27.945556], [85.159331, 27.945556], [85.159332, 27.94552], [85.159311, 27.94552], [85.159312, 27.945502], [85.159291, 27.945501], [85.159292, 27.945465], [85.159272, 27.945465], [85.159272, 27.945429], [85.159252, 27.945429], [85.159253, 27.945393], [85.159232, 27.945392], [85.159233, 27.945374], [85.159212, 27.945374], [85.159213, 27.945338], [85.159193, 27.945338], [85.159193, 27.945302], [85.159173, 27.945301], [85.159173, 27.945283], [85.159153, 27.945283], [85.159153, 27.945247], [85.159133, 27.945247], [85.159134, 27.94521], [85.159113, 27.94521], [85.159114, 27.945174], [85.159094, 27.945174], [85.159094, 27.945156], [85.159074, 27.945156], [85.159074, 27.945119], [85.159054, 27.945119], [85.159054, 27.945101], [85.159034, 27.945101], [85.159035, 27.945065], [85.159014, 27.945064], [85.159015, 27.945046], [85.158994, 27.945046], [85.158995, 27.944992], [85.158975, 27.944992], [85.158975, 27.944974], [85.158955, 27.944973], [85.158955, 27.944937], [85.158935, 27.944937], [85.158936, 27.944883], [85.158916, 27.944883], [85.158916, 27.944865], [85.158896, 27.944864], [85.158896, 27.944846], [85.158876, 27.944846], [85.158876, 27.944828], [85.158856, 27.944828], [85.158856, 27.94481], [85.158836, 27.944809], [85.158836, 27.944773], [85.158816, 27.944773], [85.158816, 27.944755], [85.158796, 27.944755], [85.158796, 27.944737], [85.158776, 27.944736], [85.158776, 27.944718], [85.158756, 27.944718], [85.158757, 27.944682], [85.158716, 27.944681], [85.158716, 27.944663], [85.158696, 27.944663], [85.158696, 27.944645], [85.158676, 27.944645], [85.158677, 27.944609], [85.158697, 27.944609], [85.158697, 27.944591], [85.158717, 27.944591], [85.158718, 27.944573], [85.158697, 27.944573], [85.158698, 27.944555], [85.158677, 27.944555], [85.158678, 27.944537], [85.158657, 27.944536], [85.158658, 27.944518], [85.158637, 27.944518], [85.158638, 27.944482], [85.158658, 27.944482], [85.158659, 27.944428], [85.158639, 27.944428], [85.158639, 27.94441], [85.158619, 27.944409], [85.15862, 27.944355], [85.15864, 27.944356], [85.15864, 27.944338], [85.158661, 27.944338], [85.158661, 27.94432], [85.158681, 27.94432], [85.158681, 27.944338], [85.158701, 27.944338], [85.158701, 27.944356], [85.158721, 27.944357], [85.158721, 27.944375], [85.158741, 27.944375], [85.158741, 27.944411], [85.158761, 27.944411], [85.15876, 27.944465], [85.158781, 27.944466], [85.15878, 27.944502], [85.1588, 27.944502], [85.1588, 27.944538], [85.15882, 27.944538], [85.158819, 27.944575], [85.15884, 27.944575], [85.158839, 27.944629], [85.158859, 27.944629], [85.158858, 27.944665], [85.158879, 27.944666], [85.158878, 27.944702], [85.158899, 27.944702], [85.158898, 27.94472], [85.158919, 27.94472], [85.158918, 27.944738], [85.158939, 27.944739], [85.158938, 27.944775], [85.158958, 27.944775], [85.158958, 27.944811], [85.158978, 27.944811], [85.158978, 27.944829], [85.158998, 27.94483], [85.158998, 27.944848], [85.159018, 27.944848], [85.159017, 27.944884], [85.159038, 27.944884], [85.159037, 27.94492], [85.159057, 27.944921], [85.159057, 27.944957], [85.159077, 27.944957], [85.159077, 27.944975], [85.159097, 27.944975], [85.159097, 27.945011], [85.159117, 27.945012], [85.159116, 27.945048], [85.159137, 27.945048], [85.159136, 27.945066], [85.159157, 27.945066], [85.159156, 27.945102], [85.159176, 27.945103], [85.159176, 27.945121], [85.159196, 27.945121], [85.159196, 27.945157], [85.159216, 27.945157], [85.159215, 27.945194], [85.159236, 27.945194], [85.159235, 27.945212], [85.159256, 27.945212], [85.159255, 27.945248], [85.159275, 27.945248], [85.159275, 27.945285], [85.159295, 27.945285], [85.159295, 27.945303], [85.159315, 27.945303], [85.159315, 27.945339], [85.159335, 27.94534], [85.159334, 27.945376], [85.159355, 27.945376], [85.159354, 27.945394], [85.159375, 27.945394], [85.159374, 27.94543], [85.159394, 27.945431], [85.159394, 27.945467], [85.159414, 27.945467], [85.159413, 27.945503], [85.159434, 27.945503], [85.159433, 27.945521], [85.159454, 27.945522], [85.159453, 27.94554], [85.159474, 27.94554], [85.159473, 27.945576], [85.159493, 27.945576], [85.159493, 27.945612], [85.159513, 27.945613], [85.159513, 27.945631], [85.159533, 27.945631], [85.159533, 27.945667], [85.159553, 27.945667], [85.159552, 27.945703], [85.159573, 27.945704], [85.159572, 27.945722], [85.159593, 27.945722], [85.159592, 27.945758], [85.159572, 27.945758], [85.159571, 27.945776], [85.159551, 27.945776], [85.159551, 27.945794], [85.15951, 27.945793]]]}, "properties": {"layer": "stripped vegetation, day 2", "note": "cloud-free 59% of corridor only"}}, {"type": "Feature", "geometry": {"type": "Polygon", "coordinates": [[[85.158234, 27.94435], [85.158234, 27.944332], [85.158214, 27.944332], [85.158214, 27.944314], [85.158194, 27.944313], [85.158194, 27.944295], [85.158174, 27.944295], [85.158174, 27.944259], [85.158195, 27.944259], [85.158195, 27.944241], [85.158215, 27.944242], [85.158216, 27.944224], [85.158256, 27.944224], [85.158256, 27.944242], [85.158276, 27.944242], [85.158276, 27.94426], [85.158296, 27.944261], [85.158296, 27.944279], [85.158316, 27.944279], [85.158316, 27.944297], [85.158336, 27.944297], [85.158336, 27.944315], [85.158316, 27.944315], [85.158315, 27.944333], [85.158295, 27.944333], [85.158295, 27.944351], [85.158234, 27.94435]]]}, "properties": {"layer": "stripped vegetation, day 2", "note": "cloud-free 59% of corridor only"}}, {"type": "Feature", "geometry": {"type": "Polygon", "coordinates": [[[85.158561, 27.944228], [85.158561, 27.94421], [85.158541, 27.94421], [85.158541, 27.944192], [85.158521, 27.944192], [85.158521, 27.944173], [85.158501, 27.944173], [85.158501, 27.944155], [85.158481, 27.944155], [85.158482, 27.944119], [85.158461, 27.944119], [85.158462, 27.9441], [85.158441, 27.9441], [85.158442, 27.944082], [85.158462, 27.944082], [85.158462, 27.944064], [85.158482, 27.944065], [85.158483, 27.944047], [85.158503, 27.944047], [85.158503, 27.944029], [85.158544, 27.944029], [85.158544, 27.944011], [85.158565, 27.944012], [85.158564, 27.94403], [85.158585, 27.94403], [85.158584, 27.944048], [85.158605, 27.944048], [85.158604, 27.944084], [85.158624, 27.944085], [85.158623, 27.944193], [85.158602, 27.944193], [85.158602, 27.944211], [85.158582, 27.94421], [85.158581, 27.944228], [85.158561, 27.944228]]]}, "properties": {"layer": "stripped vegetation, day 2", "note": "cloud-free 59% of corridor only"}}, {"type": "Feature", "geometry": {"type": "Polygon", "coordinates": [[[85.158136, 27.94415], [85.158136, 27.944132], [85.158116, 27.944132], [85.158116, 27.944114], [85.158095, 27.944114], [85.158096, 27.944096], [85.158075, 27.944095], [85.158076, 27.944077], [85.158055, 27.944077], [85.158056, 27.944059], [85.158035, 27.944059], [85.158036, 27.944041], [85.158056, 27.944041], [85.158056, 27.944023], [85.158077, 27.944023], [85.158077, 27.944005], [85.158097, 27.944005], [85.158097, 27.944023], [85.158117, 27.944024], [85.158117, 27.944042], [85.158137, 27.944042], [85.158137, 27.94406], [85.158157, 27.94406], [85.158157, 27.944078], [85.158177, 27.944079], [85.158177, 27.944097], [85.158197, 27.944097], [85.158197, 27.944115], [85.158177, 27.944115], [85.158176, 27.944133], [85.158156, 27.944132], [85.158156, 27.944151], [85.158136, 27.94415]]]}, "properties": {"layer": "stripped vegetation, day 2", "note": "cloud-free 59% of corridor only"}}, {"type": "Feature", "geometry": {"type": "Polygon", "coordinates": [[[85.15999, 27.943832], [85.159991, 27.943814], [85.15997, 27.943814], [85.159971, 27.943796], [85.15995, 27.943796], [85.159951, 27.943777], [85.15993, 27.943777], [85.159931, 27.943741], [85.159951, 27.943741], [85.159952, 27.943705], [85.159932, 27.943705], [85.159932, 27.943687], [85.159912, 27.943687], [85.159912, 27.943669], [85.159892, 27.943668], [85.159893, 27.943596], [85.159913, 27.943596], [85.159913, 27.943578], [85.159873, 27.943578], [85.159873, 27.94356], [85.159853, 27.94356], [85.159853, 27.943542], [85.159833, 27.943541], [85.159833, 27.943523], [85.159853, 27.943523], [85.159854, 27.943469], [85.159834, 27.943469], [85.159834, 27.943451], [85.159814, 27.943451], [85.159815, 27.943415], [85.159794, 27.943414], [85.159795, 27.943396], [85.159774, 27.943396], [85.159775, 27.943378], [85.159754, 27.943378], [85.159755, 27.943342], [85.159775, 27.943342], [85.159776, 27.943288], [85.159796, 27.943288], [85.159797, 27.943234], [85.159777, 27.943234], [85.159777, 27.943216], [85.159757, 27.943215], [85.159757, 27.943197], [85.159737, 27.943197], [85.159737, 27.943179], [85.159676, 27.943178], [85.159676, 27.943196], [85.159656, 27.943196], [85.159655, 27.943214], [85.159615, 27.943213], [85.159615, 27.943195], [85.159595, 27.943195], [85.159595, 27.943177], [85.159575, 27.943177], [85.159575, 27.943159], [85.159555, 27.943158], [85.159555, 27.94314], [85.159535, 27.94314], [85.159536, 27.943086], [85.159515, 27.943086], [85.159516, 27.943068], [85.159536, 27.943068], [85.159536, 27.94305], [85.159557, 27.94305], [85.159557, 27.943014], [85.159537, 27.943014], [85.159537, 27.942996], [85.159558, 27.942996], [85.159558, 27.942978], [85.159578, 27.942978], [85.159578, 27.94296], [85.159619, 27.942961], [85.159619, 27.942979], [85.15968, 27.94298], [85.15968, 27.942962], [85.1597, 27.942962], [85.159701, 27.942944], [85.159721, 27.942944], [85.159721, 27.942926], [85.159742, 27.942926], [85.159741, 27.942944], [85.159762, 27.942945], [85.159761, 27.942963], [85.159782, 27.942963], [85.15978, 27.943053], [85.1598, 27.943053], [85.1598, 27.943072], [85.15982, 27.943072], [85.15982, 27.94309], [85.15984, 27.94309], [85.159839, 27.943162], [85.15986, 27.943163], [85.159859, 27.943199], [85.159879, 27.943199], [85.159879, 27.943217], [85.159899, 27.943217], [85.159898, 27.943289], [85.159878, 27.943289], [85.159877, 27.943307], [85.159898, 27.943307], [85.159897, 27.943326], [85.159918, 27.943326], [85.159917, 27.943344], [85.159938, 27.943344], [85.159937, 27.943416], [85.159957, 27.943417], [85.159955, 27.943543], [85.159975, 27.943543], [85.159975, 27.943561], [85.159954, 27.943561], [85.159954, 27.943579], [85.159974, 27.943579], [85.159974, 27.943597], [85.159994, 27.943598], [85.159994, 27.943616], [85.160014, 27.943616], [85.160014, 27.943634], [85.160034, 27.943634], [85.160033, 27.943706], [85.160054, 27.943707], [85.160053, 27.943725], [85.160074, 27.943725], [85.160073, 27.943743], [85.160094, 27.943743], [85.160093, 27.943797], [85.160072, 27.943797], [85.160072, 27.943815], [85.160052, 27.943815], [85.160051, 27.943833], [85.15999, 27.943832]]]}, "properties": {"layer": "stripped vegetation, day 2", "note": "cloud-free 59% of corridor only"}}, {"type": "Feature", "geometry": {"type": "Polygon", "coordinates": [[[85.159211, 27.943064], [85.159211, 27.943046], [85.159191, 27.943045], [85.159191, 27.943027], [85.159171, 27.943027], [85.159171, 27.943009], [85.159151, 27.943009], [85.159152, 27.942936], [85.159172, 27.942937], [85.159173, 27.942919], [85.159193, 27.942919], [85.159193, 27.942901], [85.159214, 27.942901], [85.159213, 27.942919], [85.159234, 27.94292], [85.159233, 27.942938], [85.159254, 27.942938], [85.159253, 27.942992], [85.159273, 27.942992], [85.159273, 27.94301], [85.159293, 27.943011], [85.159293, 27.943029], [85.159272, 27.943028], [85.159272, 27.943046], [85.159252, 27.943046], [85.159251, 27.943064], [85.159211, 27.943064]]]}, "properties": {"layer": "stripped vegetation, day 2", "note": "cloud-free 59% of corridor only"}}, {"type": "Feature", "geometry": {"type": "Polygon", "coordinates": [[[85.15964, 27.942925], [85.15964, 27.942907], [85.15962, 27.942907], [85.15962, 27.942889], [85.1596, 27.942888], [85.1596, 27.94287], [85.159621, 27.942871], [85.159621, 27.942853], [85.159641, 27.942853], [85.159642, 27.942835], [85.159662, 27.942835], [85.159662, 27.942853], [85.159682, 27.942853], [85.159682, 27.942871], [85.159702, 27.942872], [85.159702, 27.94289], [85.159681, 27.942889], [85.159681, 27.942907], [85.159661, 27.942907], [85.15966, 27.942925], [85.15964, 27.942925]]]}, "properties": {"layer": "stripped vegetation, day 2", "note": "cloud-free 59% of corridor only"}}, {"type": "Feature", "geometry": {"type": "Polygon", "coordinates": [[[85.158904, 27.943168], [85.158905, 27.94315], [85.158884, 27.94315], [85.158884, 27.943131], [85.158864, 27.943131], [85.158864, 27.943113], [85.158885, 27.943113], [85.158885, 27.943095], [85.158865, 27.943095], [85.158865, 27.943077], [85.158845, 27.943077], [85.158845, 27.943059], [85.158825, 27.943058], [85.158825, 27.94304], [85.158805, 27.94304], [85.158804, 27.943076], [85.158784, 27.943076], [85.158784, 27.943094], [85.158763, 27.943094], [85.158763, 27.943112], [85.158743, 27.943112], [85.158743, 27.943093], [85.158723, 27.943093], [85.158723, 27.943075], [85.158703, 27.943075], [85.158703, 27.943057], [85.158683, 27.943057], [85.158683, 27.943039], [85.158663, 27.943038], [85.158663, 27.943002], [85.158643, 27.943002], [85.158643, 27.942984], [85.158602, 27.942983], [85.158602, 27.943001], [85.158582, 27.943001], [85.158582, 27.942983], [85.158562, 27.942983], [85.158562, 27.942965], [85.158542, 27.942964], [85.158542, 27.942946], [85.158522, 27.942946], [85.158522, 27.94291], [85.158543, 27.94291], [85.158544, 27.942856], [85.158564, 27.942856], [85.158564, 27.942838], [85.158585, 27.942839], [85.158585, 27.942821], [85.158626, 27.942821], [85.158626, 27.942803], [85.158585, 27.942803], [85.158586, 27.942785], [85.158565, 27.942784], [85.158565, 27.942766], [85.158545, 27.942766], [85.158545, 27.942748], [85.158566, 27.942748], [85.158566, 27.94273], [85.158586, 27.94273], [85.158587, 27.942712], [85.158648, 27.942713], [85.158648, 27.942695], [85.15875, 27.942696], [85.158749, 27.942715], [85.15877, 27.942715], [85.158769, 27.942733], [85.15879, 27.942733], [85.158789, 27.942751], [85.15881, 27.942751], [85.158809, 27.942788], [85.158829, 27.942788], [85.158829, 27.942806], [85.158849, 27.942806], [85.158849, 27.942824], [85.158869, 27.942824], [85.158868, 27.942879], [85.158889, 27.942879], [85.158888, 27.942951], [85.158908, 27.942951], [85.158908, 27.942969], [85.158928, 27.94297], [85.158927, 27.943006], [85.158948, 27.943006], [85.158947, 27.943042], [85.158927, 27.943042], [85.158926, 27.94306], [85.158906, 27.94306], [85.158906, 27.943078], [85.158926, 27.943078], [85.158926, 27.943096], [85.158946, 27.943096], [85.158946, 27.943114], [85.158966, 27.943115], [85.158966, 27.943133], [85.158945, 27.943132], [85.158945, 27.94315], [85.158925, 27.94315], [85.158925, 27.943168], [85.158904, 27.943168]]]}, "properties": {"layer": "stripped vegetation, day 2", "note": "cloud-free 59% of corridor only"}}, {"type": "Feature", "geometry": {"type": "Polygon", "coordinates": [[[85.158402, 27.944027], [85.158402, 27.944009], [85.158382, 27.944009], [85.158382, 27.943991], [85.158362, 27.943991], [85.158362, 27.943973], [85.158342, 27.943973], [85.158342, 27.943954], [85.158322, 27.943954], [85.158322, 27.943918], [85.158302, 27.943918], [85.158302, 27.9439], [85.158282, 27.9439], [85.158282, 27.943881], [85.158262, 27.943881], [85.158263, 27.943845], [85.158242, 27.943845], [85.158243, 27.943827], [85.158222, 27.943827], [85.158223, 27.943808], [85.158202, 27.943808], [85.158203, 27.943772], [85.158183, 27.943772], [85.158183, 27.943754], [85.158163, 27.943754], [85.158163, 27.943735], [85.158143, 27.943735], [85.158143, 27.943717], [85.158123, 27.943717], [85.158123, 27.943681], [85.158103, 27.943681], [85.158103, 27.943662], [85.158083, 27.943662], [85.158083, 27.943626], [85.158063, 27.943626], [85.158063, 27.943608], [85.158043, 27.943608], [85.158044, 27.943571], [85.158023, 27.943571], [85.158024, 27.943535], [85.158004, 27.943535], [85.158004, 27.943499], [85.157984, 27.943498], [85.157985, 27.943462], [85.157964, 27.943462], [85.157965, 27.943408], [85.157945, 27.943408], [85.157945, 27.943372], [85.157925, 27.943371], [85.157926, 27.943335], [85.157905, 27.943335], [85.157906, 27.943299], [85.157886, 27.943299], [85.157887, 27.943244], [85.157866, 27.943244], [85.157867, 27.943208], [85.157847, 27.943208], [85.157847, 27.943172], [85.157827, 27.943171], [85.157828, 27.943135], [85.157807, 27.943135], [85.157808, 27.943063], [85.157788, 27.943063], [85.157789, 27.94299], [85.157769, 27.94299], [85.157769, 27.942972], [85.157749, 27.942972], [85.157749, 27.942954], [85.157729, 27.942954], [85.15773, 27.942917], [85.157709, 27.942917], [85.15771, 27.942899], [85.157689, 27.942899], [85.157691, 27.942827], [85.15767, 27.942826], [85.157671, 27.94279], [85.15765, 27.94279], [85.157651, 27.942754], [85.157671, 27.942754], [85.157672, 27.942736], [85.157692, 27.942736], [85.157692, 27.942718], [85.157733, 27.942719], [85.157733, 27.942701], [85.157794, 27.942702], [85.157795, 27.942684], [85.157835, 27.942684], [85.157836, 27.942666], [85.157896, 27.942667], [85.157897, 27.942649], [85.157937, 27.94265], [85.157938, 27.942631], [85.157978, 27.942632], [85.157979, 27.942614], [85.15804, 27.942615], [85.158039, 27.942633], [85.15806, 27.942633], [85.158059, 27.942651], [85.15808, 27.942651], [85.158079, 27.942669], [85.1581, 27.94267], [85.158099, 27.942724], [85.158119, 27.942724], [85.158118, 27.94276], [85.158139, 27.94276], [85.158138, 27.942797], [85.158158, 27.942797], [85.158158, 27.942851], [85.158178, 27.942851], [85.158177, 27.942887], [85.158198, 27.942888], [85.158197, 27.942924], [85.158217, 27.942924], [85.158217, 27.94296], [85.158237, 27.94296], [85.158236, 27.942996], [85.158257, 27.942997], [85.158256, 27.943051], [85.158276, 27.943051], [85.158276, 27.943069], [85.158296, 27.943069], [85.158296, 27.943106], [85.158316, 27.943106], [85.158315, 27.943142], [85.158336, 27.943142], [85.158335, 27.943178], [85.158355, 27.943179], [85.158355, 27.943215], [85.158375, 27.943215], [85.158374, 27.943251], [85.158395, 27.943251], [85.158394, 27.943287], [85.158414, 27.943288], [85.158414, 27.943324], [85.158434, 27.943324], [85.158433, 27.943378], [85.158453, 27.943378], [85.158453, 27.943414], [85.158473, 27.943415], [85.158472, 27.943469], [85.158493, 27.943469], [85.158491, 27.943559], [85.158511, 27.94356], [85.15851, 27.943668], [85.15853, 27.943668], [85.158529, 27.943722], [85.158549, 27.943723], [85.158548, 27.943813], [85.158568, 27.943813], [85.158566, 27.943921], [85.158587, 27.943922], [85.158586, 27.943958], [85.158566, 27.943957], [85.158565, 27.943976], [85.158545, 27.943975], [85.158545, 27.943993], [85.158504, 27.943993], [85.158504, 27.944011], [85.158463, 27.94401], [85.158463, 27.944028], [85.158402, 27.944027]]]}, "properties": {"layer": "stripped vegetation, day 2", "note": "cloud-free 59% of corridor only"}}, {"type": "Feature", "geometry": {"type": "Polygon", "coordinates": [[[85.159421, 27.942669], [85.159421, 27.942651], [85.159401, 27.942651], [85.159401, 27.942633], [85.159381, 27.942633], [85.159381, 27.942615], [85.159401, 27.942615], [85.159402, 27.942597], [85.159422, 27.942597], [85.159422, 27.942579], [85.159443, 27.942579], [85.159442, 27.942597], [85.159463, 27.942598], [85.159462, 27.942616], [85.159483, 27.942616], [85.159482, 27.942634], [85.159462, 27.942634], [85.159462, 27.942652], [85.159441, 27.942652], [85.159441, 27.94267], [85.159421, 27.942669]]]}, "properties": {"layer": "stripped vegetation, day 2", "note": "cloud-free 59% of corridor only"}}, {"type": "Feature", "geometry": {"type": "Polygon", "coordinates": [[[85.160742, 27.942669], [85.160742, 27.942651], [85.160722, 27.942651], [85.160722, 27.942633], [85.160702, 27.942632], [85.160703, 27.942578], [85.160682, 27.942578], [85.160683, 27.94256], [85.160703, 27.94256], [85.160703, 27.942542], [85.160724, 27.942542], [85.160724, 27.942524], [85.160744, 27.942525], [85.160744, 27.942543], [85.160764, 27.942543], [85.160764, 27.942561], [85.160784, 27.942561], [85.160784, 27.942579], [85.160804, 27.94258], [85.160803, 27.942634], [85.160783, 27.942633], [85.160783, 27.942651], [85.160763, 27.942651], [85.160762, 27.942669], [85.160742, 27.942669]]]}, "properties": {"layer": "stripped vegetation, day 2", "note": "cloud-free 59% of corridor only"}}, {"type": "Feature", "geometry": {"type": "Polygon", "coordinates": [[[85.159343, 27.942488], [85.159343, 27.94247], [85.159323, 27.942469], [85.159323, 27.942451], [85.159303, 27.942451], [85.159303, 27.942433], [85.159283, 27.942433], [85.159283, 27.942397], [85.159303, 27.942397], [85.159304, 27.942379], [85.159324, 27.942379], [85.159324, 27.942361], [85.159345, 27.942361], [85.159344, 27.94238], [85.159365, 27.94238], [85.159364, 27.942398], [85.159385, 27.942398], [85.159384, 27.942416], [85.159405, 27.942416], [85.159404, 27.942453], [85.159384, 27.942452], [85.159383, 27.94247], [85.159363, 27.94247], [85.159363, 27.942488], [85.159343, 27.942488]]]}, "properties": {"layer": "stripped vegetation, day 2", "note": "cloud-free 59% of corridor only"}}, {"type": "Feature", "geometry": {"type": "Polygon", "coordinates": [[[85.160337, 27.942555], [85.160338, 27.942537], [85.160317, 27.942537], [85.160318, 27.942519], [85.160297, 27.942519], [85.160298, 27.942501], [85.160277, 27.9425], [85.160278, 27.942446], [85.160258, 27.942446], [85.160258, 27.942428], [85.160238, 27.942428], [85.160238, 27.94241], [85.160218, 27.942409], [85.160218, 27.942373], [85.160198, 27.942373], [85.160198, 27.942355], [85.160219, 27.942355], [85.160219, 27.942337], [85.160239, 27.942337], [85.16024, 27.942319], [85.16026, 27.94232], [85.16026, 27.942338], [85.16028, 27.942338], [85.16028, 27.942356], [85.1603, 27.942356], [85.1603, 27.942374], [85.16032, 27.942375], [85.16032, 27.942393], [85.16034, 27.942393], [85.16034, 27.942411], [85.16036, 27.942411], [85.160359, 27.942465], [85.160379, 27.942466], [85.160379, 27.942502], [85.160399, 27.942502], [85.160399, 27.94252], [85.160379, 27.94252], [85.160378, 27.942538], [85.160358, 27.942537], [85.160358, 27.942556], [85.160337, 27.942555]]]}, "properties": {"layer": "stripped vegetation, day 2", "note": "cloud-free 59% of corridor only"}}, {"type": "Feature", "geometry": {"type": "Polygon", "coordinates": [[[85.160685, 27.942416], [85.160686, 27.942397], [85.160645, 27.942397], [85.160645, 27.942379], [85.160625, 27.942379], [85.160625, 27.942361], [85.160605, 27.94236], [85.160605, 27.942342], [85.160585, 27.942342], [85.160585, 27.942324], [85.160605, 27.942324], [85.160606, 27.942306], [85.160626, 27.942306], [85.160626, 27.942288], [85.160647, 27.942289], [85.160647, 27.942271], [85.160667, 27.942271], [85.160668, 27.942253], [85.160688, 27.942253], [85.160688, 27.942235], [85.160709, 27.942235], [85.160708, 27.942253], [85.160729, 27.942254], [85.160728, 27.942272], [85.160749, 27.942272], [85.160747, 27.94238], [85.160726, 27.94238], [85.160726, 27.942398], [85.160706, 27.942398], [85.160706, 27.942416], [85.160685, 27.942416]]]}, "properties": {"layer": "stripped vegetation, day 2", "note": "cloud-free 59% of corridor only"}}, {"type": "Feature", "geometry": {"type": "Polygon", "coordinates": [[[85.159722, 27.942872], [85.159723, 27.942854], [85.159702, 27.942854], [85.159702, 27.942836], [85.159682, 27.942835], [85.159682, 27.942817], [85.159662, 27.942817], [85.159663, 27.942781], [85.159683, 27.942781], [85.159684, 27.942745], [85.159663, 27.942745], [85.159663, 27.942763], [85.159643, 27.942763], [85.159643, 27.942745], [85.159623, 27.942744], [85.159623, 27.942726], [85.159603, 27.942726], [85.159603, 27.942708], [85.159583, 27.942708], [85.159583, 27.942672], [85.159563, 27.942671], [85.159564, 27.942617], [85.159544, 27.942617], [85.159544, 27.942599], [85.159524, 27.942599], [85.159524, 27.94258], [85.159544, 27.942581], [85.159545, 27.942563], [85.159565, 27.942563], [85.159565, 27.942527], [85.159545, 27.942527], [85.159545, 27.942509], [85.159525, 27.942508], [85.159525, 27.94249], [85.159485, 27.94249], [85.159485, 27.942472], [85.159465, 27.942471], [85.159465, 27.942453], [85.159445, 27.942453], [85.159445, 27.942417], [85.159425, 27.942417], [85.159425, 27.942399], [85.159405, 27.942398], [85.159406, 27.942362], [85.159426, 27.942363], [85.159426, 27.942345], [85.159406, 27.942344], [85.159406, 27.942326], [85.159386, 27.942326], [85.159386, 27.942344], [85.159365, 27.942344], [85.159365, 27.942362], [85.159345, 27.942361], [85.159345, 27.942343], [85.159325, 27.942343], [85.159325, 27.942325], [85.159305, 27.942325], [85.159305, 27.942289], [85.159285, 27.942288], [85.159286, 27.942252], [85.159265, 27.942252], [85.159266, 27.942234], [85.159286, 27.942234], [85.159286, 27.942216], [85.159307, 27.942217], [85.159307, 27.942199], [85.159327, 27.942199], [85.159327, 27.942181], [85.159348, 27.942181], [85.159347, 27.942199], [85.159368, 27.942199], [85.159367, 27.942217], [85.159388, 27.942218], [85.159387, 27.942254], [85.159407, 27.942254], [85.159407, 27.942272], [85.159448, 27.942273], [85.159448, 27.942255], [85.159468, 27.942255], [85.15947, 27.942183], [85.159449, 27.942182], [85.15945, 27.942164], [85.159429, 27.942164], [85.15943, 27.942146], [85.159409, 27.942146], [85.15941, 27.942092], [85.159431, 27.942092], [85.159431, 27.942074], [85.159451, 27.942074], [85.159451, 27.942056], [85.159472, 27.942056], [85.159472, 27.942038], [85.159513, 27.942039], [85.159512, 27.942057], [85.159573, 27.942058], [85.159573, 27.942076], [85.159593, 27.942076], [85.159593, 27.942094], [85.159613, 27.942094], [85.159612, 27.942167], [85.159633, 27.942167], [85.159631, 27.942275], [85.15961, 27.942275], [85.15961, 27.942311], [85.15963, 27.942311], [85.15963, 27.942329], [85.15965, 27.942329], [85.159649, 27.942366], [85.159629, 27.942365], [85.159628, 27.942419], [85.159649, 27.94242], [85.159648, 27.942438], [85.159669, 27.942438], [85.159668, 27.942474], [85.159688, 27.942474], [85.159688, 27.94251], [85.159667, 27.94251], [85.159667, 27.942528], [85.159687, 27.942529], [85.159687, 27.942547], [85.159707, 27.942547], [85.159707, 27.942565], [85.159727, 27.942565], [85.159726, 27.942619], [85.159747, 27.94262], [85.159746, 27.942656], [85.159767, 27.942656], [85.159765, 27.942764], [85.159785, 27.942764], [85.159784, 27.942837], [85.159763, 27.942836], [85.159763, 27.942854], [85.159743, 27.942854], [85.159743, 27.942872], [85.159722, 27.942872]]]}, "properties": {"layer": "stripped vegetation, day 2", "note": "cloud-free 59% of corridor only"}}, {"type": "Feature", "geometry": {"type": "Polygon", "coordinates": [[[85.16124, 27.942062], [85.16124, 27.942044], [85.16122, 27.942044], [85.16122, 27.942026], [85.1612, 27.942025], [85.1612, 27.942007], [85.161221, 27.942008], [85.161221, 27.941989], [85.161241, 27.94199], [85.161241, 27.941972], [85.161282, 27.941972], [85.161282, 27.94199], [85.161302, 27.941991], [85.161302, 27.942009], [85.161322, 27.942009], [85.161322, 27.942027], [85.161302, 27.942027], [85.161301, 27.942045], [85.161281, 27.942044], [85.161281, 27.942062], [85.16124, 27.942062]]]}, "properties": {"layer": "stripped vegetation, day 2", "note": "cloud-free 59% of corridor only"}}, {"type": "Feature", "geometry": {"type": "Polygon", "coordinates": [[[85.159524, 27.941371], [85.159524, 27.941353], [85.159504, 27.941353], [85.159504, 27.941335], [85.159484, 27.941335], [85.159485, 27.941298], [85.159464, 27.941298], [85.159465, 27.941262], [85.159445, 27.941262], [85.159445, 27.941226], [85.159425, 27.941225], [85.159426, 27.941189], [85.159446, 27.94119], [85.159446, 27.941172], [85.159426, 27.941171], [85.159426, 27.941153], [85.159406, 27.941153], [85.159406, 27.941135], [85.159386, 27.941135], [85.159386, 27.941099], [85.159407, 27.941099], [85.159407, 27.941081], [85.159427, 27.941081], [85.159428, 27.941063], [85.159448, 27.941063], [85.159448, 27.941081], [85.159468, 27.941082], [85.159468, 27.9411], [85.159488, 27.9411], [85.159487, 27.941136], [85.159508, 27.941136], [85.159507, 27.941154], [85.159528, 27.941155], [85.159527, 27.941173], [85.159548, 27.941173], [85.159547, 27.941209], [85.159567, 27.941209], [85.159567, 27.941227], [85.159587, 27.941228], [85.159586, 27.941336], [85.159565, 27.941336], [85.159565, 27.941354], [85.159545, 27.941353], [85.159544, 27.941371], [85.159524, 27.941371]]]}, "properties": {"layer": "stripped vegetation, day 2", "note": "cloud-free 59% of corridor only"}}, {"type": "Feature", "geometry": {"type": "Polygon", "coordinates": [[[85.157254, 27.94098], [85.157255, 27.940962], [85.157234, 27.940961], [85.157235, 27.940943], [85.157214, 27.940943], [85.157215, 27.940925], [85.157235, 27.940925], [85.157235, 27.940907], [85.157256, 27.940908], [85.157256, 27.94089], [85.157276, 27.94089], [85.157276, 27.940908], [85.157296, 27.940908], [85.157296, 27.940926], [85.157316, 27.940926], [85.157316, 27.940945], [85.157296, 27.940944], [85.157295, 27.940962], [85.157275, 27.940962], [85.157275, 27.94098], [85.157254, 27.94098]]]}, "properties": {"layer": "stripped vegetation, day 2", "note": "cloud-free 59% of corridor only"}}, {"type": "Feature", "geometry": {"type": "Polygon", "coordinates": [[[85.157364, 27.941685], [85.157365, 27.941667], [85.157324, 27.941667], [85.157324, 27.941649], [85.157304, 27.941648], [85.157304, 27.94163], [85.157284, 27.94163], [85.157286, 27.94154], [85.157306, 27.94154], [85.157306, 27.941522], [85.157326, 27.941522], [85.157327, 27.941504], [85.157347, 27.941504], [85.157347, 27.941486], [85.157327, 27.941486], [85.157327, 27.941468], [85.157307, 27.941468], [85.157308, 27.941432], [85.157328, 27.941432], [85.157328, 27.941414], [85.157349, 27.941414], [85.15735, 27.94136], [85.15737, 27.94136], [85.15737, 27.941342], [85.157391, 27.941343], [85.157391, 27.941325], [85.157411, 27.941325], [85.157411, 27.941307], [85.157432, 27.941307], [85.157435, 27.941127], [85.157394, 27.941126], [85.157394, 27.941108], [85.157374, 27.941108], [85.157374, 27.94109], [85.157354, 27.941089], [85.157354, 27.941071], [85.157334, 27.941071], [85.157334, 27.941053], [85.157314, 27.941053], [85.157314, 27.941035], [85.157294, 27.941034], [85.157295, 27.940998], [85.157315, 27.940999], [85.157315, 27.940981], [85.157336, 27.940981], [85.157336, 27.940963], [85.157356, 27.940963], [85.157356, 27.940981], [85.157376, 27.940981], [85.157376, 27.940999], [85.157518, 27.941001], [85.157519, 27.940983], [85.15762, 27.940985], [85.157621, 27.940949], [85.1576, 27.940948], [85.157601, 27.94093], [85.15758, 27.94093], [85.157581, 27.940912], [85.157601, 27.940912], [85.157601, 27.940894], [85.157622, 27.940894], [85.157622, 27.940876], [85.157663, 27.940877], [85.157662, 27.940895], [85.157683, 27.940895], [85.157682, 27.940913], [85.157743, 27.940914], [85.157744, 27.940896], [85.157764, 27.940896], [85.157764, 27.940878], [85.157785, 27.940879], [85.157785, 27.940861], [85.157805, 27.940861], [85.157805, 27.940843], [85.157826, 27.940843], [85.157826, 27.940825], [85.157846, 27.940825], [85.157847, 27.940807], [85.157887, 27.940808], [85.157887, 27.940826], [85.157907, 27.940826], [85.157907, 27.940844], [85.157927, 27.940844], [85.157926, 27.940917], [85.157906, 27.940916], [85.157906, 27.940934], [85.157885, 27.940934], [85.157885, 27.940952], [85.157865, 27.940952], [85.157864, 27.94097], [85.157844, 27.94097], [85.157844, 27.940988], [85.157823, 27.940987], [85.157823, 27.941024], [85.157843, 27.941024], [85.157843, 27.941042], [85.157863, 27.941042], [85.157863, 27.94106], [85.157883, 27.94106], [85.157883, 27.941078], [85.157903, 27.941079], [85.157902, 27.941133], [85.157923, 27.941133], [85.157921, 27.941241], [85.157941, 27.941242], [85.157941, 27.94126], [85.15792, 27.941259], [85.15792, 27.941278], [85.1579, 27.941277], [85.157899, 27.941313], [85.157919, 27.941314], [85.157918, 27.941386], [85.157898, 27.941386], [85.157897, 27.941422], [85.157877, 27.941421], [85.157877, 27.941439], [85.157856, 27.941439], [85.157856, 27.941457], [85.157836, 27.941457], [85.157835, 27.941475], [85.157734, 27.941474], [85.157733, 27.941492], [85.157713, 27.941491], [85.157713, 27.941509], [85.157693, 27.941509], [85.157692, 27.941527], [85.157672, 27.941527], [85.157672, 27.941545], [85.157651, 27.941545], [85.157652, 27.941527], [85.157631, 27.941526], [85.157632, 27.941508], [85.157611, 27.941508], [85.157612, 27.94149], [85.157591, 27.94149], [85.157592, 27.941454], [85.157572, 27.941453], [85.157572, 27.941417], [85.157552, 27.941417], [85.157552, 27.941381], [85.157532, 27.941381], [85.157532, 27.941399], [85.157512, 27.941398], [85.157511, 27.941416], [85.157532, 27.941417], [85.157531, 27.941453], [85.157551, 27.941453], [85.157551, 27.941489], [85.157571, 27.941489], [85.157571, 27.941507], [85.157591, 27.941508], [85.15759, 27.941562], [85.15761, 27.941562], [85.15761, 27.94158], [85.15763, 27.94158], [85.15763, 27.941599], [85.15761, 27.941598], [85.157609, 27.941616], [85.157589, 27.941616], [85.157589, 27.941634], [85.157568, 27.941634], [85.157568, 27.941652], [85.157528, 27.941651], [85.157527, 27.941669], [85.157466, 27.941669], [85.157467, 27.94165], [85.157446, 27.94165], [85.157446, 27.941668], [85.157385, 27.941667], [85.157385, 27.941685], [85.157364, 27.941685]], [[85.157618, 27.941093], [85.157659, 27.941094], [85.157659, 27.941075], [85.15772, 27.941076], [85.157721, 27.941058], [85.157761, 27.941059], [85.157761, 27.941041], [85.157701, 27.94104], [85.1577, 27.941058], [85.157639, 27.941057], [85.157639, 27.941075], [85.157619, 27.941075], [85.157618, 27.941093]]]}, "properties": {"layer": "stripped vegetation, day 2", "note": "cloud-free 59% of corridor only"}}, {"type": "Feature", "geometry": {"type": "Polygon", "coordinates": [[[85.158311, 27.940976], [85.158312, 27.940958], [85.158291, 27.940958], [85.158292, 27.94094], [85.158271, 27.940939], [85.158272, 27.940885], [85.158293, 27.940885], [85.158293, 27.940867], [85.158313, 27.940868], [85.158313, 27.94085], [85.158334, 27.94085], [85.158334, 27.940832], [85.158354, 27.940832], [85.158355, 27.940814], [85.158375, 27.940814], [85.158375, 27.940832], [85.158395, 27.940833], [85.158395, 27.940851], [85.158415, 27.940851], [85.158414, 27.940905], [85.158394, 27.940905], [85.158394, 27.940923], [85.158373, 27.940923], [85.158373, 27.940941], [85.158353, 27.94094], [85.158352, 27.940958], [85.158332, 27.940958], [85.158332, 27.940976], [85.158311, 27.940976]]]}, "properties": {"layer": "stripped vegetation, day 2", "note": "cloud-free 59% of corridor only"}}, {"type": "Feature", "geometry": {"type": "Polygon", "coordinates": [[[85.157988, 27.940863], [85.157988, 27.940845], [85.157968, 27.940845], [85.157968, 27.940827], [85.157948, 27.940827], [85.157948, 27.940809], [85.157928, 27.940808], [85.157929, 27.940754], [85.157949, 27.940754], [85.15795, 27.940736], [85.15797, 27.940737], [85.15797, 27.940719], [85.158011, 27.940719], [85.158011, 27.940737], [85.158031, 27.940738], [85.158031, 27.940756], [85.158051, 27.940756], [85.15805, 27.940828], [85.158029, 27.940828], [85.158029, 27.940846], [85.158009, 27.940846], [85.158008, 27.940864], [85.157988, 27.940863]]]}, "properties": {"layer": "stripped vegetation, day 2", "note": "cloud-free 59% of corridor only"}}, {"type": "Feature", "geometry": {"type": "Polygon", "coordinates": [[[85.158094, 27.94063], [85.158094, 27.940612], [85.158074, 27.940612], [85.158074, 27.940594], [85.158054, 27.940593], [85.158054, 27.940575], [85.158034, 27.940575], [85.158034, 27.940557], [85.158014, 27.940557], [85.158014, 27.940539], [85.157994, 27.940538], [85.157994, 27.94052], [85.157974, 27.94052], [85.157974, 27.940502], [85.157954, 27.940502], [85.157954, 27.940466], [85.157934, 27.940465], [85.157934, 27.940429], [85.157914, 27.940429], [85.157914, 27.940411], [85.157894, 27.940411], [85.157895, 27.940375], [85.157874, 27.940374], [85.157875, 27.940356], [85.157854, 27.940356], [85.157855, 27.940338], [85.157875, 27.940338], [85.157875, 27.94032], [85.157896, 27.940321], [85.157896, 27.940303], [85.157937, 27.940303], [85.157936, 27.940321], [85.157957, 27.940321], [85.157956, 27.940339], [85.157977, 27.94034], [85.157976, 27.940358], [85.157997, 27.940358], [85.157996, 27.940376], [85.158017, 27.940376], [85.158016, 27.940412], [85.158036, 27.940413], [85.158036, 27.940431], [85.158056, 27.940431], [85.158056, 27.940449], [85.158076, 27.940449], [85.158076, 27.940485], [85.158096, 27.940486], [85.158096, 27.940504], [85.158116, 27.940504], [85.158116, 27.940522], [85.158136, 27.940522], [85.158135, 27.940558], [85.158156, 27.940559], [85.158155, 27.940595], [85.158135, 27.940595], [85.158135, 27.940613], [85.158114, 27.940612], [85.158114, 27.94063], [85.158094, 27.94063]]]}, "properties": {"layer": "stripped vegetation, day 2", "note": "cloud-free 59% of corridor only"}}, {"type": "Feature", "geometry": {"type": "Polygon", "coordinates": [[[85.159192, 27.940555], [85.159193, 27.940536], [85.159172, 27.940536], [85.159173, 27.940518], [85.159132, 27.940518], [85.159132, 27.940536], [85.159111, 27.940535], [85.159112, 27.940517], [85.159091, 27.940517], [85.159092, 27.940499], [85.159071, 27.940499], [85.159072, 27.940481], [85.159092, 27.940481], [85.159093, 27.940427], [85.159052, 27.940426], [85.159053, 27.940408], [85.159032, 27.940408], [85.159033, 27.94039], [85.159012, 27.94039], [85.159013, 27.940372], [85.158992, 27.940371], [85.158993, 27.940353], [85.158972, 27.940353], [85.158973, 27.940317], [85.158953, 27.940317], [85.158953, 27.940263], [85.158933, 27.940262], [85.158933, 27.940244], [85.158913, 27.940244], [85.158913, 27.940226], [85.158934, 27.940226], [85.158934, 27.940208], [85.158954, 27.940208], [85.158955, 27.94019], [85.158975, 27.940191], [85.158975, 27.940209], [85.159015, 27.940209], [85.159016, 27.940191], [85.159036, 27.940191], [85.159036, 27.940209], [85.159056, 27.94021], [85.159056, 27.940228], [85.159076, 27.940228], [85.159076, 27.940246], [85.159096, 27.940246], [85.159096, 27.940264], [85.159136, 27.940265], [85.159136, 27.940283], [85.159156, 27.940283], [85.159156, 27.940301], [85.159176, 27.940302], [85.159175, 27.940356], [85.159196, 27.940356], [85.159195, 27.940374], [85.159216, 27.940374], [85.159215, 27.94041], [85.159195, 27.94041], [85.159195, 27.940428], [85.159215, 27.940428], [85.159215, 27.940447], [85.159255, 27.940447], [85.159255, 27.940465], [85.159275, 27.940465], [85.159275, 27.940483], [85.159295, 27.940484], [85.159295, 27.940502], [85.159275, 27.940501], [85.159274, 27.94052], [85.159254, 27.940519], [85.159254, 27.940537], [85.159213, 27.940537], [85.159213, 27.940555], [85.159192, 27.940555]]]}, "properties": {"layer": "stripped vegetation, day 2", "note": "cloud-free 59% of corridor only"}}, {"type": "Feature", "geometry": {"type": "Polygon", "coordinates": [[[85.157899, 27.940122], [85.157899, 27.940104], [85.157879, 27.940104], [85.157879, 27.940086], [85.157859, 27.940085], [85.157859, 27.940067], [85.15788, 27.940068], [85.15788, 27.94005], [85.1579, 27.94005], [85.157901, 27.940032], [85.157921, 27.940032], [85.157921, 27.940014], [85.157941, 27.940014], [85.157941, 27.940032], [85.157961, 27.940033], [85.157961, 27.940051], [85.157982, 27.940051], [85.157981, 27.940069], [85.157961, 27.940069], [85.157961, 27.940087], [85.15794, 27.940087], [85.15794, 27.940105], [85.15792, 27.940104], [85.157919, 27.940122], [85.157899, 27.940122]]]}, "properties": {"layer": "stripped vegetation, day 2", "note": "cloud-free 59% of corridor only"}}, {"type": "Feature", "geometry": {"type": "Polygon", "coordinates": [[[85.15928, 27.940177], [85.15928, 27.940159], [85.15926, 27.940158], [85.15926, 27.94014], [85.15924, 27.94014], [85.159241, 27.940104], [85.15922, 27.940104], [85.159221, 27.940086], [85.1592, 27.940085], [85.159201, 27.940067], [85.159221, 27.940068], [85.159221, 27.94005], [85.159242, 27.94005], [85.159242, 27.940032], [85.159323, 27.940033], [85.159323, 27.940051], [85.159343, 27.940051], [85.159343, 27.940069], [85.159363, 27.940069], [85.159363, 27.940088], [85.159383, 27.940088], [85.159383, 27.940124], [85.159362, 27.940124], [85.159362, 27.940142], [85.159342, 27.940141], [85.159341, 27.940159], [85.159301, 27.940159], [85.1593, 27.940177], [85.15928, 27.940177]]]}, "properties": {"layer": "stripped vegetation, day 2", "note": "cloud-free 59% of corridor only"}}, {"type": "Feature", "geometry": {"type": "Polygon", "coordinates": [[[85.158935, 27.940172], [85.158935, 27.940154], [85.158915, 27.940154], [85.158915, 27.940136], [85.158895, 27.940135], [85.158895, 27.940117], [85.158875, 27.940117], [85.158875, 27.940099], [85.158895, 27.940099], [85.158896, 27.940081], [85.158916, 27.940082], [85.158916, 27.940063], [85.158937, 27.940064], [85.158937, 27.940046], [85.158917, 27.940045], [85.158917, 27.940027], [85.158896, 27.940027], [85.158897, 27.939991], [85.158877, 27.939991], [85.158878, 27.939937], [85.158898, 27.939937], [85.158898, 27.939919], [85.158919, 27.939919], [85.158919, 27.939901], [85.158939, 27.939901], [85.158939, 27.939919], [85.158959, 27.93992], [85.158959, 27.939938], [85.158979, 27.939938], [85.158978, 27.94001], [85.158998, 27.94001], [85.158998, 27.940028], [85.159018, 27.940029], [85.159018, 27.940047], [85.158998, 27.940047], [85.158997, 27.940065], [85.159018, 27.940065], [85.159017, 27.940083], [85.158997, 27.940083], [85.158997, 27.940101], [85.158977, 27.9401], [85.158976, 27.940118], [85.159017, 27.940119], [85.159017, 27.940101], [85.159038, 27.940101], [85.159038, 27.940083], [85.159058, 27.940083], [85.159058, 27.940101], [85.159078, 27.940102], [85.159078, 27.94012], [85.159098, 27.94012], [85.159098, 27.940138], [85.159078, 27.940138], [85.159077, 27.940156], [85.159057, 27.940156], [85.159057, 27.940174], [85.159036, 27.940173], [85.159037, 27.940155], [85.159016, 27.940155], [85.159017, 27.940137], [85.158976, 27.940136], [85.158976, 27.940155], [85.158955, 27.940154], [85.158955, 27.940172], [85.158935, 27.940172]]]}, "properties": {"layer": "stripped vegetation, day 2", "note": "cloud-free 59% of corridor only"}}, {"type": "Feature", "geometry": {"type": "Polygon", "coordinates": [[[85.156642, 27.941134], [85.156642, 27.941116], [85.156622, 27.941116], [85.156622, 27.941098], [85.156602, 27.941097], [85.156602, 27.941079], [85.156582, 27.941079], [85.156582, 27.941061], [85.156562, 27.941061], [85.156562, 27.941043], [85.156542, 27.941042], [85.156542, 27.941024], [85.156522, 27.941024], [85.156522, 27.941006], [85.156502, 27.941006], [85.156502, 27.940988], [85.156482, 27.940988], [85.156482, 27.940969], [85.156462, 27.940969], [85.156462, 27.940951], [85.156442, 27.940951], [85.156442, 27.940933], [85.156422, 27.940933], [85.156422, 27.940915], [85.156402, 27.940914], [85.156402, 27.940896], [85.156382, 27.940896], [85.156382, 27.940878], [85.156362, 27.940878], [85.156362, 27.94086], [85.156342, 27.940859], [85.156342, 27.940841], [85.156322, 27.940841], [85.156322, 27.940805], [85.156343, 27.940805], [85.156343, 27.940787], [85.156363, 27.940787], [85.156364, 27.940769], [85.156404, 27.94077], [85.156405, 27.940752], [85.156425, 27.940752], [85.156425, 27.940734], [85.156446, 27.940734], [85.156447, 27.94068], [85.156467, 27.94068], [85.156467, 27.940662], [85.156487, 27.940663], [85.156488, 27.940645], [85.156508, 27.940645], [85.156508, 27.940627], [85.156529, 27.940627], [85.156529, 27.940609], [85.156549, 27.940609], [85.15655, 27.940591], [85.15657, 27.940592], [85.15657, 27.940574], [85.156591, 27.940574], [85.156591, 27.940556], [85.156611, 27.940556], [85.156612, 27.940538], [85.156591, 27.940538], [85.156592, 27.94052], [85.156571, 27.940519], [85.156572, 27.940501], [85.156551, 27.940501], [85.156551, 27.940483], [85.156531, 27.940483], [85.156531, 27.940465], [85.156511, 27.940464], [85.156511, 27.940446], [85.156491, 27.940446], [85.156491, 27.940428], [85.156471, 27.940428], [85.156471, 27.94041], [85.156451, 27.94041], [85.156451, 27.940391], [85.156431, 27.940391], [85.156431, 27.940373], [85.156411, 27.940373], [85.156411, 27.940355], [85.156391, 27.940355], [85.156391, 27.940337], [85.156371, 27.940336], [85.156371, 27.940318], [85.156351, 27.940318], [85.156351, 27.9403], [85.156331, 27.9403], [85.156331, 27.940282], [85.156311, 27.940281], [85.156311, 27.940263], [85.156291, 27.940263], [85.156291, 27.940245], [85.156271, 27.940245], [85.156271, 27.940227], [85.156251, 27.940226], [85.156251, 27.940208], [85.156231, 27.940208], [85.156231, 27.94019], [85.156211, 27.94019], [85.156211, 27.940172], [85.156191, 27.940171], [85.156191, 27.940153], [85.156171, 27.940153], [85.156171, 27.940135], [85.156151, 27.940135], [85.156151, 27.940117], [85.156131, 27.940116], [85.156131, 27.940098], [85.156111, 27.940098], [85.156111, 27.94008], [85.156091, 27.94008], [85.156091, 27.940062], [85.156071, 27.940061], [85.156071, 27.940043], [85.156051, 27.940043], [85.156051, 27.940025], [85.156031, 27.940025], [85.156031, 27.940007], [85.156011, 27.940007], [85.156011, 27.939988], [85.156031, 27.939989], [85.156032, 27.939971], [85.156052, 27.939971], [85.156052, 27.939953], [85.156073, 27.939953], [85.156073, 27.939935], [85.156093, 27.939935], [85.156094, 27.939917], [85.156114, 27.939918], [85.156114, 27.9399], [85.156135, 27.9399], [85.156135, 27.939882], [85.156155, 27.939882], [85.156156, 27.939846], [85.156136, 27.939846], [85.156136, 27.939828], [85.156115, 27.939827], [85.156116, 27.939809], [85.156095, 27.939809], [85.156096, 27.939791], [85.156075, 27.939791], [85.156076, 27.939773], [85.156055, 27.939772], [85.156056, 27.939754], [85.156035, 27.939754], [85.156036, 27.939736], [85.156015, 27.939736], [85.156016, 27.939718], [85.155995, 27.939718], [85.155996, 27.939699], [85.155975, 27.939699], [85.155976, 27.939681], [85.155955, 27.939681], [85.155956, 27.939663], [85.155935, 27.939663], [85.155936, 27.939645], [85.155915, 27.939644], [85.155916, 27.939626], [85.155895, 27.939626], [85.155896, 27.939608], [85.155875, 27.939608], [85.155876, 27.93959], [85.155855, 27.939589], [85.155856, 27.939571], [85.155835, 27.939571], [85.155836, 27.939553], [85.155815, 27.939553], [85.155816, 27.939535], [85.155795, 27.939534], [85.155796, 27.939516], [85.155775, 27.939516], [85.155776, 27.939498], [85.155755, 27.939498], [85.155756, 27.93948], [85.155735, 27.939479], [85.155736, 27.939461], [85.155715, 27.939461], [85.155716, 27.939443], [85.155695, 27.939443], [85.155696, 27.939425], [85.155716, 27.939425], [85.155716, 27.939407], [85.155736, 27.939407], [85.155737, 27.939389], [85.155818, 27.93939], [85.155818, 27.939408], [85.155838, 27.939409], [85.155838, 27.939427], [85.155858, 27.939427], [85.155858, 27.939445], [85.155878, 27.939445], [85.155878, 27.939463], [85.155918, 27.939464], [85.155918, 27.939482], [85.155938, 27.939482], [85.155938, 27.9395], [85.155958, 27.9395], [85.155958, 27.939518], [85.155978, 27.939519], [85.155978, 27.939537], [85.156019, 27.939537], [85.156018, 27.939555], [85.156039, 27.939556], [85.156039, 27.939574], [85.156059, 27.939574], [85.156058, 27.93961], [85.156099, 27.939611], [85.156099, 27.939629], [85.156119, 27.939629], [85.156119, 27.939647], [85.156139, 27.939647], [85.156139, 27.939665], [85.156159, 27.939666], [85.156159, 27.939684], [85.156199, 27.939684], [85.156199, 27.939702], [85.156219, 27.939702], [85.156219, 27.939721], [85.156239, 27.939721], [85.156239, 27.939739], [85.156259, 27.939739], [85.156259, 27.939757], [85.156279, 27.939757], [85.156279, 27.939775], [85.156299, 27.939776], [85.156299, 27.939794], [85.156319, 27.939794], [85.156319, 27.939812], [85.156339, 27.939812], [85.156339, 27.93983], [85.156359, 27.939831], [85.156359, 27.939849], [85.156379, 27.939849], [85.156379, 27.939867], [85.156399, 27.939867], [85.156399, 27.939885], [85.156419, 27.939886], [85.156419, 27.939904], [85.156439, 27.939904], [85.156439, 27.939922], [85.156459, 27.939922], [85.156459, 27.93994], [85.156479, 27.939941], [85.156479, 27.939959], [85.15652, 27.939959], [85.156519, 27.939977], [85.15654, 27.939978], [85.156539, 27.939996], [85.15656, 27.939996], [85.156559, 27.940014], [85.15658, 27.940014], [85.156579, 27.940032], [85.1566, 27.940032], [85.156599, 27.940051], [85.15662, 27.940051], [85.156619, 27.940069], [85.15664, 27.940069], [85.15664, 27.940087], [85.15666, 27.940087], [85.15666, 27.940105], [85.15668, 27.940106], [85.15668, 27.940124], [85.1567, 27.940124], [85.156699, 27.94016], [85.15672, 27.94016], [85.156719, 27.940178], [85.15674, 27.940179], [85.156739, 27.940215], [85.156759, 27.940215], [85.156759, 27.940251], [85.156779, 27.940251], [85.156778, 27.940288], [85.156799, 27.940288], [85.156798, 27.940342], [85.156818, 27.940342], [85.156817, 27.940432], [85.156837, 27.940433], [85.156831, 27.940794], [85.15681, 27.940793], [85.156809, 27.940884], [85.156789, 27.940883], [85.156788, 27.940919], [85.156768, 27.940919], [85.156766, 27.940991], [85.156746, 27.940991], [85.156745, 27.941045], [85.156725, 27.941045], [85.156724, 27.941099], [85.156704, 27.941099], [85.156703, 27.941117], [85.156683, 27.941117], [85.156683, 27.941135], [85.156642, 27.941134]]]}, "properties": {"layer": "stripped vegetation, day 2", "note": "cloud-free 59% of corridor only"}}, {"type": "Feature", "geometry": {"type": "Polygon", "coordinates": [[[85.155475, 27.939241], [85.155475, 27.939223], [85.155455, 27.939223], [85.155455, 27.939205], [85.155435, 27.939205], [85.155435, 27.939187], [85.155415, 27.939186], [85.155415, 27.939168], [85.155436, 27.939169], [85.155436, 27.939151], [85.155456, 27.939151], [85.155457, 27.939133], [85.155477, 27.939133], [85.155477, 27.939151], [85.155497, 27.939151], [85.155497, 27.939169], [85.155517, 27.93917], [85.155517, 27.939188], [85.155537, 27.939188], [85.155537, 27.939206], [85.155516, 27.939206], [85.155516, 27.939224], [85.155496, 27.939224], [85.155495, 27.939242], [85.155475, 27.939241]]]}, "properties": {"layer": "stripped vegetation, day 2", "note": "cloud-free 59% of corridor only"}}, {"type": "Feature", "geometry": {"type": "Polygon", "coordinates": [[[85.157423, 27.939412], [85.157424, 27.939394], [85.157403, 27.939393], [85.157404, 27.939375], [85.157302, 27.939374], [85.157302, 27.939392], [85.157281, 27.939392], [85.157282, 27.939374], [85.157261, 27.939374], [85.157262, 27.939355], [85.157241, 27.939355], [85.157242, 27.939337], [85.157221, 27.939337], [85.157222, 27.939319], [85.157201, 27.939319], [85.157202, 27.939301], [85.157181, 27.9393], [85.157182, 27.939282], [85.157161, 27.939282], [85.157162, 27.939264], [85.157141, 27.939264], [85.157142, 27.939246], [85.157121, 27.939245], [85.157122, 27.939209], [85.157142, 27.939209], [85.157142, 27.939191], [85.157163, 27.939192], [85.157163, 27.939174], [85.157224, 27.939174], [85.157224, 27.939156], [85.157245, 27.939157], [85.157245, 27.939139], [85.157265, 27.939139], [85.157266, 27.939121], [85.157306, 27.939121], [85.157306, 27.939139], [85.157326, 27.93914], [85.157326, 27.939158], [85.157346, 27.939158], [85.157346, 27.939176], [85.157366, 27.939176], [85.157366, 27.939194], [85.157386, 27.939195], [85.157386, 27.939231], [85.157406, 27.939231], [85.157406, 27.939249], [85.157426, 27.939249], [85.157426, 27.939267], [85.157446, 27.939268], [85.157445, 27.939322], [85.157465, 27.939322], [85.157465, 27.939358], [85.157485, 27.939358], [85.157485, 27.939376], [85.157465, 27.939376], [85.157464, 27.939394], [85.157444, 27.939394], [85.157444, 27.939412], [85.157423, 27.939412]]]}, "properties": {"layer": "stripped vegetation, day 2", "note": "cloud-free 59% of corridor only"}}, {"type": "Feature", "geometry": {"type": "Polygon", "coordinates": [[[85.157082, 27.939191], [85.157082, 27.939173], [85.157062, 27.939172], [85.157062, 27.939154], [85.157042, 27.939154], [85.157042, 27.939118], [85.157062, 27.939118], [85.157063, 27.9391], [85.157083, 27.9391], [85.157083, 27.939082], [85.157104, 27.939083], [85.157104, 27.939065], [85.157145, 27.939065], [85.157145, 27.939047], [85.157186, 27.939048], [85.157186, 27.93903], [85.157206, 27.93903], [85.157207, 27.939012], [85.157227, 27.939012], [85.157227, 27.93903], [85.157247, 27.93903], [85.157247, 27.939048], [85.157267, 27.939049], [85.157267, 27.939067], [85.157246, 27.939066], [85.157246, 27.939103], [85.157225, 27.939102], [85.157225, 27.93912], [85.157205, 27.93912], [85.157204, 27.939138], [85.157164, 27.939138], [85.157163, 27.939156], [85.157143, 27.939155], [85.157143, 27.939173], [85.157122, 27.939173], [85.157122, 27.939191], [85.157082, 27.939191]]]}, "properties": {"layer": "stripped vegetation, day 2", "note": "cloud-free 59% of corridor only"}}, {"type": "Feature", "geometry": {"type": "Polygon", "coordinates": [[[85.15674, 27.938969], [85.15674, 27.938951], [85.15672, 27.938951], [85.15672, 27.938933], [85.1567, 27.938933], [85.1567, 27.938915], [85.15672, 27.938915], [85.156721, 27.938897], [85.156741, 27.938897], [85.156741, 27.938879], [85.156782, 27.93888], [85.156782, 27.938898], [85.156802, 27.938898], [85.156802, 27.938916], [85.156822, 27.938916], [85.156822, 27.938934], [85.156801, 27.938934], [85.156801, 27.938952], [85.156781, 27.938952], [85.15678, 27.93897], [85.15674, 27.938969]]]}, "properties": {"layer": "stripped vegetation, day 2", "note": "cloud-free 59% of corridor only"}}, {"type": "Feature", "geometry": {"type": "Polygon", "coordinates": [[[85.158143, 27.938934], [85.158143, 27.938916], [85.158123, 27.938916], [85.158123, 27.938898], [85.158103, 27.938897], [85.158103, 27.938879], [85.158083, 27.938879], [85.158083, 27.938861], [85.158063, 27.938861], [85.158063, 27.938843], [85.158043, 27.938842], [85.158043, 27.938824], [85.158023, 27.938824], [85.158023, 27.938806], [85.158003, 27.938806], [85.158003, 27.938788], [85.157983, 27.938788], [85.157983, 27.938769], [85.157963, 27.938769], [85.157963, 27.938751], [85.157943, 27.938751], [85.157943, 27.938733], [85.157963, 27.938733], [85.157964, 27.938715], [85.157984, 27.938715], [85.157984, 27.938697], [85.158025, 27.938698], [85.158024, 27.938716], [85.158045, 27.938716], [85.158045, 27.938698], [85.158086, 27.938699], [85.158085, 27.938717], [85.158106, 27.938717], [85.158106, 27.938699], [85.158126, 27.938699], [85.158126, 27.938717], [85.158146, 27.938718], [85.158146, 27.938736], [85.158166, 27.938736], [85.158166, 27.938754], [85.158186, 27.938754], [85.158186, 27.938772], [85.158206, 27.938772], [85.158206, 27.938827], [85.158226, 27.938827], [85.158225, 27.938899], [85.158204, 27.938899], [85.158204, 27.938917], [85.158184, 27.938917], [85.158183, 27.938935], [85.158143, 27.938934]]]}, "properties": {"layer": "stripped vegetation, day 2", "note": "cloud-free 59% of corridor only"}}, {"type": "Feature", "geometry": {"type": "Polygon", "coordinates": [[[85.156353, 27.939], [85.156353, 27.938982], [85.156333, 27.938982], [85.156333, 27.938964], [85.156313, 27.938964], [85.156314, 27.938892], [85.156335, 27.938892], [85.156335, 27.938856], [85.156356, 27.938856], [85.156356, 27.93882], [85.156376, 27.93882], [85.156377, 27.938802], [85.156397, 27.938802], [85.156397, 27.938784], [85.156418, 27.938785], [85.156418, 27.938767], [85.156438, 27.938767], [85.156439, 27.938749], [85.156459, 27.938749], [85.156459, 27.938731], [85.15648, 27.938731], [85.15648, 27.938713], [85.156541, 27.938714], [85.156541, 27.938696], [85.156562, 27.938696], [85.156562, 27.938678], [85.156602, 27.938679], [85.156603, 27.938661], [85.156643, 27.938661], [85.156643, 27.938679], [85.156663, 27.93868], [85.156663, 27.938698], [85.156683, 27.938698], [85.156683, 27.938716], [85.156663, 27.938716], [85.156662, 27.938734], [85.156642, 27.938733], [85.156642, 27.93877], [85.156621, 27.938769], [85.156621, 27.938805], [85.156641, 27.938806], [85.156641, 27.938824], [85.156661, 27.938824], [85.15666, 27.93886], [85.156681, 27.93886], [85.15668, 27.938878], [85.15666, 27.938878], [85.15666, 27.938896], [85.156639, 27.938896], [85.156639, 27.938914], [85.156619, 27.938914], [85.156619, 27.938896], [85.156599, 27.938895], [85.156599, 27.938877], [85.156579, 27.938877], [85.156579, 27.938841], [85.156559, 27.938841], [85.156559, 27.938823], [85.156519, 27.938822], [85.156518, 27.93884], [85.156498, 27.93884], [85.156498, 27.938858], [85.156477, 27.938858], [85.156477, 27.938876], [85.156437, 27.938875], [85.156436, 27.938893], [85.156416, 27.938893], [85.156416, 27.938911], [85.156436, 27.938911], [85.156435, 27.938947], [85.156415, 27.938947], [85.156415, 27.938965], [85.156394, 27.938965], [85.156394, 27.938983], [85.156374, 27.938983], [85.156373, 27.939001], [85.156353, 27.939]]]}, "properties": {"layer": "stripped vegetation, day 2", "note": "cloud-free 59% of corridor only"}}, {"type": "Feature", "geometry": {"type": "Polygon", "coordinates": [[[85.159853, 27.938776], [85.159853, 27.938758], [85.159833, 27.938758], [85.159833, 27.93874], [85.159813, 27.93874], [85.159813, 27.938722], [85.159833, 27.938722], [85.159834, 27.938704], [85.159854, 27.938704], [85.159854, 27.938686], [85.159874, 27.938686], [85.159874, 27.938705], [85.159894, 27.938705], [85.159894, 27.938723], [85.159914, 27.938723], [85.159914, 27.938741], [85.159894, 27.938741], [85.159894, 27.938759], [85.159873, 27.938759], [85.159873, 27.938777], [85.159853, 27.938776]]]}, "properties": {"layer": "stripped vegetation, day 2", "note": "cloud-free 59% of corridor only"}}, {"type": "Feature", "geometry": {"type": "Polygon", "coordinates": [[[85.155896, 27.938417], [85.155896, 27.938399], [85.155876, 27.938398], [85.155876, 27.93838], [85.155856, 27.93838], [85.155856, 27.938344], [85.155876, 27.938344], [85.155877, 27.938326], [85.155897, 27.938326], [85.155897, 27.938308], [85.155938, 27.938309], [85.155938, 27.938327], [85.155958, 27.938327], [85.155958, 27.938345], [85.155978, 27.938346], [85.155978, 27.938364], [85.155957, 27.938363], [85.155957, 27.938381], [85.155937, 27.938381], [85.155937, 27.938399], [85.155916, 27.938399], [85.155916, 27.938417], [85.155896, 27.938417]]]}, "properties": {"layer": "stripped vegetation, day 2", "note": "cloud-free 59% of corridor only"}}, {"type": "Feature", "geometry": {"type": "Polygon", "coordinates": [[[85.159188, 27.938389], [85.159189, 27.93837], [85.159168, 27.93837], [85.159169, 27.938352], [85.159148, 27.938352], [85.159149, 27.938334], [85.159169, 27.938334], [85.159169, 27.938316], [85.15919, 27.938316], [85.15919, 27.938298], [85.159231, 27.938299], [85.15923, 27.938317], [85.159251, 27.938317], [85.15925, 27.938335], [85.159271, 27.938335], [85.15927, 27.938354], [85.15925, 27.938353], [85.15925, 27.938371], [85.159229, 27.938371], [85.159229, 27.938389], [85.159188, 27.938389]]]}, "properties": {"layer": "stripped vegetation, day 2", "note": "cloud-free 59% of corridor only"}}, {"type": "Feature", "geometry": {"type": "Polygon", "coordinates": [[[85.15545, 27.938302], [85.155451, 27.938284], [85.15543, 27.938284], [85.155431, 27.938266], [85.15541, 27.938266], [85.155411, 27.938248], [85.155431, 27.938248], [85.155431, 27.93823], [85.155452, 27.93823], [85.155452, 27.938212], [85.155472, 27.938212], [85.155473, 27.938194], [85.155493, 27.938195], [85.155493, 27.938177], [85.155534, 27.938177], [85.155534, 27.938159], [85.155554, 27.938159], [85.155554, 27.938177], [85.155574, 27.938178], [85.155574, 27.938196], [85.155594, 27.938196], [85.155594, 27.93825], [85.155573, 27.93825], [85.155573, 27.938268], [85.155553, 27.938268], [85.155552, 27.938286], [85.155512, 27.938285], [85.155512, 27.938267], [85.155492, 27.938267], [85.155491, 27.938285], [85.155471, 27.938285], [85.155471, 27.938303], [85.15545, 27.938302]]]}, "properties": {"layer": "stripped vegetation, day 2", "note": "cloud-free 59% of corridor only"}}, {"type": "Feature", "geometry": {"type": "Polygon", "coordinates": [[[85.155899, 27.938236], [85.155899, 27.938218], [85.155879, 27.938218], [85.155879, 27.9382], [85.155818, 27.938199], [85.155818, 27.938181], [85.155798, 27.938181], [85.155798, 27.938163], [85.155778, 27.938162], [85.155778, 27.938144], [85.155799, 27.938145], [85.155799, 27.938127], [85.155819, 27.938127], [85.15582, 27.938109], [85.15586, 27.938109], [85.15586, 27.938091], [85.155881, 27.938092], [85.155881, 27.938074], [85.155942, 27.938074], [85.155942, 27.938056], [85.155963, 27.938057], [85.155963, 27.938039], [85.156024, 27.938039], [85.156024, 27.938057], [85.156044, 27.938058], [85.156044, 27.938076], [85.156064, 27.938076], [85.156064, 27.938094], [85.156043, 27.938094], [85.156043, 27.93813], [85.156022, 27.93813], [85.156022, 27.938148], [85.156002, 27.938147], [85.156001, 27.938183], [85.155981, 27.938183], [85.155981, 27.938201], [85.15596, 27.938201], [85.15596, 27.938219], [85.15594, 27.938219], [85.155939, 27.938237], [85.155899, 27.938236]]]}, "properties": {"layer": "stripped vegetation, day 2", "note": "cloud-free 59% of corridor only"}}, {"type": "Feature", "geometry": {"type": "Polygon", "coordinates": [[[85.155676, 27.938161], [85.155677, 27.938143], [85.155656, 27.938143], [85.155657, 27.938125], [85.155636, 27.938124], [85.155637, 27.938106], [85.155616, 27.938106], [85.155617, 27.938088], [85.155596, 27.938088], [85.155597, 27.93807], [85.155617, 27.93807], [85.155617, 27.938052], [85.155638, 27.938052], [85.155638, 27.938034], [85.155679, 27.938035], [85.155679, 27.938017], [85.155699, 27.938017], [85.155699, 27.937999], [85.15572, 27.937999], [85.15572, 27.937981], [85.15574, 27.937981], [85.155741, 27.937963], [85.155761, 27.937964], [85.155761, 27.937946], [85.155782, 27.937946], [85.155781, 27.937964], [85.155802, 27.937964], [85.155801, 27.937982], [85.155822, 27.937982], [85.155821, 27.938001], [85.155842, 27.938001], [85.155841, 27.938019], [85.155821, 27.938019], [85.15582, 27.938055], [85.1558, 27.938054], [85.1558, 27.938072], [85.155779, 27.938072], [85.155779, 27.93809], [85.155759, 27.93809], [85.155759, 27.938072], [85.155739, 27.938072], [85.155738, 27.938126], [85.155718, 27.938125], [85.155717, 27.938144], [85.155697, 27.938143], [85.155697, 27.938161], [85.155676, 27.938161]]]}, "properties": {"layer": "stripped vegetation, day 2", "note": "cloud-free 59% of corridor only"}}, {"type": "Feature", "geometry": {"type": "Polygon", "coordinates": [[[85.155418, 27.937815], [85.155418, 27.937797], [85.155398, 27.937796], [85.155398, 27.937778], [85.155378, 27.937778], [85.155378, 27.93776], [85.155399, 27.93776], [85.155399, 27.937742], [85.155419, 27.937742], [85.15542, 27.937724], [85.15544, 27.937725], [85.15544, 27.937743], [85.15546, 27.937743], [85.15546, 27.937761], [85.15548, 27.937761], [85.15548, 27.937779], [85.155459, 27.937779], [85.155459, 27.937797], [85.155439, 27.937797], [85.155438, 27.937815], [85.155418, 27.937815]]]}, "properties": {"layer": "stripped vegetation, day 2", "note": "cloud-free 59% of corridor only"}}, {"type": "Feature", "geometry": {"type": "Polygon", "coordinates": [[[85.158487, 27.937802], [85.158487, 27.937784], [85.158467, 27.937783], [85.158467, 27.937765], [85.158447, 27.937765], [85.158447, 27.937747], [85.158468, 27.937747], [85.158468, 27.937729], [85.158488, 27.937729], [85.158489, 27.937711], [85.158509, 27.937712], [85.158509, 27.93773], [85.158529, 27.93773], [85.158529, 27.937748], [85.158549, 27.937748], [85.158549, 27.937766], [85.158528, 27.937766], [85.158528, 27.937784], [85.158508, 27.937784], [85.158507, 27.937802], [85.158487, 27.937802]]]}, "properties": {"layer": "stripped vegetation, day 2", "note": "cloud-free 59% of corridor only"}}, {"type": "Feature", "geometry": {"type": "Polygon", "coordinates": [[[85.155296, 27.937813], [85.155296, 27.937795], [85.155235, 27.937794], [85.155236, 27.937776], [85.155175, 27.937775], [85.155175, 27.937757], [85.155134, 27.937757], [85.155134, 27.937775], [85.155073, 27.937774], [85.155074, 27.937756], [85.155053, 27.937756], [85.155054, 27.937738], [85.155033, 27.937737], [85.155034, 27.937665], [85.155055, 27.937665], [85.155055, 27.937647], [85.155075, 27.937648], [85.155076, 27.93763], [85.155096, 27.93763], [85.155096, 27.937648], [85.155116, 27.937648], [85.155116, 27.937666], [85.155136, 27.937666], [85.155135, 27.937703], [85.155176, 27.937703], [85.155176, 27.937685], [85.155298, 27.937687], [85.155298, 27.937705], [85.155318, 27.937705], [85.155318, 27.937723], [85.155338, 27.937723], [85.155338, 27.937759], [85.155358, 27.93776], [85.155358, 27.937778], [85.155337, 27.937777], [85.155337, 27.937795], [85.155317, 27.937795], [85.155316, 27.937813], [85.155296, 27.937813]]]}, "properties": {"layer": "stripped vegetation, day 2", "note": "cloud-free 59% of corridor only"}}, {"type": "Feature", "geometry": {"type": "Polygon", "coordinates": [[[85.156315, 27.937628], [85.156316, 27.93761], [85.156295, 27.93761], [85.156296, 27.937592], [85.156275, 27.937591], [85.156276, 27.937573], [85.156255, 27.937573], [85.156256, 27.937555], [85.156276, 27.937555], [85.156276, 27.937537], [85.156297, 27.937538], [85.156297, 27.93752], [85.156317, 27.93752], [85.156318, 27.937502], [85.156358, 27.937502], [85.156358, 27.93752], [85.156378, 27.937521], [85.156378, 27.937539], [85.156398, 27.937539], [85.156398, 27.937575], [85.156377, 27.937575], [85.156377, 27.937593], [85.156357, 27.937593], [85.156356, 27.937611], [85.156336, 27.93761], [85.156336, 27.937628], [85.156315, 27.937628]]]}, "properties": {"layer": "stripped vegetation, day 2", "note": "cloud-free 59% of corridor only"}}, {"type": "Feature", "geometry": {"type": "Polygon", "coordinates": [[[85.157902, 27.938732], [85.157903, 27.938714], [85.157882, 27.938714], [85.157883, 27.938696], [85.157862, 27.938696], [85.157863, 27.938678], [85.157842, 27.938677], [85.157843, 27.938659], [85.157822, 27.938659], [85.157823, 27.938641], [85.157802, 27.938641], [85.157803, 27.938623], [85.157782, 27.938622], [85.157783, 27.938586], [85.157762, 27.938586], [85.157763, 27.938568], [85.157722, 27.938567], [85.157722, 27.938549], [85.157702, 27.938549], [85.157702, 27.938531], [85.157682, 27.938531], [85.157682, 27.938513], [85.157642, 27.938512], [85.157642, 27.938494], [85.157622, 27.938494], [85.157622, 27.938476], [85.157602, 27.938476], [85.157602, 27.938458], [85.157582, 27.938457], [85.157582, 27.938439], [85.157562, 27.938439], [85.157562, 27.938421], [85.157542, 27.938421], [85.157542, 27.938403], [85.157522, 27.938402], [85.157522, 27.938366], [85.157502, 27.938366], [85.157502, 27.938348], [85.157482, 27.938348], [85.157482, 27.93833], [85.157462, 27.938329], [85.157463, 27.938293], [85.157442, 27.938293], [85.157443, 27.938275], [85.157402, 27.938274], [85.157402, 27.938256], [85.157382, 27.938256], [85.157382, 27.938238], [85.157362, 27.938238], [85.157362, 27.93822], [85.157342, 27.938219], [85.157342, 27.938201], [85.157322, 27.938201], [85.157322, 27.938183], [85.157302, 27.938183], [85.157302, 27.938165], [85.157282, 27.938164], [85.157282, 27.938146], [85.157262, 27.938146], [85.157262, 27.938128], [85.157242, 27.938128], [85.157242, 27.93811], [85.157222, 27.93811], [85.157222, 27.938073], [85.157202, 27.938073], [85.157202, 27.938055], [85.157182, 27.938055], [85.157183, 27.938019], [85.157162, 27.938018], [85.157163, 27.938], [85.157142, 27.938], [85.157143, 27.937982], [85.157163, 27.937982], [85.157163, 27.937964], [85.157184, 27.937965], [85.157184, 27.937929], [85.157164, 27.937928], [85.157165, 27.937874], [85.157124, 27.937874], [85.157124, 27.937892], [85.157104, 27.937891], [85.157103, 27.937909], [85.157083, 27.937909], [85.157083, 27.937927], [85.157062, 27.937927], [85.157063, 27.937909], [85.157042, 27.937909], [85.157043, 27.937891], [85.157022, 27.93789], [85.157023, 27.937872], [85.157002, 27.937872], [85.157003, 27.937854], [85.157023, 27.937854], [85.157024, 27.937818], [85.156983, 27.937818], [85.156983, 27.937799], [85.156963, 27.937799], [85.156963, 27.937781], [85.156943, 27.937781], [85.156944, 27.937691], [85.156924, 27.93769], [85.156924, 27.937672], [85.156904, 27.937672], [85.156905, 27.937618], [85.156885, 27.937618], [85.156885, 27.9376], [85.156865, 27.937599], [85.156866, 27.937545], [85.156886, 27.937545], [85.156886, 27.937527], [85.156907, 27.937528], [85.156907, 27.93751], [85.156927, 27.93751], [85.156927, 27.937492], [85.156948, 27.937492], [85.156948, 27.937474], [85.156968, 27.937474], [85.156968, 27.937492], [85.156988, 27.937493], [85.156988, 27.937511], [85.157008, 27.937511], [85.157008, 27.937529], [85.157028, 27.937529], [85.157028, 27.937547], [85.157048, 27.937548], [85.157048, 27.937566], [85.157068, 27.937566], [85.157068, 27.937584], [85.157088, 27.937584], [85.157088, 27.93762], [85.157068, 27.93762], [85.157067, 27.937674], [85.157107, 27.937675], [85.157108, 27.937657], [85.157148, 27.937657], [85.157148, 27.937675], [85.157168, 27.937676], [85.157168, 27.937694], [85.157188, 27.937694], [85.157188, 27.937712], [85.157208, 27.937712], [85.157207, 27.937766], [85.157228, 27.937767], [85.157227, 27.937803], [85.157247, 27.937803], [85.157247, 27.937821], [85.157267, 27.937821], [85.157267, 27.937839], [85.157287, 27.93784], [85.157287, 27.937858], [85.157328, 27.937858], [85.157329, 27.937804], [85.157349, 27.937804], [85.157349, 27.937786], [85.15737, 27.937787], [85.15737, 27.937769], [85.15739, 27.937769], [85.15739, 27.937787], [85.15741, 27.937787], [85.15741, 27.937805], [85.15743, 27.937805], [85.15743, 27.937824], [85.15745, 27.937824], [85.15745, 27.937842], [85.15747, 27.937842], [85.15747, 27.93786], [85.15749, 27.93786], [85.15749, 27.937878], [85.157531, 27.937879], [85.15753, 27.937897], [85.157551, 27.937897], [85.15755, 27.937915], [85.157571, 27.937916], [85.15757, 27.937934], [85.157591, 27.937934], [85.15759, 27.937988], [85.15761, 27.937988], [85.15761, 27.938006], [85.15763, 27.938007], [85.157629, 27.938061], [85.157649, 27.938061], [85.157649, 27.938079], [85.157669, 27.938079], [85.157669, 27.938097], [85.157689, 27.938098], [85.157689, 27.938116], [85.157709, 27.938116], [85.157709, 27.93817], [85.157729, 27.93817], [85.157729, 27.938188], [85.157749, 27.938189], [85.157749, 27.938207], [85.157769, 27.938207], [85.157769, 27.938225], [85.157789, 27.938225], [85.157788, 27.93828], [85.157829, 27.93828], [85.157828, 27.938298], [85.157849, 27.938298], [85.157848, 27.938316], [85.157869, 27.938317], [85.157868, 27.938353], [85.157888, 27.938353], [85.157888, 27.938371], [85.157908, 27.938371], [85.157908, 27.938389], [85.157928, 27.93839], [85.157927, 27.938462], [85.157947, 27.938462], [85.157947, 27.938498], [85.157927, 27.938498], [85.157926, 27.938516], [85.157967, 27.938517], [85.157967, 27.938535], [85.157987, 27.938535], [85.157987, 27.938553], [85.158007, 27.938553], [85.158007, 27.938571], [85.158027, 27.938572], [85.158027, 27.93859], [85.158006, 27.938589], [85.158006, 27.938607], [85.157986, 27.938607], [85.157985, 27.938625], [85.157945, 27.938625], [85.157944, 27.938661], [85.157964, 27.938661], [85.157964, 27.938697], [85.157944, 27.938697], [85.157943, 27.938715], [85.157923, 27.938715], [85.157923, 27.938733], [85.157902, 27.938732]]]}, "properties": {"layer": "stripped vegetation, day 2", "note": "cloud-free 59% of corridor only"}}, {"type": "Feature", "geometry": {"type": "Polygon", "coordinates": [[[85.155602, 27.937727], [85.155603, 27.937709], [85.155582, 27.937709], [85.155583, 27.93769], [85.155562, 27.93769], [85.155563, 27.937654], [85.155543, 27.937654], [85.155543, 27.937636], [85.155523, 27.937636], [85.155522, 27.937654], [85.155482, 27.937653], [85.155482, 27.937635], [85.155462, 27.937635], [85.155462, 27.937617], [85.155442, 27.937616], [85.155442, 27.937598], [85.155422, 27.937598], [85.155422, 27.93758], [85.155442, 27.93758], [85.155443, 27.937562], [85.155463, 27.937563], [85.155463, 27.937544], [85.155484, 27.937545], [85.155483, 27.937563], [85.155524, 27.937563], [85.155524, 27.937581], [85.155564, 27.937582], [85.155565, 27.937564], [85.155585, 27.937564], [85.155585, 27.937528], [85.155565, 27.937528], [85.155566, 27.937474], [85.155546, 27.937473], [85.155546, 27.937437], [85.155567, 27.937438], [85.155567, 27.93742], [85.155587, 27.93742], [85.155588, 27.937402], [85.155608, 27.937402], [85.155608, 27.93742], [85.155648, 27.937421], [85.155648, 27.937439], [85.155668, 27.937439], [85.155668, 27.937457], [85.155688, 27.937457], [85.155688, 27.937475], [85.155708, 27.937476], [85.155708, 27.937512], [85.155687, 27.937511], [85.155687, 27.937529], [85.155728, 27.93753], [85.155727, 27.937548], [85.155748, 27.937548], [85.155747, 27.937566], [85.155768, 27.937567], [85.155767, 27.937585], [85.155747, 27.937584], [85.155747, 27.937602], [85.155726, 27.937602], [85.155726, 27.937638], [85.155706, 27.937638], [85.155705, 27.937656], [85.155685, 27.937656], [85.155685, 27.937674], [85.155664, 27.937674], [85.155664, 27.937692], [85.155644, 27.937691], [85.155643, 27.937709], [85.155623, 27.937709], [85.155623, 27.937727], [85.155602, 27.937727]]]}, "properties": {"layer": "stripped vegetation, day 2", "note": "cloud-free 59% of corridor only"}}, {"type": "Feature", "geometry": {"type": "Polygon", "coordinates": [[[85.156419, 27.937521], [85.156419, 27.937503], [85.156399, 27.937503], [85.156399, 27.937485], [85.156379, 27.937485], [85.156379, 27.937466], [85.156359, 27.937466], [85.156359, 27.937448], [85.156379, 27.937448], [85.15638, 27.93743], [85.1564, 27.937431], [85.1564, 27.937413], [85.156421, 27.937413], [85.15642, 27.937431], [85.156441, 27.937431], [85.15644, 27.937449], [85.156461, 27.93745], [85.15646, 27.937468], [85.156481, 27.937468], [85.15648, 27.937486], [85.15646, 27.937486], [85.15646, 27.937504], [85.156439, 27.937503], [85.156439, 27.937521], [85.156419, 27.937521]]]}, "properties": {"layer": "stripped vegetation, day 2", "note": "cloud-free 59% of corridor only"}}, {"type": "Feature", "geometry": {"type": "Polygon", "coordinates": [[[85.156825, 27.937527], [85.156826, 27.937509], [85.156805, 27.937508], [85.156806, 27.93749], [85.156765, 27.93749], [85.156765, 27.937472], [85.156745, 27.937471], [85.156745, 27.937453], [85.156725, 27.937453], [85.156725, 27.937435], [85.156746, 27.937435], [85.156746, 27.937417], [85.156766, 27.937418], [85.156766, 27.937399], [85.156807, 27.9374], [85.156807, 27.937418], [85.156868, 27.937419], [85.156867, 27.937437], [85.156888, 27.937437], [85.156887, 27.937455], [85.156908, 27.937456], [85.156907, 27.937474], [85.156887, 27.937473], [85.156887, 27.937491], [85.156867, 27.937491], [85.156866, 27.937509], [85.156846, 27.937509], [85.156846, 27.937527], [85.156825, 27.937527]]]}, "properties": {"layer": "stripped vegetation, day 2", "note": "cloud-free 59% of corridor only"}}, {"type": "Feature", "geometry": {"type": "Polygon", "coordinates": [[[85.154328, 27.937367], [85.154328, 27.937349], [85.154308, 27.937348], [85.154308, 27.93733], [85.154288, 27.93733], [85.154288, 27.937312], [85.154268, 27.937312], [85.154268, 27.937294], [85.154248, 27.937294], [85.154248, 27.937275], [85.154228, 27.937275], [85.154228, 27.937257], [85.154249, 27.937257], [85.154249, 27.937239], [85.154269, 27.93724], [85.15427, 27.937222], [85.15429, 27.937222], [85.15429, 27.937204], [85.154311, 27.937204], [85.154311, 27.937186], [85.154331, 27.937186], [85.154332, 27.937168], [85.154352, 27.937169], [85.154352, 27.937151], [85.154372, 27.937151], [85.154373, 27.937133], [85.154393, 27.937133], [85.154393, 27.937151], [85.154413, 27.937151], [85.154413, 27.937169], [85.154433, 27.93717], [85.154433, 27.937188], [85.154453, 27.937188], [85.154452, 27.93726], [85.154432, 27.93726], [85.154431, 27.937278], [85.154411, 27.937278], [85.154411, 27.937296], [85.15437, 27.937295], [85.15437, 27.937313], [85.15439, 27.937313], [85.15439, 27.937332], [85.154369, 27.937331], [85.154369, 27.937349], [85.154349, 27.937349], [85.154348, 27.937367], [85.154328, 27.937367]]]}, "properties": {"layer": "stripped vegetation, day 2", "note": "cloud-free 59% of corridor only"}}, {"type": "Feature", "geometry": {"type": "Polygon", "coordinates": [[[85.156603, 27.937433], [85.156604, 27.937415], [85.156583, 27.937415], [85.156584, 27.937397], [85.156563, 27.937397], [85.156564, 27.937361], [85.156544, 27.93736], [85.156544, 27.937306], [85.156524, 27.937306], [85.156524, 27.937288], [85.156504, 27.937288], [85.156505, 27.937252], [85.156525, 27.937252], [85.156526, 27.937216], [85.156505, 27.937215], [85.156506, 27.937197], [85.156485, 27.937197], [85.156486, 27.937179], [85.156506, 27.937179], [85.156506, 27.937161], [85.156527, 27.937162], [85.156527, 27.937144], [85.156547, 27.937144], [85.156547, 27.937162], [85.156567, 27.937162], [85.156567, 27.93718], [85.156587, 27.93718], [85.156587, 27.937199], [85.156567, 27.937198], [85.156566, 27.937234], [85.156586, 27.937235], [85.156586, 27.937253], [85.156606, 27.937253], [85.156606, 27.937289], [85.156626, 27.937289], [85.156626, 27.937307], [85.156646, 27.937308], [85.156646, 27.937326], [85.156666, 27.937326], [85.156666, 27.937344], [85.156686, 27.937344], [85.156685, 27.93738], [85.156665, 27.93738], [85.156665, 27.937398], [85.156645, 27.937398], [85.156644, 27.937416], [85.156624, 27.937416], [85.156624, 27.937434], [85.156603, 27.937433]]]}, "properties": {"layer": "stripped vegetation, day 2", "note": "cloud-free 59% of corridor only"}}, {"type": "Feature", "geometry": {"type": "Polygon", "coordinates": [[[85.155247, 27.937144], [85.155247, 27.937126], [85.155226, 27.937126], [85.155227, 27.937108], [85.155206, 27.937108], [85.155207, 27.937072], [85.155227, 27.937072], [85.155228, 27.937054], [85.155248, 27.937054], [85.155248, 27.937036], [85.155269, 27.937036], [85.155268, 27.937055], [85.155289, 27.937055], [85.155288, 27.937073], [85.155309, 27.937073], [85.155308, 27.937109], [85.155288, 27.937109], [85.155287, 27.937127], [85.155267, 27.937127], [85.155267, 27.937145], [85.155247, 27.937144]]]}, "properties": {"layer": "stripped vegetation, day 2", "note": "cloud-free 59% of corridor only"}}, {"type": "Feature", "geometry": {"type": "Polygon", "coordinates": [[[85.15463, 27.937551], [85.15463, 27.937533], [85.15461, 27.937533], [85.15461, 27.937515], [85.15459, 27.937515], [85.15459, 27.937479], [85.154611, 27.937479], [85.154611, 27.937461], [85.154591, 27.937461], [85.154592, 27.937406], [85.154612, 27.937407], [85.154612, 27.937389], [85.154592, 27.937388], [85.154592, 27.93737], [85.154613, 27.937371], [85.154614, 27.937298], [85.154634, 27.937299], [85.154635, 27.937245], [85.154655, 27.937245], [85.154656, 27.937227], [85.154676, 27.937227], [85.154677, 27.937191], [85.154656, 27.937191], [85.154658, 27.9371], [85.154678, 27.937101], [85.154679, 27.937065], [85.154638, 27.937064], [85.154638, 27.937046], [85.154598, 27.937046], [85.154598, 27.937027], [85.154517, 27.937026], [85.154517, 27.937044], [85.154435, 27.937043], [85.154436, 27.937025], [85.154415, 27.937025], [85.154416, 27.937007], [85.154395, 27.937007], [85.154396, 27.936989], [85.154416, 27.936989], [85.154417, 27.936953], [85.154437, 27.936953], [85.154437, 27.936935], [85.154457, 27.936935], [85.154458, 27.936917], [85.154539, 27.936918], [85.154539, 27.936936], [85.15464, 27.936938], [85.15464, 27.936956], [85.154681, 27.936956], [85.15468, 27.936974], [85.154701, 27.936975], [85.1547, 27.936993], [85.154782, 27.936994], [85.154782, 27.936976], [85.154802, 27.936976], [85.154802, 27.936994], [85.154822, 27.936994], [85.154822, 27.937012], [85.154842, 27.937013], [85.154842, 27.937031], [85.154862, 27.937031], [85.154861, 27.937085], [85.154943, 27.937086], [85.154942, 27.937104], [85.155003, 27.937105], [85.155003, 27.937123], [85.155023, 27.937123], [85.155023, 27.937141], [85.155043, 27.937142], [85.155043, 27.93716], [85.155084, 27.93716], [85.155083, 27.937178], [85.155165, 27.937179], [85.155164, 27.937198], [85.155185, 27.937198], [85.155184, 27.937216], [85.155205, 27.937216], [85.155204, 27.937234], [85.155184, 27.937234], [85.155183, 27.93727], [85.155204, 27.93727], [85.155203, 27.937288], [85.155224, 27.937289], [85.155223, 27.937307], [85.155244, 27.937307], [85.155243, 27.937325], [85.155223, 27.937325], [85.155223, 27.937343], [85.155202, 27.937342], [85.155202, 27.93736], [85.155182, 27.93736], [85.155182, 27.937342], [85.155142, 27.937342], [85.155141, 27.93736], [85.155121, 27.937359], [85.155121, 27.937341], [85.155101, 27.937341], [85.155101, 27.937359], [85.15508, 27.937359], [85.15508, 27.937377], [85.15506, 27.937377], [85.155059, 27.937395], [85.155039, 27.937394], [85.155039, 27.937412], [85.154998, 27.937412], [85.154998, 27.93743], [85.154977, 27.93743], [85.154978, 27.937412], [85.154957, 27.937411], [85.154958, 27.937393], [85.154917, 27.937393], [85.154917, 27.937411], [85.154815, 27.937409], [85.154815, 27.937427], [85.154795, 27.937427], [85.154794, 27.937445], [85.154774, 27.937445], [85.154774, 27.937463], [85.154753, 27.937463], [85.154754, 27.937445], [85.154733, 27.937444], [85.154734, 27.937426], [85.154713, 27.937426], [85.154714, 27.937408], [85.154693, 27.937408], [85.154692, 27.937462], [85.154713, 27.937462], [85.154712, 27.937498], [85.154692, 27.937498], [85.154691, 27.937516], [85.154671, 27.937516], [85.154671, 27.937534], [85.154651, 27.937534], [85.15465, 27.937552], [85.15463, 27.937551]], [[85.154979, 27.937339], [85.154999, 27.93734], [85.155, 27.937322], [85.15502, 27.937322], [85.15502, 27.937304], [85.155041, 27.937304], [85.155041, 27.937286], [85.155, 27.937286], [85.155001, 27.937268], [85.15498, 27.937267], [85.15498, 27.937303], [85.154959, 27.937303], [85.154959, 27.937321], [85.154979, 27.937321], [85.154979, 27.937339]], [[85.154797, 27.937265], [85.154879, 27.937266], [85.154879, 27.937248], [85.154899, 27.937248], [85.1549, 27.93723], [85.154879, 27.93723], [85.15488, 27.937212], [85.154859, 27.937211], [85.15486, 27.937193], [85.154819, 27.937193], [85.154819, 27.937211], [85.154717, 27.93721], [85.154717, 27.937228], [85.154757, 27.937228], [85.154757, 27.937246], [85.154798, 27.937247], [85.154797, 27.937265]]]}, "properties": {"layer": "stripped vegetation, day 2", "note": "cloud-free 59% of corridor only"}}, {"type": "Feature", "geometry": {"type": "Polygon", "coordinates": [[[85.156387, 27.936979], [85.156388, 27.936961], [85.156367, 27.936961], [85.156368, 27.936943], [85.156347, 27.936943], [85.156348, 27.936907], [85.156328, 27.936906], [85.156328, 27.936888], [85.156348, 27.936888], [85.156349, 27.93687], [85.156369, 27.936871], [85.156369, 27.936853], [85.15639, 27.936853], [85.156389, 27.936871], [85.15641, 27.936871], [85.156409, 27.936889], [85.15643, 27.93689], [85.156429, 27.936908], [85.15645, 27.936908], [85.156449, 27.936926], [85.15647, 27.936926], [85.156469, 27.936944], [85.156449, 27.936944], [85.156449, 27.936962], [85.156428, 27.936962], [85.156428, 27.93698], [85.156387, 27.936979]]]}, "properties": {"layer": "stripped vegetation, day 2", "note": "cloud-free 59% of corridor only"}}, {"type": "Feature", "geometry": {"type": "Polygon", "coordinates": [[[85.155917, 27.937153], [85.155917, 27.937135], [85.155897, 27.937135], [85.155897, 27.937117], [85.155877, 27.937117], [85.155877, 27.937099], [85.155898, 27.937099], [85.155898, 27.937081], [85.155918, 27.937081], [85.155919, 27.937027], [85.155939, 27.937027], [85.15594, 27.937009], [85.15596, 27.93701], [85.15596, 27.936992], [85.155981, 27.936992], [85.155982, 27.93692], [85.155962, 27.936919], [85.155961, 27.936937], [85.155921, 27.936937], [85.15592, 27.936955], [85.1559, 27.936955], [85.1559, 27.936973], [85.155879, 27.936972], [85.155879, 27.936991], [85.155859, 27.93699], [85.155859, 27.936972], [85.155839, 27.936972], [85.155839, 27.93699], [85.155798, 27.936989], [85.155798, 27.937007], [85.155777, 27.937007], [85.155778, 27.936989], [85.155757, 27.936989], [85.155758, 27.936971], [85.155737, 27.936971], [85.155738, 27.936953], [85.155758, 27.936953], [85.155758, 27.936917], [85.155779, 27.936917], [85.155779, 27.936881], [85.1558, 27.936881], [85.1558, 27.936863], [85.15582, 27.936863], [85.155821, 27.936845], [85.155922, 27.936847], [85.155923, 27.936829], [85.155943, 27.936829], [85.155943, 27.936847], [85.155963, 27.936847], [85.155963, 27.936865], [85.155983, 27.936866], [85.155983, 27.936884], [85.156023, 27.936884], [85.156024, 27.936866], [85.156044, 27.936866], [85.156044, 27.936848], [85.156064, 27.936849], [85.156064, 27.936867], [85.156084, 27.936867], [85.156084, 27.936885], [85.156104, 27.936885], [85.156104, 27.936903], [85.156125, 27.936904], [85.156124, 27.936958], [85.156144, 27.936958], [85.156144, 27.936976], [85.156164, 27.936976], [85.156163, 27.937012], [85.156143, 27.937012], [85.156143, 27.93703], [85.156122, 27.93703], [85.156122, 27.937048], [85.156081, 27.937047], [85.156081, 27.937065], [85.156061, 27.937065], [85.15606, 27.937083], [85.15604, 27.937083], [85.15604, 27.937101], [85.15602, 27.937101], [85.156019, 27.937119], [85.155999, 27.937118], [85.155999, 27.937137], [85.155978, 27.937136], [85.155979, 27.937118], [85.155958, 27.937118], [85.155958, 27.937136], [85.155938, 27.937136], [85.155937, 27.937154], [85.155917, 27.937153]]]}, "properties": {"layer": "stripped vegetation, day 2", "note": "cloud-free 59% of corridor only"}}, {"type": "Feature", "geometry": {"type": "Polygon", "coordinates": [[[85.154397, 27.93688], [85.154398, 27.936862], [85.154377, 27.936862], [85.154378, 27.936844], [85.154357, 27.936844], [85.154358, 27.936826], [85.154317, 27.936825], [85.154317, 27.936843], [85.154296, 27.936843], [85.154297, 27.936825], [85.154256, 27.936824], [85.154256, 27.936806], [85.154236, 27.936806], [85.154236, 27.936788], [85.154216, 27.936788], [85.154217, 27.936716], [85.154238, 27.936716], [85.154238, 27.936698], [85.154258, 27.936698], [85.154259, 27.93668], [85.154279, 27.93668], [85.154279, 27.936698], [85.154299, 27.936699], [85.154299, 27.936717], [85.154319, 27.936717], [85.154319, 27.936735], [85.154339, 27.936735], [85.154338, 27.936789], [85.154379, 27.93679], [85.154379, 27.936772], [85.15442, 27.936772], [85.154419, 27.93679], [85.15444, 27.936791], [85.154439, 27.936809], [85.15446, 27.936809], [85.154459, 27.936845], [85.154439, 27.936845], [85.154438, 27.936863], [85.154418, 27.936863], [85.154418, 27.936881], [85.154397, 27.93688]]]}, "properties": {"layer": "stripped vegetation, day 2", "note": "cloud-free 59% of corridor only"}}, {"type": "Feature", "geometry": {"type": "Polygon", "coordinates": [[[85.155862, 27.936792], [85.155863, 27.936774], [85.155842, 27.936773], [85.155842, 27.936755], [85.155822, 27.936755], [85.155823, 27.936683], [85.155803, 27.936683], [85.155803, 27.936665], [85.155824, 27.936665], [85.155825, 27.936611], [85.155845, 27.936611], [85.155845, 27.936593], [85.155866, 27.936593], [85.155866, 27.936575], [85.155886, 27.936575], [85.155887, 27.936557], [85.155907, 27.936558], [85.155907, 27.93654], [85.155927, 27.93654], [85.155928, 27.936522], [85.155948, 27.936522], [85.155948, 27.93654], [85.155968, 27.93654], [85.155968, 27.936559], [85.155988, 27.936559], [85.155987, 27.936613], [85.155967, 27.936613], [85.155967, 27.936631], [85.155987, 27.936631], [85.155987, 27.936649], [85.156007, 27.936649], [85.156007, 27.936667], [85.156027, 27.936668], [85.156026, 27.93674], [85.156005, 27.93674], [85.156005, 27.936758], [85.155985, 27.936757], [85.155984, 27.936775], [85.155883, 27.936774], [85.155883, 27.936792], [85.155862, 27.936792]]]}, "properties": {"layer": "stripped vegetation, day 2", "note": "cloud-free 59% of corridor only"}}, {"type": "Feature", "geometry": {"type": "Polygon", "coordinates": [[[85.154525, 27.936557], [85.154525, 27.936539], [85.154505, 27.936539], [85.154505, 27.936521], [85.154485, 27.936521], [85.154485, 27.936503], [85.154505, 27.936503], [85.154506, 27.936485], [85.154526, 27.936485], [85.154526, 27.936467], [85.154587, 27.936468], [85.154588, 27.93645], [85.15471, 27.936451], [85.154709, 27.936469], [85.15473, 27.93647], [85.154729, 27.936488], [85.15475, 27.936488], [85.154749, 27.936506], [85.154729, 27.936506], [85.154729, 27.936524], [85.154708, 27.936524], [85.154708, 27.936542], [85.154647, 27.936541], [85.154647, 27.936559], [85.154525, 27.936557]]]}, "properties": {"layer": "stripped vegetation, day 2", "note": "cloud-free 59% of corridor only"}}, {"type": "Feature", "geometry": {"type": "Polygon", "coordinates": [[[85.153993, 27.936785], [85.153993, 27.936767], [85.153973, 27.936766], [85.153973, 27.936748], [85.153953, 27.936748], [85.153953, 27.93673], [85.153933, 27.93673], [85.153933, 27.936712], [85.153953, 27.936712], [85.153953, 27.936694], [85.153974, 27.936694], [85.153974, 27.936676], [85.153994, 27.936676], [85.153995, 27.936658], [85.154015, 27.936659], [85.154015, 27.936641], [85.154036, 27.936641], [85.154036, 27.936623], [85.154056, 27.936623], [85.154057, 27.936605], [85.154077, 27.936605], [85.154078, 27.936569], [85.154057, 27.936569], [85.154058, 27.936551], [85.154037, 27.936551], [85.154037, 27.936533], [85.154017, 27.936532], [85.154017, 27.936514], [85.153997, 27.936514], [85.153997, 27.936496], [85.153977, 27.936496], [85.153977, 27.936478], [85.153957, 27.936477], [85.153958, 27.936441], [85.153978, 27.936442], [85.153978, 27.936424], [85.153999, 27.936424], [85.153999, 27.936406], [85.154019, 27.936406], [85.15402, 27.936388], [85.15404, 27.936388], [85.15404, 27.936406], [85.15406, 27.936407], [85.15406, 27.936425], [85.1541, 27.936425], [85.1541, 27.936443], [85.154141, 27.936444], [85.15414, 27.936462], [85.154161, 27.936462], [85.15416, 27.93648], [85.154181, 27.93648], [85.15418, 27.936498], [85.154201, 27.936499], [85.154199, 27.936625], [85.154178, 27.936625], [85.154176, 27.936751], [85.154156, 27.936751], [85.154155, 27.936769], [85.154135, 27.936769], [85.154135, 27.936787], [85.153993, 27.936785]]]}, "properties": {"layer": "stripped vegetation, day 2", "note": "cloud-free 59% of corridor only"}}, {"type": "Feature", "geometry": {"type": "Polygon", "coordinates": [[[85.156093, 27.93638], [85.156093, 27.936362], [85.156073, 27.936361], [85.156073, 27.936343], [85.156053, 27.936343], [85.156053, 27.936307], [85.156074, 27.936307], [85.156074, 27.936271], [85.156054, 27.936271], [85.156054, 27.936253], [85.156034, 27.936253], [85.156034, 27.936235], [85.156055, 27.936235], [85.156055, 27.936217], [85.156075, 27.936217], [85.156076, 27.936199], [85.156096, 27.936199], [85.156096, 27.936181], [85.156116, 27.936181], [85.156116, 27.9362], [85.156136, 27.9362], [85.156136, 27.936218], [85.156156, 27.936218], [85.156156, 27.936236], [85.156136, 27.936236], [85.156136, 27.936254], [85.156115, 27.936254], [85.156115, 27.93629], [85.156135, 27.93629], [85.156135, 27.936308], [85.156155, 27.936308], [85.156154, 27.936344], [85.156134, 27.936344], [85.156134, 27.936362], [85.156113, 27.936362], [85.156113, 27.93638], [85.156093, 27.93638]]]}, "properties": {"layer": "stripped vegetation, day 2", "note": "cloud-free 59% of corridor only"}}, {"type": "Feature", "geometry": {"type": "Polygon", "coordinates": [[[85.155607, 27.936265], [85.155607, 27.936247], [85.155587, 27.936247], [85.155587, 27.936229], [85.155567, 27.936228], [85.155567, 27.93621], [85.155588, 27.93621], [85.155588, 27.936192], [85.155608, 27.936193], [85.155608, 27.936175], [85.155629, 27.936175], [85.155628, 27.936193], [85.155649, 27.936193], [85.155649, 27.936211], [85.155669, 27.936212], [85.155669, 27.93623], [85.155648, 27.936229], [85.155648, 27.936247], [85.155628, 27.936247], [85.155627, 27.936265], [85.155607, 27.936265]]]}, "properties": {"layer": "stripped vegetation, day 2", "note": "cloud-free 59% of corridor only"}}, {"type": "Feature", "geometry": {"type": "Polygon", "coordinates": [[[85.155326, 27.936081], [85.155326, 27.936063], [85.155306, 27.936062], [85.155306, 27.936044], [85.155286, 27.936044], [85.155286, 27.936026], [85.155306, 27.936026], [85.155306, 27.936008], [85.155327, 27.936008], [85.155327, 27.93599], [85.155347, 27.935991], [85.155347, 27.936009], [85.155367, 27.936009], [85.155367, 27.936027], [85.155387, 27.936027], [85.155387, 27.936045], [85.155367, 27.936045], [85.155366, 27.936063], [85.155346, 27.936063], [85.155346, 27.936081], [85.155326, 27.936081]]]}, "properties": {"layer": "stripped vegetation, day 2", "note": "cloud-free 59% of corridor only"}}, {"type": "Feature", "geometry": {"type": "Polygon", "coordinates": [[[85.155287, 27.935954], [85.155287, 27.935936], [85.155267, 27.935935], [85.155267, 27.935917], [85.155247, 27.935917], [85.155247, 27.935899], [85.155268, 27.935899], [85.155268, 27.935881], [85.155288, 27.935882], [85.155289, 27.935864], [85.155309, 27.935864], [85.155309, 27.935882], [85.155329, 27.935882], [85.155329, 27.9359], [85.155349, 27.9359], [85.155349, 27.935918], [85.155328, 27.935918], [85.155328, 27.935936], [85.155308, 27.935936], [85.155307, 27.935954], [85.155287, 27.935954]]]}, "properties": {"layer": "stripped vegetation, day 2", "note": "cloud-free 59% of corridor only"}}, {"type": "Feature", "geometry": {"type": "Polygon", "coordinates": [[[85.154227, 27.93612], [85.154228, 27.936102], [85.154207, 27.936102], [85.154208, 27.936084], [85.154187, 27.936083], [85.154188, 27.936065], [85.154167, 27.936065], [85.154168, 27.936029], [85.154188, 27.936029], [85.154189, 27.935993], [85.154209, 27.935993], [85.15421, 27.935975], [85.15423, 27.935976], [85.15423, 27.93594], [85.154251, 27.93594], [85.154251, 27.935904], [85.154272, 27.935904], [85.154272, 27.935886], [85.154292, 27.935886], [85.154293, 27.93585], [85.154313, 27.93585], [85.154314, 27.935832], [85.154334, 27.935833], [85.154334, 27.935815], [85.154355, 27.935815], [85.154355, 27.935797], [85.154416, 27.935798], [85.154416, 27.935816], [85.154436, 27.935816], [85.154436, 27.935834], [85.154456, 27.935834], [85.154456, 27.935852], [85.154476, 27.935853], [85.154475, 27.935907], [85.154455, 27.935906], [85.154454, 27.935943], [85.154434, 27.935942], [85.154433, 27.93596], [85.154413, 27.93596], [85.154412, 27.935996], [85.154392, 27.935996], [85.154392, 27.936014], [85.154371, 27.936014], [85.154371, 27.936032], [85.154351, 27.936031], [85.15435, 27.936068], [85.15433, 27.936067], [85.15433, 27.936085], [85.154309, 27.936085], [85.154309, 27.936103], [85.154289, 27.936103], [85.154288, 27.936121], [85.154227, 27.93612]]]}, "properties": {"layer": "stripped vegetation, day 2", "note": "cloud-free 59% of corridor only"}}, {"type": "Feature", "geometry": {"type": "Polygon", "coordinates": [[[85.155108, 27.935717], [85.155108, 27.935699], [85.155088, 27.935698], [85.155088, 27.93568], [85.155068, 27.93568], [85.155068, 27.935662], [85.155089, 27.935662], [85.155089, 27.935644], [85.155109, 27.935645], [85.15511, 27.935626], [85.15513, 27.935627], [85.15513, 27.935645], [85.15515, 27.935645], [85.15515, 27.935663], [85.15517, 27.935663], [85.15517, 27.935681], [85.155149, 27.935681], [85.155149, 27.935699], [85.155129, 27.935699], [85.155128, 27.935717], [85.155108, 27.935717]]]}, "properties": {"layer": "stripped vegetation, day 2", "note": "cloud-free 59% of corridor only"}}, {"type": "Feature", "geometry": {"type": "Polygon", "coordinates": [[[85.151676, 27.93558], [85.151676, 27.935562], [85.151656, 27.935562], [85.151656, 27.935544], [85.151636, 27.935544], [85.151636, 27.935508], [85.151657, 27.935508], [85.151657, 27.93549], [85.151677, 27.93549], [85.151678, 27.935472], [85.151698, 27.935472], [85.151698, 27.935454], [85.151719, 27.935455], [85.151718, 27.935473], [85.151739, 27.935473], [85.151738, 27.935491], [85.151759, 27.935491], [85.151758, 27.935527], [85.151738, 27.935527], [85.151737, 27.935545], [85.151717, 27.935545], [85.151717, 27.935563], [85.151697, 27.935563], [85.151696, 27.935581], [85.151676, 27.93558]]]}, "properties": {"layer": "stripped vegetation, day 2", "note": "cloud-free 59% of corridor only"}}, {"type": "Feature", "geometry": {"type": "Polygon", "coordinates": [[[85.155271, 27.935683], [85.155272, 27.935665], [85.155251, 27.935664], [85.155252, 27.935646], [85.155211, 27.935646], [85.155211, 27.935628], [85.155191, 27.935628], [85.155191, 27.93561], [85.155171, 27.935609], [85.155171, 27.935591], [85.155151, 27.935591], [85.155151, 27.935573], [85.155131, 27.935573], [85.155132, 27.935537], [85.155152, 27.935537], [85.155152, 27.935519], [85.155173, 27.935519], [85.155173, 27.935501], [85.155234, 27.935502], [85.155233, 27.93552], [85.155254, 27.93552], [85.155255, 27.935466], [85.155275, 27.935466], [85.155275, 27.935448], [85.155296, 27.935448], [85.155296, 27.93543], [85.155316, 27.935431], [85.155317, 27.935413], [85.155337, 27.935413], [85.155337, 27.935395], [85.155358, 27.935395], [85.155358, 27.935377], [85.155378, 27.935377], [85.155378, 27.935395], [85.155398, 27.935396], [85.155398, 27.935414], [85.155418, 27.935414], [85.155418, 27.935432], [85.155438, 27.935432], [85.155438, 27.93545], [85.155458, 27.935451], [85.155458, 27.935469], [85.155478, 27.935469], [85.155478, 27.935505], [85.155498, 27.935505], [85.155498, 27.935523], [85.155477, 27.935523], [85.155477, 27.935541], [85.155457, 27.935541], [85.155456, 27.935559], [85.155436, 27.935559], [85.155436, 27.935577], [85.155395, 27.935576], [85.155395, 27.935594], [85.155374, 27.935594], [85.155374, 27.935612], [85.155354, 27.935612], [85.155353, 27.935648], [85.155333, 27.935648], [85.155333, 27.935666], [85.155312, 27.935665], [85.155312, 27.935683], [85.155271, 27.935683]]]}, "properties": {"layer": "stripped vegetation, day 2", "note": "cloud-free 59% of corridor only"}}, {"type": "Feature", "geometry": {"type": "Polygon", "coordinates": [[[85.155459, 27.935415], [85.155459, 27.935397], [85.155439, 27.935396], [85.155439, 27.935378], [85.155419, 27.935378], [85.155419, 27.93536], [85.155439, 27.93536], [85.15544, 27.935342], [85.15546, 27.935342], [85.15546, 27.935324], [85.155501, 27.935325], [85.155501, 27.935343], [85.155521, 27.935343], [85.155521, 27.935361], [85.155541, 27.935362], [85.155541, 27.93538], [85.15552, 27.935379], [85.15552, 27.935397], [85.1555, 27.935397], [85.155499, 27.935415], [85.155459, 27.935415]]]}, "properties": {"layer": "stripped vegetation, day 2", "note": "cloud-free 59% of corridor only"}}, {"type": "Feature", "geometry": {"type": "Polygon", "coordinates": [[[85.154886, 27.935623], [85.154887, 27.935605], [85.154866, 27.935605], [85.154867, 27.935587], [85.154846, 27.935587], [85.154847, 27.935551], [85.154826, 27.93555], [85.154827, 27.935532], [85.154806, 27.935532], [85.154807, 27.935514], [85.154786, 27.935514], [85.154787, 27.935478], [85.154767, 27.935477], [85.154767, 27.935441], [85.154747, 27.935441], [85.154748, 27.935405], [85.154727, 27.935405], [85.154728, 27.935369], [85.154748, 27.935369], [85.154749, 27.935351], [85.154769, 27.935351], [85.154769, 27.935333], [85.15481, 27.935334], [85.15481, 27.935316], [85.15479, 27.935315], [85.15479, 27.935297], [85.15477, 27.935297], [85.15477, 27.935279], [85.15479, 27.935279], [85.154791, 27.935261], [85.154811, 27.935261], [85.154811, 27.935243], [85.154832, 27.935244], [85.154831, 27.935262], [85.154892, 27.935263], [85.154892, 27.935281], [85.154912, 27.935281], [85.154912, 27.935299], [85.154932, 27.935299], [85.154932, 27.935317], [85.154952, 27.935318], [85.154952, 27.935336], [85.154972, 27.935336], [85.154972, 27.935354], [85.154952, 27.935354], [85.154951, 27.935372], [85.154931, 27.935371], [85.154931, 27.935389], [85.154951, 27.93539], [85.154951, 27.935408], [85.154971, 27.935408], [85.154971, 27.935426], [85.154991, 27.935426], [85.154991, 27.935444], [85.154971, 27.935444], [85.15497, 27.935498], [85.15499, 27.935499], [85.154989, 27.935535], [85.154969, 27.935534], [85.154968, 27.935588], [85.154948, 27.935588], [85.154947, 27.935606], [85.154927, 27.935606], [85.154927, 27.935624], [85.154886, 27.935623]]]}, "properties": {"layer": "stripped vegetation, day 2", "note": "cloud-free 59% of corridor only"}}, {"type": "Feature", "geometry": {"type": "Polygon", "coordinates": [[[85.155013, 27.935318], [85.155014, 27.9353], [85.154993, 27.9353], [85.154994, 27.935282], [85.154973, 27.935282], [85.154974, 27.935264], [85.154953, 27.935263], [85.154954, 27.935245], [85.154933, 27.935245], [85.154934, 27.935227], [85.154893, 27.935226], [85.154893, 27.935208], [85.154873, 27.935208], [85.154873, 27.93519], [85.154853, 27.93519], [85.154854, 27.935154], [85.154874, 27.935154], [85.154874, 27.935136], [85.154894, 27.935136], [85.154895, 27.935118], [85.154915, 27.935118], [85.154915, 27.9351], [85.154936, 27.935101], [85.154936, 27.935083], [85.154956, 27.935083], [85.154956, 27.935101], [85.154976, 27.935101], [85.154976, 27.935119], [85.154996, 27.93512], [85.154996, 27.935138], [85.155016, 27.935138], [85.155016, 27.935156], [85.155036, 27.935156], [85.155036, 27.935174], [85.155016, 27.935174], [85.155015, 27.935228], [85.155035, 27.935228], [85.155035, 27.935246], [85.155055, 27.935247], [85.155055, 27.935265], [85.155075, 27.935265], [85.155075, 27.935283], [85.155055, 27.935283], [85.155054, 27.935301], [85.155034, 27.935301], [85.155034, 27.935319], [85.155013, 27.935318]]]}, "properties": {"layer": "stripped vegetation, day 2", "note": "cloud-free 59% of corridor only"}}, {"type": "Feature", "geometry": {"type": "Polygon", "coordinates": [[[85.152273, 27.935137], [85.152273, 27.935119], [85.152253, 27.935119], [85.152253, 27.935101], [85.152233, 27.935101], [85.152234, 27.935028], [85.152254, 27.935029], [85.152255, 27.935011], [85.152275, 27.935011], [85.152275, 27.934993], [85.152316, 27.934993], [85.152316, 27.934975], [85.152357, 27.934976], [85.152357, 27.934994], [85.152377, 27.934994], [85.152377, 27.935012], [85.152397, 27.935013], [85.152397, 27.935031], [85.152376, 27.93503], [85.152376, 27.935066], [85.152355, 27.935066], [85.152355, 27.935084], [85.152335, 27.935084], [85.152334, 27.935102], [85.152314, 27.935102], [85.152314, 27.93512], [85.152293, 27.935119], [85.152293, 27.935137], [85.152273, 27.935137]]]}, "properties": {"layer": "stripped vegetation, day 2", "note": "cloud-free 59% of corridor only"}}, {"type": "Feature", "geometry": {"type": "Polygon", "coordinates": [[[85.152173, 27.935046], [85.152173, 27.935028], [85.152153, 27.935027], [85.152153, 27.935009], [85.152133, 27.935009], [85.152133, 27.934973], [85.152154, 27.934973], [85.152154, 27.934955], [85.152174, 27.934955], [85.152175, 27.934937], [85.152195, 27.934938], [85.152195, 27.934956], [85.152215, 27.934956], [85.152215, 27.934974], [85.152235, 27.934974], [85.152234, 27.93501], [85.152214, 27.93501], [85.152214, 27.935028], [85.152193, 27.935028], [85.152193, 27.935046], [85.152173, 27.935046]]]}, "properties": {"layer": "stripped vegetation, day 2", "note": "cloud-free 59% of corridor only"}}, {"type": "Feature", "geometry": {"type": "Polygon", "coordinates": [[[85.157111, 27.93504], [85.157112, 27.935022], [85.157091, 27.935021], [85.157092, 27.935003], [85.157071, 27.935003], [85.157072, 27.934985], [85.157092, 27.934985], [85.157092, 27.934967], [85.157113, 27.934967], [85.157113, 27.934949], [85.157133, 27.93495], [85.157133, 27.934968], [85.157153, 27.934968], [85.157153, 27.934986], [85.157173, 27.934986], [85.157173, 27.935004], [85.157153, 27.935004], [85.157152, 27.935022], [85.157132, 27.935022], [85.157132, 27.93504], [85.157111, 27.93504]]]}, "properties": {"layer": "stripped vegetation, day 2", "note": "cloud-free 59% of corridor only"}}, {"type": "Feature", "geometry": {"type": "Polygon", "coordinates": [[[85.155101, 27.934922], [85.155102, 27.934904], [85.155081, 27.934904], [85.155082, 27.934886], [85.155061, 27.934886], [85.155062, 27.934868], [85.155082, 27.934868], [85.155082, 27.93485], [85.155103, 27.93485], [85.155103, 27.934832], [85.155123, 27.934832], [85.155123, 27.934851], [85.155143, 27.934851], [85.155143, 27.934869], [85.155163, 27.934869], [85.155163, 27.934887], [85.155143, 27.934887], [85.155142, 27.934905], [85.155122, 27.934905], [85.155122, 27.934923], [85.155101, 27.934922]]]}, "properties": {"layer": "stripped vegetation, day 2", "note": "cloud-free 59% of corridor only"}}, {"type": "Feature", "geometry": {"type": "Polygon", "coordinates": [[[85.152459, 27.934959], [85.152459, 27.934941], [85.152439, 27.934941], [85.152439, 27.934923], [85.152378, 27.934922], [85.152378, 27.93494], [85.152337, 27.93494], [85.152337, 27.934921], [85.152317, 27.934921], [85.152317, 27.934903], [85.152297, 27.934903], [85.152297, 27.934885], [85.152277, 27.934885], [85.152277, 27.934867], [85.152257, 27.934866], [85.152258, 27.934794], [85.152279, 27.934794], [85.152279, 27.934776], [85.152299, 27.934777], [85.1523, 27.934759], [85.15232, 27.934759], [85.15232, 27.934741], [85.152341, 27.934741], [85.152341, 27.934723], [85.152361, 27.934723], [85.152361, 27.934741], [85.152381, 27.934742], [85.152381, 27.93476], [85.152401, 27.93476], [85.152401, 27.934778], [85.152421, 27.934778], [85.152421, 27.934796], [85.152441, 27.934797], [85.152441, 27.934815], [85.152461, 27.934815], [85.15246, 27.934869], [85.152481, 27.934869], [85.15248, 27.934887], [85.152501, 27.934888], [85.1525, 27.934906], [85.152521, 27.934906], [85.15252, 27.934924], [85.1525, 27.934924], [85.1525, 27.934942], [85.152479, 27.934941], [85.152479, 27.934959], [85.152459, 27.934959]]]}, "properties": {"layer": "stripped vegetation, day 2", "note": "cloud-free 59% of corridor only"}}, {"type": "Feature", "geometry": {"type": "Polygon", "coordinates": [[[85.151667, 27.934912], [85.151667, 27.934894], [85.151647, 27.934894], [85.151647, 27.934876], [85.151627, 27.934876], [85.151627, 27.934858], [85.151607, 27.934858], [85.151607, 27.934839], [85.151587, 27.934839], [85.151587, 27.934803], [85.151608, 27.934803], [85.151608, 27.934785], [85.151628, 27.934786], [85.151629, 27.934768], [85.151608, 27.934767], [85.151609, 27.934731], [85.151629, 27.934731], [85.15163, 27.934713], [85.15165, 27.934714], [85.15165, 27.934696], [85.151671, 27.934696], [85.15167, 27.934714], [85.151691, 27.934714], [85.15169, 27.934732], [85.151711, 27.934733], [85.15171, 27.934751], [85.151731, 27.934751], [85.15173, 27.934769], [85.151751, 27.934769], [85.15175, 27.934823], [85.15177, 27.934824], [85.151769, 27.93486], [85.151749, 27.934859], [85.151749, 27.934877], [85.151728, 27.934877], [85.151728, 27.934895], [85.151708, 27.934895], [85.151708, 27.934913], [85.151667, 27.934912]]]}, "properties": {"layer": "stripped vegetation, day 2", "note": "cloud-free 59% of corridor only"}}, {"type": "Feature", "geometry": {"type": "Polygon", "coordinates": [[[85.154107, 27.934819], [85.154108, 27.934801], [85.154087, 27.934801], [85.154088, 27.934783], [85.154067, 27.934782], [85.154068, 27.934764], [85.154088, 27.934764], [85.154088, 27.934746], [85.154109, 27.934747], [85.154109, 27.934729], [85.154129, 27.934729], [85.154129, 27.934747], [85.154149, 27.934747], [85.154149, 27.934765], [85.154169, 27.934766], [85.154169, 27.934784], [85.154149, 27.934783], [85.154148, 27.934801], [85.154128, 27.934801], [85.154128, 27.934819], [85.154107, 27.934819]]]}, "properties": {"layer": "stripped vegetation, day 2", "note": "cloud-free 59% of corridor only"}}, {"type": "Feature", "geometry": {"type": "Polygon", "coordinates": [[[85.153553, 27.935154], [85.153553, 27.935136], [85.153533, 27.935136], [85.153533, 27.935118], [85.153513, 27.935118], [85.153513, 27.935082], [85.153534, 27.935082], [85.153535, 27.935028], [85.153555, 27.935028], [85.153555, 27.93501], [85.153576, 27.93501], [85.153576, 27.934974], [85.153597, 27.934974], [85.153597, 27.934956], [85.153617, 27.934957], [85.153618, 27.934921], [85.153638, 27.934921], [85.153638, 27.934903], [85.153659, 27.934903], [85.153659, 27.934885], [85.153679, 27.934885], [85.15368, 27.934867], [85.1537, 27.934868], [85.1537, 27.934886], [85.153801, 27.934887], [85.153802, 27.934869], [85.153822, 27.934869], [85.153822, 27.934851], [85.153782, 27.934851], [85.153782, 27.934833], [85.153741, 27.934832], [85.153742, 27.934814], [85.153721, 27.934814], [85.153722, 27.934796], [85.153701, 27.934795], [85.153702, 27.934777], [85.153681, 27.934777], [85.153682, 27.934723], [85.153702, 27.934723], [85.153703, 27.934705], [85.153723, 27.934705], [85.153723, 27.934687], [85.153744, 27.934688], [85.153743, 27.934706], [85.153764, 27.934706], [85.153763, 27.934724], [85.153804, 27.934725], [85.153804, 27.934743], [85.153824, 27.934743], [85.153824, 27.934761], [85.153844, 27.934761], [85.153843, 27.934797], [85.153864, 27.934798], [85.153863, 27.934816], [85.153843, 27.934815], [85.153843, 27.934833], [85.153863, 27.934834], [85.153863, 27.934852], [85.153883, 27.934852], [85.153883, 27.93487], [85.153903, 27.93487], [85.153903, 27.934888], [85.153883, 27.934888], [85.153882, 27.934906], [85.153862, 27.934906], [85.153862, 27.934924], [85.153841, 27.934924], [85.153841, 27.934942], [85.153821, 27.934941], [85.15382, 27.934959], [85.1538, 27.934959], [85.1538, 27.934977], [85.153759, 27.934977], [85.153758, 27.935031], [85.153738, 27.935031], [85.153738, 27.935049], [85.153717, 27.935048], [85.153717, 27.935066], [85.153697, 27.935066], [85.153696, 27.935084], [85.153656, 27.935084], [85.153655, 27.93512], [85.153635, 27.935119], [85.153634, 27.935137], [85.153614, 27.935137], [85.153614, 27.935155], [85.153553, 27.935154]]]}, "properties": {"layer": "stripped vegetation, day 2", "note": "cloud-free 59% of corridor only"}}, {"type": "Feature", "geometry": {"type": "Polygon", "coordinates": [[[85.151285, 27.934655], [85.151285, 27.934637], [85.151265, 27.934636], [85.151265, 27.934618], [85.151245, 27.934618], [85.151246, 27.934546], [85.151267, 27.934546], [85.151267, 27.934528], [85.151287, 27.934528], [85.151288, 27.93451], [85.151308, 27.934511], [85.151308, 27.934493], [85.151349, 27.934493], [85.151349, 27.934511], [85.151369, 27.934511], [85.151369, 27.934529], [85.151389, 27.93453], [85.151389, 27.934548], [85.151409, 27.934548], [85.151409, 27.934566], [85.151388, 27.934566], [85.151388, 27.934584], [85.151368, 27.934584], [85.151367, 27.93462], [85.151347, 27.934619], [85.151346, 27.934637], [85.151326, 27.934637], [85.151326, 27.934655], [85.151285, 27.934655]]]}, "properties": {"layer": "stripped vegetation, day 2", "note": "cloud-free 59% of corridor only"}}, {"type": "Feature", "geometry": {"type": "Polygon", "coordinates": [[[85.153216, 27.934626], [85.153217, 27.934608], [85.153196, 27.934608], [85.153197, 27.93459], [85.153176, 27.93459], [85.153177, 27.934536], [85.153198, 27.934536], [85.153198, 27.934518], [85.153218, 27.934518], [85.153218, 27.9345], [85.153239, 27.9345], [85.153239, 27.934482], [85.153259, 27.934483], [85.153259, 27.934501], [85.153279, 27.934501], [85.153279, 27.934519], [85.153299, 27.934519], [85.153299, 27.934537], [85.153319, 27.934538], [85.153319, 27.934556], [85.153299, 27.934555], [85.153299, 27.934573], [85.153278, 27.934573], [85.153278, 27.934591], [85.153258, 27.934591], [85.153257, 27.934609], [85.153237, 27.934609], [85.153237, 27.934627], [85.153216, 27.934626]]]}, "properties": {"layer": "stripped vegetation, day 2", "note": "cloud-free 59% of corridor only"}}, {"type": "Feature", "geometry": {"type": "Polygon", "coordinates": [[[85.152624, 27.934799], [85.152624, 27.934781], [85.152604, 27.934781], [85.152604, 27.934763], [85.152584, 27.934762], [85.152584, 27.934744], [85.152564, 27.934744], [85.152564, 27.934726], [85.152544, 27.934726], [85.152544, 27.934708], [85.152504, 27.934707], [85.152504, 27.934689], [85.152484, 27.934689], [85.152484, 27.934671], [85.152464, 27.93467], [85.152464, 27.934634], [85.152444, 27.934634], [85.152444, 27.934616], [85.152465, 27.934616], [85.152465, 27.934598], [85.152485, 27.934599], [85.152485, 27.934581], [85.152526, 27.934581], [85.152526, 27.934563], [85.152608, 27.934564], [85.152608, 27.934546], [85.152588, 27.934546], [85.152588, 27.934528], [85.152568, 27.934527], [85.152568, 27.934509], [85.152548, 27.934509], [85.152548, 27.934491], [85.152568, 27.934491], [85.152569, 27.934473], [85.152589, 27.934474], [85.152589, 27.934456], [85.152691, 27.934457], [85.152691, 27.934475], [85.152711, 27.934475], [85.152711, 27.934493], [85.152792, 27.934494], [85.152792, 27.934476], [85.152833, 27.934477], [85.152832, 27.934495], [85.152853, 27.934495], [85.152852, 27.934513], [85.152873, 27.934514], [85.152872, 27.934532], [85.152893, 27.934532], [85.152892, 27.93455], [85.152913, 27.93455], [85.152912, 27.934568], [85.152933, 27.934568], [85.152932, 27.934587], [85.152912, 27.934586], [85.152912, 27.934604], [85.152892, 27.934604], [85.152891, 27.934622], [85.152871, 27.934622], [85.152871, 27.93464], [85.15285, 27.93464], [85.15285, 27.934658], [85.15283, 27.934657], [85.152829, 27.934675], [85.152809, 27.934675], [85.152809, 27.934693], [85.152788, 27.934693], [85.152788, 27.934711], [85.152768, 27.934711], [85.152767, 27.934729], [85.152747, 27.934728], [85.152747, 27.934746], [85.152727, 27.934746], [85.152726, 27.934764], [85.152706, 27.934764], [85.152706, 27.934782], [85.152685, 27.934782], [85.152685, 27.9348], [85.152624, 27.934799]]]}, "properties": {"layer": "stripped vegetation, day 2", "note": "cloud-free 59% of corridor only"}}, {"type": "Feature", "geometry": {"type": "Polygon", "coordinates": [[[85.153542, 27.934577], [85.153543, 27.934559], [85.153522, 27.934558], [85.153523, 27.93454], [85.153502, 27.93454], [85.153503, 27.934504], [85.153523, 27.934504], [85.153524, 27.934486], [85.153544, 27.934486], [85.153544, 27.934468], [85.153565, 27.934469], [85.153565, 27.934451], [85.153585, 27.934451], [85.153585, 27.934469], [85.153605, 27.934469], [85.153605, 27.934487], [85.153625, 27.934488], [85.153625, 27.934469], [85.153646, 27.93447], [85.153646, 27.934452], [85.153666, 27.934452], [85.153667, 27.934434], [85.153687, 27.934434], [85.153687, 27.934452], [85.153707, 27.934453], [85.153707, 27.934471], [85.153727, 27.934471], [85.153726, 27.934525], [85.153706, 27.934525], [85.153706, 27.934543], [85.153685, 27.934542], [85.153685, 27.934561], [85.153665, 27.93456], [85.153665, 27.934542], [85.153645, 27.934542], [85.153644, 27.93456], [85.153624, 27.93456], [85.153624, 27.934542], [85.153604, 27.934541], [85.153604, 27.934559], [85.153583, 27.934559], [85.153583, 27.934577], [85.153542, 27.934577]]]}, "properties": {"layer": "stripped vegetation, day 2", "note": "cloud-free 59% of corridor only"}}, {"type": "Feature", "geometry": {"type": "Polygon", "coordinates": [[[85.154051, 27.934547], [85.154051, 27.934529], [85.154031, 27.934529], [85.154031, 27.934511], [85.154011, 27.934511], [85.154011, 27.934493], [85.154032, 27.934493], [85.154032, 27.934457], [85.154052, 27.934457], [85.154053, 27.934439], [85.154032, 27.934439], [85.154033, 27.934421], [85.154053, 27.934421], [85.154053, 27.934403], [85.154074, 27.934403], [85.154074, 27.934385], [85.154115, 27.934386], [85.154114, 27.934404], [85.154135, 27.934404], [85.154134, 27.934422], [85.154155, 27.934422], [85.154154, 27.934477], [85.154133, 27.934476], [85.154133, 27.934512], [85.154112, 27.934512], [85.154112, 27.93453], [85.154092, 27.93453], [85.154092, 27.934548], [85.154051, 27.934547]]]}, "properties": {"layer": "stripped vegetation, day 2", "note": "cloud-free 59% of corridor only"}}, {"type": "Feature", "geometry": {"type": "Polygon", "coordinates": [[[85.156755, 27.934493], [85.156755, 27.934475], [85.156735, 27.934475], [85.156735, 27.934457], [85.156715, 27.934457], [85.156715, 27.934421], [85.156736, 27.934421], [85.156736, 27.934385], [85.156716, 27.934385], [85.156716, 27.934366], [85.156696, 27.934366], [85.156696, 27.934348], [85.156717, 27.934348], [85.156717, 27.93433], [85.156737, 27.934331], [85.156738, 27.934313], [85.156758, 27.934313], [85.156758, 27.934331], [85.156778, 27.934331], [85.156778, 27.934349], [85.156798, 27.93435], [85.156798, 27.934368], [85.156818, 27.934368], [85.156818, 27.934386], [85.156797, 27.934386], [85.156797, 27.934422], [85.156817, 27.934422], [85.156816, 27.934458], [85.156796, 27.934458], [85.156796, 27.934476], [85.156775, 27.934476], [85.156775, 27.934494], [85.156755, 27.934493]]]}, "properties": {"layer": "stripped vegetation, day 2", "note": "cloud-free 59% of corridor only"}}, {"type": "Feature", "geometry": {"type": "Polygon", "coordinates": [[[85.151698, 27.934281], [85.151698, 27.934263], [85.151678, 27.934263], [85.151678, 27.934245], [85.151658, 27.934245], [85.151658, 27.934226], [85.151679, 27.934227], [85.151679, 27.934209], [85.151699, 27.934209], [85.1517, 27.934191], [85.15172, 27.934191], [85.15172, 27.934173], [85.15174, 27.934173], [85.151741, 27.934155], [85.151761, 27.934156], [85.151761, 27.934174], [85.151781, 27.934174], [85.151781, 27.934192], [85.151801, 27.934192], [85.151801, 27.93421], [85.151821, 27.934211], [85.151821, 27.934229], [85.151801, 27.934228], [85.1518, 27.934246], [85.15178, 27.934246], [85.15178, 27.934264], [85.151719, 27.934263], [85.151718, 27.934281], [85.151698, 27.934281]]]}, "properties": {"layer": "stripped vegetation, day 2", "note": "cloud-free 59% of corridor only"}}, {"type": "Feature", "geometry": {"type": "Polygon", "coordinates": [[[85.151456, 27.934152], [85.151457, 27.934134], [85.151436, 27.934133], [85.151437, 27.934115], [85.151416, 27.934115], [85.151417, 27.934097], [85.151437, 27.934097], [85.151437, 27.934079], [85.151458, 27.934079], [85.151458, 27.934061], [85.151478, 27.934062], [85.151478, 27.93408], [85.151498, 27.93408], [85.151498, 27.934098], [85.151518, 27.934098], [85.151518, 27.934116], [85.151498, 27.934116], [85.151497, 27.934134], [85.151477, 27.934134], [85.151477, 27.934152], [85.151456, 27.934152]]]}, "properties": {"layer": "stripped vegetation, day 2", "note": "cloud-free 59% of corridor only"}}, {"type": "Feature", "geometry": {"type": "Polygon", "coordinates": [[[85.154441, 27.934336], [85.154441, 27.934318], [85.154421, 27.934318], [85.154421, 27.9343], [85.154401, 27.934299], [85.154401, 27.934281], [85.154279, 27.93428], [85.154279, 27.934262], [85.154259, 27.934261], [85.154259, 27.934243], [85.154239, 27.934243], [85.15424, 27.934207], [85.154219, 27.934207], [85.15422, 27.934153], [85.1542, 27.934152], [85.154201, 27.934116], [85.154221, 27.934116], [85.154221, 27.934098], [85.154241, 27.934099], [85.154242, 27.934081], [85.154262, 27.934081], [85.154262, 27.934063], [85.154303, 27.934063], [85.154303, 27.934081], [85.154323, 27.934082], [85.154323, 27.9341], [85.154363, 27.9341], [85.154363, 27.934118], [85.154383, 27.934119], [85.154383, 27.934137], [85.154403, 27.934137], [85.154403, 27.934155], [85.154423, 27.934155], [85.154423, 27.934191], [85.154443, 27.934192], [85.154443, 27.93421], [85.154463, 27.93421], [85.154463, 27.934228], [85.154483, 27.934228], [85.154483, 27.934264], [85.154503, 27.934265], [85.154502, 27.934301], [85.154482, 27.9343], [85.154482, 27.934319], [85.154461, 27.934318], [85.154461, 27.934336], [85.154441, 27.934336]]]}, "properties": {"layer": "stripped vegetation, day 2", "note": "cloud-free 59% of corridor only"}}, {"type": "Feature", "geometry": {"type": "Polygon", "coordinates": [[[85.153422, 27.934485], [85.153422, 27.934467], [85.153402, 27.934466], [85.153402, 27.934448], [85.153362, 27.934448], [85.153361, 27.934466], [85.153321, 27.934465], [85.153321, 27.934447], [85.153301, 27.934447], [85.153301, 27.934429], [85.153281, 27.934429], [85.153281, 27.934411], [85.153261, 27.93441], [85.153261, 27.934392], [85.1532, 27.934392], [85.1532, 27.934374], [85.15318, 27.934373], [85.15318, 27.934355], [85.15316, 27.934355], [85.15316, 27.934337], [85.153181, 27.934337], [85.153181, 27.934319], [85.153161, 27.934319], [85.153161, 27.934301], [85.153141, 27.934301], [85.153141, 27.934282], [85.153121, 27.934282], [85.153123, 27.934156], [85.153102, 27.934156], [85.153103, 27.934138], [85.153082, 27.934137], [85.153083, 27.934083], [85.153104, 27.934083], [85.153104, 27.934065], [85.153124, 27.934066], [85.153125, 27.934048], [85.153145, 27.934048], [85.153145, 27.93403], [85.153166, 27.93403], [85.153165, 27.934048], [85.153186, 27.934048], [85.153185, 27.934066], [85.153206, 27.934067], [85.153205, 27.934085], [85.153226, 27.934085], [85.153225, 27.934103], [85.153246, 27.934103], [85.153245, 27.934139], [85.153265, 27.93414], [85.153265, 27.934158], [85.153285, 27.934158], [85.153285, 27.934194], [85.153325, 27.934195], [85.153325, 27.934213], [85.153345, 27.934213], [85.153345, 27.934231], [85.153365, 27.934231], [85.153365, 27.934249], [85.153385, 27.93425], [85.153385, 27.934268], [85.153405, 27.934268], [85.153404, 27.93434], [85.153384, 27.93434], [85.153383, 27.934394], [85.153403, 27.934394], [85.153403, 27.934412], [85.153423, 27.934413], [85.153424, 27.934395], [85.153464, 27.934395], [85.153464, 27.934413], [85.153484, 27.934413], [85.153484, 27.934431], [85.153504, 27.934432], [85.153504, 27.93445], [85.153484, 27.93445], [85.153483, 27.934468], [85.153463, 27.934467], [85.153463, 27.934485], [85.153422, 27.934485]]]}, "properties": {"layer": "stripped vegetation, day 2", "note": "cloud-free 59% of corridor only"}}, {"type": "Feature", "geometry": {"type": "Polygon", "coordinates": [[[85.152388, 27.934363], [85.152388, 27.934345], [85.152347, 27.934344], [85.152348, 27.934326], [85.152307, 27.934325], [85.152307, 27.934307], [85.152287, 27.934307], [85.152287, 27.934289], [85.152267, 27.934289], [85.152267, 27.934271], [85.152227, 27.93427], [85.152227, 27.934252], [85.152207, 27.934252], [85.152207, 27.934234], [85.152187, 27.934234], [85.152187, 27.934179], [85.152208, 27.93418], [85.152208, 27.934162], [85.152228, 27.934162], [85.152229, 27.934126], [85.152249, 27.934126], [85.15225, 27.934108], [85.15227, 27.934108], [85.15227, 27.93409], [85.152291, 27.934091], [85.152291, 27.934073], [85.152352, 27.934073], [85.152352, 27.934037], [85.152373, 27.934038], [85.152373, 27.934019], [85.152393, 27.93402], [85.152394, 27.934002], [85.152414, 27.934002], [85.152414, 27.93402], [85.152434, 27.93402], [85.152434, 27.934038], [85.152474, 27.934039], [85.152474, 27.934057], [85.152515, 27.934057], [85.152514, 27.934076], [85.152535, 27.934076], [85.152534, 27.934094], [85.152555, 27.934094], [85.152554, 27.934112], [85.152595, 27.934113], [85.152595, 27.934131], [85.152615, 27.934131], [85.152615, 27.934149], [85.152635, 27.934149], [85.152635, 27.934167], [85.152614, 27.934167], [85.152614, 27.934185], [85.152594, 27.934185], [85.152594, 27.934203], [85.152573, 27.934203], [85.152573, 27.934221], [85.152532, 27.93422], [85.152532, 27.934256], [85.152511, 27.934256], [85.152511, 27.934292], [85.15249, 27.934292], [85.15249, 27.93431], [85.15247, 27.93431], [85.152469, 27.934328], [85.152429, 27.934327], [85.152429, 27.934345], [85.152408, 27.934345], [85.152408, 27.934363], [85.152388, 27.934363]]]}, "properties": {"layer": "stripped vegetation, day 2", "note": "cloud-free 59% of corridor only"}}, {"type": "Feature", "geometry": {"type": "Polygon", "coordinates": [[[85.151254, 27.934113], [85.151254, 27.934095], [85.151234, 27.934094], [85.151234, 27.934076], [85.151214, 27.934076], [85.151214, 27.934058], [85.151194, 27.934058], [85.151193, 27.934076], [85.151173, 27.934076], [85.151173, 27.934058], [85.151153, 27.934057], [85.151153, 27.934039], [85.151133, 27.934039], [85.151134, 27.934003], [85.151113, 27.934003], [85.151114, 27.933985], [85.151093, 27.933984], [85.151094, 27.933966], [85.151073, 27.933966], [85.151074, 27.933948], [85.151094, 27.933948], [85.151094, 27.93393], [85.151115, 27.93393], [85.151115, 27.933912], [85.151156, 27.933913], [85.151155, 27.933931], [85.151216, 27.933932], [85.151216, 27.933914], [85.151277, 27.933915], [85.151278, 27.933896], [85.151318, 27.933897], [85.151319, 27.933879], [85.151359, 27.93388], [85.15136, 27.933861], [85.15138, 27.933862], [85.15138, 27.93388], [85.1514, 27.93388], [85.1514, 27.933898], [85.15142, 27.933898], [85.15142, 27.933916], [85.151399, 27.933916], [85.151399, 27.933952], [85.151378, 27.933952], [85.151377, 27.93406], [85.151356, 27.93406], [85.151356, 27.934078], [85.151336, 27.934078], [85.151335, 27.934096], [85.151295, 27.934095], [85.151294, 27.934113], [85.151254, 27.934113]]]}, "properties": {"layer": "stripped vegetation, day 2", "note": "cloud-free 59% of corridor only"}}, {"type": "Feature", "geometry": {"type": "Polygon", "coordinates": [[[85.149524, 27.934234], [85.149525, 27.934216], [85.149504, 27.934216], [85.149505, 27.934198], [85.149444, 27.934197], [85.149444, 27.934179], [85.149424, 27.934178], [85.149424, 27.93416], [85.149404, 27.93416], [85.149404, 27.934142], [85.149424, 27.934142], [85.149425, 27.934124], [85.149384, 27.934124], [85.149384, 27.934142], [85.149363, 27.934141], [85.149363, 27.93416], [85.149322, 27.934159], [85.149323, 27.934141], [85.149302, 27.934141], [85.149303, 27.934123], [85.149282, 27.934122], [85.149283, 27.934104], [85.149262, 27.934104], [85.149262, 27.934122], [85.149242, 27.934122], [85.149241, 27.93414], [85.149221, 27.93414], [85.149221, 27.934122], [85.149201, 27.934121], [85.149201, 27.934103], [85.149161, 27.934103], [85.149161, 27.934085], [85.149141, 27.934084], [85.149141, 27.934066], [85.149121, 27.934066], [85.149121, 27.93403], [85.149142, 27.93403], [85.149142, 27.933994], [85.149163, 27.933994], [85.149163, 27.933958], [85.149183, 27.933959], [85.149184, 27.933941], [85.149204, 27.933941], [85.149204, 27.933923], [85.149225, 27.933923], [85.149226, 27.933869], [85.149246, 27.933869], [85.149247, 27.933833], [85.149267, 27.933833], [85.149267, 27.933815], [85.149288, 27.933816], [85.149288, 27.933798], [85.149328, 27.933798], [85.149328, 27.933816], [85.149369, 27.933817], [85.149368, 27.933835], [85.149409, 27.933835], [85.149409, 27.933853], [85.149449, 27.933854], [85.149449, 27.933872], [85.149469, 27.933872], [85.149469, 27.93389], [85.14951, 27.933891], [85.149509, 27.933909], [85.14953, 27.933909], [85.149529, 27.933927], [85.14955, 27.933927], [85.149549, 27.933945], [85.14957, 27.933946], [85.149569, 27.933964], [85.14959, 27.933964], [85.14959, 27.933982], [85.14961, 27.933982], [85.14961, 27.934], [85.14963, 27.934001], [85.149628, 27.934091], [85.149608, 27.934091], [85.149607, 27.934127], [85.149628, 27.934127], [85.149627, 27.934163], [85.149607, 27.934163], [85.149606, 27.934181], [85.149586, 27.934181], [85.149586, 27.934199], [85.149565, 27.934198], [85.149565, 27.934216], [85.149545, 27.934216], [85.149545, 27.934234], [85.149524, 27.934234]], [[85.149324, 27.934069], [85.149344, 27.934069], [85.149344, 27.934051], [85.149365, 27.934051], [85.149366, 27.933979], [85.149325, 27.933979], [85.149324, 27.934033], [85.149304, 27.934032], [85.149304, 27.93405], [85.149324, 27.934051], [85.149324, 27.934069]]]}, "properties": {"layer": "stripped vegetation, day 2", "note": "cloud-free 59% of corridor only"}}, {"type": "Feature", "geometry": {"type": "Polygon", "coordinates": [[[85.15016, 27.9339], [85.15016, 27.933881], [85.15014, 27.933881], [85.15014, 27.933863], [85.15012, 27.933863], [85.15012, 27.933845], [85.150141, 27.933845], [85.150141, 27.933827], [85.150161, 27.933827], [85.150161, 27.933809], [85.150182, 27.93381], [85.150182, 27.933828], [85.150202, 27.933828], [85.150202, 27.933846], [85.150222, 27.933846], [85.150222, 27.933864], [85.150201, 27.933864], [85.150201, 27.933882], [85.150181, 27.933882], [85.15018, 27.9339], [85.15016, 27.9339]]]}, "properties": {"layer": "stripped vegetation, day 2", "note": "cloud-free 59% of corridor only"}}, {"type": "Feature", "geometry": {"type": "Polygon", "coordinates": [[[85.151684, 27.933938], [85.151684, 27.93392], [85.151663, 27.93392], [85.151664, 27.933902], [85.151643, 27.933901], [85.151644, 27.933883], [85.151664, 27.933884], [85.151664, 27.933866], [85.151685, 27.933866], [85.151685, 27.933848], [85.151705, 27.933848], [85.151706, 27.93383], [85.151726, 27.93383], [85.151726, 27.933812], [85.151747, 27.933813], [85.151746, 27.933831], [85.151767, 27.933831], [85.151766, 27.933849], [85.151787, 27.933849], [85.151786, 27.933867], [85.151766, 27.933867], [85.151766, 27.933885], [85.151745, 27.933885], [85.151745, 27.933903], [85.151725, 27.933902], [85.151724, 27.933921], [85.151704, 27.93392], [85.151704, 27.933938], [85.151684, 27.933938]]]}, "properties": {"layer": "stripped vegetation, day 2", "note": "cloud-free 59% of corridor only"}}, {"type": "Feature", "geometry": {"type": "Polygon", "coordinates": [[[85.149044, 27.933794], [85.149044, 27.933776], [85.149024, 27.933776], [85.149024, 27.933758], [85.149004, 27.933758], [85.149004, 27.93374], [85.148984, 27.933739], [85.148984, 27.933721], [85.149005, 27.933722], [85.149005, 27.933703], [85.149025, 27.933704], [85.149026, 27.933686], [85.149046, 27.933686], [85.149046, 27.933668], [85.149087, 27.933668], [85.149086, 27.933687], [85.149107, 27.933687], [85.149106, 27.933705], [85.149127, 27.933705], [85.149126, 27.933723], [85.149147, 27.933723], [85.149146, 27.93376], [85.149126, 27.933759], [85.149126, 27.933777], [85.149105, 27.933777], [85.149105, 27.933795], [85.149044, 27.933794]]]}, "properties": {"layer": "stripped vegetation, day 2", "note": "cloud-free 59% of corridor only"}}, {"type": "Feature", "geometry": {"type": "Polygon", "coordinates": [[[85.15256, 27.933805], [85.15256, 27.933787], [85.15254, 27.933787], [85.15254, 27.933769], [85.15252, 27.933769], [85.15252, 27.933751], [85.15254, 27.933751], [85.152541, 27.933733], [85.152561, 27.933733], [85.152561, 27.933715], [85.152582, 27.933715], [85.152581, 27.933733], [85.152602, 27.933734], [85.152601, 27.933752], [85.152622, 27.933752], [85.152621, 27.93377], [85.152601, 27.93377], [85.152601, 27.933788], [85.15258, 27.933788], [85.15258, 27.933806], [85.15256, 27.933805]]]}, "properties": {"layer": "stripped vegetation, day 2", "note": "cloud-free 59% of corridor only"}}, {"type": "Feature", "geometry": {"type": "Polygon", "coordinates": [[[85.148861, 27.933774], [85.148862, 27.933756], [85.148841, 27.933755], [85.148842, 27.933737], [85.148821, 27.933737], [85.148822, 27.933719], [85.148842, 27.933719], [85.148843, 27.933683], [85.148822, 27.933683], [85.148823, 27.933665], [85.148843, 27.933665], [85.148843, 27.933647], [85.148864, 27.933647], [85.148864, 27.933629], [85.148884, 27.93363], [85.148884, 27.933648], [85.148904, 27.933648], [85.148905, 27.93363], [85.148945, 27.93363], [85.148945, 27.933649], [85.148965, 27.933649], [85.148965, 27.933667], [85.148985, 27.933667], [85.148985, 27.933703], [85.148964, 27.933703], [85.148964, 27.933721], [85.148944, 27.933721], [85.148943, 27.933739], [85.148923, 27.933738], [85.148923, 27.933757], [85.148882, 27.933756], [85.148882, 27.933774], [85.148861, 27.933774]]]}, "properties": {"layer": "stripped vegetation, day 2", "note": "cloud-free 59% of corridor only"}}, {"type": "Feature", "geometry": {"type": "Polygon", "coordinates": [[[85.155085, 27.934688], [85.155085, 27.93467], [85.155065, 27.934669], [85.155065, 27.934651], [85.155045, 27.934651], [85.155045, 27.934633], [85.155066, 27.934633], [85.155066, 27.934597], [85.155026, 27.934597], [85.155025, 27.934615], [85.155005, 27.934614], [85.155005, 27.934632], [85.154944, 27.934632], [85.154944, 27.934613], [85.154924, 27.934613], [85.154924, 27.934595], [85.154904, 27.934595], [85.154904, 27.934577], [85.154884, 27.934577], [85.154884, 27.934559], [85.154864, 27.934558], [85.154864, 27.93454], [85.154844, 27.93454], [85.154844, 27.934522], [85.154803, 27.934521], [85.154804, 27.934503], [85.154783, 27.934503], [85.154784, 27.934485], [85.154763, 27.934485], [85.154764, 27.934431], [85.154744, 27.93443], [85.154744, 27.934412], [85.154724, 27.934412], [85.154724, 27.934394], [85.154704, 27.934394], [85.154704, 27.934376], [85.154684, 27.934375], [85.154684, 27.934339], [85.154664, 27.934339], [85.154664, 27.934321], [85.154685, 27.934321], [85.154686, 27.934249], [85.154666, 27.934249], [85.154666, 27.934213], [85.154687, 27.934213], [85.154687, 27.934195], [85.154707, 27.934195], [85.154708, 27.934177], [85.154748, 27.934178], [85.154748, 27.93416], [85.154789, 27.93416], [85.154789, 27.934178], [85.154829, 27.934179], [85.15483, 27.934161], [85.15485, 27.934161], [85.154851, 27.934125], [85.15483, 27.934125], [85.154831, 27.934089], [85.154851, 27.934089], [85.154852, 27.934071], [85.154872, 27.934071], [85.154872, 27.934053], [85.154913, 27.934054], [85.154913, 27.934036], [85.154873, 27.934035], [85.154873, 27.934017], [85.154853, 27.934017], [85.154853, 27.933999], [85.154833, 27.933998], [85.154833, 27.93398], [85.154853, 27.933981], [85.154854, 27.933944], [85.154833, 27.933944], [85.154833, 27.933962], [85.154793, 27.933962], [85.154792, 27.93398], [85.154752, 27.933979], [85.154752, 27.933961], [85.154711, 27.933961], [85.154711, 27.933979], [85.154691, 27.933978], [85.15469, 27.933996], [85.154711, 27.933997], [85.15471, 27.934015], [85.15469, 27.934014], [85.154689, 27.934069], [85.154669, 27.934068], [85.154668, 27.934086], [85.154648, 27.934086], [85.154648, 27.934104], [85.154628, 27.934104], [85.154628, 27.934086], [85.154607, 27.934086], [85.154608, 27.934068], [85.154587, 27.934067], [85.154588, 27.934049], [85.154547, 27.934049], [85.154547, 27.934031], [85.154527, 27.93403], [85.154527, 27.934012], [85.154446, 27.934011], [85.154446, 27.934029], [85.154426, 27.934029], [85.154425, 27.934047], [85.154385, 27.934046], [85.154385, 27.934028], [85.154365, 27.934028], [85.154365, 27.93401], [85.154345, 27.93401], [85.154345, 27.933992], [85.154325, 27.933992], [85.154325, 27.933955], [85.154305, 27.933955], [85.154305, 27.933937], [85.154244, 27.933936], [85.154244, 27.933954], [85.154224, 27.933954], [85.154223, 27.933972], [85.154203, 27.933972], [85.154203, 27.933954], [85.154183, 27.933954], [85.154183, 27.933935], [85.154163, 27.933935], [85.154164, 27.933881], [85.154144, 27.933881], [85.154144, 27.933827], [85.154084, 27.933826], [85.154084, 27.933808], [85.154064, 27.933808], [85.154064, 27.933789], [85.154043, 27.933789], [85.154044, 27.933771], [85.154023, 27.933771], [85.154024, 27.933753], [85.154044, 27.933753], [85.154044, 27.933735], [85.154065, 27.933735], [85.154065, 27.933717], [85.154187, 27.933719], [85.154187, 27.933701], [85.154208, 27.933701], [85.154207, 27.933719], [85.154248, 27.93372], [85.154248, 27.933738], [85.154288, 27.933738], [85.154289, 27.933702], [85.154309, 27.933703], [85.154309, 27.933684], [85.15433, 27.933685], [85.15433, 27.933667], [85.15435, 27.933667], [85.154351, 27.933649], [85.154391, 27.933649], [85.154392, 27.933631], [85.154412, 27.933632], [85.154412, 27.933614], [85.154433, 27.933614], [85.154432, 27.933632], [85.154453, 27.933632], [85.154452, 27.93365], [85.154473, 27.933651], [85.154472, 27.933669], [85.154493, 27.933669], [85.154492, 27.933723], [85.154471, 27.933723], [85.154471, 27.933759], [85.154491, 27.933759], [85.154491, 27.933777], [85.154511, 27.933777], [85.154511, 27.933795], [85.154551, 27.933796], [85.154552, 27.933778], [85.154572, 27.933778], [85.154573, 27.933742], [85.154552, 27.933742], [85.154553, 27.933706], [85.154533, 27.933706], [85.154533, 27.933687], [85.154553, 27.933688], [85.154554, 27.93367], [85.154574, 27.93367], [85.154574, 27.933652], [85.154655, 27.933653], [85.154655, 27.933671], [85.154676, 27.933671], [85.154675, 27.933689], [85.154696, 27.93369], [85.154695, 27.933708], [85.154716, 27.933708], [85.154715, 27.933744], [85.154735, 27.933744], [85.154735, 27.933762], [85.154715, 27.933762], [85.154714, 27.93378], [85.154735, 27.93378], [85.154734, 27.933798], [85.154755, 27.933799], [85.154754, 27.933817], [85.154775, 27.933817], [85.154774, 27.933853], [85.154896, 27.933855], [85.154896, 27.933837], [85.154917, 27.933837], [85.154917, 27.933819], [85.154937, 27.933819], [85.154937, 27.933837], [85.154957, 27.933838], [85.154957, 27.933856], [85.154977, 27.933856], [85.154975, 27.933964], [85.154996, 27.933964], [85.154995, 27.933982], [85.155016, 27.933983], [85.155015, 27.934001], [85.155036, 27.934001], [85.155034, 27.934073], [85.155055, 27.934073], [85.155054, 27.934092], [85.155034, 27.934091], [85.155034, 27.934109], [85.155054, 27.93411], [85.155052, 27.934218], [85.155032, 27.934218], [85.155032, 27.934236], [85.155052, 27.934236], [85.155051, 27.934308], [85.155071, 27.934308], [85.155071, 27.934326], [85.155091, 27.934327], [85.155091, 27.934345], [85.155071, 27.934344], [85.15507, 27.934362], [85.15505, 27.934362], [85.15505, 27.93438], [85.155029, 27.93438], [85.155029, 27.934398], [85.155009, 27.934398], [85.155008, 27.934416], [85.154988, 27.934416], [85.154988, 27.934397], [85.154968, 27.934397], [85.154968, 27.934379], [85.154948, 27.934379], [85.154947, 27.934415], [85.154927, 27.934415], [85.154927, 27.934433], [85.154947, 27.934433], [85.154947, 27.934451], [85.154967, 27.934451], [85.154967, 27.934433], [85.154988, 27.934434], [85.154987, 27.934452], [85.155008, 27.934452], [85.155007, 27.93447], [85.155028, 27.93447], [85.155027, 27.934488], [85.155048, 27.934489], [85.155047, 27.934525], [85.155067, 27.934525], [85.155067, 27.934543], [85.155128, 27.934544], [85.155128, 27.934526], [85.155149, 27.934526], [85.155148, 27.934544], [85.155169, 27.934544], [85.155168, 27.934562], [85.155189, 27.934563], [85.155188, 27.934581], [85.155209, 27.934581], [85.155208, 27.934617], [85.155188, 27.934617], [85.155188, 27.934635], [85.155167, 27.934635], [85.155167, 27.934653], [85.155147, 27.934652], [85.155146, 27.93467], [85.155126, 27.93467], [85.155126, 27.934688], [85.155085, 27.934688]], [[85.154826, 27.934377], [85.154867, 27.934378], [85.154867, 27.934342], [85.154888, 27.934342], [85.154888, 27.934306], [85.154868, 27.934306], [85.154868, 27.934288], [85.154848, 27.934287], [85.154848, 27.934305], [85.154827, 27.934305], [85.154826, 27.934377]]]}, "properties": {"layer": "stripped vegetation, day 2", "note": "cloud-free 59% of corridor only"}}, {"type": "Feature", "geometry": {"type": "Polygon", "coordinates": [[[85.155819, 27.935762], [85.155819, 27.935744], [85.155799, 27.935744], [85.155799, 27.935726], [85.155779, 27.935726], [85.15578, 27.935654], [85.15576, 27.935653], [85.15576, 27.935635], [85.15574, 27.935635], [85.15574, 27.935617], [85.15572, 27.935617], [85.155721, 27.935526], [85.155701, 27.935526], [85.155701, 27.93549], [85.155681, 27.93549], [85.155683, 27.9354], [85.155662, 27.935399], [85.155663, 27.935381], [85.155683, 27.935381], [85.155684, 27.935345], [85.155663, 27.935345], [85.155664, 27.935327], [85.155643, 27.935327], [85.155645, 27.935237], [85.155624, 27.935236], [85.155625, 27.935218], [85.155604, 27.935218], [85.155605, 27.9352], [85.155584, 27.9352], [85.155585, 27.935164], [85.155565, 27.935163], [85.155565, 27.935127], [85.155545, 27.935127], [85.155546, 27.935091], [85.155525, 27.935091], [85.155526, 27.935036], [85.155547, 27.935037], [85.155547, 27.935019], [85.155527, 27.935018], [85.155527, 27.934982], [85.155507, 27.934982], [85.155508, 27.934928], [85.155487, 27.934928], [85.155488, 27.934873], [85.155468, 27.934873], [85.155469, 27.934837], [85.155448, 27.934837], [85.155449, 27.934819], [85.155428, 27.934819], [85.155429, 27.934782], [85.155409, 27.934782], [85.155409, 27.934746], [85.155389, 27.934746], [85.155389, 27.934728], [85.155409, 27.934728], [85.15541, 27.93471], [85.15543, 27.93471], [85.15543, 27.934692], [85.15541, 27.934692], [85.15541, 27.934674], [85.15539, 27.934674], [85.15539, 27.934656], [85.15535, 27.934655], [85.15535, 27.934637], [85.15533, 27.934637], [85.15533, 27.934619], [85.15531, 27.934618], [85.15531, 27.9346], [85.15533, 27.934601], [85.155331, 27.934583], [85.15531, 27.934582], [85.155311, 27.934564], [85.15529, 27.934564], [85.155291, 27.934546], [85.15527, 27.934546], [85.155271, 27.93451], [85.155291, 27.93451], [85.155292, 27.934474], [85.155272, 27.934473], [85.155272, 27.934455], [85.155252, 27.934455], [85.155252, 27.934437], [85.155232, 27.934437], [85.155233, 27.934365], [85.155253, 27.934365], [85.155254, 27.934329], [85.155274, 27.934329], [85.155274, 27.934311], [85.155254, 27.934311], [85.155254, 27.934293], [85.155234, 27.934292], [85.155234, 27.934274], [85.155214, 27.934274], [85.155216, 27.934184], [85.155195, 27.934184], [85.155196, 27.934148], [85.155216, 27.934148], [85.155216, 27.93413], [85.155237, 27.93413], [85.155238, 27.93404], [85.155218, 27.93404], [85.155218, 27.934022], [85.155239, 27.934022], [85.155239, 27.934004], [85.155259, 27.934004], [85.15526, 27.933968], [85.15524, 27.933968], [85.15524, 27.93395], [85.155219, 27.933949], [85.15522, 27.933913], [85.1552, 27.933913], [85.155202, 27.933787], [85.155182, 27.933786], [85.155182, 27.933768], [85.155162, 27.933768], [85.155162, 27.93375], [85.155142, 27.93375], [85.155146, 27.933515], [85.155166, 27.933515], [85.155166, 27.933497], [85.155187, 27.933498], [85.155187, 27.93348], [85.155207, 27.93348], [85.155207, 27.933498], [85.155227, 27.933498], [85.155227, 27.933516], [85.155247, 27.933517], [85.155247, 27.933553], [85.155267, 27.933553], [85.155267, 27.933571], [85.155287, 27.933571], [85.155285, 27.933679], [85.155305, 27.93368], [85.155305, 27.933698], [85.155325, 27.933698], [85.155325, 27.933716], [85.155345, 27.933716], [85.155345, 27.933734], [85.155365, 27.933735], [85.155365, 27.933771], [85.155385, 27.933771], [85.155385, 27.933789], [85.155364, 27.933789], [85.155364, 27.933843], [85.155343, 27.933843], [85.155341, 27.933951], [85.155321, 27.933951], [85.155321, 27.933969], [85.1553, 27.933968], [85.1553, 27.933987], [85.15528, 27.933986], [85.15528, 27.934004], [85.1553, 27.934005], [85.1553, 27.934023], [85.15532, 27.934023], [85.155319, 27.934059], [85.15534, 27.934059], [85.155339, 27.934113], [85.155359, 27.934114], [85.155358, 27.93415], [85.155399, 27.93415], [85.155399, 27.934132], [85.155501, 27.934134], [85.155501, 27.934152], [85.155521, 27.934152], [85.155521, 27.93417], [85.155541, 27.93417], [85.15554, 27.934206], [85.15552, 27.934206], [85.15552, 27.934224], [85.155499, 27.934224], [85.155499, 27.93426], [85.155519, 27.93426], [85.155518, 27.934332], [85.155538, 27.934333], [85.155538, 27.934351], [85.155558, 27.934351], [85.155558, 27.934369], [85.155578, 27.934369], [85.155578, 27.934405], [85.155598, 27.934406], [85.155597, 27.93446], [85.155617, 27.93446], [85.155616, 27.934532], [85.155636, 27.934533], [85.155635, 27.934587], [85.155656, 27.934587], [85.155655, 27.934659], [85.155675, 27.934659], [85.155674, 27.934732], [85.155694, 27.934732], [85.155692, 27.93484], [85.155712, 27.93484], [85.15571, 27.934967], [85.155731, 27.934967], [85.155729, 27.935057], [85.155709, 27.935057], [85.155708, 27.935111], [85.155728, 27.935111], [85.155728, 27.935129], [85.155748, 27.93513], [85.155748, 27.935166], [85.155768, 27.935166], [85.155768, 27.935184], [85.155788, 27.935184], [85.155788, 27.935202], [85.155808, 27.935203], [85.155807, 27.935275], [85.155827, 27.935275], [85.155826, 27.935311], [85.155847, 27.935311], [85.155846, 27.93533], [85.155867, 27.93533], [85.155865, 27.93542], [85.155885, 27.93542], [85.155884, 27.935511], [85.155904, 27.935511], [85.155904, 27.935547], [85.155924, 27.935547], [85.155922, 27.935673], [85.155942, 27.935674], [85.155941, 27.935728], [85.155921, 27.935728], [85.155921, 27.935746], [85.1559, 27.935745], [85.1559, 27.935763], [85.155859, 27.935763], [85.15586, 27.935745], [85.155839, 27.935745], [85.155839, 27.935763], [85.155819, 27.935762]], [[85.155371, 27.934583], [85.155432, 27.934584], [85.155433, 27.934512], [85.155373, 27.934511], [85.155372, 27.934547], [85.155352, 27.934547], [85.155351, 27.934565], [85.155372, 27.934565], [85.155371, 27.934583]]]}, "properties": {"layer": "stripped vegetation, day 2", "note": "cloud-free 59% of corridor only"}}, {"type": "Feature", "geometry": {"type": "Polygon", "coordinates": [[[85.15035, 27.933505], [85.15035, 27.933487], [85.15033, 27.933487], [85.15033, 27.933469], [85.15031, 27.933468], [85.15031, 27.933414], [85.150331, 27.933414], [85.150331, 27.933396], [85.150351, 27.933397], [85.150352, 27.933379], [85.150372, 27.933379], [85.150372, 27.933397], [85.150392, 27.933397], [85.150392, 27.933415], [85.150412, 27.933416], [85.150411, 27.93347], [85.150391, 27.933469], [85.150391, 27.933487], [85.15037, 27.933487], [85.15037, 27.933505], [85.15035, 27.933505]]]}, "properties": {"layer": "stripped vegetation, day 2", "note": "cloud-free 59% of corridor only"}}, {"type": "Feature", "geometry": {"type": "Polygon", "coordinates": [[[85.15297, 27.933594], [85.15297, 27.933576], [85.15295, 27.933576], [85.15295, 27.933558], [85.15293, 27.933558], [85.15293, 27.933522], [85.152951, 27.933522], [85.152951, 27.933486], [85.152972, 27.933486], [85.152972, 27.93345], [85.152952, 27.93345], [85.152952, 27.933432], [85.152972, 27.933432], [85.152973, 27.933414], [85.152993, 27.933414], [85.152993, 27.933396], [85.153014, 27.933396], [85.153014, 27.933378], [85.153034, 27.933379], [85.153035, 27.933361], [85.153075, 27.933361], [85.153075, 27.933379], [85.153095, 27.933379], [85.153095, 27.933397], [85.153115, 27.933398], [85.153115, 27.933416], [85.153095, 27.933415], [85.153093, 27.933524], [85.153073, 27.933523], [85.153072, 27.933542], [85.153052, 27.933541], [85.153052, 27.933559], [85.153011, 27.933559], [85.153011, 27.933577], [85.15299, 27.933577], [85.15299, 27.933595], [85.15297, 27.933594]]]}, "properties": {"layer": "stripped vegetation, day 2", "note": "cloud-free 59% of corridor only"}}, {"type": "Feature", "geometry": {"type": "Polygon", "coordinates": [[[85.150373, 27.933343], [85.150373, 27.933325], [85.150353, 27.933325], [85.150353, 27.933306], [85.150333, 27.933306], [85.150333, 27.93327], [85.150354, 27.93327], [85.150354, 27.933252], [85.150374, 27.933253], [85.150375, 27.933235], [85.150395, 27.933235], [85.150395, 27.933253], [85.150415, 27.933253], [85.150415, 27.933271], [85.150435, 27.933271], [85.150434, 27.933308], [85.150414, 27.933307], [85.150414, 27.933325], [85.150393, 27.933325], [85.150393, 27.933343], [85.150373, 27.933343]]]}, "properties": {"layer": "stripped vegetation, day 2", "note": "cloud-free 59% of corridor only"}}, {"type": "Feature", "geometry": {"type": "Polygon", "coordinates": [[[85.153785, 27.933443], [85.153785, 27.933425], [85.153765, 27.933424], [85.153765, 27.933406], [85.153745, 27.933406], [85.153745, 27.933388], [85.153664, 27.933387], [85.153665, 27.933369], [85.153644, 27.933369], [85.153644, 27.933351], [85.153624, 27.93335], [85.153624, 27.933332], [85.153645, 27.933333], [85.153645, 27.933315], [85.153665, 27.933315], [85.153666, 27.933297], [85.153686, 27.933297], [85.153686, 27.933279], [85.153747, 27.93328], [85.153747, 27.933298], [85.153767, 27.933298], [85.153767, 27.933316], [85.153787, 27.933316], [85.153787, 27.933335], [85.153807, 27.933335], [85.153807, 27.933353], [85.153827, 27.933353], [85.153827, 27.933371], [85.153847, 27.933371], [85.153847, 27.933408], [85.153826, 27.933407], [85.153826, 27.933425], [85.153806, 27.933425], [85.153806, 27.933443], [85.153785, 27.933443]]]}, "properties": {"layer": "stripped vegetation, day 2", "note": "cloud-free 59% of corridor only"}}, {"type": "Feature", "geometry": {"type": "Polygon", "coordinates": [[[85.153117, 27.933326], [85.153117, 27.933307], [85.153097, 27.933307], [85.153097, 27.933289], [85.153077, 27.933289], [85.153077, 27.933235], [85.153057, 27.933234], [85.153057, 27.933216], [85.153078, 27.933217], [85.153078, 27.933199], [85.153098, 27.933199], [85.153099, 27.933181], [85.153139, 27.933181], [85.15314, 27.933163], [85.15316, 27.933164], [85.15316, 27.933146], [85.153181, 27.933146], [85.153181, 27.933128], [85.153221, 27.933128], [85.153221, 27.933146], [85.153242, 27.933147], [85.153241, 27.933165], [85.153262, 27.933165], [85.153261, 27.933201], [85.153281, 27.933201], [85.15328, 27.933256], [85.15326, 27.933255], [85.15326, 27.933273], [85.153239, 27.933273], [85.153239, 27.933291], [85.153178, 27.93329], [85.153178, 27.933308], [85.153157, 27.933308], [85.153157, 27.933326], [85.153117, 27.933326]]]}, "properties": {"layer": "stripped vegetation, day 2", "note": "cloud-free 59% of corridor only"}}, {"type": "Feature", "geometry": {"type": "Polygon", "coordinates": [[[85.155148, 27.933353], [85.155149, 27.933335], [85.155128, 27.933334], [85.155129, 27.933316], [85.155108, 27.933316], [85.155109, 27.933298], [85.155088, 27.933298], [85.15509, 27.933226], [85.155069, 27.933225], [85.15507, 27.933207], [85.155049, 27.933207], [85.15505, 27.933189], [85.155029, 27.933189], [85.155029, 27.933171], [85.15505, 27.933171], [85.15505, 27.933153], [85.15503, 27.933153], [85.15503, 27.933135], [85.15501, 27.933134], [85.155011, 27.93308], [85.15499, 27.93308], [85.154991, 27.933062], [85.15497, 27.933062], [85.154971, 27.933026], [85.154951, 27.933025], [85.154952, 27.932971], [85.154931, 27.932971], [85.154932, 27.932935], [85.154912, 27.932934], [85.154913, 27.932862], [85.154892, 27.932862], [85.154893, 27.932826], [85.154913, 27.932826], [85.154914, 27.932808], [85.154934, 27.932808], [85.154934, 27.93279], [85.154955, 27.932791], [85.154954, 27.932809], [85.154975, 27.932809], [85.154974, 27.932827], [85.154995, 27.932827], [85.154994, 27.932845], [85.155015, 27.932846], [85.155014, 27.932882], [85.155034, 27.932882], [85.155033, 27.932936], [85.155054, 27.932936], [85.155053, 27.932954], [85.155033, 27.932954], [85.155033, 27.93299], [85.155053, 27.932991], [85.155052, 27.933045], [85.155072, 27.933045], [85.155072, 27.933063], [85.155092, 27.933063], [85.155092, 27.933081], [85.155112, 27.933082], [85.155111, 27.933136], [85.155091, 27.933135], [85.155091, 27.933153], [85.155111, 27.933154], [85.155111, 27.933172], [85.155131, 27.933172], [85.155131, 27.93319], [85.155151, 27.93319], [85.155151, 27.933208], [85.155171, 27.933209], [85.155171, 27.933227], [85.155191, 27.933227], [85.155191, 27.933245], [85.155211, 27.933245], [85.155211, 27.933263], [85.155231, 27.933264], [85.155231, 27.933282], [85.155211, 27.933281], [85.15521, 27.933317], [85.15519, 27.933317], [85.155189, 27.933335], [85.155169, 27.933335], [85.155169, 27.933353], [85.155148, 27.933353]]]}, "properties": {"layer": "stripped vegetation, day 2", "note": "cloud-free 59% of corridor only"}}, {"type": "Feature", "geometry": {"type": "Polygon", "coordinates": [[[85.151846, 27.932749], [85.151846, 27.932731], [85.151826, 27.932731], [85.151826, 27.932713], [85.151806, 27.932712], [85.151806, 27.932694], [85.151827, 27.932695], [85.151827, 27.932658], [85.151848, 27.932659], [85.151848, 27.932641], [85.151868, 27.932641], [85.151868, 27.932623], [85.151889, 27.932623], [85.151888, 27.932641], [85.151909, 27.932641], [85.151908, 27.93266], [85.151929, 27.93266], [85.151928, 27.932714], [85.151908, 27.932714], [85.151907, 27.932732], [85.151887, 27.932731], [85.151887, 27.932749], [85.151846, 27.932749]]]}, "properties": {"layer": "stripped vegetation, day 2", "note": "cloud-free 59% of corridor only"}}, {"type": "Feature", "geometry": {"type": "Polygon", "coordinates": [[[85.154366, 27.932729], [85.154367, 27.932711], [85.154346, 27.93271], [85.154347, 27.932692], [85.154326, 27.932692], [85.154327, 27.932674], [85.154347, 27.932674], [85.154347, 27.932656], [85.154368, 27.932656], [85.154368, 27.932638], [85.154388, 27.932639], [85.154388, 27.932657], [85.154408, 27.932657], [85.154408, 27.932675], [85.154428, 27.932675], [85.154428, 27.932693], [85.154408, 27.932693], [85.154407, 27.932711], [85.154387, 27.932711], [85.154387, 27.932729], [85.154366, 27.932729]]]}, "properties": {"layer": "stripped vegetation, day 2", "note": "cloud-free 59% of corridor only"}}, {"type": "Feature", "geometry": {"type": "Polygon", "coordinates": [[[85.153979, 27.932778], [85.15398, 27.93276], [85.153959, 27.932759], [85.15396, 27.932741], [85.153939, 27.932741], [85.15394, 27.932723], [85.153919, 27.932723], [85.15392, 27.932705], [85.153899, 27.932704], [85.1539, 27.93265], [85.153921, 27.93265], [85.153921, 27.932632], [85.153941, 27.932633], [85.153942, 27.932615], [85.153962, 27.932615], [85.153962, 27.932597], [85.153982, 27.932597], [85.153982, 27.932615], [85.154063, 27.932616], [85.154064, 27.932598], [85.154104, 27.932599], [85.154104, 27.932617], [85.154124, 27.932617], [85.154124, 27.932635], [85.154144, 27.932635], [85.154144, 27.932671], [85.154123, 27.932671], [85.154123, 27.932689], [85.154103, 27.932689], [85.154103, 27.932707], [85.154123, 27.932707], [85.154123, 27.932725], [85.154102, 27.932725], [85.154102, 27.932743], [85.154082, 27.932743], [85.154081, 27.932761], [85.15402, 27.93276], [85.15402, 27.932778], [85.153979, 27.932778]]]}, "properties": {"layer": "stripped vegetation, day 2", "note": "cloud-free 59% of corridor only"}}, {"type": "Feature", "geometry": {"type": "Polygon", "coordinates": [[[85.154224, 27.932763], [85.154224, 27.932745], [85.154204, 27.932744], [85.154204, 27.932726], [85.154183, 27.932726], [85.154184, 27.932708], [85.154204, 27.932708], [85.154204, 27.93269], [85.154225, 27.932691], [85.154225, 27.932673], [85.154205, 27.932672], [85.154205, 27.932654], [85.154185, 27.932654], [85.154185, 27.932618], [85.154165, 27.932618], [85.154165, 27.9326], [85.154186, 27.9326], [85.154186, 27.932582], [85.154206, 27.932582], [85.154207, 27.932564], [85.154247, 27.932565], [85.154247, 27.932583], [85.154267, 27.932583], [85.154267, 27.932601], [85.154287, 27.932601], [85.154287, 27.932637], [85.154307, 27.932638], [85.154307, 27.932656], [85.154286, 27.932655], [85.154286, 27.932673], [85.154306, 27.932674], [85.154306, 27.932692], [85.154326, 27.932692], [85.154326, 27.93271], [85.154306, 27.93271], [85.154305, 27.932728], [85.154285, 27.932728], [85.154285, 27.932746], [85.154244, 27.932745], [85.154244, 27.932763], [85.154224, 27.932763]]]}, "properties": {"layer": "stripped vegetation, day 2", "note": "cloud-free 59% of corridor only"}}, {"type": "Feature", "geometry": {"type": "Polygon", "coordinates": [[[85.151708, 27.933668], [85.151709, 27.93365], [85.151688, 27.933649], [85.151689, 27.933631], [85.151668, 27.933631], [85.151669, 27.933613], [85.151689, 27.933613], [85.151689, 27.933595], [85.15171, 27.933595], [85.15171, 27.933577], [85.15173, 27.933578], [85.151731, 27.93356], [85.151751, 27.93356], [85.151752, 27.933506], [85.151772, 27.933506], [85.151772, 27.933488], [85.151793, 27.933488], [85.151794, 27.933434], [85.151753, 27.933434], [85.151753, 27.933452], [85.151732, 27.933451], [85.151733, 27.933433], [85.151692, 27.933433], [85.151692, 27.933415], [85.151672, 27.933414], [85.151672, 27.933396], [85.151652, 27.933396], [85.151653, 27.93336], [85.151632, 27.93336], [85.151633, 27.933342], [85.151612, 27.933341], [85.151613, 27.933323], [85.151592, 27.933323], [85.151593, 27.933305], [85.151572, 27.933305], [85.151573, 27.933287], [85.151552, 27.933286], [85.151553, 27.933268], [85.151573, 27.933269], [85.151573, 27.933251], [85.151594, 27.933251], [85.151594, 27.933233], [85.151635, 27.933233], [85.151635, 27.933215], [85.151655, 27.933216], [85.151655, 27.933234], [85.151675, 27.933234], [85.151675, 27.933252], [85.151716, 27.933253], [85.151716, 27.933235], [85.151756, 27.933235], [85.151757, 27.933217], [85.151777, 27.933217], [85.151777, 27.933199], [85.151818, 27.9332], [85.151818, 27.933182], [85.151839, 27.933182], [85.151839, 27.933164], [85.151859, 27.933164], [85.15186, 27.933146], [85.15188, 27.933146], [85.15188, 27.933128], [85.151901, 27.933129], [85.151901, 27.933111], [85.151921, 27.933111], [85.151921, 27.933093], [85.151962, 27.933093], [85.151962, 27.933111], [85.151982, 27.933112], [85.151982, 27.933094], [85.152003, 27.933094], [85.152003, 27.933076], [85.151983, 27.933076], [85.151984, 27.933003], [85.152004, 27.933004], [85.152005, 27.932986], [85.152025, 27.932986], [85.152025, 27.93295], [85.152046, 27.93295], [85.152046, 27.932932], [85.152066, 27.932932], [85.152067, 27.932878], [85.152088, 27.932879], [85.152088, 27.93286], [85.152108, 27.932861], [85.152109, 27.932825], [85.152129, 27.932825], [85.15213, 27.932807], [85.15215, 27.932807], [85.15215, 27.932789], [85.15217, 27.932789], [85.152171, 27.932771], [85.152191, 27.932772], [85.152192, 27.932736], [85.152212, 27.932736], [85.152212, 27.932718], [85.152233, 27.932718], [85.152233, 27.932682], [85.152254, 27.932682], [85.152254, 27.932646], [85.152275, 27.932646], [85.152275, 27.932628], [85.152295, 27.932629], [85.152296, 27.932593], [85.152316, 27.932593], [85.152316, 27.932575], [85.152337, 27.932575], [85.152337, 27.932557], [85.152357, 27.932557], [85.152358, 27.932539], [85.152378, 27.932539], [85.152379, 27.932503], [85.152399, 27.932504], [85.1524, 27.93245], [85.15242, 27.93245], [85.15242, 27.932432], [85.152441, 27.932432], [85.152441, 27.932414], [85.152461, 27.932414], [85.152462, 27.932396], [85.152502, 27.932397], [85.152503, 27.932343], [85.152483, 27.932342], [85.152484, 27.932306], [85.152504, 27.932307], [85.152504, 27.932288], [85.152524, 27.932289], [85.152525, 27.932271], [85.152545, 27.932271], [85.152545, 27.932253], [85.152566, 27.932253], [85.152565, 27.932271], [85.152586, 27.932272], [85.152585, 27.93229], [85.152606, 27.93229], [85.152605, 27.932308], [85.152585, 27.932308], [85.152585, 27.932344], [85.152645, 27.932345], [85.152645, 27.932363], [85.152665, 27.932363], [85.152665, 27.932381], [85.152685, 27.932381], [85.152685, 27.932417], [85.152665, 27.932417], [85.152664, 27.932453], [85.152644, 27.932453], [85.152643, 27.932471], [85.152623, 27.932471], [85.152622, 27.932507], [85.152602, 27.932506], [85.152602, 27.932524], [85.152581, 27.932524], [85.152581, 27.93256], [85.152561, 27.93256], [85.15256, 27.932578], [85.15254, 27.932578], [85.15254, 27.932596], [85.152499, 27.932595], [85.152497, 27.932685], [85.152477, 27.932685], [85.152477, 27.932703], [85.152456, 27.932703], [85.152456, 27.932739], [85.152436, 27.932739], [85.152435, 27.932757], [85.152415, 27.932757], [85.152414, 27.932811], [85.152394, 27.93281], [85.152393, 27.932847], [85.152373, 27.932846], [85.152372, 27.932864], [85.152352, 27.932864], [85.152352, 27.932882], [85.152331, 27.932882], [85.15233, 27.932954], [85.15231, 27.932954], [85.152309, 27.93299], [85.152289, 27.93299], [85.152289, 27.933008], [85.152268, 27.933007], [85.152268, 27.933043], [85.152247, 27.933043], [85.152247, 27.933097], [85.152226, 27.933097], [85.152226, 27.933133], [85.152205, 27.933133], [85.152205, 27.933169], [85.152184, 27.933169], [85.152184, 27.933187], [85.152164, 27.933186], [85.152163, 27.933204], [85.152143, 27.933204], [85.152142, 27.933276], [85.152122, 27.933276], [85.152121, 27.933312], [85.152101, 27.933312], [85.1521, 27.933348], [85.15208, 27.933348], [85.152079, 27.933366], [85.152059, 27.933365], [85.152059, 27.933384], [85.152038, 27.933383], [85.152038, 27.933401], [85.151997, 27.933401], [85.151997, 27.933419], [85.152018, 27.933419], [85.152017, 27.933437], [85.152038, 27.933437], [85.152036, 27.93351], [85.152016, 27.933509], [85.152016, 27.933527], [85.151995, 27.933527], [85.151994, 27.933617], [85.151973, 27.933617], [85.151973, 27.933635], [85.151953, 27.933635], [85.151953, 27.933653], [85.151912, 27.933652], [85.151912, 27.93367], [85.151891, 27.93367], [85.151892, 27.933652], [85.151871, 27.933652], [85.151872, 27.933634], [85.151851, 27.933633], [85.151852, 27.933597], [85.151811, 27.933597], [85.151811, 27.933633], [85.15179, 27.933633], [85.15179, 27.933651], [85.15177, 27.93365], [85.151769, 27.933668], [85.151708, 27.933668]]]}, "properties": {"layer": "stripped vegetation, day 2", "note": "cloud-free 59% of corridor only"}}, {"type": "Feature", "geometry": {"type": "Polygon", "coordinates": [[[85.152688, 27.932255], [85.152688, 27.932237], [85.152668, 27.932237], [85.152668, 27.932218], [85.152648, 27.932218], [85.152648, 27.9322], [85.152628, 27.9322], [85.152628, 27.932182], [85.152648, 27.932182], [85.152649, 27.932164], [85.152669, 27.932164], [85.152669, 27.932146], [85.15275, 27.932147], [85.15275, 27.932165], [85.15277, 27.932166], [85.15277, 27.932184], [85.15279, 27.932184], [85.15279, 27.932202], [85.15277, 27.932202], [85.15277, 27.93222], [85.152749, 27.93222], [85.152749, 27.932238], [85.152729, 27.932237], [85.152728, 27.932255], [85.152688, 27.932255]]]}, "properties": {"layer": "stripped vegetation, day 2", "note": "cloud-free 59% of corridor only"}}, {"type": "Feature", "geometry": {"type": "Polygon", "coordinates": [[[85.152587, 27.932181], [85.152588, 27.932163], [85.152567, 27.932163], [85.152568, 27.932145], [85.152547, 27.932145], [85.152548, 27.932127], [85.152568, 27.932127], [85.152568, 27.932109], [85.152589, 27.932109], [85.152589, 27.932091], [85.152609, 27.932091], [85.152609, 27.932073], [85.15263, 27.932074], [85.15263, 27.932056], [85.15265, 27.932056], [85.15265, 27.932074], [85.15267, 27.932074], [85.15267, 27.932092], [85.15269, 27.932092], [85.15269, 27.93211], [85.15267, 27.93211], [85.152669, 27.932128], [85.152649, 27.932128], [85.152649, 27.932146], [85.152629, 27.932146], [85.152628, 27.932164], [85.152608, 27.932164], [85.152608, 27.932182], [85.152587, 27.932181]]]}, "properties": {"layer": "stripped vegetation, day 2", "note": "cloud-free 59% of corridor only"}}, {"type": "Feature", "geometry": {"type": "Polygon", "coordinates": [[[85.149999, 27.932616], [85.149999, 27.932598], [85.149979, 27.932598], [85.149979, 27.932579], [85.149959, 27.932579], [85.149959, 27.932561], [85.149939, 27.932561], [85.149939, 27.932525], [85.149919, 27.932525], [85.14992, 27.932452], [85.1499, 27.932452], [85.149901, 27.93238], [85.149861, 27.932379], [85.14986, 27.932397], [85.14984, 27.932397], [85.14984, 27.932415], [85.149819, 27.932415], [85.149819, 27.932433], [85.149799, 27.932433], [85.149799, 27.932451], [85.149778, 27.93245], [85.149778, 27.932432], [85.149758, 27.932432], [85.149758, 27.932414], [85.149738, 27.932414], [85.149739, 27.932378], [85.149759, 27.932378], [85.14976, 27.932324], [85.14974, 27.932324], [85.149741, 27.932269], [85.14972, 27.932269], [85.149721, 27.932251], [85.1497, 27.932251], [85.149704, 27.932052], [85.149724, 27.932053], [85.149724, 27.932035], [85.149745, 27.932035], [85.149745, 27.932017], [85.149765, 27.932017], [85.149766, 27.931999], [85.149786, 27.931999], [85.149786, 27.931981], [85.149806, 27.931982], [85.149807, 27.931963], [85.149827, 27.931964], [85.149827, 27.931982], [85.149847, 27.931982], [85.149847, 27.932], [85.149867, 27.932], [85.149864, 27.932163], [85.149885, 27.932163], [85.149883, 27.932271], [85.149903, 27.932272], [85.149903, 27.93229], [85.149923, 27.93229], [85.149923, 27.932326], [85.149943, 27.932326], [85.149943, 27.932344], [85.149963, 27.932345], [85.149963, 27.932363], [85.149983, 27.932363], [85.149983, 27.932381], [85.150003, 27.932381], [85.150003, 27.932399], [85.150023, 27.9324], [85.150022, 27.932436], [85.150043, 27.932436], [85.150041, 27.932526], [85.150061, 27.932526], [85.15006, 27.932581], [85.15004, 27.93258], [85.15004, 27.932598], [85.15002, 27.932598], [85.150019, 27.932616], [85.149999, 27.932616]]]}, "properties": {"layer": "stripped vegetation, day 2", "note": "cloud-free 59% of corridor only"}}, {"type": "Feature", "geometry": {"type": "Polygon", "coordinates": [[[85.151877, 27.932118], [85.151877, 27.9321], [85.151857, 27.932099], [85.151857, 27.932081], [85.151837, 27.932081], [85.151838, 27.932009], [85.151859, 27.932009], [85.151859, 27.931991], [85.151879, 27.931991], [85.15188, 27.931973], [85.1519, 27.931974], [85.1519, 27.931992], [85.15192, 27.931992], [85.15192, 27.93201], [85.15194, 27.93201], [85.15194, 27.932028], [85.15196, 27.932028], [85.151959, 27.932065], [85.151939, 27.932064], [85.151939, 27.932082], [85.151918, 27.932082], [85.151918, 27.9321], [85.151898, 27.9321], [85.151897, 27.932118], [85.151877, 27.932118]]]}, "properties": {"layer": "stripped vegetation, day 2", "note": "cloud-free 59% of corridor only"}}, {"type": "Feature", "geometry": {"type": "Polygon", "coordinates": [[[85.14885, 27.932059], [85.14885, 27.932041], [85.14881, 27.93204], [85.14881, 27.932022], [85.14879, 27.932022], [85.14879, 27.932004], [85.14877, 27.932004], [85.14877, 27.931986], [85.14879, 27.931986], [85.148791, 27.931968], [85.148811, 27.931968], [85.148811, 27.93195], [85.148832, 27.93195], [85.148832, 27.931932], [85.148852, 27.931933], [85.148852, 27.931951], [85.148872, 27.931951], [85.148872, 27.931969], [85.148892, 27.931969], [85.148892, 27.932005], [85.148912, 27.932006], [85.148912, 27.932024], [85.148891, 27.932023], [85.148891, 27.932041], [85.148871, 27.932041], [85.14887, 27.932059], [85.14885, 27.932059]]]}, "properties": {"layer": "stripped vegetation, day 2", "note": "cloud-free 59% of corridor only"}}, {"type": "Feature", "geometry": {"type": "Polygon", "coordinates": [[[85.148751, 27.931913], [85.148751, 27.931895], [85.148731, 27.931895], [85.148731, 27.931877], [85.148711, 27.931877], [85.148711, 27.93184], [85.148732, 27.931841], [85.148732, 27.931823], [85.148752, 27.931823], [85.148753, 27.931805], [85.148773, 27.931805], [85.148773, 27.931823], [85.148793, 27.931824], [85.148793, 27.931842], [85.148813, 27.931842], [85.148812, 27.931878], [85.148792, 27.931878], [85.148792, 27.931896], [85.148772, 27.931895], [85.148771, 27.931913], [85.148751, 27.931913]]]}, "properties": {"layer": "stripped vegetation, day 2", "note": "cloud-free 59% of corridor only"}}, {"type": "Feature", "geometry": {"type": "Polygon", "coordinates": [[[85.148406, 27.931872], [85.148406, 27.931854], [85.148386, 27.931854], [85.148386, 27.931836], [85.148366, 27.931836], [85.148366, 27.931818], [85.148387, 27.931818], [85.148387, 27.9318], [85.148407, 27.9318], [85.148408, 27.931782], [85.148428, 27.931782], [85.148428, 27.931764], [85.148449, 27.931765], [85.148448, 27.931783], [85.148469, 27.931783], [85.148468, 27.931801], [85.148489, 27.931801], [85.148488, 27.931819], [85.148468, 27.931819], [85.148468, 27.931837], [85.148447, 27.931837], [85.148447, 27.931855], [85.148427, 27.931855], [85.148426, 27.931873], [85.148406, 27.931872]]]}, "properties": {"layer": "stripped vegetation, day 2", "note": "cloud-free 59% of corridor only"}}, {"type": "Feature", "geometry": {"type": "Polygon", "coordinates": [[[85.151941, 27.931956], [85.151941, 27.931938], [85.151921, 27.931938], [85.151921, 27.93192], [85.151901, 27.931919], [85.151901, 27.931901], [85.151881, 27.931901], [85.151881, 27.931883], [85.151861, 27.931883], [85.15186, 27.931901], [85.15184, 27.931901], [85.15184, 27.931919], [85.151819, 27.931918], [85.15182, 27.9319], [85.151799, 27.9319], [85.1518, 27.931882], [85.151779, 27.931882], [85.15178, 27.931846], [85.1518, 27.931846], [85.151801, 27.931828], [85.151821, 27.931828], [85.151821, 27.93181], [85.151862, 27.931811], [85.151862, 27.931829], [85.151882, 27.931829], [85.151882, 27.931847], [85.151902, 27.931847], [85.151902, 27.931829], [85.151923, 27.931829], [85.151922, 27.931847], [85.151943, 27.931848], [85.151942, 27.931866], [85.151963, 27.931866], [85.151962, 27.931884], [85.151983, 27.931884], [85.151982, 27.931902], [85.152003, 27.931903], [85.152002, 27.931921], [85.151982, 27.93192], [85.151982, 27.931939], [85.151961, 27.931938], [85.151961, 27.931956], [85.151941, 27.931956]]]}, "properties": {"layer": "stripped vegetation, day 2", "note": "cloud-free 59% of corridor only"}}, {"type": "Feature", "geometry": {"type": "Polygon", "coordinates": [[[85.149484, 27.931851], [85.149484, 27.931833], [85.149464, 27.931833], [85.149464, 27.931814], [85.149444, 27.931814], [85.149444, 27.931796], [85.149424, 27.931796], [85.149424, 27.93176], [85.149404, 27.93176], [85.149404, 27.931723], [85.149425, 27.931724], [85.149425, 27.931706], [85.149445, 27.931706], [85.149446, 27.931688], [85.149507, 27.931689], [85.149506, 27.931707], [85.149527, 27.931707], [85.149526, 27.931725], [85.149547, 27.931725], [85.149545, 27.931798], [85.149566, 27.931798], [85.149565, 27.931816], [85.149545, 27.931816], [85.149545, 27.931834], [85.149525, 27.931833], [85.149524, 27.931851], [85.149484, 27.931851]]]}, "properties": {"layer": "stripped vegetation, day 2", "note": "cloud-free 59% of corridor only"}}, {"type": "Feature", "geometry": {"type": "Polygon", "coordinates": [[[85.152024, 27.931849], [85.152024, 27.931831], [85.152004, 27.931831], [85.152004, 27.931812], [85.151964, 27.931812], [85.151963, 27.93183], [85.151943, 27.93183], [85.151943, 27.931812], [85.151923, 27.931811], [85.151923, 27.931793], [85.151903, 27.931793], [85.151903, 27.931775], [85.151924, 27.931775], [85.151924, 27.931757], [85.151944, 27.931758], [85.151944, 27.931739], [85.151965, 27.93174], [85.151965, 27.931722], [85.152006, 27.931722], [85.152005, 27.93174], [85.152026, 27.931741], [85.152025, 27.931759], [85.152046, 27.931759], [85.152045, 27.931777], [85.152066, 27.931777], [85.152065, 27.931795], [85.152086, 27.931796], [85.152085, 27.931814], [85.152065, 27.931813], [85.152065, 27.931831], [85.152045, 27.931831], [85.152044, 27.931849], [85.152024, 27.931849]]]}, "properties": {"layer": "stripped vegetation, day 2", "note": "cloud-free 59% of corridor only"}}, {"type": "Feature", "geometry": {"type": "Polygon", "coordinates": [[[85.148549, 27.931838], [85.148549, 27.93182], [85.148529, 27.93182], [85.148529, 27.931802], [85.148509, 27.931802], [85.148509, 27.931784], [85.148489, 27.931783], [85.148489, 27.931765], [85.148469, 27.931765], [85.148469, 27.931747], [85.148449, 27.931747], [85.148449, 27.931729], [85.148429, 27.931728], [85.148429, 27.93171], [85.14845, 27.931711], [85.14845, 27.931693], [85.14847, 27.931693], [85.14847, 27.931675], [85.148491, 27.931675], [85.14849, 27.931693], [85.148511, 27.931693], [85.14851, 27.931711], [85.148551, 27.931712], [85.148551, 27.93173], [85.148571, 27.93173], [85.148571, 27.931748], [85.148591, 27.931749], [85.148591, 27.931767], [85.148611, 27.931767], [85.148611, 27.931803], [85.14859, 27.931803], [85.14859, 27.931821], [85.14857, 27.93182], [85.148569, 27.931839], [85.148549, 27.931838]]]}, "properties": {"layer": "stripped vegetation, day 2", "note": "cloud-free 59% of corridor only"}}, {"type": "Feature", "geometry": {"type": "Polygon", "coordinates": [[[85.148309, 27.931636], [85.148309, 27.931618], [85.148289, 27.931618], [85.148289, 27.9316], [85.148268, 27.9316], [85.148269, 27.931582], [85.148289, 27.931582], [85.148289, 27.931564], [85.14831, 27.931564], [85.14831, 27.931546], [85.14833, 27.931547], [85.14833, 27.931565], [85.14835, 27.931565], [85.14835, 27.931583], [85.14837, 27.931583], [85.14837, 27.931601], [85.14835, 27.931601], [85.148349, 27.931619], [85.148329, 27.931619], [85.148329, 27.931637], [85.148309, 27.931636]]]}, "properties": {"layer": "stripped vegetation, day 2", "note": "cloud-free 59% of corridor only"}}, {"type": "Feature", "geometry": {"type": "Polygon", "coordinates": [[[85.148531, 27.931676], [85.148532, 27.931658], [85.148511, 27.931657], [85.148512, 27.931639], [85.148491, 27.931639], [85.148492, 27.931621], [85.148471, 27.931621], [85.148472, 27.931603], [85.148451, 27.931602], [85.148452, 27.931548], [85.148473, 27.931548], [85.148473, 27.93153], [85.148493, 27.931531], [85.148494, 27.931513], [85.148514, 27.931513], [85.148514, 27.931531], [85.148534, 27.931531], [85.148534, 27.931549], [85.148554, 27.93155], [85.148554, 27.931568], [85.148574, 27.931568], [85.148574, 27.931586], [85.148594, 27.931586], [85.148594, 27.931604], [85.148614, 27.931605], [85.148614, 27.931623], [85.148634, 27.931623], [85.148634, 27.931641], [85.148613, 27.931641], [85.148613, 27.931659], [85.148593, 27.931658], [85.148592, 27.931676], [85.148531, 27.931676]]]}, "properties": {"layer": "stripped vegetation, day 2", "note": "cloud-free 59% of corridor only"}}, {"type": "Feature", "geometry": {"type": "Polygon", "coordinates": [[[85.150543, 27.931721], [85.150543, 27.931703], [85.150523, 27.931702], [85.150523, 27.931684], [85.150503, 27.931684], [85.150503, 27.931648], [85.150483, 27.931648], [85.150483, 27.93163], [85.150463, 27.931629], [85.150463, 27.931611], [85.150443, 27.931611], [85.150443, 27.931593], [85.150423, 27.931593], [85.150423, 27.931575], [85.150443, 27.931575], [85.150444, 27.931557], [85.150464, 27.931557], [85.150464, 27.931539], [85.150485, 27.931539], [85.150485, 27.931521], [85.150505, 27.931522], [85.150505, 27.93154], [85.150525, 27.93154], [85.150525, 27.931558], [85.150545, 27.931558], [85.150545, 27.931576], [85.150565, 27.931577], [85.150565, 27.931595], [85.150585, 27.931595], [85.150585, 27.931613], [85.150605, 27.931613], [85.150605, 27.931631], [85.150625, 27.931632], [85.150625, 27.93165], [85.150645, 27.93165], [85.150645, 27.931686], [85.150624, 27.931686], [85.150624, 27.931704], [85.150604, 27.931703], [85.150604, 27.931721], [85.150543, 27.931721]]]}, "properties": {"layer": "stripped vegetation, day 2", "note": "cloud-free 59% of corridor only"}}, {"type": "Feature", "geometry": {"type": "Polygon", "coordinates": [[[85.151931, 27.932515], [85.151932, 27.932497], [85.151911, 27.932497], [85.151912, 27.932479], [85.151891, 27.932479], [85.151892, 27.932461], [85.151912, 27.932461], [85.151913, 27.932407], [85.151933, 27.932407], [85.151933, 27.932389], [85.151954, 27.932389], [85.151954, 27.932353], [85.151975, 27.932354], [85.151975, 27.932336], [85.151955, 27.932335], [85.151955, 27.932299], [85.151935, 27.932299], [85.151935, 27.932281], [85.151956, 27.932281], [85.151956, 27.932263], [85.151936, 27.932263], [85.151936, 27.932245], [85.151916, 27.932244], [85.151916, 27.932226], [85.151936, 27.932227], [85.151936, 27.932209], [85.151957, 27.932209], [85.151957, 27.932191], [85.151998, 27.932191], [85.151999, 27.932137], [85.152019, 27.932138], [85.152019, 27.93212], [85.15204, 27.93212], [85.15204, 27.932102], [85.15206, 27.932102], [85.152061, 27.932084], [85.15204, 27.932084], [85.152041, 27.932048], [85.152021, 27.932047], [85.152021, 27.931993], [85.152001, 27.931993], [85.152001, 27.931975], [85.152022, 27.931975], [85.152022, 27.931957], [85.152042, 27.931957], [85.152043, 27.931921], [85.152063, 27.931922], [85.152064, 27.931904], [85.152084, 27.931904], [85.152084, 27.931886], [85.152105, 27.931886], [85.152104, 27.931904], [85.152125, 27.931904], [85.152124, 27.931922], [85.152145, 27.931923], [85.152145, 27.931887], [85.152125, 27.931886], [85.152126, 27.931832], [85.152146, 27.931832], [85.152146, 27.931814], [85.152167, 27.931815], [85.152167, 27.931797], [85.152187, 27.931797], [85.152188, 27.931779], [85.152269, 27.93178], [85.152269, 27.931798], [85.152289, 27.931798], [85.152289, 27.931816], [85.15235, 27.931817], [85.152349, 27.931835], [85.15237, 27.931835], [85.152369, 27.931853], [85.15243, 27.931854], [85.152431, 27.931836], [85.152451, 27.931837], [85.152451, 27.931855], [85.152532, 27.931856], [85.152532, 27.93182], [85.152512, 27.931819], [85.152512, 27.931801], [85.152492, 27.931801], [85.152492, 27.931783], [85.152472, 27.931783], [85.152472, 27.931765], [85.152493, 27.931765], [85.152493, 27.931747], [85.152513, 27.931747], [85.152514, 27.931729], [85.152534, 27.931729], [85.152534, 27.931711], [85.152595, 27.931712], [85.152596, 27.931694], [85.152616, 27.931694], [85.152616, 27.931676], [85.152637, 27.931677], [85.152637, 27.931659], [85.152657, 27.931659], [85.152657, 27.931641], [85.152698, 27.931641], [85.152698, 27.931659], [85.152718, 27.93166], [85.152718, 27.931678], [85.152738, 27.931678], [85.152738, 27.931696], [85.152717, 27.931696], [85.152717, 27.931714], [85.152697, 27.931713], [85.152696, 27.931768], [85.152716, 27.931768], [85.152716, 27.931804], [85.152756, 27.931805], [85.152758, 27.931714], [85.152778, 27.931715], [85.152778, 27.931697], [85.152799, 27.931697], [85.152799, 27.931679], [85.15284, 27.931679], [85.15284, 27.931661], [85.152921, 27.931662], [85.152921, 27.93168], [85.152941, 27.931681], [85.152941, 27.931699], [85.152961, 27.931699], [85.152961, 27.931717], [85.152941, 27.931717], [85.15294, 27.931735], [85.15292, 27.931735], [85.15292, 27.931753], [85.152899, 27.931752], [85.152899, 27.93177], [85.152879, 27.93177], [85.152878, 27.931788], [85.152858, 27.931788], [85.152858, 27.931806], [85.152919, 27.931807], [85.152919, 27.931789], [85.152939, 27.931789], [85.15294, 27.931771], [85.153001, 27.931772], [85.153001, 27.931736], [85.153022, 27.931736], [85.153022, 27.931718], [85.153042, 27.931718], [85.153043, 27.9317], [85.153063, 27.9317], [85.153063, 27.931718], [85.153083, 27.931719], [85.153083, 27.931737], [85.153103, 27.931737], [85.153103, 27.931755], [85.153143, 27.931756], [85.153144, 27.931719], [85.153164, 27.93172], [85.153164, 27.931702], [85.153185, 27.931702], [85.153185, 27.931684], [85.153226, 27.931684], [85.153227, 27.93163], [85.153247, 27.931631], [85.153247, 27.931613], [85.153268, 27.931613], [85.153268, 27.931595], [85.153288, 27.931595], [85.153289, 27.931577], [85.153329, 27.931578], [85.153329, 27.93156], [85.153533, 27.931562], [85.153532, 27.93158], [85.153573, 27.931581], [85.153573, 27.931563], [85.153594, 27.931563], [85.153594, 27.931545], [85.153614, 27.931545], [85.153615, 27.931527], [85.153675, 27.931528], [85.153675, 27.931546], [85.153695, 27.931546], [85.153695, 27.931564], [85.153716, 27.931565], [85.153715, 27.931583], [85.153695, 27.931582], [85.153695, 27.931601], [85.153674, 27.9316], [85.153674, 27.931618], [85.153654, 27.931618], [85.153653, 27.931636], [85.153633, 27.931636], [85.153633, 27.931654], [85.153694, 27.931655], [85.153694, 27.931637], [85.153714, 27.931637], [85.153715, 27.931619], [85.153735, 27.931619], [85.153735, 27.931601], [85.153776, 27.931602], [85.153776, 27.931566], [85.153756, 27.931565], [85.153756, 27.931547], [85.153777, 27.931547], [85.153777, 27.931529], [85.153797, 27.93153], [85.153798, 27.931512], [85.153838, 27.931512], [85.153839, 27.931494], [85.1539, 27.931495], [85.153899, 27.931513], [85.15392, 27.931513], [85.153919, 27.931531], [85.15394, 27.931532], [85.153939, 27.93155], [85.153919, 27.931549], [85.153919, 27.931567], [85.153898, 27.931567], [85.153898, 27.931585], [85.153857, 27.931585], [85.153857, 27.931603], [85.153816, 27.931602], [85.153816, 27.93162], [85.153877, 27.931621], [85.153877, 27.931639], [85.153897, 27.931639], [85.153897, 27.931657], [85.153917, 27.931658], [85.153917, 27.931676], [85.153998, 27.931677], [85.153998, 27.931695], [85.154018, 27.931695], [85.154018, 27.931713], [85.154058, 27.931714], [85.154059, 27.931696], [85.154079, 27.931696], [85.154079, 27.931678], [85.1541, 27.931678], [85.1541, 27.93166], [85.154141, 27.931661], [85.154141, 27.931643], [85.154161, 27.931643], [85.154161, 27.931661], [85.154181, 27.931661], [85.154181, 27.931679], [85.154201, 27.93168], [85.154201, 27.931698], [85.154221, 27.931698], [85.154221, 27.931734], [85.1542, 27.931734], [85.1542, 27.931752], [85.15418, 27.931751], [85.154179, 27.931769], [85.1542, 27.93177], [85.154199, 27.931788], [85.154179, 27.931788], [85.154179, 27.931824], [85.154158, 27.931823], [85.154158, 27.931841], [85.154138, 27.931841], [85.154137, 27.931859], [85.154117, 27.931859], [85.154117, 27.931841], [85.154097, 27.931841], [85.154097, 27.931823], [85.154057, 27.931822], [85.154057, 27.931804], [85.153955, 27.931803], [85.153956, 27.931785], [85.153854, 27.931783], [85.153854, 27.931801], [85.153833, 27.931801], [85.153834, 27.931783], [85.153671, 27.931781], [85.153671, 27.931763], [85.153651, 27.931762], [85.153651, 27.93178], [85.15359, 27.93178], [85.15359, 27.931798], [85.153549, 27.931797], [85.153549, 27.931815], [85.153508, 27.931815], [85.153508, 27.931833], [85.153426, 27.931832], [85.153426, 27.93185], [85.153406, 27.931849], [85.153406, 27.931831], [85.153386, 27.931831], [85.153386, 27.931849], [85.153345, 27.931849], [85.153345, 27.931867], [85.153243, 27.931865], [85.153243, 27.931883], [85.153202, 27.931883], [85.153202, 27.931901], [85.153181, 27.9319], [85.153181, 27.931919], [85.15314, 27.931918], [85.15314, 27.931936], [85.15312, 27.931936], [85.15312, 27.931954], [85.153079, 27.931953], [85.153079, 27.931971], [85.153058, 27.931971], [85.153058, 27.931989], [85.152997, 27.931988], [85.152996, 27.932042], [85.152976, 27.932042], [85.152975, 27.93206], [85.152955, 27.93206], [85.152955, 27.932078], [85.152894, 27.932077], [85.152894, 27.932095], [85.152853, 27.932095], [85.152853, 27.932077], [85.152833, 27.932076], [85.152833, 27.932058], [85.152793, 27.932058], [85.152792, 27.932076], [85.152752, 27.932075], [85.152752, 27.932057], [85.152671, 27.932056], [85.152671, 27.932038], [85.152651, 27.932038], [85.152651, 27.93202], [85.152631, 27.932019], [85.152631, 27.932001], [85.152611, 27.932001], [85.15261, 27.932019], [85.15259, 27.932019], [85.15259, 27.932037], [85.152569, 27.932037], [85.152569, 27.932055], [85.152549, 27.932054], [85.152548, 27.932072], [85.152528, 27.932072], [85.152528, 27.932108], [85.152507, 27.932108], [85.152507, 27.932126], [85.152487, 27.932126], [85.152486, 27.932144], [85.152466, 27.932144], [85.152466, 27.932126], [85.152446, 27.932125], [85.152446, 27.932107], [85.152406, 27.932107], [85.152406, 27.932089], [85.152386, 27.932088], [85.152386, 27.93207], [85.152366, 27.93207], [85.152365, 27.932106], [85.152385, 27.932106], [85.152385, 27.932142], [85.152364, 27.932142], [85.152364, 27.93216], [85.152344, 27.93216], [85.152343, 27.932178], [85.152323, 27.932178], [85.152323, 27.932196], [85.152303, 27.932196], [85.152302, 27.932214], [85.152282, 27.932213], [85.152282, 27.932231], [85.152261, 27.932231], [85.152261, 27.932249], [85.152241, 27.932249], [85.15224, 27.932267], [85.15222, 27.932267], [85.15222, 27.932285], [85.152199, 27.932284], [85.152199, 27.93232], [85.152178, 27.93232], [85.152178, 27.932338], [85.152158, 27.932338], [85.152158, 27.932356], [85.152137, 27.932356], [85.152137, 27.932392], [85.152116, 27.932392], [85.152116, 27.932428], [85.152136, 27.932428], [85.152135, 27.932464], [85.152115, 27.932464], [85.152115, 27.932482], [85.152094, 27.932482], [85.152094, 27.9325], [85.152074, 27.932499], [85.152074, 27.932481], [85.152054, 27.932481], [85.152054, 27.932463], [85.152034, 27.932463], [85.152034, 27.932445], [85.152014, 27.932444], [85.152013, 27.932462], [85.151993, 27.932462], [85.151993, 27.93248], [85.151973, 27.93248], [85.151972, 27.932498], [85.151952, 27.932498], [85.151952, 27.932516], [85.151931, 27.932515]]]}, "properties": {"layer": "stripped vegetation, day 2", "note": "cloud-free 59% of corridor only"}}, {"type": "Feature", "geometry": {"type": "Polygon", "coordinates": [[[85.148819, 27.931499], [85.148819, 27.931481], [85.148799, 27.931481], [85.148799, 27.931463], [85.148779, 27.931462], [85.148779, 27.931444], [85.148759, 27.931444], [85.14876, 27.931408], [85.14878, 27.931408], [85.14878, 27.93139], [85.1488, 27.93139], [85.148801, 27.931372], [85.148841, 27.931373], [85.148841, 27.931391], [85.148861, 27.931391], [85.148861, 27.931409], [85.148881, 27.93141], [85.14888, 27.931464], [85.14886, 27.931463], [85.14886, 27.931481], [85.14884, 27.931481], [85.148839, 27.931499], [85.148819, 27.931499]]]}, "properties": {"layer": "stripped vegetation, day 2", "note": "cloud-free 59% of corridor only"}}, {"type": "Feature", "geometry": {"type": "Polygon", "coordinates": [[[85.148352, 27.931493], [85.148352, 27.931475], [85.148332, 27.931474], [85.148332, 27.931456], [85.148312, 27.931456], [85.148312, 27.931438], [85.148332, 27.931438], [85.148333, 27.93142], [85.148353, 27.93142], [85.148353, 27.931402], [85.148373, 27.931403], [85.148374, 27.931385], [85.148353, 27.931384], [85.148354, 27.931348], [85.148334, 27.931348], [85.148334, 27.93133], [85.148354, 27.93133], [85.148355, 27.931312], [85.148375, 27.931312], [85.148375, 27.931294], [85.148396, 27.931295], [85.148395, 27.931313], [85.148416, 27.931313], [85.148415, 27.931331], [85.148436, 27.931331], [85.148435, 27.931367], [85.148455, 27.931368], [85.148455, 27.931386], [85.148435, 27.931385], [85.148434, 27.931404], [85.148455, 27.931404], [85.148454, 27.931422], [85.148434, 27.931422], [85.148434, 27.93144], [85.148413, 27.931439], [85.148413, 27.931457], [85.148393, 27.931457], [85.148393, 27.931475], [85.148372, 27.931475], [85.148372, 27.931493], [85.148352, 27.931493]]]}, "properties": {"layer": "stripped vegetation, day 2", "note": "cloud-free 59% of corridor only"}}, {"type": "Feature", "geometry": {"type": "Polygon", "coordinates": [[[85.148902, 27.931374], [85.148903, 27.931356], [85.148882, 27.931355], [85.148883, 27.931337], [85.148862, 27.931337], [85.148863, 27.931319], [85.148883, 27.931319], [85.148883, 27.931301], [85.148904, 27.931302], [85.148904, 27.931284], [85.148945, 27.931284], [85.148944, 27.931302], [85.148965, 27.931302], [85.148964, 27.93132], [85.148985, 27.931321], [85.148984, 27.931339], [85.148964, 27.931338], [85.148964, 27.931357], [85.148943, 27.931356], [85.148943, 27.931374], [85.148902, 27.931374]]]}, "properties": {"layer": "stripped vegetation, day 2", "note": "cloud-free 59% of corridor only"}}, {"type": "Feature", "geometry": {"type": "Polygon", "coordinates": [[[85.149207, 27.93136], [85.149208, 27.931342], [85.149187, 27.931341], [85.149188, 27.931323], [85.149167, 27.931323], [85.149168, 27.931305], [85.149188, 27.931305], [85.149188, 27.931287], [85.149209, 27.931288], [85.149209, 27.93127], [85.149229, 27.93127], [85.149229, 27.931288], [85.149249, 27.931288], [85.149249, 27.931306], [85.149269, 27.931306], [85.149269, 27.931325], [85.149249, 27.931324], [85.149248, 27.931342], [85.149228, 27.931342], [85.149228, 27.93136], [85.149207, 27.93136]]]}, "properties": {"layer": "stripped vegetation, day 2", "note": "cloud-free 59% of corridor only"}}, {"type": "Feature", "geometry": {"type": "Polygon", "coordinates": [[[85.147826, 27.931305], [85.147827, 27.931287], [85.147806, 27.931287], [85.147807, 27.931269], [85.147786, 27.931268], [85.147787, 27.93125], [85.147766, 27.93125], [85.147767, 27.931232], [85.147746, 27.931232], [85.147747, 27.931196], [85.147767, 27.931196], [85.147768, 27.931178], [85.147788, 27.931178], [85.147788, 27.93116], [85.147809, 27.93116], [85.147808, 27.931179], [85.147829, 27.931179], [85.147828, 27.931197], [85.147849, 27.931197], [85.147848, 27.931215], [85.147869, 27.931215], [85.147868, 27.931233], [85.147889, 27.931234], [85.147888, 27.93127], [85.147868, 27.93127], [85.147867, 27.931288], [85.147847, 27.931287], [85.147847, 27.931305], [85.147826, 27.931305]]]}, "properties": {"layer": "stripped vegetation, day 2", "note": "cloud-free 59% of corridor only"}}, {"type": "Feature", "geometry": {"type": "Polygon", "coordinates": [[[85.148558, 27.931333], [85.148558, 27.931315], [85.148538, 27.931315], [85.148538, 27.931297], [85.148518, 27.931296], [85.148519, 27.931224], [85.148539, 27.931224], [85.148539, 27.931206], [85.14856, 27.931207], [85.14856, 27.931189], [85.148601, 27.931189], [85.148601, 27.931171], [85.148621, 27.931171], [85.148622, 27.931153], [85.148642, 27.931154], [85.148642, 27.931172], [85.148662, 27.931172], [85.148662, 27.93119], [85.148682, 27.93119], [85.148681, 27.931244], [85.148661, 27.931244], [85.14866, 27.931262], [85.14864, 27.931262], [85.148639, 27.931298], [85.148619, 27.931298], [85.148619, 27.931316], [85.148599, 27.931316], [85.148598, 27.931334], [85.148558, 27.931333]]]}, "properties": {"layer": "stripped vegetation, day 2", "note": "cloud-free 59% of corridor only"}}, {"type": "Feature", "geometry": {"type": "Polygon", "coordinates": [[[85.148502, 27.931007], [85.148502, 27.930989], [85.148482, 27.930989], [85.148482, 27.930971], [85.148462, 27.930971], [85.148462, 27.930953], [85.148442, 27.930952], [85.148443, 27.930916], [85.148422, 27.930916], [85.148423, 27.930898], [85.148402, 27.930898], [85.148403, 27.930844], [85.148424, 27.930844], [85.148424, 27.930826], [85.148444, 27.930826], [85.148445, 27.930808], [85.148485, 27.930809], [85.148485, 27.930827], [85.148526, 27.930827], [85.148525, 27.930845], [85.148546, 27.930846], [85.148545, 27.930864], [85.148566, 27.930864], [85.148565, 27.930882], [85.148586, 27.930882], [85.148584, 27.930954], [85.148564, 27.930954], [85.148564, 27.930972], [85.148543, 27.930972], [85.148543, 27.93099], [85.148523, 27.93099], [85.148522, 27.931008], [85.148502, 27.931007]]]}, "properties": {"layer": "stripped vegetation, day 2", "note": "cloud-free 59% of corridor only"}}, {"type": "Feature", "geometry": {"type": "Polygon", "coordinates": [[[85.148416, 27.931277], [85.148417, 27.931259], [85.148396, 27.931259], [85.148397, 27.931241], [85.148376, 27.93124], [85.148377, 27.931204], [85.148357, 27.931204], [85.148357, 27.93115], [85.148337, 27.93115], [85.148337, 27.931131], [85.148297, 27.931131], [85.148297, 27.931113], [85.148277, 27.931113], [85.148277, 27.931095], [85.148257, 27.931094], [85.148257, 27.931076], [85.148237, 27.931076], [85.148236, 27.931112], [85.148256, 27.931112], [85.148256, 27.931148], [85.148236, 27.931148], [85.148235, 27.931166], [85.148215, 27.931166], [85.148215, 27.931184], [85.148174, 27.931183], [85.148174, 27.931165], [85.148154, 27.931165], [85.148154, 27.931147], [85.148134, 27.931147], [85.148134, 27.931129], [85.148114, 27.931128], [85.148114, 27.93111], [85.148135, 27.931111], [85.148135, 27.931093], [85.148155, 27.931093], [85.148156, 27.931075], [85.148135, 27.931075], [85.148136, 27.931057], [85.148115, 27.931056], [85.148115, 27.931038], [85.148136, 27.931039], [85.148136, 27.93102], [85.148156, 27.931021], [85.148157, 27.931003], [85.148177, 27.931003], [85.148177, 27.930985], [85.148157, 27.930985], [85.148157, 27.930967], [85.148117, 27.930966], [85.148116, 27.930984], [85.148096, 27.930984], [85.148096, 27.931002], [85.148075, 27.931002], [85.148075, 27.93102], [85.148055, 27.931019], [85.148055, 27.931001], [85.148015, 27.931001], [85.148015, 27.930983], [85.147995, 27.930982], [85.147995, 27.930964], [85.147975, 27.930964], [85.147975, 27.930946], [85.147934, 27.930946], [85.147934, 27.930964], [85.147893, 27.930963], [85.147894, 27.930945], [85.147873, 27.930945], [85.147874, 27.930927], [85.147853, 27.930926], [85.147854, 27.930872], [85.147834, 27.930872], [85.147834, 27.930836], [85.147814, 27.930836], [85.147814, 27.930818], [85.147835, 27.930818], [85.147835, 27.930782], [85.147815, 27.930782], [85.147815, 27.930763], [85.147795, 27.930763], [85.147797, 27.930673], [85.147776, 27.930673], [85.147777, 27.930655], [85.147797, 27.930655], [85.147798, 27.930601], [85.147818, 27.930601], [85.147818, 27.930583], [85.147839, 27.930583], [85.147839, 27.930565], [85.147859, 27.930566], [85.14786, 27.930547], [85.14788, 27.930548], [85.14788, 27.930566], [85.1479, 27.930566], [85.1479, 27.930584], [85.14792, 27.930584], [85.14792, 27.930602], [85.14794, 27.930603], [85.147939, 27.930657], [85.147959, 27.930657], [85.147959, 27.930675], [85.147979, 27.930675], [85.147979, 27.930693], [85.147999, 27.930694], [85.147999, 27.930712], [85.147979, 27.930712], [85.147979, 27.93073], [85.147958, 27.930729], [85.147958, 27.930747], [85.147978, 27.930748], [85.147978, 27.930766], [85.147998, 27.930766], [85.147999, 27.930748], [85.148039, 27.930748], [85.148039, 27.930766], [85.148059, 27.930767], [85.148059, 27.930749], [85.1481, 27.930749], [85.1481, 27.930767], [85.14812, 27.930768], [85.14812, 27.930786], [85.14814, 27.930786], [85.14814, 27.930804], [85.14816, 27.930804], [85.14816, 27.93084], [85.14818, 27.930841], [85.148179, 27.930913], [85.148199, 27.930913], [85.148199, 27.930931], [85.148219, 27.930931], [85.148219, 27.930949], [85.148239, 27.93095], [85.148239, 27.930968], [85.1483, 27.930969], [85.1483, 27.93095], [85.14828, 27.93095], [85.14828, 27.930914], [85.148301, 27.930914], [85.148301, 27.930896], [85.148321, 27.930897], [85.148321, 27.930879], [85.148342, 27.930879], [85.148341, 27.930897], [85.148362, 27.930897], [85.148361, 27.930915], [85.148382, 27.930916], [85.148381, 27.930934], [85.148402, 27.930934], [85.148401, 27.930952], [85.148422, 27.930952], [85.148421, 27.930988], [85.148441, 27.930989], [85.148441, 27.931007], [85.148462, 27.931007], [85.148461, 27.931025], [85.148482, 27.931025], [85.148481, 27.931061], [85.148501, 27.931062], [85.148501, 27.93108], [85.148521, 27.93108], [85.14852, 27.93117], [85.14854, 27.93117], [85.14854, 27.931188], [85.148519, 27.931188], [85.148519, 27.931206], [85.148499, 27.931206], [85.148498, 27.931224], [85.148478, 27.931224], [85.148478, 27.931242], [85.148458, 27.931241], [85.148457, 27.931259], [85.148437, 27.931259], [85.148437, 27.931277], [85.148416, 27.931277]], [[85.147935, 27.930873], [85.147956, 27.930874], [85.147956, 27.930856], [85.147976, 27.930856], [85.147977, 27.930838], [85.147956, 27.930838], [85.147957, 27.93082], [85.147936, 27.930819], [85.147937, 27.930801], [85.147916, 27.930801], [85.147917, 27.930783], [85.147937, 27.930783], [85.147937, 27.930765], [85.147958, 27.930765], [85.147958, 27.930747], [85.147917, 27.930747], [85.147917, 27.930765], [85.147897, 27.930765], [85.147896, 27.930783], [85.147876, 27.930782], [85.147876, 27.9308], [85.147896, 27.930801], [85.147896, 27.930819], [85.147916, 27.930819], [85.147915, 27.930855], [85.147936, 27.930855], [85.147935, 27.930873]]]}, "properties": {"layer": "stripped vegetation, day 2", "note": "cloud-free 59% of corridor only"}}, {"type": "Feature", "geometry": {"type": "Polygon", "coordinates": [[[85.149808, 27.931909], [85.149808, 27.931891], [85.149788, 27.931891], [85.149788, 27.931873], [85.149747, 27.931872], [85.149748, 27.931854], [85.149727, 27.931854], [85.149728, 27.931836], [85.149707, 27.931836], [85.149708, 27.9318], [85.149728, 27.9318], [85.149729, 27.931782], [85.149749, 27.931782], [85.149749, 27.931764], [85.14977, 27.931764], [85.14977, 27.931728], [85.14979, 27.931729], [85.149791, 27.931693], [85.149771, 27.931692], [85.149772, 27.931638], [85.149751, 27.931638], [85.149752, 27.93162], [85.149772, 27.93162], [85.149773, 27.931584], [85.149793, 27.931584], [85.149793, 27.931566], [85.149814, 27.931566], [85.149814, 27.931512], [85.149794, 27.931512], [85.149794, 27.931494], [85.149774, 27.931494], [85.149774, 27.931476], [85.149754, 27.931475], [85.149757, 27.931331], [85.149736, 27.931331], [85.149739, 27.931186], [85.149718, 27.931186], [85.14972, 27.931114], [85.149699, 27.931114], [85.1497, 27.931078], [85.14968, 27.931077], [85.149682, 27.930933], [85.149662, 27.930933], [85.149663, 27.930861], [85.149643, 27.93086], [85.149643, 27.930842], [85.149623, 27.930842], [85.149624, 27.93077], [85.149604, 27.930769], [85.149605, 27.930715], [85.149584, 27.930715], [85.149585, 27.930679], [85.149565, 27.930679], [85.149565, 27.930643], [85.149585, 27.930643], [85.149586, 27.930625], [85.149606, 27.930625], [85.149606, 27.930607], [85.149647, 27.930608], [85.149647, 27.93059], [85.149668, 27.93059], [85.149668, 27.930572], [85.149688, 27.930572], [85.149688, 27.93059], [85.149708, 27.93059], [85.149708, 27.930608], [85.149728, 27.930609], [85.149728, 27.930627], [85.149748, 27.930627], [85.149748, 27.930645], [85.149768, 27.930645], [85.149768, 27.930663], [85.149788, 27.930664], [85.149788, 27.930682], [85.149808, 27.930682], [85.149807, 27.930736], [85.149828, 27.930736], [85.149827, 27.930772], [85.149807, 27.930772], [85.149806, 27.93079], [85.149827, 27.930791], [85.149826, 27.930809], [85.149847, 27.930809], [85.149846, 27.930827], [85.149867, 27.930827], [85.149866, 27.930863], [85.149887, 27.930864], [85.149886, 27.930882], [85.149907, 27.930882], [85.149905, 27.930972], [85.149925, 27.930972], [85.149924, 27.931063], [85.149944, 27.931063], [85.149943, 27.931099], [85.149964, 27.931099], [85.149963, 27.931171], [85.149942, 27.931171], [85.149942, 27.931189], [85.149962, 27.931189], [85.149962, 27.931207], [85.149982, 27.931208], [85.149979, 27.93137], [85.149959, 27.93137], [85.149959, 27.931388], [85.149939, 27.931388], [85.149938, 27.931406], [85.149898, 27.931405], [85.149897, 27.931459], [85.149917, 27.93146], [85.149917, 27.931478], [85.149937, 27.931478], [85.149937, 27.931496], [85.149916, 27.931496], [85.149916, 27.931514], [85.149896, 27.931513], [85.149895, 27.931531], [85.149916, 27.931532], [85.149913, 27.931694], [85.149893, 27.931694], [85.14989, 27.931838], [85.14987, 27.931838], [85.149869, 27.931874], [85.149849, 27.931874], [85.149849, 27.931892], [85.149828, 27.931892], [85.149828, 27.93191], [85.149808, 27.931909]]]}, "properties": {"layer": "stripped vegetation, day 2", "note": "cloud-free 59% of corridor only"}}, {"type": "Feature", "geometry": {"type": "Polygon", "coordinates": [[[85.148568, 27.930719], [85.148568, 27.930701], [85.148548, 27.930701], [85.148548, 27.930683], [85.148528, 27.930683], [85.148529, 27.930647], [85.148508, 27.930646], [85.148509, 27.930592], [85.148489, 27.930592], [85.14849, 27.930556], [85.148469, 27.930556], [85.14847, 27.930502], [85.14849, 27.930502], [85.148491, 27.930484], [85.148511, 27.930484], [85.148511, 27.930466], [85.148532, 27.930466], [85.148531, 27.930484], [85.148552, 27.930485], [85.148551, 27.930503], [85.148572, 27.930503], [85.148571, 27.930539], [85.148591, 27.930539], [85.14859, 27.930611], [85.148611, 27.930612], [85.14861, 27.930648], [85.14863, 27.930648], [85.14863, 27.930684], [85.148609, 27.930684], [85.148609, 27.930702], [85.148589, 27.930702], [85.148588, 27.93072], [85.148568, 27.930719]]]}, "properties": {"layer": "stripped vegetation, day 2", "note": "cloud-free 59% of corridor only"}}, {"type": "Feature", "geometry": {"type": "Polygon", "coordinates": [[[85.148632, 27.930522], [85.148633, 27.930504], [85.148612, 27.930503], [85.148613, 27.930485], [85.148592, 27.930485], [85.148593, 27.930467], [85.148572, 27.930467], [85.148573, 27.930449], [85.148593, 27.930449], [85.148593, 27.930431], [85.148614, 27.930431], [85.148614, 27.930413], [85.148675, 27.930414], [85.148675, 27.930432], [85.148695, 27.930432], [85.148695, 27.93045], [85.148715, 27.930451], [85.148715, 27.930469], [85.148694, 27.930468], [85.148694, 27.930487], [85.148674, 27.930486], [85.148673, 27.930504], [85.148653, 27.930504], [85.148653, 27.930522], [85.148632, 27.930522]]]}, "properties": {"layer": "stripped vegetation, day 2", "note": "cloud-free 59% of corridor only"}}, {"type": "Feature", "geometry": {"type": "Polygon", "coordinates": [[[85.148123, 27.930605], [85.148123, 27.930587], [85.148103, 27.930587], [85.148103, 27.930569], [85.148083, 27.930569], [85.148084, 27.930496], [85.148064, 27.930496], [85.148064, 27.930478], [85.148044, 27.930478], [85.148044, 27.93046], [85.148024, 27.930459], [85.148025, 27.930405], [85.148045, 27.930406], [85.148045, 27.930388], [85.148066, 27.930388], [85.148066, 27.93037], [85.148086, 27.93037], [85.148086, 27.930388], [85.148106, 27.930388], [85.148106, 27.930406], [85.148126, 27.930407], [85.148126, 27.930425], [85.148146, 27.930425], [85.148146, 27.930443], [85.148166, 27.930443], [85.148166, 27.930461], [85.148186, 27.930462], [85.148186, 27.93048], [85.148206, 27.93048], [85.148205, 27.930534], [85.148226, 27.930534], [85.148225, 27.930552], [85.148246, 27.930553], [85.148245, 27.930571], [85.148225, 27.93057], [85.148225, 27.930588], [85.148204, 27.930588], [85.148204, 27.930606], [85.148123, 27.930605]]]}, "properties": {"layer": "stripped vegetation, day 2", "note": "cloud-free 59% of corridor only"}}, {"type": "Feature", "geometry": {"type": "Polygon", "coordinates": [[[85.148326, 27.93059], [85.148327, 27.930572], [85.148286, 27.930571], [85.148286, 27.930553], [85.148266, 27.930553], [85.148266, 27.930535], [85.148246, 27.930535], [85.148247, 27.930499], [85.148226, 27.930498], [85.148227, 27.93048], [85.148206, 27.93048], [85.148207, 27.930444], [85.148227, 27.930444], [85.148228, 27.93039], [85.148248, 27.93039], [85.148249, 27.930372], [85.148269, 27.930373], [85.148269, 27.930354], [85.14829, 27.930355], [85.148289, 27.930373], [85.14831, 27.930373], [85.148309, 27.930391], [85.14833, 27.930391], [85.148329, 27.930409], [85.14835, 27.93041], [85.148349, 27.930446], [85.14839, 27.930446], [85.148389, 27.930464], [85.14841, 27.930465], [85.148409, 27.930483], [85.14843, 27.930483], [85.148429, 27.930537], [85.148449, 27.930537], [85.148449, 27.930555], [85.148429, 27.930555], [85.148428, 27.930573], [85.148408, 27.930573], [85.148408, 27.930591], [85.148326, 27.93059]]]}, "properties": {"layer": "stripped vegetation, day 2", "note": "cloud-free 59% of corridor only"}}, {"type": "Feature", "geometry": {"type": "Polygon", "coordinates": [[[85.147513, 27.930597], [85.147514, 27.930579], [85.147493, 27.930579], [85.147494, 27.930561], [85.147473, 27.93056], [85.147474, 27.930542], [85.147453, 27.930542], [85.147454, 27.930506], [85.147474, 27.930506], [85.147475, 27.93047], [85.147455, 27.93047], [85.147454, 27.930488], [85.147434, 27.930488], [85.147434, 27.93047], [85.147414, 27.930469], [85.147414, 27.930451], [85.147394, 27.930451], [85.147394, 27.930433], [85.147415, 27.930433], [85.147415, 27.930415], [85.147435, 27.930415], [85.147436, 27.930379], [85.147375, 27.930379], [85.147375, 27.93036], [85.147355, 27.93036], [85.147355, 27.930342], [85.147335, 27.930342], [85.147334, 27.93036], [85.147314, 27.93036], [85.147314, 27.930342], [85.147294, 27.930341], [85.147294, 27.930323], [85.147274, 27.930323], [85.147274, 27.930305], [85.147295, 27.930305], [85.147295, 27.930287], [85.147315, 27.930287], [85.147316, 27.930269], [85.147295, 27.930269], [85.147296, 27.930251], [85.147275, 27.930251], [85.147276, 27.930215], [85.147296, 27.930215], [85.147297, 27.930197], [85.147317, 27.930197], [85.147317, 27.930179], [85.147399, 27.93018], [85.147398, 27.930198], [85.147419, 27.930199], [85.147418, 27.930217], [85.147439, 27.930217], [85.147438, 27.930235], [85.147459, 27.930235], [85.147458, 27.930271], [85.147499, 27.930272], [85.147498, 27.93029], [85.147519, 27.93029], [85.147518, 27.930308], [85.147539, 27.930309], [85.147538, 27.930327], [85.147559, 27.930327], [85.147557, 27.930435], [85.147536, 27.930435], [85.147536, 27.930453], [85.147556, 27.930453], [85.147556, 27.930471], [85.147576, 27.930471], [85.147576, 27.93049], [85.147596, 27.93049], [85.147596, 27.930544], [85.147575, 27.930544], [85.147575, 27.930562], [85.147555, 27.930561], [85.147554, 27.930579], [85.147534, 27.930579], [85.147534, 27.930597], [85.147513, 27.930597]]]}, "properties": {"layer": "stripped vegetation, day 2", "note": "cloud-free 59% of corridor only"}}, {"type": "Feature", "geometry": {"type": "Polygon", "coordinates": [[[85.147883, 27.930385], [85.147883, 27.930367], [85.147863, 27.930367], [85.147863, 27.930349], [85.147843, 27.930349], [85.147844, 27.930277], [85.147824, 27.930276], [85.147824, 27.93024], [85.147804, 27.93024], [85.147804, 27.930222], [85.147784, 27.930222], [85.147784, 27.930204], [85.147805, 27.930204], [85.147805, 27.930186], [85.147825, 27.930186], [85.147826, 27.930168], [85.147846, 27.930168], [85.147846, 27.930186], [85.147866, 27.930187], [85.147866, 27.930205], [85.147886, 27.930205], [85.147886, 27.930223], [85.147906, 27.930223], [85.147906, 27.930241], [85.147926, 27.930242], [85.147926, 27.93026], [85.147946, 27.93026], [85.147946, 27.930278], [85.147966, 27.930278], [85.147966, 27.930296], [85.147986, 27.930296], [85.147986, 27.930315], [85.148006, 27.930315], [85.148006, 27.930333], [85.147985, 27.930333], [85.147985, 27.930351], [85.147965, 27.93035], [85.147964, 27.930368], [85.147924, 27.930368], [85.147923, 27.930386], [85.147883, 27.930385]]]}, "properties": {"layer": "stripped vegetation, day 2", "note": "cloud-free 59% of corridor only"}}, {"type": "Feature", "geometry": {"type": "Polygon", "coordinates": [[[85.148167, 27.930407], [85.148167, 27.930389], [85.148147, 27.930389], [85.148147, 27.930371], [85.148127, 27.930371], [85.148127, 27.930353], [85.148107, 27.930352], [85.148107, 27.930334], [85.148067, 27.930334], [85.148067, 27.930316], [85.148047, 27.930315], [85.148047, 27.930297], [85.148027, 27.930297], [85.148027, 27.930279], [85.148007, 27.930279], [85.148007, 27.930261], [85.147987, 27.93026], [85.147987, 27.930242], [85.147966, 27.930242], [85.147967, 27.930224], [85.147946, 27.930224], [85.147947, 27.930188], [85.147927, 27.930187], [85.147927, 27.930169], [85.147947, 27.93017], [85.147948, 27.930152], [85.147968, 27.930152], [85.147968, 27.930134], [85.147989, 27.930134], [85.147989, 27.930116], [85.14803, 27.930117], [85.148029, 27.930135], [85.14805, 27.930135], [85.148049, 27.930153], [85.14807, 27.930153], [85.148069, 27.930171], [85.14809, 27.930172], [85.148089, 27.93019], [85.14811, 27.93019], [85.148109, 27.930208], [85.14813, 27.930208], [85.148129, 27.930226], [85.14815, 27.930226], [85.148149, 27.930245], [85.14817, 27.930245], [85.148169, 27.930263], [85.14819, 27.930263], [85.148189, 27.930281], [85.14821, 27.930281], [85.148209, 27.9303], [85.14823, 27.9303], [85.148229, 27.930318], [85.14825, 27.930318], [85.148249, 27.930354], [85.148229, 27.930354], [85.148228, 27.930372], [85.148208, 27.930372], [85.148208, 27.93039], [85.148188, 27.930389], [85.148187, 27.930407], [85.148167, 27.930407]]]}, "properties": {"layer": "stripped vegetation, day 2", "note": "cloud-free 59% of corridor only"}}, {"type": "Feature", "geometry": {"type": "Polygon", "coordinates": [[[85.149325, 27.930441], [85.149325, 27.930423], [85.149305, 27.930423], [85.149305, 27.930404], [85.149285, 27.930404], [85.149285, 27.930386], [85.149265, 27.930386], [85.149265, 27.93035], [85.149245, 27.93035], [85.149245, 27.930331], [85.149225, 27.930331], [85.149226, 27.930295], [85.149205, 27.930295], [85.149206, 27.930259], [85.149226, 27.930259], [85.149226, 27.930241], [85.149247, 27.930241], [85.149247, 27.930223], [85.14941, 27.930225], [85.149411, 27.930171], [85.149431, 27.930172], [85.149431, 27.930153], [85.149452, 27.930154], [85.149452, 27.930136], [85.149472, 27.930136], [85.149472, 27.930118], [85.149513, 27.930118], [85.149513, 27.930137], [85.149533, 27.930137], [85.149533, 27.930155], [85.149553, 27.930155], [85.149553, 27.930173], [85.149573, 27.930173], [85.149573, 27.930191], [85.149552, 27.930191], [85.149552, 27.930209], [85.149532, 27.930209], [85.149532, 27.930227], [85.149491, 27.930226], [85.149491, 27.930245], [85.14947, 27.930244], [85.14947, 27.93028], [85.149449, 27.93028], [85.149449, 27.930298], [85.149429, 27.930298], [85.149428, 27.930316], [85.149408, 27.930316], [85.149407, 27.930388], [85.149387, 27.930388], [85.149386, 27.930406], [85.149366, 27.930405], [85.149366, 27.930423], [85.149345, 27.930423], [85.149345, 27.930441], [85.149325, 27.930441]]]}, "properties": {"layer": "stripped vegetation, day 2", "note": "cloud-free 59% of corridor only"}}, {"type": "Feature", "geometry": {"type": "Polygon", "coordinates": [[[85.14841, 27.930429], [85.148411, 27.930411], [85.14839, 27.93041], [85.148391, 27.930392], [85.14835, 27.930392], [85.14835, 27.930374], [85.14833, 27.930373], [85.14833, 27.930355], [85.14831, 27.930355], [85.14831, 27.930337], [85.14829, 27.930337], [85.148291, 27.930301], [85.14827, 27.9303], [85.148271, 27.930282], [85.14825, 27.930282], [85.148251, 27.930264], [85.14823, 27.930264], [85.148231, 27.930246], [85.14821, 27.930245], [85.148211, 27.930227], [85.14819, 27.930227], [85.148191, 27.930191], [85.148171, 27.930191], [85.148171, 27.930173], [85.148151, 27.930172], [85.148151, 27.930154], [85.148131, 27.930154], [85.148131, 27.930136], [85.148151, 27.930136], [85.148152, 27.930118], [85.148172, 27.930119], [85.148172, 27.9301], [85.148253, 27.930102], [85.148253, 27.93012], [85.148273, 27.93012], [85.148273, 27.930138], [85.148293, 27.930138], [85.148293, 27.930156], [85.148313, 27.930157], [85.148313, 27.930175], [85.148333, 27.930175], [85.148333, 27.930193], [85.148353, 27.930193], [85.148353, 27.930211], [85.148373, 27.930211], [85.148373, 27.93023], [85.148393, 27.93023], [85.148393, 27.930266], [85.148413, 27.930266], [85.148412, 27.93032], [85.148433, 27.930321], [85.148432, 27.930339], [85.148453, 27.930339], [85.148452, 27.930375], [85.148472, 27.930375], [85.148472, 27.930393], [85.148452, 27.930393], [85.148451, 27.930411], [85.148431, 27.930411], [85.148431, 27.930429], [85.14841, 27.930429]]]}, "properties": {"layer": "stripped vegetation, day 2", "note": "cloud-free 59% of corridor only"}}, {"type": "Feature", "geometry": {"type": "Polygon", "coordinates": [[[85.149198, 27.929537], [85.149198, 27.929519], [85.149178, 27.929518], [85.149178, 27.9295], [85.149158, 27.9295], [85.149158, 27.929482], [85.149117, 27.929481], [85.149118, 27.929463], [85.149097, 27.929463], [85.149098, 27.929445], [85.149077, 27.929445], [85.149078, 27.929409], [85.149058, 27.929408], [85.149058, 27.92939], [85.149078, 27.929391], [85.149079, 27.929373], [85.149099, 27.929373], [85.149099, 27.929355], [85.14912, 27.929355], [85.149119, 27.929373], [85.14914, 27.929373], [85.149139, 27.929391], [85.14918, 27.929392], [85.14918, 27.92941], [85.1492, 27.92941], [85.1492, 27.929428], [85.14922, 27.929429], [85.14922, 27.929447], [85.14924, 27.929447], [85.149239, 27.929483], [85.14926, 27.929483], [85.149259, 27.929501], [85.149239, 27.929501], [85.149239, 27.929519], [85.149218, 27.929519], [85.149218, 27.929537], [85.149198, 27.929537]]]}, "properties": {"layer": "stripped vegetation, day 2", "note": "cloud-free 59% of corridor only"}}, {"type": "Feature", "geometry": {"type": "Polygon", "coordinates": [[[85.149141, 27.929301], [85.149141, 27.929283], [85.149121, 27.929283], [85.149121, 27.929265], [85.149101, 27.929265], [85.149101, 27.929247], [85.149121, 27.929247], [85.149122, 27.929229], [85.149142, 27.929229], [85.149142, 27.929211], [85.149163, 27.929211], [85.149162, 27.929229], [85.149183, 27.92923], [85.149182, 27.929248], [85.149203, 27.929248], [85.149202, 27.929266], [85.149182, 27.929266], [85.149182, 27.929284], [85.149162, 27.929283], [85.149161, 27.929302], [85.149141, 27.929301]]]}, "properties": {"layer": "stripped vegetation, day 2", "note": "cloud-free 59% of corridor only"}}, {"type": "Feature", "geometry": {"type": "Polygon", "coordinates": [[[85.148714, 27.928122], [85.148714, 27.928104], [85.148694, 27.928104], [85.148694, 27.928086], [85.148674, 27.928086], [85.148674, 27.928068], [85.148695, 27.928068], [85.148695, 27.92805], [85.148715, 27.92805], [85.148715, 27.928032], [85.148736, 27.928032], [85.148735, 27.92805], [85.148756, 27.928051], [85.148755, 27.928069], [85.148776, 27.928069], [85.148775, 27.928087], [85.148755, 27.928087], [85.148755, 27.928105], [85.148735, 27.928105], [85.148734, 27.928123], [85.148714, 27.928122]]]}, "properties": {"layer": "stripped vegetation, day 2", "note": "cloud-free 59% of corridor only"}}, {"type": "Feature", "geometry": {"type": "Polygon", "coordinates": [[[85.149999, 27.927851], [85.149999, 27.927833], [85.149979, 27.927832], [85.149979, 27.927814], [85.149959, 27.927814], [85.149959, 27.927796], [85.149979, 27.927796], [85.14998, 27.927778], [85.15, 27.927779], [85.15, 27.927761], [85.150021, 27.927761], [85.15002, 27.927779], [85.150041, 27.927779], [85.15004, 27.927797], [85.150061, 27.927797], [85.15006, 27.927816], [85.15004, 27.927815], [85.15004, 27.927833], [85.150019, 27.927833], [85.150019, 27.927851], [85.149999, 27.927851]]]}, "properties": {"layer": "stripped vegetation, day 2", "note": "cloud-free 59% of corridor only"}}, {"type": "Feature", "geometry": {"type": "Polygon", "coordinates": [[[85.149104, 27.929102], [85.149104, 27.929084], [85.149084, 27.929084], [85.149084, 27.929066], [85.149064, 27.929066], [85.149064, 27.929048], [85.149044, 27.929047], [85.149044, 27.929029], [85.149024, 27.929029], [85.149023, 27.929047], [85.149003, 27.929047], [85.149003, 27.929029], [85.148983, 27.929028], [85.148983, 27.92901], [85.148963, 27.92901], [85.148963, 27.928992], [85.148943, 27.928992], [85.148944, 27.928938], [85.148924, 27.928937], [85.148924, 27.928883], [85.148904, 27.928883], [85.148906, 27.928793], [85.148885, 27.928792], [85.148887, 27.92872], [85.148866, 27.92872], [85.148868, 27.92863], [85.148848, 27.928629], [85.148848, 27.928611], [85.148827, 27.928611], [85.148828, 27.928575], [85.148808, 27.928575], [85.14881, 27.928467], [85.14883, 27.928467], [85.148831, 27.928431], [85.148851, 27.928431], [85.148851, 27.928413], [85.148831, 27.928413], [85.148831, 27.928377], [85.148811, 27.928376], [85.148811, 27.928358], [85.148791, 27.928358], [85.148791, 27.92834], [85.148812, 27.92834], [85.148812, 27.928322], [85.148832, 27.928322], [85.148833, 27.928304], [85.148812, 27.928304], [85.148813, 27.928268], [85.148793, 27.928268], [85.148793, 27.92825], [85.148773, 27.928249], [85.148773, 27.928231], [85.148753, 27.928231], [85.148753, 27.928213], [85.148733, 27.928213], [85.148733, 27.928195], [85.148713, 27.928194], [85.148713, 27.928176], [85.148733, 27.928177], [85.148734, 27.928159], [85.148754, 27.928159], [85.148754, 27.928141], [85.148775, 27.928141], [85.148774, 27.928159], [85.148795, 27.928159], [85.148794, 27.928178], [85.148815, 27.928178], [85.148815, 27.92816], [85.148835, 27.92816], [85.148835, 27.928178], [85.148855, 27.928178], [85.148855, 27.928196], [85.148875, 27.928197], [85.148875, 27.928215], [85.148936, 27.928216], [85.148936, 27.928234], [85.148976, 27.928234], [85.148976, 27.928216], [85.148997, 27.928216], [85.148997, 27.928198], [85.149038, 27.928199], [85.149038, 27.928163], [85.149059, 27.928163], [85.149059, 27.928145], [85.149079, 27.928145], [85.14908, 27.928127], [85.14912, 27.928128], [85.149121, 27.928092], [85.149141, 27.928092], [85.149141, 27.928074], [85.149121, 27.928074], [85.149121, 27.928056], [85.149101, 27.928055], [85.149101, 27.928037], [85.149081, 27.928037], [85.149081, 27.928019], [85.149102, 27.928019], [85.149102, 27.927983], [85.149123, 27.927983], [85.149123, 27.927965], [85.149143, 27.927966], [85.149144, 27.92793], [85.149164, 27.92793], [85.149165, 27.927912], [85.149185, 27.927912], [85.149185, 27.927894], [85.149206, 27.927894], [85.149206, 27.927858], [85.149226, 27.927858], [85.149227, 27.92784], [85.149247, 27.927841], [85.149247, 27.927823], [85.149268, 27.927823], [85.149267, 27.927841], [85.149288, 27.927841], [85.149288, 27.927823], [85.149329, 27.927824], [85.149329, 27.927806], [85.149349, 27.927806], [85.14935, 27.927788], [85.14939, 27.927788], [85.14939, 27.927806], [85.14941, 27.927807], [85.149411, 27.927789], [85.149431, 27.927789], [85.149431, 27.927753], [85.149411, 27.927753], [85.149411, 27.927735], [85.149391, 27.927734], [85.149391, 27.927752], [85.149371, 27.927752], [85.149371, 27.927734], [85.14935, 27.927734], [85.149351, 27.927716], [85.14933, 27.927715], [85.149331, 27.927697], [85.149351, 27.927698], [85.149351, 27.92768], [85.149372, 27.92768], [85.149372, 27.927662], [85.149392, 27.927662], [85.149393, 27.927644], [85.149413, 27.927644], [85.149413, 27.927662], [85.149474, 27.927663], [85.149474, 27.927645], [85.149535, 27.927646], [85.149535, 27.927664], [85.149555, 27.927664], [85.149555, 27.927682], [85.149575, 27.927683], [85.149574, 27.927719], [85.149554, 27.927718], [85.149553, 27.927755], [85.149533, 27.927754], [85.149532, 27.92779], [85.149553, 27.927791], [85.149552, 27.927827], [85.149532, 27.927826], [85.149531, 27.927899], [85.149592, 27.927899], [85.149591, 27.927918], [85.149652, 27.927918], [85.149652, 27.9279], [85.149754, 27.927902], [85.149754, 27.927884], [85.149815, 27.927884], [85.149816, 27.927866], [85.149836, 27.927867], [85.149836, 27.927885], [85.149856, 27.927885], [85.149856, 27.927867], [85.149877, 27.927867], [85.149877, 27.927849], [85.149897, 27.927849], [85.149898, 27.927831], [85.149918, 27.927832], [85.149918, 27.92785], [85.149938, 27.92785], [85.149938, 27.927868], [85.149958, 27.927868], [85.149957, 27.927904], [85.149937, 27.927904], [85.149937, 27.927922], [85.149916, 27.927922], [85.149916, 27.92794], [85.149896, 27.92794], [85.149895, 27.927958], [85.149875, 27.927957], [85.149875, 27.927975], [85.149814, 27.927975], [85.149813, 27.927993], [85.149793, 27.927992], [85.149793, 27.92801], [85.149712, 27.928009], [85.149712, 27.927991], [85.149692, 27.927991], [85.149691, 27.928009], [85.149671, 27.928009], [85.149671, 27.928027], [85.14965, 27.928027], [85.14965, 27.928045], [85.14963, 27.928044], [85.149629, 27.928062], [85.149609, 27.928062], [85.149609, 27.92808], [85.149588, 27.92808], [85.149588, 27.928098], [85.149568, 27.928098], [85.149568, 27.928116], [85.149507, 27.928115], [85.149506, 27.928133], [85.149486, 27.928133], [85.149486, 27.928151], [85.149425, 27.92815], [85.149424, 27.928168], [85.149404, 27.928168], [85.149404, 27.928186], [85.149383, 27.928185], [85.149383, 27.928203], [85.149363, 27.928203], [85.149363, 27.928221], [85.149322, 27.928221], [85.149322, 27.928239], [85.14924, 27.928238], [85.14924, 27.928256], [85.14922, 27.928255], [85.149219, 27.928273], [85.149199, 27.928273], [85.149199, 27.928291], [85.149178, 27.928291], [85.149178, 27.928327], [85.149157, 27.928327], [85.149157, 27.928345], [85.149137, 27.928345], [85.149136, 27.928399], [85.149116, 27.928398], [85.149115, 27.928435], [85.149095, 27.928434], [85.149094, 27.92847], [85.149114, 27.928471], [85.149108, 27.928868], [85.149128, 27.928868], [85.149126, 27.928994], [85.149146, 27.928994], [85.149145, 27.929049], [85.149166, 27.929049], [85.149165, 27.929067], [85.149145, 27.929067], [85.149145, 27.929085], [85.149124, 27.929084], [85.149124, 27.929102], [85.149104, 27.929102]]]}, "properties": {"layer": "stripped vegetation, day 2", "note": "cloud-free 59% of corridor only"}}, {"type": "Feature", "geometry": {"type": "Polygon", "coordinates": [[[85.150146, 27.927546], [85.150147, 27.927528], [85.150126, 27.927528], [85.150127, 27.92751], [85.150106, 27.927509], [85.150107, 27.927491], [85.150127, 27.927492], [85.150127, 27.927455], [85.150148, 27.927456], [85.150148, 27.92742], [85.150169, 27.92742], [85.150169, 27.927402], [85.150189, 27.927402], [85.15019, 27.927384], [85.15021, 27.927384], [85.150211, 27.92733], [85.150231, 27.92733], [85.150232, 27.927312], [85.150252, 27.927313], [85.150252, 27.927295], [85.150293, 27.927295], [85.150292, 27.927313], [85.150313, 27.927314], [85.150312, 27.927332], [85.150333, 27.927332], [85.150332, 27.92735], [85.150353, 27.92735], [85.150352, 27.927404], [85.150332, 27.927404], [85.150331, 27.92744], [85.150311, 27.92744], [85.15031, 27.927458], [85.15029, 27.927458], [85.15029, 27.927476], [85.150269, 27.927475], [85.15027, 27.927457], [85.150249, 27.927457], [85.150249, 27.927475], [85.150229, 27.927475], [85.150228, 27.927493], [85.150208, 27.927493], [85.150208, 27.927511], [85.150187, 27.92751], [85.150187, 27.927528], [85.150167, 27.927528], [85.150167, 27.927546], [85.150146, 27.927546]]]}, "properties": {"layer": "stripped vegetation, day 2", "note": "cloud-free 59% of corridor only"}}, {"type": "Feature", "geometry": {"type": "Polygon", "coordinates": [[[85.150375, 27.927224], [85.150376, 27.927206], [85.150355, 27.927206], [85.150356, 27.927188], [85.150335, 27.927187], [85.150336, 27.927169], [85.150356, 27.92717], [85.150356, 27.927152], [85.150376, 27.927152], [85.150377, 27.927134], [85.150397, 27.927134], [85.150397, 27.927116], [85.150418, 27.927116], [85.150418, 27.927098], [85.150459, 27.927099], [85.150458, 27.927117], [85.150479, 27.927117], [85.150478, 27.927135], [85.150499, 27.927136], [85.150498, 27.92719], [85.150477, 27.927189], [85.150477, 27.927207], [85.150457, 27.927207], [85.150457, 27.927225], [85.150375, 27.927224]]]}, "properties": {"layer": "stripped vegetation, day 2", "note": "cloud-free 59% of corridor only"}}, {"type": "Feature", "geometry": {"type": "Polygon", "coordinates": [[[85.14958, 27.927358], [85.149581, 27.92734], [85.14956, 27.92734], [85.149561, 27.927321], [85.14954, 27.927321], [85.149541, 27.927267], [85.149521, 27.927267], [85.149521, 27.927249], [85.149542, 27.927249], [85.149542, 27.927231], [85.149562, 27.927231], [85.149563, 27.927213], [85.149603, 27.927214], [85.149603, 27.927232], [85.149623, 27.927232], [85.149623, 27.92725], [85.149664, 27.927251], [85.149664, 27.927233], [85.149684, 27.927233], [85.149684, 27.927215], [85.149705, 27.927215], [85.149705, 27.927197], [85.149685, 27.927197], [85.149685, 27.927161], [85.149706, 27.927161], [85.149706, 27.927143], [85.149726, 27.927143], [85.149727, 27.927107], [85.149747, 27.927107], [85.149748, 27.927071], [85.149768, 27.927072], [85.149769, 27.927054], [85.149789, 27.927054], [85.149789, 27.927036], [85.14983, 27.927036], [85.149829, 27.927054], [85.14985, 27.927055], [85.149849, 27.927073], [85.14987, 27.927073], [85.149868, 27.927163], [85.149848, 27.927163], [85.149848, 27.927181], [85.149827, 27.927181], [85.149827, 27.927199], [85.149807, 27.927198], [85.149806, 27.927216], [85.149786, 27.927216], [85.149786, 27.927234], [85.149725, 27.927233], [85.149725, 27.927251], [85.149745, 27.927252], [85.149745, 27.92727], [85.149724, 27.92727], [85.149724, 27.927288], [85.149704, 27.927287], [85.149703, 27.927305], [85.149663, 27.927305], [85.149662, 27.927323], [85.149642, 27.927323], [85.149642, 27.927341], [85.149621, 27.92734], [85.149621, 27.927358], [85.14958, 27.927358]]]}, "properties": {"layer": "stripped vegetation, day 2", "note": "cloud-free 59% of corridor only"}}, {"type": "Feature", "geometry": {"type": "Polygon", "coordinates": [[[85.147772, 27.927334], [85.147773, 27.927315], [85.147752, 27.927315], [85.147753, 27.927297], [85.147732, 27.927297], [85.147733, 27.927225], [85.147754, 27.927225], [85.147754, 27.927207], [85.147774, 27.927207], [85.147775, 27.927153], [85.147796, 27.927153], [85.147797, 27.927063], [85.147817, 27.927063], [85.147818, 27.927045], [85.147838, 27.927046], [85.147838, 27.927028], [85.147859, 27.927028], [85.147859, 27.92701], [85.147879, 27.92701], [85.14788, 27.926992], [85.1479, 27.926992], [85.1479, 27.926974], [85.147921, 27.926975], [85.14792, 27.926993], [85.147941, 27.926993], [85.14794, 27.927011], [85.147961, 27.927011], [85.14796, 27.927029], [85.147981, 27.927029], [85.147979, 27.927138], [85.147958, 27.927137], [85.147958, 27.927192], [85.147937, 27.927191], [85.147936, 27.927245], [85.147916, 27.927245], [85.147915, 27.927281], [85.147895, 27.927281], [85.147895, 27.927299], [85.147874, 27.927299], [85.147874, 27.927317], [85.147854, 27.927317], [85.147853, 27.927335], [85.147772, 27.927334]]]}, "properties": {"layer": "stripped vegetation, day 2", "note": "cloud-free 59% of corridor only"}}, {"type": "Feature", "geometry": {"type": "Polygon", "coordinates": [[[85.149872, 27.926947], [85.149872, 27.926929], [85.149852, 27.926928], [85.149852, 27.92691], [85.149832, 27.92691], [85.149832, 27.926892], [85.149812, 27.926892], [85.149813, 27.926856], [85.149833, 27.926856], [85.149833, 27.926838], [85.149853, 27.926838], [85.149854, 27.92682], [85.149935, 27.926821], [85.149936, 27.926785], [85.149915, 27.926785], [85.149916, 27.926767], [85.149936, 27.926767], [85.149936, 27.926749], [85.149957, 27.926749], [85.149957, 27.926731], [85.149977, 27.926731], [85.149977, 27.926749], [85.149997, 27.92675], [85.149997, 27.926768], [85.150017, 27.926768], [85.150017, 27.926804], [85.150037, 27.926804], [85.150037, 27.926822], [85.150016, 27.926822], [85.150016, 27.92684], [85.149996, 27.92684], [85.149995, 27.926876], [85.150015, 27.926876], [85.150015, 27.926894], [85.149995, 27.926894], [85.149994, 27.926912], [85.149974, 27.926912], [85.149974, 27.92693], [85.149933, 27.926929], [85.149934, 27.926911], [85.149913, 27.926911], [85.149913, 27.926929], [85.149893, 27.926929], [85.149892, 27.926947], [85.149872, 27.926947]]]}, "properties": {"layer": "stripped vegetation, day 2", "note": "cloud-free 59% of corridor only"}}, {"type": "Feature", "geometry": {"type": "Polygon", "coordinates": [[[85.150439, 27.925889], [85.150439, 27.925871], [85.150419, 27.925871], [85.150419, 27.925853], [85.150399, 27.925853], [85.150399, 27.925835], [85.150419, 27.925835], [85.15042, 27.925817], [85.15044, 27.925817], [85.15044, 27.925799], [85.15046, 27.925799], [85.150461, 27.925781], [85.150481, 27.925782], [85.150481, 27.9258], [85.150501, 27.9258], [85.150501, 27.925818], [85.150521, 27.925818], [85.150521, 27.925854], [85.1505, 27.925854], [85.1505, 27.925872], [85.15048, 27.925872], [85.150479, 27.92589], [85.150439, 27.925889]]]}, "properties": {"layer": "stripped vegetation, day 2", "note": "cloud-free 59% of corridor only"}}, {"type": "Feature", "geometry": {"type": "Polygon", "coordinates": [[[85.150562, 27.925801], [85.150562, 27.925783], [85.150542, 27.925782], [85.150542, 27.925764], [85.150522, 27.925764], [85.150522, 27.925746], [85.150543, 27.925746], [85.150543, 27.925728], [85.150563, 27.925729], [85.150564, 27.92571], [85.150604, 27.925711], [85.150604, 27.925729], [85.150624, 27.925729], [85.150624, 27.925747], [85.150644, 27.925748], [85.150644, 27.925766], [85.150624, 27.925765], [85.150623, 27.925783], [85.150603, 27.925783], [85.150603, 27.925801], [85.150562, 27.925801]]]}, "properties": {"layer": "stripped vegetation, day 2", "note": "cloud-free 59% of corridor only"}}, {"type": "Feature", "geometry": {"type": "Polygon", "coordinates": [[[85.150541, 27.927064], [85.150541, 27.927046], [85.150521, 27.927046], [85.150521, 27.927028], [85.150501, 27.927027], [85.150501, 27.927009], [85.150521, 27.927009], [85.150521, 27.926991], [85.150542, 27.926992], [85.150542, 27.926974], [85.150522, 27.926973], [85.150522, 27.926937], [85.150543, 27.926938], [85.150544, 27.926883], [85.150564, 27.926884], [85.150565, 27.92683], [85.150585, 27.92683], [85.150586, 27.926794], [85.150606, 27.926794], [85.150607, 27.926758], [85.150627, 27.926758], [85.150628, 27.926722], [85.150648, 27.926722], [85.150649, 27.926686], [85.150669, 27.926687], [85.15067, 27.926596], [85.150691, 27.926597], [85.150692, 27.926524], [85.150712, 27.926525], [85.150713, 27.926471], [85.150734, 27.926471], [85.150735, 27.926363], [85.150756, 27.926363], [85.150757, 27.926309], [85.150777, 27.926309], [85.150778, 27.926237], [85.150798, 27.926237], [85.150799, 27.926183], [85.15082, 27.926183], [85.150821, 27.926129], [85.150841, 27.926129], [85.150844, 27.925967], [85.150864, 27.925967], [85.150866, 27.925859], [85.150886, 27.925859], [85.150887, 27.925823], [85.150907, 27.925823], [85.15091, 27.925679], [85.15093, 27.925679], [85.15093, 27.925661], [85.150951, 27.925662], [85.150951, 27.925607], [85.150972, 27.925608], [85.150973, 27.925517], [85.150994, 27.925518], [85.150995, 27.925464], [85.150974, 27.925463], [85.150975, 27.925445], [85.150995, 27.925446], [85.150996, 27.925373], [85.151016, 27.925374], [85.151017, 27.925356], [85.151037, 27.925356], [85.151037, 27.925338], [85.151078, 27.925338], [85.151078, 27.925356], [85.151098, 27.925357], [85.151098, 27.925375], [85.151118, 27.925375], [85.151118, 27.925393], [85.151138, 27.925393], [85.151137, 27.925465], [85.151116, 27.925465], [85.151116, 27.925501], [85.151096, 27.925501], [85.151095, 27.925537], [85.151115, 27.925537], [85.151115, 27.925555], [85.151135, 27.925556], [85.151136, 27.92552], [85.151156, 27.92552], [85.151157, 27.925484], [85.151177, 27.925484], [85.151177, 27.925466], [85.151198, 27.925466], [85.151199, 27.925376], [85.15122, 27.925376], [85.15122, 27.925358], [85.15124, 27.925359], [85.151241, 27.925341], [85.151261, 27.925341], [85.151261, 27.925323], [85.151241, 27.925322], [85.151242, 27.925268], [85.151262, 27.925269], [85.151262, 27.925251], [85.151283, 27.925251], [85.151283, 27.925233], [85.151303, 27.925233], [85.151304, 27.925215], [85.151324, 27.925215], [85.151324, 27.925233], [85.151344, 27.925234], [85.151344, 27.925252], [85.151364, 27.925252], [85.151364, 27.92527], [85.151343, 27.92527], [85.151342, 27.925324], [85.151322, 27.925324], [85.151322, 27.925342], [85.151301, 27.925341], [85.151301, 27.925359], [85.151281, 27.925359], [85.151281, 27.925377], [85.151301, 27.925377], [85.151299, 27.925468], [85.151279, 27.925467], [85.151279, 27.925485], [85.151299, 27.925486], [85.151298, 27.92554], [85.151278, 27.92554], [85.151277, 27.925576], [85.151257, 27.925575], [85.151256, 27.92563], [85.151236, 27.925629], [85.151235, 27.925647], [85.151215, 27.925647], [85.151214, 27.925683], [85.151235, 27.925683], [85.151234, 27.925738], [85.151213, 27.925737], [85.151213, 27.925755], [85.151193, 27.925755], [85.151192, 27.925773], [85.151172, 27.925773], [85.151171, 27.925827], [85.151151, 27.925827], [85.151151, 27.925845], [85.15113, 27.925844], [85.151129, 27.925935], [85.151108, 27.925934], [85.151108, 27.92597], [85.151088, 27.92597], [85.151086, 27.92606], [85.151066, 27.92606], [85.151065, 27.926078], [85.151045, 27.926078], [85.151044, 27.926132], [85.151024, 27.926132], [85.151024, 27.92615], [85.151003, 27.92615], [85.151002, 27.92624], [85.150981, 27.92624], [85.150981, 27.926276], [85.15096, 27.926275], [85.150959, 27.926348], [85.150939, 27.926347], [85.150939, 27.926365], [85.150918, 27.926365], [85.150918, 27.926383], [85.150898, 27.926383], [85.150896, 27.926473], [85.150876, 27.926473], [85.150875, 27.926545], [85.150854, 27.926545], [85.150854, 27.926563], [85.150834, 27.926562], [85.150833, 27.926617], [85.150812, 27.926616], [85.150811, 27.92667], [85.150791, 27.92667], [85.15079, 27.92676], [85.150769, 27.92676], [85.150769, 27.926796], [85.150748, 27.926796], [85.150748, 27.926832], [85.150727, 27.926832], [85.150726, 27.926886], [85.150706, 27.926886], [85.150706, 27.926904], [85.150686, 27.926903], [85.150685, 27.926921], [85.150645, 27.926921], [85.150644, 27.926957], [85.150624, 27.926957], [85.150623, 27.926975], [85.150603, 27.926974], [85.150603, 27.926993], [85.150582, 27.926992], [85.150582, 27.92701], [85.150602, 27.927011], [85.150602, 27.927029], [85.150582, 27.927028], [85.150582, 27.927046], [85.150561, 27.927046], [85.150561, 27.927064], [85.150541, 27.927064]], [[85.151009, 27.925789], [85.15105, 27.925789], [85.15105, 27.925771], [85.151071, 27.925771], [85.151072, 27.925699], [85.151031, 27.925699], [85.151031, 27.925717], [85.151011, 27.925716], [85.151009, 27.925789]]]}, "properties": {"layer": "stripped vegetation, day 2", "note": "cloud-free 59% of corridor only"}}, {"type": "Feature", "geometry": {"type": "Polygon", "coordinates": [[[85.150814, 27.925335], [85.150814, 27.925317], [85.150794, 27.925316], [85.150794, 27.925298], [85.150774, 27.925298], [85.150774, 27.92528], [85.150754, 27.92528], [85.150754, 27.925262], [85.150774, 27.925262], [85.150775, 27.925244], [85.150795, 27.925244], [85.150795, 27.925226], [85.150816, 27.925227], [85.150816, 27.925208], [85.150836, 27.925209], [85.150837, 27.925191], [85.150857, 27.925191], [85.150858, 27.925101], [85.150879, 27.925101], [85.150879, 27.925083], [85.150899, 27.925083], [85.150901, 27.924975], [85.150881, 27.924975], [85.150881, 27.924957], [85.150902, 27.924957], [85.150902, 27.924939], [85.150922, 27.924939], [85.150923, 27.924921], [85.150943, 27.924921], [85.150943, 27.924903], [85.150963, 27.924904], [85.150964, 27.924886], [85.150943, 27.924885], [85.150944, 27.924867], [85.150964, 27.924868], [85.150964, 27.924849], [85.150944, 27.924849], [85.150944, 27.924831], [85.150924, 27.924831], [85.150924, 27.924849], [85.150903, 27.924849], [85.150904, 27.924831], [85.150883, 27.92483], [85.150884, 27.924812], [85.150863, 27.924812], [85.150864, 27.924776], [85.150884, 27.924776], [85.150885, 27.924758], [85.150905, 27.924758], [85.150905, 27.92474], [85.150926, 27.924741], [85.150926, 27.924723], [85.151007, 27.924724], [85.151008, 27.924688], [85.151028, 27.924688], [85.151028, 27.92467], [85.151008, 27.92467], [85.151008, 27.924652], [85.150988, 27.924651], [85.150988, 27.924633], [85.151009, 27.924633], [85.151009, 27.924615], [85.151029, 27.924616], [85.15103, 27.924598], [85.151091, 27.924598], [85.151091, 27.92458], [85.151111, 27.924581], [85.151111, 27.924599], [85.151131, 27.924599], [85.151131, 27.924617], [85.151151, 27.924617], [85.151151, 27.924635], [85.151171, 27.924636], [85.15117, 27.92469], [85.15115, 27.92469], [85.151149, 27.924726], [85.15117, 27.924726], [85.151168, 27.924798], [85.151148, 27.924798], [85.151148, 27.924816], [85.151128, 27.924816], [85.151127, 27.924834], [85.151107, 27.924833], [85.151107, 27.924815], [85.151087, 27.924815], [85.151087, 27.924833], [85.151046, 27.924833], [85.151046, 27.924851], [85.151025, 27.92485], [85.151025, 27.924868], [85.151045, 27.924869], [85.151045, 27.924887], [85.151025, 27.924886], [85.151024, 27.924904], [85.151045, 27.924905], [85.151044, 27.924941], [85.151064, 27.924941], [85.151063, 27.924995], [85.151084, 27.924995], [85.151083, 27.925032], [85.151063, 27.925031], [85.151063, 27.925049], [85.151042, 27.925049], [85.151042, 27.925085], [85.151021, 27.925085], [85.151021, 27.925103], [85.151041, 27.925103], [85.15104, 27.925157], [85.15102, 27.925157], [85.151018, 27.925265], [85.150998, 27.925265], [85.150998, 27.925283], [85.150977, 27.925283], [85.150977, 27.925301], [85.150936, 27.9253], [85.150937, 27.925282], [85.150916, 27.925282], [85.150917, 27.925264], [85.150896, 27.925264], [85.150896, 27.925282], [85.150876, 27.925281], [85.150875, 27.9253], [85.150855, 27.925299], [85.150855, 27.925317], [85.150834, 27.925317], [85.150834, 27.925335], [85.150814, 27.925335]]]}, "properties": {"layer": "stripped vegetation, day 2", "note": "cloud-free 59% of corridor only"}}, {"type": "Feature", "geometry": {"type": "Polygon", "coordinates": [[[85.151018, 27.924074], [85.151019, 27.924056], [85.150998, 27.924056], [85.150999, 27.924038], [85.150978, 27.924037], [85.150978, 27.924019], [85.150999, 27.92402], [85.150999, 27.924002], [85.151019, 27.924002], [85.15102, 27.923984], [85.15104, 27.923984], [85.15104, 27.924002], [85.15106, 27.924002], [85.15106, 27.92402], [85.15108, 27.924021], [85.15108, 27.924039], [85.151059, 27.924039], [85.151059, 27.924057], [85.151039, 27.924056], [85.151039, 27.924074], [85.151018, 27.924074]]]}, "properties": {"layer": "stripped vegetation, day 2", "note": "cloud-free 59% of corridor only"}}, {"type": "Feature", "geometry": {"type": "Polygon", "coordinates": [[[85.151192, 27.9246], [85.151192, 27.924582], [85.151172, 27.924582], [85.151172, 27.924563], [85.151111, 27.924563], [85.151112, 27.924545], [85.151091, 27.924544], [85.151092, 27.924526], [85.151071, 27.924526], [85.151073, 27.924454], [85.151052, 27.924454], [85.151053, 27.924436], [85.151073, 27.924436], [85.151073, 27.924418], [85.151094, 27.924418], [85.151095, 27.924346], [85.151115, 27.924346], [85.151117, 27.924256], [85.151137, 27.924256], [85.151138, 27.92422], [85.151158, 27.92422], [85.151158, 27.924202], [85.151179, 27.924203], [85.151179, 27.924185], [85.151159, 27.924184], [85.151159, 27.924166], [85.151139, 27.924166], [85.15114, 27.924076], [85.15116, 27.924076], [85.151161, 27.924022], [85.151141, 27.924022], [85.151142, 27.923985], [85.151162, 27.923986], [85.151162, 27.923968], [85.151183, 27.923968], [85.151183, 27.923932], [85.151204, 27.923932], [85.151204, 27.923914], [85.151224, 27.923914], [85.151224, 27.923896], [85.151245, 27.923897], [85.151245, 27.923879], [85.151265, 27.923879], [85.151266, 27.923861], [85.151286, 27.923861], [85.151287, 27.923825], [85.151266, 27.923825], [85.151267, 27.923807], [85.151246, 27.923806], [85.151247, 27.923788], [85.151226, 27.923788], [85.151227, 27.92377], [85.151206, 27.92377], [85.151207, 27.923716], [85.151228, 27.923716], [85.151228, 27.923698], [85.151248, 27.923698], [85.151248, 27.92368], [85.151269, 27.92368], [85.151269, 27.923662], [85.151289, 27.923663], [85.151289, 27.923681], [85.151309, 27.923681], [85.151309, 27.923699], [85.151329, 27.923699], [85.151329, 27.923717], [85.151349, 27.923718], [85.151348, 27.923808], [85.151328, 27.923807], [85.151327, 27.923826], [85.151307, 27.923825], [85.151306, 27.923861], [85.151327, 27.923862], [85.151326, 27.92388], [85.151347, 27.92388], [85.151345, 27.923952], [85.151366, 27.923952], [85.151365, 27.92397], [85.151345, 27.92397], [85.151345, 27.923988], [85.151324, 27.923988], [85.151324, 27.924006], [85.151263, 27.924005], [85.151263, 27.924023], [85.151283, 27.924023], [85.151283, 27.924042], [85.151303, 27.924042], [85.151303, 27.92406], [85.151323, 27.92406], [85.151322, 27.924132], [85.151302, 27.924132], [85.1513, 27.924204], [85.151321, 27.924204], [85.15132, 27.924259], [85.1513, 27.924258], [85.151299, 27.924294], [85.151279, 27.924294], [85.151277, 27.924384], [85.151297, 27.924385], [85.151297, 27.924421], [85.151276, 27.92442], [85.151276, 27.924475], [85.151255, 27.924474], [85.151254, 27.924565], [85.151233, 27.924564], [85.151233, 27.924582], [85.151213, 27.924582], [85.151212, 27.9246], [85.151192, 27.9246]]]}, "properties": {"layer": "stripped vegetation, day 2", "note": "cloud-free 59% of corridor only"}}, {"type": "Feature", "geometry": {"type": "Polygon", "coordinates": [[[85.151902, 27.922317], [85.151902, 27.922299], [85.151882, 27.922299], [85.151882, 27.922281], [85.151862, 27.92228], [85.151862, 27.922262], [85.151882, 27.922263], [85.151882, 27.922245], [85.151903, 27.922245], [85.151903, 27.922227], [85.151923, 27.922227], [85.151923, 27.922245], [85.151943, 27.922245], [85.151943, 27.922264], [85.151963, 27.922264], [85.151963, 27.922282], [85.151943, 27.922282], [85.151943, 27.9223], [85.151922, 27.922299], [85.151922, 27.922317], [85.151902, 27.922317]]]}, "properties": {"layer": "stripped vegetation, day 2", "note": "cloud-free 59% of corridor only"}}, {"type": "Feature", "geometry": {"type": "Polygon", "coordinates": [[[85.151046, 27.922414], [85.151047, 27.922396], [85.151026, 27.922396], [85.151027, 27.922378], [85.150986, 27.922377], [85.150986, 27.922359], [85.150946, 27.922358], [85.150946, 27.92234], [85.150926, 27.92234], [85.150926, 27.922322], [85.150906, 27.922322], [85.150907, 27.922268], [85.150886, 27.922267], [85.150887, 27.922249], [85.150866, 27.922249], [85.150867, 27.922213], [85.150847, 27.922213], [85.150847, 27.922195], [85.150827, 27.922194], [85.150827, 27.922158], [85.150807, 27.922158], [85.150807, 27.92214], [85.150787, 27.92214], [85.150787, 27.922122], [85.150767, 27.922121], [85.150767, 27.922103], [85.150788, 27.922104], [85.150788, 27.922086], [85.150808, 27.922086], [85.150809, 27.922068], [85.150829, 27.922068], [85.150829, 27.922086], [85.150849, 27.922086], [85.150849, 27.922104], [85.150889, 27.922105], [85.150889, 27.922123], [85.150909, 27.922123], [85.150909, 27.922141], [85.150929, 27.922142], [85.150929, 27.92216], [85.15099, 27.92216], [85.15099, 27.922179], [85.15101, 27.922179], [85.15101, 27.922197], [85.15103, 27.922197], [85.151029, 27.922233], [85.15105, 27.922233], [85.151048, 27.922306], [85.151069, 27.922306], [85.151068, 27.922324], [85.151089, 27.922324], [85.151088, 27.922342], [85.151109, 27.922343], [85.151108, 27.922379], [85.151088, 27.922378], [85.151087, 27.922396], [85.151067, 27.922396], [85.151067, 27.922414], [85.151046, 27.922414]]]}, "properties": {"layer": "stripped vegetation, day 2", "note": "cloud-free 59% of corridor only"}}, {"type": "Feature", "geometry": {"type": "Polygon", "coordinates": [[[85.15028, 27.922079], [85.15028, 27.922061], [85.15026, 27.92206], [85.15026, 27.922042], [85.15024, 27.922042], [85.15024, 27.922024], [85.150261, 27.922024], [85.150261, 27.922006], [85.150281, 27.922007], [85.150282, 27.921989], [85.150302, 27.921989], [85.150302, 27.922007], [85.150322, 27.922007], [85.150322, 27.922025], [85.150342, 27.922025], [85.150342, 27.922043], [85.150321, 27.922043], [85.150321, 27.922061], [85.150301, 27.922061], [85.1503, 27.922079], [85.15028, 27.922079]]]}, "properties": {"layer": "stripped vegetation, day 2", "note": "cloud-free 59% of corridor only"}}, {"type": "Feature", "geometry": {"type": "Polygon", "coordinates": [[[85.150748, 27.922049], [85.150748, 27.922031], [85.150728, 27.922031], [85.150728, 27.922013], [85.150708, 27.922012], [85.150708, 27.921994], [85.150728, 27.921995], [85.150729, 27.921976], [85.150708, 27.921976], [85.150709, 27.921958], [85.150729, 27.921958], [85.150729, 27.92194], [85.15075, 27.921941], [85.15075, 27.921923], [85.15077, 27.921923], [85.15077, 27.921941], [85.15079, 27.921941], [85.15079, 27.921959], [85.15081, 27.92196], [85.15081, 27.921978], [85.15083, 27.921978], [85.15083, 27.921996], [85.15081, 27.921996], [85.150809, 27.922014], [85.150789, 27.922013], [85.150789, 27.922031], [85.150768, 27.922031], [85.150768, 27.922049], [85.150748, 27.922049]]]}, "properties": {"layer": "stripped vegetation, day 2", "note": "cloud-free 59% of corridor only"}}, {"type": "Feature", "geometry": {"type": "Polygon", "coordinates": [[[85.149996, 27.922021], [85.149997, 27.922003], [85.149976, 27.922002], [85.149977, 27.921984], [85.149956, 27.921984], [85.149957, 27.921966], [85.149916, 27.921966], [85.149916, 27.921947], [85.149896, 27.921947], [85.149896, 27.921929], [85.149876, 27.921929], [85.149876, 27.921911], [85.149897, 27.921911], [85.149897, 27.921893], [85.149917, 27.921893], [85.149918, 27.921875], [85.149958, 27.921876], [85.149958, 27.921894], [85.149999, 27.921894], [85.149998, 27.921912], [85.150039, 27.921913], [85.150039, 27.921931], [85.150059, 27.921931], [85.150059, 27.921949], [85.150079, 27.92195], [85.150079, 27.921968], [85.150058, 27.921967], [85.150058, 27.921985], [85.150038, 27.921985], [85.150037, 27.922003], [85.150017, 27.922003], [85.150017, 27.922021], [85.149996, 27.922021]]]}, "properties": {"layer": "stripped vegetation, day 2", "note": "cloud-free 59% of corridor only"}}, {"type": "Feature", "geometry": {"type": "Polygon", "coordinates": [[[85.150302, 27.921971], [85.150302, 27.921953], [85.150282, 27.921952], [85.150282, 27.921934], [85.150262, 27.921934], [85.150262, 27.921916], [85.150242, 27.921916], [85.150242, 27.921898], [85.150222, 27.921897], [85.150222, 27.921879], [85.150243, 27.92188], [85.150243, 27.921862], [85.150263, 27.921862], [85.150264, 27.921844], [85.150304, 27.921844], [85.150304, 27.921862], [85.150324, 27.921863], [85.150324, 27.921881], [85.150344, 27.921881], [85.150344, 27.921899], [85.150364, 27.921899], [85.150364, 27.921917], [85.150384, 27.921918], [85.150384, 27.921936], [85.150364, 27.921935], [85.150363, 27.921954], [85.150343, 27.921953], [85.150343, 27.921971], [85.150302, 27.921971]]]}, "properties": {"layer": "stripped vegetation, day 2", "note": "cloud-free 59% of corridor only"}}, {"type": "Feature", "geometry": {"type": "Polygon", "coordinates": [[[85.150506, 27.921955], [85.150506, 27.921937], [85.150486, 27.921937], [85.150486, 27.921919], [85.150405, 27.921918], [85.150405, 27.9219], [85.150385, 27.9219], [85.150385, 27.921882], [85.150365, 27.921881], [85.150366, 27.921827], [85.150386, 27.921827], [85.150386, 27.921809], [85.150406, 27.92181], [85.150407, 27.921792], [85.150447, 27.921792], [85.150447, 27.92181], [85.150467, 27.921811], [85.150467, 27.921829], [85.150569, 27.92183], [85.150568, 27.921848], [85.150589, 27.921848], [85.150589, 27.92183], [85.15065, 27.921831], [85.15065, 27.921849], [85.15067, 27.921849], [85.15067, 27.921867], [85.15069, 27.921868], [85.15069, 27.921886], [85.15071, 27.921886], [85.150709, 27.921922], [85.150689, 27.921922], [85.150689, 27.92194], [85.150668, 27.92194], [85.150668, 27.921958], [85.150628, 27.921957], [85.150628, 27.921939], [85.150607, 27.921939], [85.150608, 27.921921], [85.150587, 27.92192], [85.150588, 27.921902], [85.150567, 27.921902], [85.150567, 27.92192], [85.150547, 27.92192], [85.150547, 27.921938], [85.150526, 27.921938], [85.150526, 27.921956], [85.150506, 27.921955]]]}, "properties": {"layer": "stripped vegetation, day 2", "note": "cloud-free 59% of corridor only"}}, {"type": "Feature", "geometry": {"type": "Polygon", "coordinates": [[[85.150161, 27.921879], [85.150162, 27.921861], [85.150141, 27.92186], [85.150142, 27.921842], [85.150121, 27.921842], [85.150122, 27.921824], [85.150101, 27.921824], [85.150102, 27.921806], [85.150122, 27.921806], [85.150122, 27.921788], [85.150143, 27.921788], [85.150143, 27.92177], [85.150184, 27.921771], [85.150183, 27.921789], [85.150204, 27.921789], [85.150203, 27.921807], [85.150224, 27.921807], [85.150223, 27.921843], [85.150203, 27.921843], [85.150202, 27.921861], [85.150182, 27.921861], [85.150182, 27.921879], [85.150161, 27.921879]]]}, "properties": {"layer": "stripped vegetation, day 2", "note": "cloud-free 59% of corridor only"}}, {"type": "Feature", "geometry": {"type": "Polygon", "coordinates": [[[85.149878, 27.921839], [85.149878, 27.921821], [85.149858, 27.92182], [85.149858, 27.921802], [85.149838, 27.921802], [85.149838, 27.921784], [85.149818, 27.921784], [85.149818, 27.921766], [85.149838, 27.921766], [85.149839, 27.921748], [85.149859, 27.921748], [85.149859, 27.92173], [85.149879, 27.92173], [85.14988, 27.921712], [85.1499, 27.921713], [85.1499, 27.921695], [85.149921, 27.921695], [85.149921, 27.921677], [85.149941, 27.921677], [85.149941, 27.921695], [85.149961, 27.921695], [85.149961, 27.921713], [85.149981, 27.921714], [85.149982, 27.921696], [85.150002, 27.921696], [85.150002, 27.921714], [85.150022, 27.921714], [85.150022, 27.921732], [85.150042, 27.921733], [85.150042, 27.921751], [85.150062, 27.921751], [85.150062, 27.921769], [85.150082, 27.921769], [85.150082, 27.921787], [85.150061, 27.921787], [85.150061, 27.921805], [85.150041, 27.921805], [85.15004, 27.921823], [85.15002, 27.921823], [85.15002, 27.921804], [85.15, 27.921804], [85.15, 27.921786], [85.14998, 27.921786], [85.14998, 27.921768], [85.14996, 27.921768], [85.14996, 27.921804], [85.149939, 27.921803], [85.149939, 27.921821], [85.149919, 27.921821], [85.149918, 27.921839], [85.149878, 27.921839]]]}, "properties": {"layer": "stripped vegetation, day 2", "note": "cloud-free 59% of corridor only"}}, {"type": "Feature", "geometry": {"type": "Polygon", "coordinates": [[[85.150306, 27.921772], [85.150306, 27.921754], [85.150286, 27.921754], [85.150286, 27.921736], [85.150266, 27.921736], [85.150267, 27.921645], [85.150287, 27.921646], [85.150288, 27.921628], [85.150308, 27.921628], [85.150308, 27.92161], [85.150369, 27.921611], [85.15037, 27.921593], [85.15039, 27.921593], [85.15039, 27.921611], [85.15041, 27.921611], [85.15041, 27.921629], [85.15043, 27.92163], [85.15043, 27.921648], [85.150409, 27.921647], [85.150408, 27.921701], [85.150429, 27.921702], [85.150428, 27.92172], [85.150408, 27.921719], [85.150408, 27.921738], [85.150387, 27.921737], [85.150387, 27.921755], [85.150367, 27.921755], [85.150366, 27.921773], [85.150306, 27.921772]]]}, "properties": {"layer": "stripped vegetation, day 2", "note": "cloud-free 59% of corridor only"}}, {"type": "Feature", "geometry": {"type": "Polygon", "coordinates": [[[85.150529, 27.921775], [85.150529, 27.921757], [85.150509, 27.921757], [85.150509, 27.921739], [85.150489, 27.921739], [85.15049, 27.921684], [85.15047, 27.921684], [85.15047, 27.921666], [85.15049, 27.921666], [85.150491, 27.921648], [85.150511, 27.921649], [85.150511, 27.921631], [85.150531, 27.921631], [85.150531, 27.921649], [85.150551, 27.921649], [85.150552, 27.921631], [85.150572, 27.921631], [85.150572, 27.921613], [85.150593, 27.921614], [85.150593, 27.921596], [85.150613, 27.921596], [85.150613, 27.921614], [85.150633, 27.921614], [85.150633, 27.921632], [85.150653, 27.921633], [85.150653, 27.921651], [85.150673, 27.921651], [85.150673, 27.921669], [85.150693, 27.921669], [85.150693, 27.921687], [85.150673, 27.921687], [85.150672, 27.921705], [85.150652, 27.921705], [85.150652, 27.921723], [85.150591, 27.921722], [85.150591, 27.92174], [85.15057, 27.92174], [85.15057, 27.921758], [85.15055, 27.921757], [85.150549, 27.921776], [85.150529, 27.921775]]]}, "properties": {"layer": "stripped vegetation, day 2", "note": "cloud-free 59% of corridor only"}}, {"type": "Feature", "geometry": {"type": "Polygon", "coordinates": [[[85.140311, 27.919201], [85.140311, 27.919183], [85.140291, 27.919183], [85.140291, 27.919165], [85.140271, 27.919164], [85.140271, 27.919146], [85.140292, 27.919147], [85.140292, 27.919128], [85.140312, 27.919129], [85.140313, 27.919093], [85.140333, 27.919093], [85.140334, 27.919075], [85.140354, 27.919075], [85.140354, 27.919057], [85.140375, 27.919057], [85.140374, 27.919075], [85.140415, 27.919076], [85.140415, 27.919094], [85.140455, 27.919095], [85.140455, 27.919113], [85.140475, 27.919113], [85.140475, 27.919131], [85.140495, 27.919131], [85.140496, 27.919113], [85.140516, 27.919113], [85.140516, 27.919132], [85.140536, 27.919132], [85.140536, 27.91915], [85.140556, 27.91915], [85.140556, 27.919168], [85.140535, 27.919168], [85.140535, 27.919186], [85.140515, 27.919186], [85.140514, 27.919204], [85.140494, 27.919203], [85.140494, 27.919185], [85.140474, 27.919185], [85.140474, 27.919167], [85.140454, 27.919167], [85.140454, 27.919185], [85.140352, 27.919183], [85.140352, 27.919201], [85.140311, 27.919201]]]}, "properties": {"layer": "stripped vegetation, day 2", "note": "cloud-free 59% of corridor only"}}, {"type": "Feature", "geometry": {"type": "Polygon", "coordinates": [[[85.139175, 27.919077], [85.139176, 27.919059], [85.139155, 27.919059], [85.139156, 27.919041], [85.139135, 27.919041], [85.139136, 27.919023], [85.139115, 27.919022], [85.139116, 27.918968], [85.139137, 27.918968], [85.139137, 27.91895], [85.139157, 27.918951], [85.139158, 27.918933], [85.139178, 27.918933], [85.139178, 27.918951], [85.139198, 27.918951], [85.139198, 27.918969], [85.139218, 27.91897], [85.139217, 27.919024], [85.139237, 27.919024], [85.139237, 27.919042], [85.139217, 27.919042], [85.139216, 27.91906], [85.139196, 27.91906], [85.139196, 27.919078], [85.139175, 27.919077]]]}, "properties": {"layer": "stripped vegetation, day 2", "note": "cloud-free 59% of corridor only"}}, {"type": "Feature", "geometry": {"type": "Polygon", "coordinates": [[[85.139337, 27.919116], [85.139338, 27.919098], [85.139317, 27.919097], [85.139318, 27.919079], [85.139297, 27.919079], [85.139298, 27.919061], [85.139318, 27.919061], [85.139318, 27.919043], [85.139339, 27.919043], [85.139339, 27.919007], [85.139319, 27.919007], [85.139319, 27.918989], [85.139299, 27.918989], [85.1393, 27.918935], [85.13932, 27.918935], [85.13932, 27.918917], [85.139341, 27.918917], [85.139341, 27.918899], [85.139361, 27.918899], [85.139361, 27.918917], [85.139381, 27.918918], [85.139381, 27.918936], [85.139401, 27.918936], [85.139401, 27.918954], [85.139421, 27.918954], [85.139421, 27.918972], [85.139401, 27.918972], [85.1394, 27.91899], [85.13938, 27.91899], [85.13938, 27.919008], [85.139359, 27.919008], [85.139359, 27.919044], [85.139379, 27.919044], [85.139379, 27.919062], [85.139399, 27.919062], [85.139399, 27.91908], [85.139379, 27.91908], [85.139378, 27.919098], [85.139358, 27.919098], [85.139358, 27.919116], [85.139337, 27.919116]]]}, "properties": {"layer": "stripped vegetation, day 2", "note": "cloud-free 59% of corridor only"}}, {"type": "Feature", "geometry": {"type": "Polygon", "coordinates": [[[85.141744, 27.91978], [85.141744, 27.919762], [85.141724, 27.919762], [85.141724, 27.919743], [85.141704, 27.919743], [85.141704, 27.919725], [85.141684, 27.919725], [85.141684, 27.919707], [85.141664, 27.919707], [85.141664, 27.919688], [85.141644, 27.919688], [85.141644, 27.91967], [85.141624, 27.91967], [85.141624, 27.919652], [85.141604, 27.919652], [85.141605, 27.919615], [85.141584, 27.919615], [85.141585, 27.919597], [85.141564, 27.919597], [85.141565, 27.919579], [85.141544, 27.919579], [85.141545, 27.919542], [85.141525, 27.919542], [85.141525, 27.919524], [85.141505, 27.919524], [85.141505, 27.919506], [85.141485, 27.919506], [85.141485, 27.919488], [85.141465, 27.919487], [85.141465, 27.919451], [85.141445, 27.919451], [85.141445, 27.919433], [85.141425, 27.919433], [85.141425, 27.919415], [85.141405, 27.919414], [85.141405, 27.919396], [85.141364, 27.919396], [85.141365, 27.919378], [85.141344, 27.919377], [85.141345, 27.919359], [85.141304, 27.919359], [85.141304, 27.919341], [85.141284, 27.91934], [85.141284, 27.919322], [85.141244, 27.919322], [85.141244, 27.919304], [85.141204, 27.919303], [85.141204, 27.919285], [85.141184, 27.919285], [85.141184, 27.919267], [85.141143, 27.919266], [85.141143, 27.919248], [85.141123, 27.919248], [85.141123, 27.91923], [85.141083, 27.919229], [85.141083, 27.919211], [85.141063, 27.919211], [85.141063, 27.919193], [85.141023, 27.919193], [85.141023, 27.919174], [85.141003, 27.919174], [85.141003, 27.919156], [85.140962, 27.919156], [85.140963, 27.919138], [85.140942, 27.919137], [85.140943, 27.919119], [85.140902, 27.919119], [85.140902, 27.919101], [85.140862, 27.9191], [85.140862, 27.919082], [85.140842, 27.919082], [85.140842, 27.919064], [85.140801, 27.919063], [85.140802, 27.919045], [85.140781, 27.919045], [85.140782, 27.919027], [85.140741, 27.919026], [85.140741, 27.919008], [85.140721, 27.919008], [85.140721, 27.91899], [85.140681, 27.918989], [85.140681, 27.918971], [85.14064, 27.918971], [85.140641, 27.918953], [85.14062, 27.918952], [85.140621, 27.918934], [85.1406, 27.918934], [85.140601, 27.918916], [85.140621, 27.918916], [85.140621, 27.918898], [85.140641, 27.918899], [85.140642, 27.918881], [85.140662, 27.918881], [85.140662, 27.918863], [85.140703, 27.918863], [85.140703, 27.918881], [85.140743, 27.918882], [85.140743, 27.9189], [85.140784, 27.9189], [85.140783, 27.918919], [85.140804, 27.918919], [85.140803, 27.918937], [85.140824, 27.918937], [85.140823, 27.918955], [85.140864, 27.918956], [85.140864, 27.918974], [85.140884, 27.918974], [85.140884, 27.918992], [85.140924, 27.918993], [85.140924, 27.919011], [85.140965, 27.919011], [85.140964, 27.919029], [85.140985, 27.91903], [85.140984, 27.919048], [85.141025, 27.919048], [85.141025, 27.919066], [85.141045, 27.919066], [85.141045, 27.919085], [85.141085, 27.919085], [85.141085, 27.919103], [85.141105, 27.919103], [85.141105, 27.919121], [85.141146, 27.919122], [85.141145, 27.91914], [85.141186, 27.919141], [85.141186, 27.919159], [85.141206, 27.919159], [85.141206, 27.919177], [85.141226, 27.919177], [85.141226, 27.919195], [85.141287, 27.919196], [85.141286, 27.919214], [85.141307, 27.919214], [85.141306, 27.919232], [85.141347, 27.919233], [85.141347, 27.919251], [85.141367, 27.919251], [85.141367, 27.919269], [85.141407, 27.91927], [85.141407, 27.919288], [85.141427, 27.919288], [85.141427, 27.919306], [85.141468, 27.919307], [85.141467, 27.919325], [85.141488, 27.919325], [85.141487, 27.919343], [85.141508, 27.919343], [85.141507, 27.919361], [85.141528, 27.919362], [85.141527, 27.91938], [85.141548, 27.91938], [85.141547, 27.919398], [85.141568, 27.919398], [85.141567, 27.919434], [85.141587, 27.919435], [85.141587, 27.919453], [85.141607, 27.919453], [85.141607, 27.919471], [85.141627, 27.919471], [85.141627, 27.919489], [85.141647, 27.91949], [85.141647, 27.919526], [85.141667, 27.919526], [85.141667, 27.919544], [85.141687, 27.919544], [85.141687, 27.919562], [85.141707, 27.919563], [85.141707, 27.919581], [85.141727, 27.919581], [85.141726, 27.919617], [85.141747, 27.919617], [85.141746, 27.919654], [85.141766, 27.919654], [85.141766, 27.91969], [85.141786, 27.91969], [85.141786, 27.919708], [85.141806, 27.919708], [85.141806, 27.919745], [85.141785, 27.919744], [85.141785, 27.919762], [85.141765, 27.919762], [85.141764, 27.91978], [85.141744, 27.91978]]]}, "properties": {"layer": "stripped vegetation, day 2", "note": "cloud-free 59% of corridor only"}}, {"type": "Feature", "geometry": {"type": "Polygon", "coordinates": [[[85.138909, 27.919182], [85.13891, 27.919164], [85.138889, 27.919164], [85.13889, 27.919146], [85.138869, 27.919145], [85.13887, 27.919091], [85.13885, 27.919091], [85.138851, 27.919037], [85.138831, 27.919037], [85.138832, 27.918982], [85.138811, 27.918982], [85.138813, 27.918892], [85.138792, 27.918892], [85.138794, 27.918819], [85.138814, 27.91882], [85.138815, 27.918748], [85.138836, 27.918748], [85.138836, 27.918712], [85.138857, 27.918712], [85.138857, 27.918676], [85.138877, 27.918676], [85.138878, 27.918658], [85.138898, 27.918658], [85.138898, 27.91864], [85.138939, 27.918641], [85.138939, 27.918623], [85.13896, 27.918623], [85.13896, 27.918605], [85.139001, 27.918606], [85.139001, 27.918588], [85.139042, 27.918588], [85.139042, 27.91857], [85.139062, 27.91857], [85.139062, 27.918552], [85.139123, 27.918553], [85.139124, 27.918535], [85.139164, 27.918536], [85.139165, 27.918518], [85.139205, 27.918518], [85.139205, 27.918536], [85.139225, 27.918536], [85.139225, 27.918555], [85.139245, 27.918555], [85.139245, 27.918591], [85.139224, 27.918591], [85.139224, 27.918609], [85.139204, 27.918608], [85.139203, 27.918626], [85.139142, 27.918626], [85.139142, 27.918644], [85.139102, 27.918643], [85.139101, 27.918661], [85.139081, 27.918661], [85.139081, 27.918679], [85.13904, 27.918678], [85.13904, 27.918696], [85.138999, 27.918696], [85.138999, 27.918714], [85.138978, 27.918714], [85.138978, 27.918732], [85.138958, 27.918731], [85.138957, 27.918749], [85.138937, 27.918749], [85.138937, 27.918785], [85.138916, 27.918785], [85.138915, 27.918839], [85.138895, 27.918839], [85.138894, 27.918911], [85.138914, 27.918911], [85.138913, 27.918965], [85.138933, 27.918966], [85.138933, 27.91902], [85.138953, 27.91902], [85.138952, 27.919074], [85.138972, 27.919075], [85.138971, 27.919147], [85.138951, 27.919146], [85.13895, 27.919165], [85.13893, 27.919164], [85.13893, 27.919182], [85.138909, 27.919182]]]}, "properties": {"layer": "stripped vegetation, day 2", "note": "cloud-free 59% of corridor only"}}, {"type": "Feature", "geometry": {"type": "Polygon", "coordinates": [[[85.135835, 27.918346], [85.135835, 27.918328], [85.135815, 27.918328], [85.135815, 27.91831], [85.135795, 27.91831], [85.135795, 27.918292], [85.135816, 27.918292], [85.135816, 27.918274], [85.135836, 27.918274], [85.135837, 27.918256], [85.135877, 27.918257], [85.135877, 27.918275], [85.135897, 27.918275], [85.135897, 27.918293], [85.135917, 27.918293], [85.135917, 27.918311], [85.135897, 27.918311], [85.135896, 27.918329], [85.135876, 27.918329], [85.135876, 27.918347], [85.135835, 27.918346]]]}, "properties": {"layer": "stripped vegetation, day 2", "note": "cloud-free 59% of corridor only"}}, {"type": "Feature", "geometry": {"type": "Polygon", "coordinates": [[[85.137602, 27.918424], [85.137602, 27.918406], [85.137582, 27.918406], [85.137582, 27.918388], [85.137562, 27.918388], [85.137562, 27.91837], [85.137542, 27.918369], [85.137542, 27.918333], [85.137522, 27.918333], [85.137523, 27.918297], [85.137502, 27.918297], [85.137503, 27.918261], [85.137483, 27.91826], [85.137483, 27.918206], [85.137463, 27.918206], [85.137464, 27.91817], [85.137443, 27.918169], [85.137444, 27.918151], [85.137423, 27.918151], [85.137424, 27.918115], [85.137404, 27.918115], [85.137404, 27.918079], [85.137384, 27.918078], [85.137385, 27.918042], [85.137364, 27.918042], [85.137365, 27.917988], [85.137345, 27.917988], [85.137346, 27.917952], [85.137325, 27.917951], [85.137326, 27.917915], [85.137306, 27.917915], [85.137306, 27.917879], [85.137286, 27.917879], [85.137286, 27.917842], [85.137266, 27.917842], [85.137266, 27.917824], [85.137246, 27.917824], [85.137247, 27.917788], [85.137226, 27.917787], [85.137227, 27.917769], [85.137206, 27.917769], [85.137207, 27.917751], [85.137186, 27.917751], [85.137187, 27.917733], [85.137166, 27.917733], [85.137167, 27.917714], [85.137146, 27.917714], [85.137147, 27.917696], [85.137126, 27.917696], [85.137127, 27.917678], [85.137106, 27.917678], [85.137107, 27.91766], [85.137086, 27.917659], [85.137087, 27.917641], [85.137046, 27.917641], [85.137046, 27.917623], [85.137006, 27.917622], [85.137006, 27.917604], [85.136986, 27.917604], [85.136986, 27.917586], [85.136925, 27.917585], [85.136925, 27.917567], [85.136905, 27.917567], [85.136905, 27.917549], [85.136865, 27.917548], [85.136865, 27.91753], [85.136824, 27.917529], [85.136825, 27.917511], [85.136784, 27.917511], [85.136784, 27.917493], [85.136744, 27.917492], [85.136744, 27.917474], [85.136704, 27.917474], [85.136704, 27.917456], [85.136663, 27.917455], [85.136664, 27.917437], [85.136623, 27.917436], [85.136623, 27.917418], [85.136583, 27.917418], [85.136583, 27.9174], [85.136542, 27.917399], [85.136543, 27.917381], [85.136502, 27.917381], [85.136502, 27.917363], [85.136482, 27.917362], [85.136482, 27.917344], [85.136442, 27.917344], [85.136442, 27.917326], [85.136401, 27.917325], [85.136402, 27.917307], [85.136341, 27.917306], [85.136341, 27.917288], [85.1363, 27.917288], [85.136301, 27.91727], [85.13626, 27.917269], [85.13626, 27.917251], [85.13622, 27.91725], [85.13622, 27.917232], [85.1362, 27.917232], [85.1362, 27.917214], [85.136139, 27.917213], [85.136139, 27.917195], [85.136099, 27.917195], [85.136099, 27.917177], [85.136079, 27.917176], [85.136079, 27.917158], [85.136038, 27.917158], [85.136039, 27.91714], [85.135998, 27.917139], [85.135998, 27.917121], [85.135958, 27.917121], [85.135958, 27.917103], [85.135938, 27.917102], [85.135938, 27.917084], [85.135918, 27.917084], [85.135918, 27.917066], [85.135898, 27.917066], [85.135898, 27.917048], [85.135878, 27.917047], [85.135878, 27.917029], [85.135898, 27.91703], [85.135899, 27.917011], [85.135919, 27.917012], [85.135919, 27.916994], [85.13594, 27.916994], [85.135939, 27.917012], [85.136, 27.917013], [85.136, 27.917031], [85.136041, 27.917031], [85.13604, 27.917049], [85.136081, 27.91705], [85.136081, 27.917068], [85.136121, 27.917069], [85.136121, 27.917087], [85.136182, 27.917087], [85.136182, 27.917106], [85.136202, 27.917106], [85.136202, 27.917124], [85.136222, 27.917124], [85.136222, 27.917142], [85.136303, 27.917143], [85.136302, 27.917161], [85.136323, 27.917162], [85.136322, 27.91718], [85.136343, 27.91718], [85.136342, 27.917198], [85.136403, 27.917199], [85.136403, 27.917217], [85.136444, 27.917217], [85.136443, 27.917235], [85.136484, 27.917236], [85.136484, 27.917254], [85.136524, 27.917255], [85.136524, 27.917273], [85.136565, 27.917273], [85.136564, 27.917291], [85.136625, 27.917292], [85.136625, 27.91731], [85.136645, 27.91731], [85.136645, 27.917328], [85.136686, 27.917329], [85.136685, 27.917347], [85.136726, 27.917348], [85.136726, 27.917366], [85.136746, 27.917366], [85.136746, 27.917384], [85.136786, 27.917384], [85.136786, 27.917403], [85.136827, 27.917403], [85.136826, 27.917421], [85.136867, 27.917422], [85.136867, 27.91744], [85.136907, 27.91744], [85.136907, 27.917458], [85.136948, 27.917459], [85.136947, 27.917477], [85.137008, 27.917478], [85.137008, 27.917496], [85.137028, 27.917496], [85.137028, 27.917514], [85.137069, 27.917515], [85.137068, 27.917533], [85.137089, 27.917533], [85.137088, 27.917551], [85.137129, 27.917552], [85.137129, 27.91757], [85.137149, 27.91757], [85.137149, 27.917588], [85.137169, 27.917588], [85.137169, 27.917606], [85.137189, 27.917606], [85.137189, 27.917625], [85.137229, 27.917625], [85.137229, 27.917643], [85.137249, 27.917643], [85.137249, 27.917661], [85.137269, 27.917662], [85.137269, 27.917698], [85.137289, 27.917698], [85.137289, 27.917716], [85.137309, 27.917716], [85.137309, 27.917734], [85.137329, 27.917735], [85.137329, 27.917753], [85.137349, 27.917753], [85.137348, 27.917789], [85.137369, 27.917789], [85.137368, 27.917826], [85.137388, 27.917826], [85.137388, 27.917844], [85.137408, 27.917844], [85.137407, 27.917898], [85.137428, 27.917899], [85.137427, 27.917935], [85.137447, 27.917935], [85.137447, 27.917971], [85.137467, 27.917971], [85.137466, 27.918025], [85.137487, 27.918026], [85.137486, 27.918062], [85.137506, 27.918062], [85.137506, 27.918098], [85.137526, 27.918098], [85.137525, 27.918134], [85.137546, 27.918135], [85.137545, 27.918171], [85.137565, 27.918171], [85.137565, 27.918189], [85.137585, 27.918189], [85.137584, 27.918244], [85.137605, 27.918244], [85.137604, 27.91828], [85.137624, 27.91828], [85.137624, 27.918298], [85.137644, 27.918299], [85.137643, 27.918353], [85.137664, 27.918353], [85.137663, 27.918389], [85.137643, 27.918389], [85.137643, 27.918407], [85.137622, 27.918407], [85.137622, 27.918425], [85.137602, 27.918424]]]}, "properties": {"layer": "stripped vegetation, day 2", "note": "cloud-free 59% of corridor only"}}, {"type": "Feature", "geometry": {"type": "Polygon", "coordinates": [[[85.139783, 27.916847], [85.139783, 27.916829], [85.139763, 27.916829], [85.139763, 27.916811], [85.139743, 27.916811], [85.139743, 27.916793], [85.139763, 27.916793], [85.139763, 27.916775], [85.139784, 27.916775], [85.139784, 27.916757], [85.139804, 27.916757], [85.139804, 27.916775], [85.139824, 27.916776], [85.139824, 27.916794], [85.139844, 27.916794], [85.139844, 27.916812], [85.139824, 27.916812], [85.139823, 27.91683], [85.139803, 27.91683], [85.139803, 27.916848], [85.139783, 27.916847]]]}, "properties": {"layer": "stripped vegetation, day 2", "note": "cloud-free 59% of corridor only"}}, {"type": "Feature", "geometry": {"type": "Polygon", "coordinates": [[[85.13854, 27.917011], [85.138541, 27.916993], [85.138439, 27.916992], [85.138439, 27.916974], [85.138256, 27.916971], [85.138257, 27.916953], [85.138236, 27.916953], [85.138237, 27.916935], [85.138135, 27.916933], [85.138135, 27.916915], [85.138095, 27.916915], [85.138095, 27.916897], [85.137953, 27.916895], [85.137953, 27.916877], [85.137933, 27.916877], [85.137933, 27.916858], [85.137913, 27.916858], [85.137913, 27.91684], [85.137893, 27.91684], [85.137893, 27.916822], [85.137873, 27.916822], [85.137873, 27.916804], [85.137853, 27.916803], [85.137853, 27.916785], [85.137833, 27.916785], [85.137833, 27.916767], [85.137854, 27.916767], [85.137854, 27.916749], [85.137874, 27.916749], [85.137874, 27.916731], [85.137996, 27.916733], [85.137996, 27.916751], [85.138057, 27.916752], [85.138057, 27.916734], [85.138139, 27.916735], [85.138139, 27.916717], [85.138301, 27.916719], [85.138302, 27.916701], [85.138322, 27.916701], [85.138322, 27.916683], [85.138383, 27.916684], [85.138384, 27.916666], [85.138404, 27.916666], [85.138404, 27.916648], [85.138506, 27.91665], [85.138505, 27.916668], [85.138526, 27.916668], [85.138525, 27.916686], [85.138546, 27.916686], [85.138545, 27.916722], [85.138565, 27.916723], [85.138565, 27.916741], [85.138667, 27.916742], [85.138666, 27.91676], [85.138687, 27.91676], [85.138686, 27.916778], [85.138707, 27.916779], [85.138706, 27.916797], [85.138889, 27.916799], [85.13889, 27.916781], [85.13893, 27.916782], [85.138931, 27.916764], [85.138971, 27.916764], [85.138971, 27.916782], [85.138991, 27.916783], [85.138991, 27.916801], [85.139011, 27.916801], [85.139011, 27.916819], [85.138991, 27.916819], [85.13899, 27.916837], [85.13897, 27.916836], [85.13897, 27.916854], [85.138949, 27.916854], [85.138949, 27.916872], [85.138929, 27.916872], [85.138928, 27.916926], [85.138907, 27.916926], [85.138907, 27.916944], [85.138887, 27.916944], [85.138886, 27.916962], [85.138866, 27.916961], [85.138866, 27.916979], [85.138744, 27.916978], [85.138744, 27.916996], [85.138723, 27.916996], [85.138723, 27.917014], [85.13854, 27.917011]]]}, "properties": {"layer": "stripped vegetation, day 2", "note": "cloud-free 59% of corridor only"}}, {"type": "Feature", "geometry": {"type": "Polygon", "coordinates": [[[85.138161, 27.916627], [85.138161, 27.916609], [85.138141, 27.916609], [85.138141, 27.916591], [85.138121, 27.91659], [85.138121, 27.916554], [85.138142, 27.916554], [85.138142, 27.916536], [85.138162, 27.916537], [85.138163, 27.916519], [85.138183, 27.916519], [85.138183, 27.916537], [85.138203, 27.916537], [85.138203, 27.916555], [85.138223, 27.916556], [85.138222, 27.916592], [85.138202, 27.916591], [85.138202, 27.916609], [85.138181, 27.916609], [85.138181, 27.916627], [85.138161, 27.916627]]]}, "properties": {"layer": "stripped vegetation, day 2", "note": "cloud-free 59% of corridor only"}}, {"type": "Feature", "geometry": {"type": "Polygon", "coordinates": [[[85.136092, 27.9164], [85.136092, 27.916382], [85.136072, 27.916382], [85.136072, 27.916364], [85.136052, 27.916364], [85.136053, 27.916328], [85.136032, 27.916327], [85.136033, 27.916309], [85.136012, 27.916309], [85.136012, 27.916327], [85.135992, 27.916327], [85.135991, 27.916345], [85.135971, 27.916345], [85.135971, 27.916363], [85.13593, 27.916362], [85.13593, 27.916344], [85.13591, 27.916344], [85.13591, 27.916326], [85.13589, 27.916325], [85.13589, 27.916307], [85.13587, 27.916307], [85.13587, 27.916289], [85.13585, 27.916289], [85.135851, 27.916253], [85.13583, 27.916252], [85.13583, 27.916271], [85.135769, 27.91627], [85.135769, 27.916252], [85.135749, 27.916251], [85.135749, 27.916233], [85.135729, 27.916233], [85.135729, 27.916215], [85.135709, 27.916215], [85.135709, 27.916197], [85.135669, 27.916196], [85.135669, 27.916214], [85.135648, 27.916214], [85.135648, 27.916232], [85.135607, 27.916231], [85.135608, 27.916213], [85.135587, 27.916213], [85.135588, 27.916195], [85.135567, 27.916195], [85.135568, 27.916177], [85.135547, 27.916176], [85.135548, 27.91614], [85.135568, 27.916141], [85.135568, 27.916123], [85.135589, 27.916123], [85.135589, 27.916105], [85.135609, 27.916105], [85.13561, 27.916087], [85.135732, 27.916089], [85.135731, 27.916107], [85.135752, 27.916107], [85.135751, 27.916125], [85.135833, 27.916126], [85.135833, 27.916108], [85.135894, 27.916109], [85.135894, 27.916127], [85.135995, 27.916128], [85.135995, 27.916146], [85.136015, 27.916147], [85.136015, 27.916165], [85.136035, 27.916165], [85.136034, 27.916201], [85.136055, 27.916201], [85.136054, 27.916219], [85.136075, 27.91622], [85.136074, 27.916256], [85.136094, 27.916256], [85.136094, 27.916274], [85.136196, 27.916275], [85.136195, 27.916293], [85.136216, 27.916294], [85.136215, 27.916312], [85.136236, 27.916312], [85.136235, 27.91633], [85.136256, 27.91633], [85.136255, 27.916367], [85.136235, 27.916366], [85.136235, 27.916384], [85.136214, 27.916384], [85.136214, 27.916402], [85.136092, 27.9164]]]}, "properties": {"layer": "stripped vegetation, day 2", "note": "cloud-free 59% of corridor only"}}, {"type": "Feature", "geometry": {"type": "Polygon", "coordinates": [[[85.135325, 27.916119], [85.135325, 27.916101], [85.135305, 27.916101], [85.135305, 27.916083], [85.135285, 27.916083], [85.135285, 27.916065], [85.135224, 27.916064], [85.135224, 27.916046], [85.135184, 27.916045], [85.135184, 27.916027], [85.135164, 27.916027], [85.135164, 27.916009], [85.135123, 27.916008], [85.135123, 27.916026], [85.135103, 27.916026], [85.135103, 27.916008], [85.135083, 27.916008], [85.135083, 27.91599], [85.135063, 27.915989], [85.135063, 27.915971], [85.135083, 27.915972], [85.135084, 27.915954], [85.135104, 27.915954], [85.135104, 27.915936], [85.135125, 27.915936], [85.135125, 27.915918], [85.135186, 27.915919], [85.135186, 27.915937], [85.135206, 27.915937], [85.135206, 27.915955], [85.135246, 27.915956], [85.135246, 27.915974], [85.135266, 27.915974], [85.135266, 27.915992], [85.135327, 27.915993], [85.135327, 27.916011], [85.135347, 27.916011], [85.135347, 27.916029], [85.135367, 27.91603], [85.135367, 27.916048], [85.135387, 27.916048], [85.135386, 27.916084], [85.135366, 27.916084], [85.135366, 27.916102], [85.135345, 27.916101], [85.135345, 27.91612], [85.135325, 27.916119]]]}, "properties": {"layer": "stripped vegetation, day 2", "note": "cloud-free 59% of corridor only"}}, {"type": "Feature", "geometry": {"type": "Polygon", "coordinates": [[[85.138763, 27.915841], [85.138764, 27.915823], [85.138743, 27.915823], [85.138744, 27.915805], [85.138723, 27.915804], [85.138724, 27.915786], [85.138744, 27.915786], [85.138744, 27.915768], [85.138765, 27.915769], [85.138765, 27.915751], [85.138785, 27.915751], [85.138785, 27.915769], [85.138805, 27.915769], [85.138805, 27.915787], [85.138825, 27.915788], [85.138825, 27.915806], [85.138805, 27.915805], [85.138804, 27.915823], [85.138784, 27.915823], [85.138784, 27.915841], [85.138763, 27.915841]]]}, "properties": {"layer": "stripped vegetation, day 2", "note": "cloud-free 59% of corridor only"}}, {"type": "Feature", "geometry": {"type": "Polygon", "coordinates": [[[85.138115, 27.915742], [85.138115, 27.915724], [85.138095, 27.915724], [85.138095, 27.915706], [85.138075, 27.915705], [85.138075, 27.915687], [85.138035, 27.915687], [85.138035, 27.915669], [85.138015, 27.915668], [85.138015, 27.91565], [85.137995, 27.91565], [85.137995, 27.915632], [85.137975, 27.915632], [85.137976, 27.915578], [85.137996, 27.915578], [85.137996, 27.91556], [85.138016, 27.91556], [85.138017, 27.915542], [85.138037, 27.915542], [85.138037, 27.915524], [85.138098, 27.915525], [85.138098, 27.915543], [85.138118, 27.915543], [85.138118, 27.915561], [85.138159, 27.915562], [85.138159, 27.915544], [85.138179, 27.915544], [85.13818, 27.915526], [85.1382, 27.915526], [85.1382, 27.915544], [85.13824, 27.915545], [85.13824, 27.915563], [85.13826, 27.915563], [85.13826, 27.915581], [85.13828, 27.915582], [85.13828, 27.9156], [85.13826, 27.915599], [85.138259, 27.915617], [85.138239, 27.915617], [85.138239, 27.915635], [85.138218, 27.915635], [85.138218, 27.915671], [85.138197, 27.915671], [85.138197, 27.915689], [85.138177, 27.915689], [85.138176, 27.915707], [85.138156, 27.915706], [85.138156, 27.915724], [85.138136, 27.915724], [85.138135, 27.915742], [85.138115, 27.915742]]]}, "properties": {"layer": "stripped vegetation, day 2", "note": "cloud-free 59% of corridor only"}}, {"type": "Feature", "geometry": {"type": "Polygon", "coordinates": [[[85.136312, 27.915411], [85.136313, 27.915393], [85.136292, 27.915392], [85.136292, 27.915374], [85.136272, 27.915374], [85.136273, 27.915338], [85.136293, 27.915338], [85.136293, 27.91532], [85.136314, 27.91532], [85.136314, 27.915302], [85.136334, 27.915303], [85.136334, 27.915321], [85.136354, 27.915321], [85.136354, 27.915339], [85.136374, 27.915339], [85.136374, 27.915375], [85.136353, 27.915375], [85.136353, 27.915393], [85.136333, 27.915393], [85.136333, 27.915411], [85.136312, 27.915411]]]}, "properties": {"layer": "stripped vegetation, day 2", "note": "cloud-free 59% of corridor only"}}, {"type": "Feature", "geometry": {"type": "Polygon", "coordinates": [[[85.131864, 27.915314], [85.131864, 27.915296], [85.131844, 27.915296], [85.131844, 27.915278], [85.131824, 27.915278], [85.131824, 27.91526], [85.131804, 27.915259], [85.131804, 27.915241], [85.131825, 27.915242], [85.131825, 27.915224], [85.131845, 27.915224], [85.131845, 27.915206], [85.131866, 27.915206], [85.131866, 27.915188], [85.131886, 27.915188], [85.131887, 27.91517], [85.131927, 27.915171], [85.131927, 27.915189], [85.131947, 27.915189], [85.131947, 27.915207], [85.131967, 27.915207], [85.131967, 27.915225], [85.131987, 27.915226], [85.131987, 27.915244], [85.132007, 27.915244], [85.132007, 27.915262], [85.131987, 27.915262], [85.131986, 27.91528], [85.131966, 27.91528], [85.131966, 27.915298], [85.131885, 27.915297], [85.131884, 27.915315], [85.131864, 27.915314]]]}, "properties": {"layer": "stripped vegetation, day 2", "note": "cloud-free 59% of corridor only"}}, {"type": "Feature", "geometry": {"type": "Polygon", "coordinates": [[[85.132154, 27.915011], [85.132154, 27.914993], [85.132134, 27.914993], [85.132134, 27.914975], [85.132114, 27.914975], [85.132114, 27.914957], [85.132134, 27.914957], [85.132135, 27.914939], [85.132155, 27.914939], [85.132155, 27.914921], [85.132175, 27.914921], [85.132176, 27.914903], [85.132196, 27.914904], [85.132196, 27.914922], [85.132216, 27.914922], [85.132216, 27.91494], [85.132236, 27.91494], [85.132236, 27.914958], [85.132215, 27.914958], [85.132215, 27.914976], [85.132195, 27.914976], [85.132195, 27.914994], [85.132174, 27.914994], [85.132174, 27.915012], [85.132154, 27.915011]]]}, "properties": {"layer": "stripped vegetation, day 2", "note": "cloud-free 59% of corridor only"}}, {"type": "Feature", "geometry": {"type": "Polygon", "coordinates": [[[85.132827, 27.91484], [85.132827, 27.914822], [85.132807, 27.914822], [85.132807, 27.914804], [85.132787, 27.914803], [85.132787, 27.914785], [85.132808, 27.914786], [85.132808, 27.914768], [85.132828, 27.914768], [85.132829, 27.91475], [85.132849, 27.91475], [85.132849, 27.914768], [85.132869, 27.914768], [85.132869, 27.914786], [85.132889, 27.914787], [85.132889, 27.914805], [85.132868, 27.914804], [85.132868, 27.914823], [85.132848, 27.914822], [85.132847, 27.91484], [85.132827, 27.91484]]]}, "properties": {"layer": "stripped vegetation, day 2", "note": "cloud-free 59% of corridor only"}}, {"type": "Feature", "geometry": {"type": "Polygon", "coordinates": [[[85.133639, 27.914905], [85.133639, 27.914887], [85.133619, 27.914887], [85.133619, 27.914869], [85.133599, 27.914869], [85.133599, 27.91485], [85.133579, 27.91485], [85.133579, 27.914832], [85.133559, 27.914832], [85.133559, 27.914814], [85.133539, 27.914814], [85.133539, 27.914796], [85.133559, 27.914796], [85.13356, 27.91476], [85.13358, 27.91476], [85.133581, 27.914742], [85.133601, 27.914742], [85.133601, 27.914724], [85.133622, 27.914724], [85.133621, 27.914742], [85.133642, 27.914743], [85.133641, 27.914761], [85.133662, 27.914761], [85.133661, 27.914779], [85.133641, 27.914779], [85.133641, 27.914797], [85.133661, 27.914797], [85.133661, 27.914815], [85.133681, 27.914815], [85.133681, 27.914834], [85.133701, 27.914834], [85.1337, 27.91487], [85.13368, 27.91487], [85.13368, 27.914888], [85.133659, 27.914887], [85.133659, 27.914905], [85.133639, 27.914905]]]}, "properties": {"layer": "stripped vegetation, day 2", "note": "cloud-free 59% of corridor only"}}, {"type": "Feature", "geometry": {"type": "Polygon", "coordinates": [[[85.131871, 27.914881], [85.131872, 27.914863], [85.131851, 27.914863], [85.131852, 27.914845], [85.131831, 27.914845], [85.131832, 27.914827], [85.131852, 27.914827], [85.131852, 27.914809], [85.131873, 27.914809], [85.131873, 27.914791], [85.131893, 27.914791], [85.131894, 27.914773], [85.131914, 27.914773], [85.131914, 27.914755], [85.131995, 27.914757], [85.131996, 27.91472], [85.131976, 27.91472], [85.131976, 27.914684], [85.131997, 27.914684], [85.131997, 27.914666], [85.132017, 27.914667], [85.132018, 27.914649], [85.13216, 27.91465], [85.13216, 27.914632], [85.13218, 27.914633], [85.132181, 27.914615], [85.132221, 27.914615], [85.132221, 27.914633], [85.132241, 27.914634], [85.132241, 27.914652], [85.132261, 27.914652], [85.132261, 27.91467], [85.132241, 27.91467], [85.13224, 27.914688], [85.13222, 27.914687], [85.13222, 27.914705], [85.132179, 27.914705], [85.132178, 27.914759], [85.132199, 27.914759], [85.132198, 27.914777], [85.132219, 27.914778], [85.132218, 27.914796], [85.132239, 27.914796], [85.132238, 27.914814], [85.132218, 27.914814], [85.132218, 27.914832], [85.132197, 27.914831], [85.132197, 27.91485], [85.132075, 27.914848], [85.132075, 27.91483], [85.132055, 27.91483], [85.132055, 27.914812], [85.132015, 27.914811], [85.132015, 27.914829], [85.131994, 27.914829], [85.131994, 27.914847], [85.131974, 27.914846], [85.131973, 27.914865], [85.131912, 27.914864], [85.131912, 27.914882], [85.131871, 27.914881]]]}, "properties": {"layer": "stripped vegetation, day 2", "note": "cloud-free 59% of corridor only"}}, {"type": "Feature", "geometry": {"type": "Polygon", "coordinates": [[[85.133541, 27.914705], [85.133541, 27.914687], [85.133521, 27.914687], [85.133521, 27.914669], [85.13346, 27.914668], [85.13346, 27.91465], [85.13344, 27.91465], [85.13344, 27.914632], [85.13342, 27.914631], [85.13342, 27.914613], [85.133441, 27.914614], [85.133441, 27.914596], [85.133461, 27.914596], [85.133461, 27.914578], [85.133482, 27.914578], [85.133482, 27.91456], [85.133502, 27.91456], [85.133503, 27.914542], [85.133543, 27.914543], [85.133543, 27.914561], [85.133563, 27.914561], [85.133563, 27.914579], [85.133583, 27.91458], [85.133582, 27.914634], [85.133603, 27.914634], [85.133602, 27.91467], [85.133582, 27.91467], [85.133582, 27.914688], [85.133561, 27.914688], [85.133561, 27.914706], [85.133541, 27.914705]]]}, "properties": {"layer": "stripped vegetation, day 2", "note": "cloud-free 59% of corridor only"}}, {"type": "Feature", "geometry": {"type": "Polygon", "coordinates": [[[85.132359, 27.91487], [85.13236, 27.914852], [85.132339, 27.914851], [85.13234, 27.914833], [85.132319, 27.914833], [85.13232, 27.914797], [85.13234, 27.914797], [85.132342, 27.914707], [85.132321, 27.914707], [85.132322, 27.914689], [85.132301, 27.914688], [85.132302, 27.91467], [85.132322, 27.914671], [85.132322, 27.914653], [85.132343, 27.914653], [85.132343, 27.914617], [85.132364, 27.914617], [85.132364, 27.914599], [85.132344, 27.914599], [85.132344, 27.914563], [85.132364, 27.914563], [85.132365, 27.914545], [85.132385, 27.914545], [85.132385, 27.914527], [85.132406, 27.914527], [85.132406, 27.914509], [85.132467, 27.91451], [85.132467, 27.914528], [85.132507, 27.914529], [85.132508, 27.914511], [85.132528, 27.914511], [85.132528, 27.914493], [85.132549, 27.914493], [85.132548, 27.914511], [85.132589, 27.914512], [85.132589, 27.91453], [85.132609, 27.91453], [85.132609, 27.914512], [85.132711, 27.914514], [85.13271, 27.914532], [85.132731, 27.914532], [85.13273, 27.91455], [85.132873, 27.914552], [85.132872, 27.91457], [85.132893, 27.91457], [85.132892, 27.914588], [85.132913, 27.914588], [85.132912, 27.914607], [85.132892, 27.914606], [85.132892, 27.914624], [85.132871, 27.914624], [85.132871, 27.914642], [85.132851, 27.914642], [85.13285, 27.91466], [85.132729, 27.914658], [85.132728, 27.914694], [85.132708, 27.914694], [85.132707, 27.914712], [85.132687, 27.914712], [85.132687, 27.91473], [85.132666, 27.91473], [85.132667, 27.914712], [85.132585, 27.91471], [85.132585, 27.914728], [85.132565, 27.914728], [85.132565, 27.914746], [85.132504, 27.914745], [85.132503, 27.9148], [85.132523, 27.9148], [85.132523, 27.914818], [85.132502, 27.914818], [85.132502, 27.914836], [85.132482, 27.914835], [85.132481, 27.914853], [85.132461, 27.914853], [85.132461, 27.914835], [85.1324, 27.914834], [85.1324, 27.914852], [85.13238, 27.914852], [85.13238, 27.91487], [85.132359, 27.91487]], [[85.132505, 27.914655], [85.132566, 27.914656], [85.132567, 27.914602], [85.132506, 27.914601], [85.132505, 27.914655]]]}, "properties": {"layer": "stripped vegetation, day 2", "note": "cloud-free 59% of corridor only"}}, {"type": "Feature", "geometry": {"type": "Polygon", "coordinates": [[[85.13263, 27.914476], [85.13263, 27.914458], [85.13261, 27.914458], [85.13261, 27.91444], [85.13259, 27.91444], [85.13259, 27.914422], [85.132611, 27.914422], [85.132611, 27.914404], [85.132631, 27.914404], [85.132632, 27.914386], [85.132652, 27.914386], [85.132652, 27.914404], [85.132672, 27.914405], [85.132672, 27.914423], [85.132692, 27.914423], [85.132692, 27.914441], [85.132671, 27.914441], [85.132671, 27.914459], [85.132651, 27.914459], [85.13265, 27.914477], [85.13263, 27.914476]]]}, "properties": {"layer": "stripped vegetation, day 2", "note": "cloud-free 59% of corridor only"}}, {"type": "Feature", "geometry": {"type": "Polygon", "coordinates": [[[85.134989, 27.914382], [85.134989, 27.914364], [85.134969, 27.914364], [85.134969, 27.914346], [85.134949, 27.914345], [85.134949, 27.914327], [85.134969, 27.914328], [85.13497, 27.914291], [85.13499, 27.914292], [85.134991, 27.914274], [85.135011, 27.914274], [85.135011, 27.914256], [85.135032, 27.914256], [85.135031, 27.914274], [85.135052, 27.914275], [85.135051, 27.914293], [85.135072, 27.914293], [85.135071, 27.914347], [85.13505, 27.914347], [85.13505, 27.914365], [85.13503, 27.914364], [85.135029, 27.914383], [85.134989, 27.914382]]]}, "properties": {"layer": "stripped vegetation, day 2", "note": "cloud-free 59% of corridor only"}}, {"type": "Feature", "geometry": {"type": "Polygon", "coordinates": [[[85.133001, 27.914193], [85.133001, 27.914175], [85.132981, 27.914174], [85.132981, 27.914156], [85.132961, 27.914156], [85.132962, 27.914084], [85.132982, 27.914084], [85.132983, 27.914066], [85.133003, 27.914066], [85.133003, 27.914048], [85.133044, 27.914049], [85.133044, 27.914067], [85.133064, 27.914067], [85.133064, 27.914085], [85.133084, 27.914085], [85.133084, 27.914103], [85.133104, 27.914104], [85.133103, 27.91414], [85.133083, 27.91414], [85.133083, 27.914158], [85.133062, 27.914157], [85.133062, 27.914175], [85.133042, 27.914175], [85.133041, 27.914193], [85.133001, 27.914193]]]}, "properties": {"layer": "stripped vegetation, day 2", "note": "cloud-free 59% of corridor only"}}, {"type": "Feature", "geometry": {"type": "Polygon", "coordinates": [[[85.132861, 27.914028], [85.132862, 27.91401], [85.132841, 27.91401], [85.132842, 27.913992], [85.132821, 27.913992], [85.132822, 27.913974], [85.132842, 27.913974], [85.132842, 27.913956], [85.132863, 27.913956], [85.132863, 27.913938], [85.132883, 27.913938], [85.132883, 27.913956], [85.132903, 27.913957], [85.132903, 27.913975], [85.132923, 27.913975], [85.132923, 27.913993], [85.132903, 27.913993], [85.132902, 27.914011], [85.132882, 27.91401], [85.132882, 27.914029], [85.132861, 27.914028]]]}, "properties": {"layer": "stripped vegetation, day 2", "note": "cloud-free 59% of corridor only"}}, {"type": "Feature", "geometry": {"type": "Polygon", "coordinates": [[[85.13392, 27.913916], [85.13392, 27.913898], [85.1339, 27.913898], [85.1339, 27.91388], [85.13388, 27.91388], [85.13388, 27.913862], [85.1339, 27.913862], [85.133901, 27.913844], [85.133921, 27.913844], [85.133921, 27.913826], [85.133942, 27.913826], [85.133941, 27.913844], [85.133962, 27.913845], [85.133961, 27.913863], [85.133982, 27.913863], [85.133981, 27.913881], [85.133961, 27.913881], [85.133961, 27.913899], [85.13394, 27.913898], [85.13394, 27.913917], [85.13392, 27.913916]]]}, "properties": {"layer": "stripped vegetation, day 2", "note": "cloud-free 59% of corridor only"}}, {"type": "Feature", "geometry": {"type": "Polygon", "coordinates": [[[85.134241, 27.915347], [85.134241, 27.915328], [85.134221, 27.915328], [85.134221, 27.91531], [85.134201, 27.91531], [85.134201, 27.915292], [85.134181, 27.915292], [85.134181, 27.915274], [85.134161, 27.915273], [85.134161, 27.915255], [85.134141, 27.915255], [85.134141, 27.915237], [85.134121, 27.915237], [85.134121, 27.915219], [85.134101, 27.915218], [85.134101, 27.9152], [85.134081, 27.9152], [85.134081, 27.915164], [85.134061, 27.915164], [85.134061, 27.915146], [85.134041, 27.915145], [85.134042, 27.915091], [85.134022, 27.915091], [85.134022, 27.915073], [85.134002, 27.915073], [85.134002, 27.915054], [85.133982, 27.915054], [85.133982, 27.915018], [85.133962, 27.915018], [85.133962, 27.915], [85.133983, 27.915], [85.133983, 27.914982], [85.134003, 27.914982], [85.134004, 27.914946], [85.133983, 27.914946], [85.133983, 27.914964], [85.133963, 27.914964], [85.133963, 27.914982], [85.133942, 27.914981], [85.133943, 27.914963], [85.133922, 27.914963], [85.133923, 27.914945], [85.133902, 27.914945], [85.133903, 27.914909], [85.133883, 27.914908], [85.133883, 27.91489], [85.133862, 27.91489], [85.133863, 27.914836], [85.133843, 27.914836], [85.133844, 27.9148], [85.133823, 27.914799], [85.133824, 27.914781], [85.133803, 27.914781], [85.133804, 27.914763], [85.133783, 27.914763], [85.133784, 27.914745], [85.133763, 27.914744], [85.133764, 27.914708], [85.133744, 27.914708], [85.133743, 27.914726], [85.133682, 27.914725], [85.133683, 27.914707], [85.133662, 27.914707], [85.133663, 27.914689], [85.133642, 27.914689], [85.133644, 27.914598], [85.133624, 27.914598], [85.133624, 27.91458], [85.133644, 27.91458], [85.133645, 27.914562], [85.133665, 27.914563], [85.133666, 27.914508], [85.133686, 27.914509], [85.133687, 27.914473], [85.133666, 27.914472], [85.133667, 27.914454], [85.133646, 27.914454], [85.133647, 27.914436], [85.133667, 27.914436], [85.133667, 27.914418], [85.133688, 27.914418], [85.133688, 27.9144], [85.133729, 27.914401], [85.133728, 27.914419], [85.133749, 27.914419], [85.133748, 27.914437], [85.133769, 27.914438], [85.133769, 27.91442], [85.133789, 27.91442], [85.13379, 27.914384], [85.13381, 27.914384], [85.133811, 27.914366], [85.133831, 27.914366], [85.133831, 27.914348], [85.133851, 27.914349], [85.133852, 27.91433], [85.133872, 27.914331], [85.133872, 27.914313], [85.133852, 27.914312], [85.133852, 27.914294], [85.133791, 27.914294], [85.133791, 27.914312], [85.133771, 27.914311], [85.133771, 27.914329], [85.13375, 27.914329], [85.13375, 27.914347], [85.13373, 27.914347], [85.133729, 27.914365], [85.133709, 27.914365], [85.133709, 27.914347], [85.133689, 27.914346], [85.133689, 27.914328], [85.133669, 27.914328], [85.13367, 27.914256], [85.13365, 27.914256], [85.13365, 27.914237], [85.13361, 27.914237], [85.133609, 27.914255], [85.133589, 27.914255], [85.133589, 27.914273], [85.133568, 27.914272], [85.133568, 27.914291], [85.133548, 27.91429], [85.133547, 27.914308], [85.133507, 27.914308], [85.133505, 27.914398], [85.133546, 27.914399], [85.133546, 27.914417], [85.133566, 27.914417], [85.133566, 27.914435], [85.133586, 27.914435], [85.133586, 27.914453], [85.133565, 27.914453], [85.133565, 27.914471], [85.133545, 27.914471], [85.133544, 27.914489], [85.133524, 27.914488], [85.133524, 27.914507], [85.133463, 27.914506], [85.133463, 27.914488], [85.133443, 27.914487], [85.133443, 27.914469], [85.133423, 27.914469], [85.133423, 27.914433], [85.133403, 27.914433], [85.133404, 27.914397], [85.133302, 27.914395], [85.133302, 27.914377], [85.133282, 27.914377], [85.133282, 27.914359], [85.133181, 27.914357], [85.13318, 27.914376], [85.13316, 27.914375], [85.13316, 27.914393], [85.13314, 27.914393], [85.13314, 27.914375], [85.13312, 27.914375], [85.13312, 27.914357], [85.1331, 27.914356], [85.1331, 27.91432], [85.13308, 27.91432], [85.13308, 27.914284], [85.133101, 27.914284], [85.133101, 27.914266], [85.133121, 27.914266], [85.133122, 27.914248], [85.133142, 27.914249], [85.133142, 27.914231], [85.133163, 27.914231], [85.133162, 27.914249], [85.133183, 27.914249], [85.133182, 27.914267], [85.133406, 27.91427], [85.133407, 27.91418], [85.133428, 27.91418], [85.133428, 27.914162], [85.133448, 27.914163], [85.133449, 27.914145], [85.133469, 27.914145], [85.133469, 27.914127], [85.13349, 27.914127], [85.133489, 27.914145], [85.13351, 27.914145], [85.133509, 27.914163], [85.13353, 27.914164], [85.133529, 27.914182], [85.13359, 27.914183], [85.13359, 27.914201], [85.13361, 27.914201], [85.13361, 27.914219], [85.133651, 27.914219], [85.133651, 27.914201], [85.133671, 27.914202], [85.133671, 27.914184], [85.133732, 27.914184], [85.133732, 27.914203], [85.133773, 27.914203], [85.133773, 27.914185], [85.133793, 27.914185], [85.133794, 27.914149], [85.133814, 27.914149], [85.133815, 27.914131], [85.133835, 27.914132], [85.133835, 27.914114], [85.133896, 27.914114], [85.133897, 27.914078], [85.133917, 27.914079], [85.133917, 27.914061], [85.133938, 27.914061], [85.133938, 27.914043], [85.133958, 27.914043], [85.133959, 27.914025], [85.133979, 27.914025], [85.133979, 27.914007], [85.134, 27.914008], [85.134, 27.913971], [85.13402, 27.913972], [85.134021, 27.913918], [85.134001, 27.913917], [85.134001, 27.913899], [85.134022, 27.9139], [85.134022, 27.913882], [85.134042, 27.913882], [85.134043, 27.913864], [85.134063, 27.913864], [85.134063, 27.913846], [85.134104, 27.913847], [85.134104, 27.913829], [85.134064, 27.913828], [85.134064, 27.91381], [85.134044, 27.91381], [85.134044, 27.913792], [85.134024, 27.913791], [85.134024, 27.913755], [85.134045, 27.913756], [85.134045, 27.913737], [85.134065, 27.913738], [85.134065, 27.91372], [85.134086, 27.91372], [85.134085, 27.913738], [85.134146, 27.913739], [85.134147, 27.913721], [85.134167, 27.913721], [85.134167, 27.913739], [85.134187, 27.913739], [85.134187, 27.913721], [85.134228, 27.913722], [85.134228, 27.913704], [85.13437, 27.913706], [85.13437, 27.913724], [85.13439, 27.913724], [85.134391, 27.913706], [85.134452, 27.913707], [85.134452, 27.913671], [85.134432, 27.913671], [85.134432, 27.913652], [85.134412, 27.913652], [85.134412, 27.913634], [85.134392, 27.913634], [85.134392, 27.913616], [85.134372, 27.913616], [85.134372, 27.913598], [85.134393, 27.913598], [85.134393, 27.91358], [85.134413, 27.91358], [85.134414, 27.913562], [85.134434, 27.913562], [85.134434, 27.913544], [85.134455, 27.913544], [85.134455, 27.913526], [85.134435, 27.913526], [85.134435, 27.913472], [85.134456, 27.913472], [85.134456, 27.913454], [85.134476, 27.913455], [85.134477, 27.913436], [85.134497, 27.913437], [85.134497, 27.913455], [85.134517, 27.913455], [85.134517, 27.913473], [85.134537, 27.913473], [85.134536, 27.913509], [85.134557, 27.91351], [85.134557, 27.913492], [85.134577, 27.913492], [85.134578, 27.913474], [85.134618, 27.913474], [85.134619, 27.913438], [85.134639, 27.913439], [85.13464, 27.913421], [85.13466, 27.913421], [85.13466, 27.913403], [85.134762, 27.913404], [85.134762, 27.913386], [85.134823, 27.913387], [85.134823, 27.913405], [85.134843, 27.913405], [85.134843, 27.913423], [85.134863, 27.913424], [85.134862, 27.913478], [85.134903, 27.913478], [85.134903, 27.91346], [85.134923, 27.913461], [85.134924, 27.913443], [85.134903, 27.913442], [85.134904, 27.913406], [85.134924, 27.913406], [85.134925, 27.913388], [85.134945, 27.913389], [85.134945, 27.913371], [85.134965, 27.913371], [85.134966, 27.913353], [85.134986, 27.913353], [85.134986, 27.913335], [85.135007, 27.913335], [85.135007, 27.913317], [85.135068, 27.913318], [85.135068, 27.913336], [85.135088, 27.913336], [85.135088, 27.913354], [85.135108, 27.913355], [85.135108, 27.913373], [85.135128, 27.913373], [85.135128, 27.913355], [85.135149, 27.913355], [85.135148, 27.913373], [85.135169, 27.913374], [85.135168, 27.913392], [85.135189, 27.913392], [85.135188, 27.91341], [85.135168, 27.91341], [85.135168, 27.913428], [85.135147, 27.913428], [85.135147, 27.913446], [85.135127, 27.913445], [85.135127, 27.913427], [85.135107, 27.913427], [85.135107, 27.913409], [85.135087, 27.913409], [85.135086, 27.913427], [85.135066, 27.913426], [85.135066, 27.913462], [85.135045, 27.913462], [85.135045, 27.91348], [85.135025, 27.91348], [85.135024, 27.913498], [85.135045, 27.913498], [85.135044, 27.913516], [85.135065, 27.913517], [85.135064, 27.913553], [85.135044, 27.913552], [85.135043, 27.91357], [85.135023, 27.91357], [85.135023, 27.913588], [85.135002, 27.913588], [85.135002, 27.913606], [85.134982, 27.913606], [85.134981, 27.913624], [85.134961, 27.913624], [85.134961, 27.913642], [85.134941, 27.913641], [85.13494, 27.913659], [85.13492, 27.913659], [85.134919, 27.913713], [85.134939, 27.913713], [85.134939, 27.91375], [85.134918, 27.913749], [85.134918, 27.913767], [85.134898, 27.913767], [85.134897, 27.913785], [85.134857, 27.913785], [85.134856, 27.913803], [85.134816, 27.913802], [85.134816, 27.91382], [85.134755, 27.913819], [85.134754, 27.913837], [85.134693, 27.913836], [85.134693, 27.913855], [85.134673, 27.913854], [85.134672, 27.913872], [85.134652, 27.913872], [85.134652, 27.91389], [85.134611, 27.91389], [85.134611, 27.913908], [85.134591, 27.913907], [85.13459, 27.913925], [85.13457, 27.913925], [85.134569, 27.913979], [85.134549, 27.913979], [85.134548, 27.913997], [85.134528, 27.913997], [85.134528, 27.914015], [85.134467, 27.914014], [85.134466, 27.914032], [85.134446, 27.914032], [85.134445, 27.914104], [85.134425, 27.914104], [85.134424, 27.91414], [85.134404, 27.914139], [85.134403, 27.914157], [85.134383, 27.914157], [85.134383, 27.914175], [85.134362, 27.914175], [85.134363, 27.914157], [85.134322, 27.914156], [85.134321, 27.91421], [85.134301, 27.91421], [85.1343, 27.914246], [85.13428, 27.914246], [85.13428, 27.914264], [85.134259, 27.914264], [85.134258, 27.914318], [85.134279, 27.914318], [85.134278, 27.914354], [85.134258, 27.914354], [85.134257, 27.914372], [85.134237, 27.914372], [85.134237, 27.91439], [85.134176, 27.914389], [85.134175, 27.914461], [85.134195, 27.914461], [85.134195, 27.91448], [85.134215, 27.91448], [85.134215, 27.914498], [85.134235, 27.914498], [85.134235, 27.914516], [85.134214, 27.914516], [85.134214, 27.914534], [85.134194, 27.914534], [85.134193, 27.914552], [85.134173, 27.914551], [85.134173, 27.914569], [85.134152, 27.914569], [85.134151, 27.914659], [85.134171, 27.91466], [85.13417, 27.91475], [85.134149, 27.91475], [85.134148, 27.91484], [85.134128, 27.91484], [85.134127, 27.914858], [85.134107, 27.914857], [85.134106, 27.914893], [85.134127, 27.914894], [85.134126, 27.91493], [85.134146, 27.91493], [85.134145, 27.91502], [85.134165, 27.915021], [85.134164, 27.915057], [85.134185, 27.915057], [85.134184, 27.915075], [85.134205, 27.915075], [85.134204, 27.915147], [85.134224, 27.915148], [85.134224, 27.915166], [85.134244, 27.915166], [85.134244, 27.915184], [85.134264, 27.915184], [85.134263, 27.915257], [85.134283, 27.915257], [85.134283, 27.915275], [85.134303, 27.915275], [85.134302, 27.915311], [85.134282, 27.915311], [85.134282, 27.915329], [85.134261, 27.915329], [85.134261, 27.915347], [85.134241, 27.915347]]]}, "properties": {"layer": "stripped vegetation, day 2", "note": "cloud-free 59% of corridor only"}}, {"type": "Feature", "geometry": {"type": "Polygon", "coordinates": [[[85.13462, 27.913384], [85.13462, 27.913366], [85.13458, 27.913366], [85.13458, 27.913348], [85.13456, 27.913347], [85.13456, 27.913329], [85.134519, 27.913329], [85.134519, 27.913347], [85.134499, 27.913347], [85.134498, 27.913365], [85.134478, 27.913364], [85.134478, 27.913346], [85.134458, 27.913346], [85.134458, 27.913328], [85.134438, 27.913328], [85.134438, 27.91331], [85.134418, 27.913309], [85.134418, 27.913291], [85.134439, 27.913292], [85.134439, 27.913274], [85.134459, 27.913274], [85.134459, 27.913256], [85.13448, 27.913256], [85.13448, 27.913238], [85.1345, 27.913238], [85.1345, 27.913256], [85.13452, 27.913257], [85.134521, 27.913239], [85.134541, 27.913239], [85.134541, 27.913257], [85.134561, 27.913257], [85.134561, 27.913275], [85.134601, 27.913276], [85.134601, 27.913294], [85.134621, 27.913294], [85.134622, 27.913276], [85.134662, 27.913277], [85.134662, 27.913295], [85.134682, 27.913295], [85.134682, 27.913313], [85.134702, 27.913313], [85.134702, 27.913349], [85.134681, 27.913349], [85.134681, 27.913367], [85.134661, 27.913367], [85.13466, 27.913385], [85.13462, 27.913384]]]}, "properties": {"layer": "stripped vegetation, day 2", "note": "cloud-free 59% of corridor only"}}, {"type": "Feature", "geometry": {"type": "Polygon", "coordinates": [[[85.135109, 27.913301], [85.135109, 27.913283], [85.135089, 27.913282], [85.135089, 27.913264], [85.135069, 27.913264], [85.135069, 27.913246], [85.13509, 27.913246], [85.13509, 27.913228], [85.13511, 27.913228], [85.13511, 27.91321], [85.135131, 27.913211], [85.13513, 27.913229], [85.135151, 27.913229], [85.13515, 27.913247], [85.135171, 27.913247], [85.13517, 27.913265], [85.13515, 27.913265], [85.13515, 27.913283], [85.13513, 27.913283], [85.135129, 27.913301], [85.135109, 27.913301]]]}, "properties": {"layer": "stripped vegetation, day 2", "note": "cloud-free 59% of corridor only"}}, {"type": "Feature", "geometry": {"type": "Polygon", "coordinates": [[[85.135192, 27.913212], [85.135192, 27.913193], [85.135172, 27.913193], [85.135172, 27.913175], [85.135152, 27.913175], [85.135152, 27.913157], [85.135172, 27.913157], [85.135173, 27.913139], [85.135193, 27.913139], [85.135193, 27.913121], [85.135234, 27.913122], [85.135234, 27.91314], [85.135254, 27.91314], [85.135254, 27.913158], [85.135274, 27.913158], [85.135274, 27.913177], [85.135253, 27.913176], [85.135253, 27.913194], [85.135233, 27.913194], [85.135232, 27.913212], [85.135192, 27.913212]]]}, "properties": {"layer": "stripped vegetation, day 2", "note": "cloud-free 59% of corridor only"}}, {"type": "Feature", "geometry": {"type": "Polygon", "coordinates": [[[85.134501, 27.91322], [85.134501, 27.913202], [85.134481, 27.913202], [85.134481, 27.913184], [85.134461, 27.913184], [85.134461, 27.913166], [85.134481, 27.913166], [85.134482, 27.91313], [85.134462, 27.913129], [85.134462, 27.913111], [85.134421, 27.913111], [85.134422, 27.913093], [85.134401, 27.913093], [85.134402, 27.913074], [85.134381, 27.913074], [85.134382, 27.913038], [85.134402, 27.913038], [85.134403, 27.91302], [85.134423, 27.913021], [85.134423, 27.913003], [85.134444, 27.913003], [85.134443, 27.913021], [85.134484, 27.913021], [85.134484, 27.913039], [85.134504, 27.91304], [85.134504, 27.913058], [85.134524, 27.913058], [85.134524, 27.913076], [85.134544, 27.913076], [85.134544, 27.913094], [85.134564, 27.913095], [85.134564, 27.913113], [85.134584, 27.913113], [85.134583, 27.913167], [85.134603, 27.913167], [85.134603, 27.913185], [85.134583, 27.913185], [85.134582, 27.913203], [85.134562, 27.913203], [85.134562, 27.913221], [85.134501, 27.91322]]]}, "properties": {"layer": "stripped vegetation, day 2", "note": "cloud-free 59% of corridor only"}}, {"type": "Feature", "geometry": {"type": "Polygon", "coordinates": [[[85.135072, 27.913102], [85.135072, 27.913084], [85.135052, 27.913083], [85.135052, 27.913065], [85.135032, 27.913065], [85.135032, 27.913047], [85.135052, 27.913047], [85.135053, 27.913029], [85.135073, 27.913029], [85.135073, 27.913011], [85.135094, 27.913012], [85.135093, 27.91303], [85.135114, 27.91303], [85.135113, 27.913048], [85.135134, 27.913048], [85.135133, 27.913066], [85.135113, 27.913066], [85.135113, 27.913084], [85.135092, 27.913084], [85.135092, 27.913102], [85.135072, 27.913102]]]}, "properties": {"layer": "stripped vegetation, day 2", "note": "cloud-free 59% of corridor only"}}, {"type": "Feature", "geometry": {"type": "Polygon", "coordinates": [[[85.135316, 27.913069], [85.135316, 27.913051], [85.135296, 27.91305], [85.135296, 27.913032], [85.135276, 27.913032], [85.135276, 27.913014], [85.135297, 27.913014], [85.135297, 27.912996], [85.135317, 27.912997], [85.135318, 27.912979], [85.135338, 27.912979], [85.135338, 27.912961], [85.135359, 27.912961], [85.135358, 27.912979], [85.135379, 27.912979], [85.135378, 27.912997], [85.135399, 27.912998], [85.135398, 27.913034], [85.135378, 27.913034], [85.135377, 27.913052], [85.135357, 27.913051], [85.135357, 27.913069], [85.135316, 27.913069]]]}, "properties": {"layer": "stripped vegetation, day 2", "note": "cloud-free 59% of corridor only"}}, {"type": "Feature", "geometry": {"type": "Polygon", "coordinates": [[[85.134662, 27.913277], [85.134663, 27.913258], [85.134642, 27.913258], [85.134643, 27.91324], [85.134622, 27.91324], [85.134623, 27.913222], [85.134643, 27.913222], [85.134644, 27.913168], [85.134624, 27.913168], [85.134624, 27.91315], [85.134644, 27.91315], [85.134645, 27.913096], [85.134665, 27.913096], [85.134666, 27.91306], [85.134646, 27.91306], [85.134646, 27.913042], [85.134626, 27.913041], [85.134626, 27.913005], [85.134606, 27.913005], [85.134606, 27.912987], [85.134586, 27.912987], [85.134586, 27.912969], [85.134566, 27.912968], [85.134566, 27.91295], [85.134587, 27.912951], [85.134587, 27.912933], [85.134607, 27.912933], [85.134608, 27.912915], [85.134628, 27.912915], [85.134628, 27.912897], [85.134649, 27.912897], [85.134648, 27.912915], [85.134669, 27.912916], [85.134668, 27.912934], [85.134689, 27.912934], [85.134688, 27.912952], [85.134729, 27.912953], [85.134729, 27.912971], [85.134769, 27.912971], [85.134769, 27.912989], [85.134789, 27.912989], [85.134789, 27.913008], [85.134829, 27.913008], [85.134829, 27.913026], [85.13489, 27.913027], [85.13489, 27.913009], [85.134911, 27.913009], [85.134911, 27.912991], [85.134891, 27.912991], [85.134891, 27.912973], [85.134871, 27.912973], [85.134871, 27.912954], [85.134851, 27.912954], [85.134851, 27.912918], [85.134872, 27.912918], [85.134872, 27.9129], [85.134892, 27.912901], [85.134893, 27.912883], [85.134933, 27.912883], [85.134933, 27.912901], [85.134953, 27.912901], [85.134953, 27.912919], [85.134973, 27.91292], [85.134973, 27.912938], [85.134993, 27.912938], [85.134993, 27.912956], [85.135013, 27.912956], [85.135013, 27.912974], [85.134993, 27.912974], [85.134992, 27.912992], [85.134972, 27.912992], [85.134972, 27.91301], [85.134992, 27.91301], [85.134991, 27.913046], [85.134971, 27.913046], [85.134971, 27.913064], [85.13495, 27.913064], [85.13495, 27.913082], [85.13493, 27.913082], [85.13493, 27.9131], [85.134909, 27.913099], [85.134909, 27.913117], [85.134889, 27.913117], [85.134888, 27.913135], [85.134848, 27.913135], [85.134847, 27.913171], [85.134867, 27.913171], [85.134867, 27.913189], [85.134847, 27.913189], [85.134846, 27.913207], [85.134826, 27.913207], [85.134826, 27.913225], [85.134805, 27.913224], [85.134805, 27.913242], [85.134785, 27.913242], [85.134785, 27.91326], [85.134683, 27.913259], [85.134683, 27.913277], [85.134662, 27.913277]]]}, "properties": {"layer": "stripped vegetation, day 2", "note": "cloud-free 59% of corridor only"}}, {"type": "Feature", "geometry": {"type": "Polygon", "coordinates": [[[85.134342, 27.912983], [85.134343, 27.912965], [85.134322, 27.912965], [85.134323, 27.912947], [85.134302, 27.912947], [85.134303, 27.912929], [85.134323, 27.912929], [85.134323, 27.912911], [85.134343, 27.912911], [85.134344, 27.912875], [85.134324, 27.912875], [85.134324, 27.912839], [85.134345, 27.912839], [85.134345, 27.912821], [85.134365, 27.912821], [85.134366, 27.912803], [85.134406, 27.912804], [85.134406, 27.912822], [85.134426, 27.912822], [85.134426, 27.91284], [85.134446, 27.91284], [85.134446, 27.912858], [85.134426, 27.912858], [85.134425, 27.912876], [85.134405, 27.912876], [85.134405, 27.912894], [85.134384, 27.912894], [85.134384, 27.91293], [85.134404, 27.91293], [85.134404, 27.912948], [85.134383, 27.912948], [85.134383, 27.912966], [85.134363, 27.912966], [85.134363, 27.912984], [85.134342, 27.912983]]]}, "properties": {"layer": "stripped vegetation, day 2", "note": "cloud-free 59% of corridor only"}}, {"type": "Feature", "geometry": {"type": "Polygon", "coordinates": [[[85.135461, 27.91289], [85.135462, 27.912872], [85.135441, 27.912872], [85.135442, 27.912854], [85.135421, 27.912854], [85.135422, 27.912836], [85.135442, 27.912836], [85.135442, 27.912818], [85.135463, 27.912818], [85.135463, 27.9128], [85.135483, 27.9128], [85.135483, 27.912818], [85.135503, 27.912819], [85.135503, 27.912837], [85.135523, 27.912837], [85.135523, 27.912855], [85.135503, 27.912855], [85.135502, 27.912873], [85.135482, 27.912873], [85.135482, 27.912891], [85.135461, 27.91289]]]}, "properties": {"layer": "stripped vegetation, day 2", "note": "cloud-free 59% of corridor only"}}, {"type": "Feature", "geometry": {"type": "Polygon", "coordinates": [[[85.135115, 27.91294], [85.135115, 27.912922], [85.135095, 27.912921], [85.135095, 27.912903], [85.135075, 27.912903], [85.135075, 27.912885], [85.135055, 27.912885], [85.135055, 27.912867], [85.135076, 27.912867], [85.135076, 27.912831], [85.135056, 27.912831], [85.135056, 27.912813], [85.135036, 27.912812], [85.135037, 27.912776], [85.135016, 27.912776], [85.135017, 27.91274], [85.135037, 27.91274], [85.135038, 27.912722], [85.135058, 27.912722], [85.135059, 27.912668], [85.135079, 27.912669], [85.135079, 27.91265], [85.1351, 27.912651], [85.1351, 27.912633], [85.13512, 27.912633], [85.135121, 27.912615], [85.135141, 27.912615], [85.135141, 27.912633], [85.135161, 27.912634], [85.135161, 27.912652], [85.135181, 27.912652], [85.13518, 27.912688], [85.135201, 27.912688], [85.1352, 27.912706], [85.13518, 27.912706], [85.13518, 27.912724], [85.135159, 27.912724], [85.135159, 27.912742], [85.135139, 27.912742], [85.135139, 27.91276], [85.135118, 27.912759], [85.135118, 27.912795], [85.135138, 27.912796], [85.135138, 27.912814], [85.135117, 27.912813], [85.135117, 27.91285], [85.135137, 27.91285], [85.135137, 27.912868], [85.135157, 27.912868], [85.135157, 27.912886], [85.135177, 27.912886], [85.135177, 27.912904], [85.135156, 27.912904], [85.135156, 27.912922], [85.135136, 27.912922], [85.135135, 27.91294], [85.135115, 27.91294]]]}, "properties": {"layer": "stripped vegetation, day 2", "note": "cloud-free 59% of corridor only"}}, {"type": "Feature", "geometry": {"type": "Polygon", "coordinates": [[[85.133698, 27.91265], [85.133698, 27.912632], [85.133678, 27.912631], [85.133678, 27.912613], [85.133658, 27.912613], [85.133658, 27.912595], [85.133678, 27.912595], [85.133679, 27.912577], [85.133699, 27.912578], [85.133699, 27.91256], [85.13372, 27.91256], [85.133719, 27.912578], [85.13374, 27.912578], [85.133739, 27.912596], [85.13376, 27.912596], [85.133759, 27.912615], [85.133739, 27.912614], [85.133739, 27.912632], [85.133718, 27.912632], [85.133718, 27.91265], [85.133698, 27.91265]]]}, "properties": {"layer": "stripped vegetation, day 2", "note": "cloud-free 59% of corridor only"}}, {"type": "Feature", "geometry": {"type": "Polygon", "coordinates": [[[85.134569, 27.912788], [85.134569, 27.91277], [85.134549, 27.91277], [85.134549, 27.912752], [85.134529, 27.912751], [85.134529, 27.912733], [85.13455, 27.912734], [85.13455, 27.912715], [85.13457, 27.912716], [85.134571, 27.912698], [85.134591, 27.912698], [85.134591, 27.91268], [85.134571, 27.91268], [85.134571, 27.912662], [85.134592, 27.912662], [85.134592, 27.912626], [85.134613, 27.912626], [85.134613, 27.912608], [85.134633, 27.912608], [85.134633, 27.91259], [85.134654, 27.912591], [85.134654, 27.912554], [85.134675, 27.912555], [85.134675, 27.912537], [85.134695, 27.912537], [85.134696, 27.912519], [85.134716, 27.912519], [85.134716, 27.912537], [85.134736, 27.912538], [85.134736, 27.912556], [85.134756, 27.912556], [85.134755, 27.912592], [85.134857, 27.912593], [85.134857, 27.912611], [85.134877, 27.912612], [85.134877, 27.91263], [85.134897, 27.91263], [85.134896, 27.912702], [85.134875, 27.912702], [85.134875, 27.91272], [85.134855, 27.91272], [85.134854, 27.912738], [85.134753, 27.912736], [85.134753, 27.912754], [85.134712, 27.912754], [85.134712, 27.912736], [85.134692, 27.912735], [85.134692, 27.912717], [85.134672, 27.912717], [85.134672, 27.912699], [85.134693, 27.912699], [85.134693, 27.912681], [85.134652, 27.912681], [85.134652, 27.912699], [85.134632, 27.912699], [85.134631, 27.912717], [85.134652, 27.912717], [85.134651, 27.912735], [85.134631, 27.912735], [85.134631, 27.912753], [85.13461, 27.912752], [85.13461, 27.91277], [85.13459, 27.91277], [85.134589, 27.912788], [85.134569, 27.912788]]]}, "properties": {"layer": "stripped vegetation, day 2", "note": "cloud-free 59% of corridor only"}}, {"type": "Feature", "geometry": {"type": "Polygon", "coordinates": [[[85.134999, 27.912613], [85.134999, 27.912595], [85.134938, 27.912594], [85.134938, 27.912576], [85.134918, 27.912576], [85.134918, 27.912558], [85.134898, 27.912558], [85.134898, 27.91254], [85.134919, 27.91254], [85.134919, 27.912522], [85.134939, 27.912522], [85.13494, 27.912504], [85.13498, 27.912505], [85.134981, 27.912469], [85.134961, 27.912468], [85.134961, 27.91245], [85.134941, 27.91245], [85.134941, 27.912432], [85.134961, 27.912432], [85.134962, 27.912396], [85.134982, 27.912396], [85.134983, 27.912378], [85.135003, 27.912379], [85.135004, 27.912325], [85.135024, 27.912325], [85.135024, 27.912307], [85.135045, 27.912307], [85.135045, 27.912289], [85.135065, 27.912289], [85.135066, 27.912271], [85.135127, 27.912272], [85.135126, 27.91229], [85.135147, 27.91229], [85.135146, 27.912308], [85.135167, 27.912309], [85.135166, 27.912327], [85.135187, 27.912327], [85.135186, 27.912345], [85.135207, 27.912345], [85.135206, 27.912363], [85.135227, 27.912364], [85.135226, 27.912382], [85.135247, 27.912382], [85.135246, 27.912418], [85.135226, 27.912418], [85.135225, 27.912436], [85.135205, 27.912436], [85.135205, 27.912454], [85.135184, 27.912453], [85.135184, 27.912471], [85.135062, 27.91247], [85.135062, 27.912488], [85.135042, 27.912488], [85.135041, 27.912506], [85.135062, 27.912506], [85.135061, 27.912542], [85.135041, 27.912542], [85.13504, 27.91256], [85.135061, 27.91256], [85.13506, 27.912578], [85.13504, 27.912578], [85.13504, 27.912596], [85.135019, 27.912595], [85.135019, 27.912614], [85.134999, 27.912613]]]}, "properties": {"layer": "stripped vegetation, day 2", "note": "cloud-free 59% of corridor only"}}, {"type": "Feature", "geometry": {"type": "Polygon", "coordinates": [[[85.135147, 27.912272], [85.135147, 27.912254], [85.135127, 27.912254], [85.135127, 27.912236], [85.135107, 27.912236], [85.135107, 27.912218], [85.135128, 27.912218], [85.135128, 27.9122], [85.135148, 27.9122], [85.135148, 27.912182], [85.13527, 27.912184], [85.13527, 27.912202], [85.13529, 27.912202], [85.13529, 27.91222], [85.13531, 27.91222], [85.13531, 27.912238], [85.13529, 27.912238], [85.135289, 27.912256], [85.135269, 27.912256], [85.135269, 27.912274], [85.135147, 27.912272]]]}, "properties": {"layer": "stripped vegetation, day 2", "note": "cloud-free 59% of corridor only"}}, {"type": "Feature", "geometry": {"type": "Polygon", "coordinates": [[[85.134986, 27.912198], [85.134986, 27.91218], [85.134966, 27.91218], [85.134966, 27.912162], [85.134946, 27.912161], [85.134946, 27.912143], [85.134966, 27.912144], [85.134967, 27.912125], [85.134987, 27.912126], [85.134987, 27.912108], [85.135007, 27.912108], [85.135007, 27.912126], [85.135027, 27.912126], [85.135027, 27.912144], [85.135047, 27.912145], [85.135047, 27.912163], [85.135027, 27.912162], [85.135027, 27.91218], [85.135006, 27.91218], [85.135006, 27.912198], [85.134986, 27.912198]]]}, "properties": {"layer": "stripped vegetation, day 2", "note": "cloud-free 59% of corridor only"}}, {"type": "Feature", "geometry": {"type": "Polygon", "coordinates": [[[85.134401, 27.911937], [85.134401, 27.911919], [85.134381, 27.911919], [85.134381, 27.911901], [85.134361, 27.911901], [85.134361, 27.911865], [85.134341, 27.911864], [85.134341, 27.911846], [85.134321, 27.911846], [85.134321, 27.911864], [85.134301, 27.911864], [85.1343, 27.911882], [85.13428, 27.911882], [85.13428, 27.911864], [85.13426, 27.911863], [85.13426, 27.911845], [85.13424, 27.911845], [85.13424, 27.911827], [85.134261, 27.911827], [85.134261, 27.911809], [85.134281, 27.911809], [85.134281, 27.911791], [85.134302, 27.911792], [85.134302, 27.911756], [85.134323, 27.911756], [85.134323, 27.911738], [85.134343, 27.911738], [85.134344, 27.91172], [85.134364, 27.91172], [85.134364, 27.911702], [85.134385, 27.911702], [85.134385, 27.911684], [85.134405, 27.911685], [85.134405, 27.911703], [85.134425, 27.911703], [85.134425, 27.911721], [85.134445, 27.911721], [85.134444, 27.911775], [85.134465, 27.911776], [85.134464, 27.911812], [85.134484, 27.911812], [85.134483, 27.911902], [85.134462, 27.911902], [85.134462, 27.91192], [85.134442, 27.91192], [85.134441, 27.911938], [85.134401, 27.911937]]]}, "properties": {"layer": "stripped vegetation, day 2", "note": "cloud-free 59% of corridor only"}}, {"type": "Feature", "geometry": {"type": "Polygon", "coordinates": [[[85.126644, 27.883332], [85.126645, 27.883314], [85.126624, 27.883314], [85.126625, 27.883296], [85.126604, 27.883295], [85.126605, 27.883277], [85.126584, 27.883277], [85.126585, 27.883259], [85.126605, 27.883259], [85.126605, 27.883241], [85.126626, 27.883242], [85.126626, 27.883224], [85.126646, 27.883224], [85.126646, 27.883242], [85.126666, 27.883242], [85.126666, 27.88326], [85.126686, 27.88326], [85.126686, 27.883278], [85.126706, 27.883279], [85.126706, 27.883297], [85.126686, 27.883297], [85.126685, 27.883315], [85.126665, 27.883314], [85.126665, 27.883332], [85.126644, 27.883332]]]}, "properties": {"layer": "stripped vegetation, day 2", "note": "cloud-free 59% of corridor only"}}, {"type": "Feature", "geometry": {"type": "Polygon", "coordinates": [[[85.126218, 27.88329], [85.126219, 27.883272], [85.126198, 27.883272], [85.126199, 27.883254], [85.126178, 27.883254], [85.126179, 27.883217], [85.126199, 27.883218], [85.1262, 27.8832], [85.12622, 27.8832], [85.12622, 27.883182], [85.126241, 27.883182], [85.12624, 27.8832], [85.126261, 27.8832], [85.12626, 27.883219], [85.126281, 27.883219], [85.12628, 27.883237], [85.126301, 27.883237], [85.1263, 27.883255], [85.12628, 27.883255], [85.12628, 27.883273], [85.126259, 27.883273], [85.126259, 27.883291], [85.126218, 27.88329]]]}, "properties": {"layer": "stripped vegetation, day 2", "note": "cloud-free 59% of corridor only"}}, {"type": "Feature", "geometry": {"type": "Polygon", "coordinates": [[[85.128206, 27.882306], [85.128206, 27.882288], [85.128186, 27.882288], [85.128186, 27.88227], [85.128166, 27.88227], [85.128166, 27.882252], [85.128146, 27.882251], [85.128146, 27.882233], [85.128166, 27.882234], [85.128167, 27.882216], [85.128187, 27.882216], [85.128187, 27.882198], [85.128208, 27.882198], [85.128207, 27.882216], [85.128228, 27.882216], [85.128227, 27.882235], [85.128248, 27.882235], [85.128247, 27.882253], [85.128268, 27.882253], [85.128267, 27.882271], [85.128247, 27.882271], [85.128247, 27.882289], [85.128226, 27.882289], [85.128226, 27.882307], [85.128206, 27.882306]]]}, "properties": {"layer": "stripped vegetation, day 2", "note": "cloud-free 59% of corridor only"}}, {"type": "Feature", "geometry": {"type": "Polygon", "coordinates": [[[85.126626, 27.88205], [85.126626, 27.882032], [85.126606, 27.882032], [85.126606, 27.882014], [85.126586, 27.882014], [85.126586, 27.881978], [85.126607, 27.881978], [85.126607, 27.88196], [85.126627, 27.88196], [85.126628, 27.881942], [85.126607, 27.881942], [85.126608, 27.881924], [85.126587, 27.881923], [85.126587, 27.881941], [85.126567, 27.881941], [85.126567, 27.881923], [85.126547, 27.881923], [85.126547, 27.881905], [85.126527, 27.881905], [85.126527, 27.881868], [85.126548, 27.881869], [85.126548, 27.881851], [85.126568, 27.881851], [85.126569, 27.881833], [85.126589, 27.881833], [85.126589, 27.881815], [85.12663, 27.881816], [85.126629, 27.881834], [85.126711, 27.881835], [85.12671, 27.881853], [85.126731, 27.881853], [85.12673, 27.881871], [85.126751, 27.881872], [85.12675, 27.881908], [85.12673, 27.881907], [85.126729, 27.881925], [85.126709, 27.881925], [85.126709, 27.881943], [85.126689, 27.881943], [85.126688, 27.881961], [85.126668, 27.881961], [85.126668, 27.881979], [85.126688, 27.881979], [85.126687, 27.882015], [85.126667, 27.882015], [85.126667, 27.882033], [85.126646, 27.882033], [85.126646, 27.882051], [85.126626, 27.88205]]]}, "properties": {"layer": "stripped vegetation, day 2", "note": "cloud-free 59% of corridor only"}}, {"type": "Feature", "geometry": {"type": "Polygon", "coordinates": [[[85.126693, 27.881708], [85.126693, 27.88169], [85.126673, 27.88169], [85.126673, 27.881672], [85.126653, 27.881672], [85.126653, 27.881654], [85.126673, 27.881654], [85.126674, 27.881636], [85.126694, 27.881636], [85.126694, 27.881618], [85.126735, 27.881619], [85.126734, 27.881637], [85.126755, 27.881637], [85.126754, 27.881655], [85.126775, 27.881655], [85.126774, 27.881673], [85.126754, 27.881673], [85.126754, 27.881691], [85.126733, 27.881691], [85.126733, 27.881709], [85.126693, 27.881708]]]}, "properties": {"layer": "stripped vegetation, day 2", "note": "cloud-free 59% of corridor only"}}, {"type": "Feature", "geometry": {"type": "Polygon", "coordinates": [[[85.128251, 27.883191], [85.128252, 27.883173], [85.128191, 27.883173], [85.128191, 27.883155], [85.12813, 27.883154], [85.12813, 27.883172], [85.128089, 27.883171], [85.12809, 27.883153], [85.128049, 27.883153], [85.128049, 27.883135], [85.128029, 27.883134], [85.128029, 27.883116], [85.128009, 27.883116], [85.128009, 27.883098], [85.127989, 27.883098], [85.127989, 27.88308], [85.12801, 27.88308], [85.12801, 27.883062], [85.12803, 27.883062], [85.128031, 27.883044], [85.128051, 27.883044], [85.128051, 27.883026], [85.128071, 27.883027], [85.128072, 27.88299], [85.128031, 27.88299], [85.128031, 27.883008], [85.128011, 27.883008], [85.12801, 27.883044], [85.12799, 27.883044], [85.12799, 27.883062], [85.127969, 27.883061], [85.127969, 27.883079], [85.127949, 27.883079], [85.127949, 27.883061], [85.127929, 27.883061], [85.127929, 27.883043], [85.127909, 27.883042], [85.12791, 27.882988], [85.127889, 27.882988], [85.12789, 27.88297], [85.127869, 27.88297], [85.12787, 27.882952], [85.127809, 27.882951], [85.127809, 27.882933], [85.127789, 27.882932], [85.127789, 27.882914], [85.127769, 27.882914], [85.127769, 27.882896], [85.127749, 27.882896], [85.127749, 27.882878], [85.127729, 27.882878], [85.127729, 27.882859], [85.127709, 27.882859], [85.12771, 27.882805], [85.127689, 27.882805], [85.12769, 27.882787], [85.127649, 27.882786], [85.127649, 27.882804], [85.127628, 27.882804], [85.127629, 27.882786], [85.127608, 27.882786], [85.127609, 27.882768], [85.127568, 27.882767], [85.127568, 27.882749], [85.127548, 27.882749], [85.127548, 27.882731], [85.127528, 27.88273], [85.127528, 27.882712], [85.127508, 27.882712], [85.127508, 27.882694], [85.127488, 27.882694], [85.127489, 27.882658], [85.127448, 27.882657], [85.127448, 27.882639], [85.127428, 27.882639], [85.127428, 27.882621], [85.127408, 27.88262], [85.127408, 27.882602], [85.127388, 27.882602], [85.127389, 27.882566], [85.127368, 27.882566], [85.127369, 27.882548], [85.127348, 27.882547], [85.127349, 27.882529], [85.127328, 27.882529], [85.127329, 27.882493], [85.127309, 27.882493], [85.127309, 27.882475], [85.127289, 27.882474], [85.127289, 27.882456], [85.127269, 27.882456], [85.12727, 27.882384], [85.12725, 27.882384], [85.12725, 27.882366], [85.12723, 27.882365], [85.12723, 27.882347], [85.127149, 27.882346], [85.127149, 27.882328], [85.127129, 27.882328], [85.127129, 27.88231], [85.127109, 27.88231], [85.127109, 27.882292], [85.127129, 27.882292], [85.12713, 27.882274], [85.12715, 27.882274], [85.127151, 27.882238], [85.12713, 27.882238], [85.12713, 27.882256], [85.12711, 27.882255], [85.12711, 27.882237], [85.127069, 27.882237], [85.12707, 27.882219], [85.127049, 27.882219], [85.12705, 27.8822], [85.126968, 27.882199], [85.126969, 27.882181], [85.126948, 27.882181], [85.126949, 27.882163], [85.126928, 27.882163], [85.126929, 27.882145], [85.126949, 27.882145], [85.126949, 27.882127], [85.12697, 27.882127], [85.12697, 27.882109], [85.12695, 27.882109], [85.12695, 27.882091], [85.12693, 27.882091], [85.12693, 27.882072], [85.12691, 27.882072], [85.12691, 27.882054], [85.12689, 27.882054], [85.126891, 27.881982], [85.126911, 27.881982], [85.126912, 27.881928], [85.126892, 27.881928], [85.126892, 27.88191], [85.126872, 27.881909], [85.126873, 27.881837], [85.126893, 27.881837], [85.126894, 27.881819], [85.126873, 27.881819], [85.126874, 27.881801], [85.126853, 27.881801], [85.126854, 27.881783], [85.126874, 27.881783], [85.126874, 27.881765], [85.126895, 27.881765], [85.126895, 27.881747], [85.126915, 27.881747], [85.126916, 27.881729], [85.126956, 27.88173], [85.126956, 27.881748], [85.126976, 27.881748], [85.126977, 27.88173], [85.126997, 27.88173], [85.126997, 27.881712], [85.127038, 27.881713], [85.127037, 27.881731], [85.127078, 27.881732], [85.127078, 27.881714], [85.127099, 27.881714], [85.127099, 27.881696], [85.127079, 27.881695], [85.127079, 27.881677], [85.127059, 27.881677], [85.127059, 27.881659], [85.127039, 27.881659], [85.127039, 27.881641], [85.127059, 27.881641], [85.12706, 27.881623], [85.12708, 27.881623], [85.12708, 27.881605], [85.127101, 27.881606], [85.1271, 27.881624], [85.127121, 27.881624], [85.12712, 27.881642], [85.127141, 27.881642], [85.12714, 27.88166], [85.127201, 27.881661], [85.127201, 27.881679], [85.127242, 27.88168], [85.127241, 27.881698], [85.127262, 27.881698], [85.127261, 27.881716], [85.127282, 27.881716], [85.127281, 27.881734], [85.127302, 27.881735], [85.127301, 27.881753], [85.127321, 27.881753], [85.127321, 27.881771], [85.127382, 27.881772], [85.127382, 27.88179], [85.127402, 27.88179], [85.127402, 27.881808], [85.127422, 27.881808], [85.127422, 27.881826], [85.127442, 27.881827], [85.127441, 27.881881], [85.127461, 27.881881], [85.127461, 27.881899], [85.127481, 27.881899], [85.127481, 27.881918], [85.127501, 27.881918], [85.127501, 27.881936], [85.127521, 27.881936], [85.127521, 27.881954], [85.127541, 27.881954], [85.127541, 27.882009], [85.127581, 27.882009], [85.127581, 27.882027], [85.127601, 27.882027], [85.127601, 27.882045], [85.127621, 27.882046], [85.127621, 27.882064], [85.127641, 27.882064], [85.12764, 27.882118], [85.127661, 27.882119], [85.12766, 27.882137], [85.127681, 27.882137], [85.12768, 27.882155], [85.127701, 27.882155], [85.1277, 27.882173], [85.127741, 27.882174], [85.127741, 27.882192], [85.127761, 27.882192], [85.127761, 27.88221], [85.127781, 27.88221], [85.127781, 27.882228], [85.12776, 27.882228], [85.12776, 27.882264], [85.1278, 27.882265], [85.127801, 27.882247], [85.127841, 27.882247], [85.127841, 27.882265], [85.127861, 27.882266], [85.127861, 27.882284], [85.127881, 27.882284], [85.127881, 27.882302], [85.127901, 27.882302], [85.127901, 27.882338], [85.12788, 27.882338], [85.12788, 27.882356], [85.12786, 27.882356], [85.127859, 27.882374], [85.127839, 27.882374], [85.127839, 27.882392], [85.127818, 27.882391], [85.127818, 27.882409], [85.127798, 27.882409], [85.127797, 27.882427], [85.127777, 27.882427], [85.127777, 27.882445], [85.127756, 27.882445], [85.127756, 27.882463], [85.127736, 27.882462], [85.127736, 27.882481], [85.127715, 27.88248], [85.127715, 27.882498], [85.127695, 27.882498], [85.127694, 27.882516], [85.127674, 27.882516], [85.127674, 27.882534], [85.127653, 27.882534], [85.127653, 27.882552], [85.127633, 27.882551], [85.127632, 27.882569], [85.127612, 27.882569], [85.127612, 27.882605], [85.127632, 27.882605], [85.127632, 27.882623], [85.127652, 27.882624], [85.127652, 27.882642], [85.127672, 27.882642], [85.127672, 27.88266], [85.127692, 27.88266], [85.127692, 27.882678], [85.127712, 27.882679], [85.127712, 27.882697], [85.127732, 27.882697], [85.127732, 27.882715], [85.127752, 27.882715], [85.127752, 27.882733], [85.127772, 27.882734], [85.127772, 27.882752], [85.127792, 27.882752], [85.127792, 27.88277], [85.127812, 27.88277], [85.127812, 27.882788], [85.127832, 27.882789], [85.127832, 27.882807], [85.127852, 27.882807], [85.127852, 27.882825], [85.127872, 27.882825], [85.127872, 27.882843], [85.127892, 27.882844], [85.127892, 27.882862], [85.127912, 27.882862], [85.127911, 27.88288], [85.127952, 27.882881], [85.127952, 27.882862], [85.127973, 27.882863], [85.127973, 27.882845], [85.127993, 27.882845], [85.127994, 27.882827], [85.128014, 27.882827], [85.128014, 27.882809], [85.128035, 27.882809], [85.128035, 27.882791], [85.128055, 27.882792], [85.128056, 27.882774], [85.128076, 27.882774], [85.128076, 27.882756], [85.128096, 27.882756], [85.128097, 27.882738], [85.128117, 27.882738], [85.128117, 27.88272], [85.128138, 27.882721], [85.128138, 27.882703], [85.128158, 27.882703], [85.128159, 27.882685], [85.128179, 27.882685], [85.128179, 27.882703], [85.128199, 27.882703], [85.128199, 27.882721], [85.128219, 27.882722], [85.128219, 27.88274], [85.128198, 27.882739], [85.128198, 27.882758], [85.128218, 27.882758], [85.128218, 27.882776], [85.128238, 27.882776], [85.128238, 27.882794], [85.128258, 27.882794], [85.128257, 27.882867], [85.128318, 27.882867], [85.128318, 27.882886], [85.128338, 27.882886], [85.128338, 27.882904], [85.128358, 27.882904], [85.128358, 27.882922], [85.128419, 27.882923], [85.128419, 27.882905], [85.128439, 27.882905], [85.128439, 27.882923], [85.128459, 27.882924], [85.128459, 27.882942], [85.128479, 27.882942], [85.128479, 27.88296], [85.128499, 27.88296], [85.128499, 27.882978], [85.128479, 27.882978], [85.128478, 27.882996], [85.128458, 27.882996], [85.128457, 27.883032], [85.128437, 27.883032], [85.128437, 27.88305], [85.128416, 27.883049], [85.128416, 27.883067], [85.128396, 27.883067], [85.128395, 27.883085], [85.128375, 27.883085], [85.128375, 27.883103], [85.128355, 27.883103], [85.128354, 27.883121], [85.128334, 27.88312], [85.128334, 27.883138], [85.128313, 27.883138], [85.128313, 27.883156], [85.128293, 27.883156], [85.128292, 27.883174], [85.128272, 27.883174], [85.128272, 27.883192], [85.128251, 27.883191]]]}, "properties": {"layer": "stripped vegetation, day 2", "note": "cloud-free 59% of corridor only"}}, {"type": "Feature", "geometry": {"type": "Polygon", "coordinates": [[[85.128974, 27.881342], [85.128974, 27.881324], [85.128954, 27.881324], [85.128954, 27.881306], [85.128934, 27.881306], [85.128934, 27.881287], [85.128955, 27.881288], [85.128955, 27.88127], [85.128975, 27.88127], [85.128975, 27.881252], [85.128996, 27.881252], [85.128995, 27.88127], [85.129016, 27.881271], [85.129015, 27.881289], [85.129036, 27.881289], [85.129035, 27.881307], [85.129015, 27.881307], [85.129015, 27.881325], [85.128995, 27.881324], [85.128994, 27.881342], [85.128974, 27.881342]]]}, "properties": {"layer": "stripped vegetation, day 2", "note": "cloud-free 59% of corridor only"}}, {"type": "Feature", "geometry": {"type": "Polygon", "coordinates": [[[85.12591, 27.876427], [85.12591, 27.876409], [85.12589, 27.876409], [85.12589, 27.876391], [85.12587, 27.876391], [85.12587, 27.876373], [85.12585, 27.876372], [85.125851, 27.876318], [85.125831, 27.876318], [85.125831, 27.8763], [85.125851, 27.8763], [85.125852, 27.876264], [85.125872, 27.876264], [85.125873, 27.876246], [85.125893, 27.876246], [85.125893, 27.876228], [85.125913, 27.876229], [85.125913, 27.876247], [85.125933, 27.876247], [85.125933, 27.876265], [85.125953, 27.876265], [85.125953, 27.876301], [85.125933, 27.876301], [85.125932, 27.876319], [85.125953, 27.876319], [85.125952, 27.876374], [85.125972, 27.876374], [85.125972, 27.876392], [85.125951, 27.876392], [85.125951, 27.87641], [85.125931, 27.876409], [85.12593, 27.876427], [85.12591, 27.876427]]]}, "properties": {"layer": "stripped vegetation, day 2", "note": "cloud-free 59% of corridor only"}}, {"type": "Feature", "geometry": {"type": "Polygon", "coordinates": [[[85.125982, 27.875796], [85.125982, 27.875778], [85.125962, 27.875778], [85.125962, 27.87576], [85.125942, 27.87576], [85.125942, 27.875724], [85.125922, 27.875723], [85.125922, 27.875705], [85.125943, 27.875706], [85.125943, 27.875688], [85.125963, 27.875688], [85.125964, 27.87567], [85.125984, 27.87567], [85.125984, 27.875688], [85.126004, 27.875688], [85.126004, 27.875706], [85.126024, 27.875707], [85.126023, 27.875743], [85.126044, 27.875743], [85.126043, 27.875761], [85.126023, 27.875761], [85.126023, 27.875779], [85.126002, 27.875779], [85.126002, 27.875797], [85.125982, 27.875796]]]}, "properties": {"layer": "stripped vegetation, day 2", "note": "cloud-free 59% of corridor only"}}, {"type": "Feature", "geometry": {"type": "Polygon", "coordinates": [[[85.125885, 27.875542], [85.125885, 27.875524], [85.125865, 27.875524], [85.125865, 27.875506], [85.125845, 27.875506], [85.125845, 27.875488], [85.125865, 27.875488], [85.125866, 27.87547], [85.125886, 27.87547], [85.125886, 27.875452], [85.125907, 27.875452], [85.125906, 27.875471], [85.125927, 27.875471], [85.125926, 27.875489], [85.125947, 27.875489], [85.125946, 27.875507], [85.125926, 27.875507], [85.125926, 27.875525], [85.125905, 27.875525], [85.125905, 27.875543], [85.125885, 27.875542]]]}, "properties": {"layer": "stripped vegetation, day 2", "note": "cloud-free 59% of corridor only"}}, {"type": "Feature", "geometry": {"type": "Polygon", "coordinates": [[[85.125766, 27.875378], [85.125766, 27.87536], [85.125746, 27.87536], [85.125746, 27.875342], [85.125726, 27.875342], [85.125726, 27.875324], [85.125706, 27.875323], [85.125706, 27.875287], [85.125727, 27.875288], [85.125727, 27.87527], [85.125747, 27.87527], [85.125747, 27.875252], [85.125727, 27.875251], [85.125727, 27.875233], [85.125707, 27.875233], [85.125707, 27.875215], [85.125687, 27.875215], [85.125687, 27.875197], [85.125708, 27.875197], [85.125708, 27.875179], [85.125728, 27.875179], [85.125729, 27.875161], [85.125749, 27.875162], [85.125749, 27.875143], [85.12577, 27.875144], [85.125769, 27.875162], [85.12579, 27.875162], [85.125789, 27.87518], [85.12581, 27.87518], [85.125809, 27.875198], [85.12583, 27.875199], [85.125829, 27.875217], [85.12585, 27.875217], [85.125849, 27.875235], [85.12587, 27.875235], [85.125869, 27.875253], [85.12589, 27.875254], [85.125889, 27.875272], [85.12591, 27.875272], [85.125909, 27.87529], [85.12593, 27.87529], [85.125929, 27.875308], [85.125909, 27.875308], [85.125909, 27.875326], [85.125888, 27.875326], [85.125888, 27.875344], [85.125847, 27.875343], [85.125847, 27.875361], [85.125786, 27.875361], [85.125786, 27.875379], [85.125766, 27.875378]]]}, "properties": {"layer": "stripped vegetation, day 2", "note": "cloud-free 59% of corridor only"}}, {"type": "Feature", "geometry": {"type": "Polygon", "coordinates": [[[85.124645, 27.874388], [85.124646, 27.87437], [85.124625, 27.87437], [85.124626, 27.874352], [85.124605, 27.874352], [85.124606, 27.874334], [85.124626, 27.874334], [85.124626, 27.874316], [85.124646, 27.874316], [85.124647, 27.874298], [85.124667, 27.874299], [85.124667, 27.874317], [85.124687, 27.874317], [85.124687, 27.874335], [85.124707, 27.874335], [85.124707, 27.874353], [85.124686, 27.874353], [85.124686, 27.874371], [85.124666, 27.874371], [85.124666, 27.874389], [85.124645, 27.874388]]]}, "properties": {"layer": "stripped vegetation, day 2", "note": "cloud-free 59% of corridor only"}}, {"type": "Feature", "geometry": {"type": "Polygon", "coordinates": [[[85.124341, 27.874348], [85.124342, 27.87433], [85.124321, 27.87433], [85.124322, 27.874312], [85.124301, 27.874312], [85.124302, 27.874294], [85.124281, 27.874293], [85.124282, 27.874275], [85.124261, 27.874275], [85.124262, 27.874257], [85.124282, 27.874257], [85.124282, 27.874239], [85.124302, 27.874239], [85.124303, 27.874221], [85.124323, 27.874222], [85.124323, 27.87424], [85.124343, 27.87424], [85.124343, 27.874258], [85.124363, 27.874258], [85.124363, 27.874276], [85.124383, 27.874277], [85.124383, 27.874295], [85.124403, 27.874295], [85.124403, 27.874313], [85.124382, 27.874313], [85.124382, 27.874331], [85.124362, 27.87433], [85.124362, 27.874348], [85.124341, 27.874348]]]}, "properties": {"layer": "stripped vegetation, day 2", "note": "cloud-free 59% of corridor only"}}, {"type": "Feature", "geometry": {"type": "Polygon", "coordinates": [[[85.125593, 27.874798], [85.125593, 27.87478], [85.125573, 27.87478], [85.125573, 27.874762], [85.125553, 27.874762], [85.125553, 27.874744], [85.125533, 27.874743], [85.125533, 27.874725], [85.125513, 27.874725], [85.125513, 27.874707], [85.125493, 27.874707], [85.125493, 27.874689], [85.125473, 27.874689], [85.125473, 27.87467], [85.125453, 27.87467], [85.125453, 27.874652], [85.125433, 27.874652], [85.125433, 27.874634], [85.125413, 27.874634], [85.125413, 27.874615], [85.125393, 27.874615], [85.125393, 27.874633], [85.125372, 27.874633], [85.125372, 27.874651], [85.125352, 27.874651], [85.125351, 27.874669], [85.125311, 27.874668], [85.125311, 27.87465], [85.125291, 27.87465], [85.125291, 27.874632], [85.125271, 27.874632], [85.125271, 27.874614], [85.125251, 27.874613], [85.125251, 27.874595], [85.12521, 27.874595], [85.125211, 27.874577], [85.12519, 27.874576], [85.125191, 27.874558], [85.12517, 27.874558], [85.125171, 27.87454], [85.12515, 27.87454], [85.125151, 27.874522], [85.12511, 27.874521], [85.12511, 27.874503], [85.12509, 27.874503], [85.12509, 27.874485], [85.125009, 27.874484], [85.125009, 27.874466], [85.124989, 27.874465], [85.124989, 27.874447], [85.124969, 27.874447], [85.124969, 27.874429], [85.124929, 27.874428], [85.124929, 27.87441], [85.124889, 27.87441], [85.124889, 27.874392], [85.124869, 27.874391], [85.124869, 27.874373], [85.124849, 27.874373], [85.124849, 27.874355], [85.124829, 27.874355], [85.124829, 27.874319], [85.12485, 27.874319], [85.12485, 27.874301], [85.12487, 27.874301], [85.12487, 27.874283], [85.124891, 27.874283], [85.124891, 27.874265], [85.124911, 27.874266], [85.124912, 27.874248], [85.124932, 27.874248], [85.124932, 27.87423], [85.124953, 27.87423], [85.124953, 27.874212], [85.125014, 27.874213], [85.125014, 27.874195], [85.125034, 27.874195], [85.125034, 27.874213], [85.125054, 27.874214], [85.125054, 27.874232], [85.125074, 27.874232], [85.125074, 27.87425], [85.125094, 27.87425], [85.125094, 27.874268], [85.125114, 27.874268], [85.125114, 27.874287], [85.125134, 27.874287], [85.125134, 27.874323], [85.125337, 27.874326], [85.125337, 27.874344], [85.125357, 27.874344], [85.125357, 27.874362], [85.125377, 27.874362], [85.125377, 27.87438], [85.125397, 27.874381], [85.125397, 27.874399], [85.125417, 27.874399], [85.125417, 27.874417], [85.125437, 27.874417], [85.125437, 27.874435], [85.125457, 27.874436], [85.125457, 27.874454], [85.125477, 27.874454], [85.125477, 27.874472], [85.125497, 27.874472], [85.125496, 27.874526], [85.125516, 27.874527], [85.125516, 27.874545], [85.125536, 27.874545], [85.125536, 27.874581], [85.125556, 27.874581], [85.125556, 27.874599], [85.125576, 27.8746], [85.125576, 27.874618], [85.125596, 27.874618], [85.125596, 27.874636], [85.125616, 27.874636], [85.125615, 27.87469], [85.125635, 27.874691], [85.125634, 27.874745], [85.125655, 27.874745], [85.125654, 27.874763], [85.125634, 27.874763], [85.125634, 27.874781], [85.125613, 27.874781], [85.125613, 27.874799], [85.125593, 27.874798]]]}, "properties": {"layer": "stripped vegetation, day 2", "note": "cloud-free 59% of corridor only"}}, {"type": "Feature", "geometry": {"type": "Polygon", "coordinates": [[[85.119823, 27.873709], [85.119823, 27.873691], [85.119803, 27.873691], [85.119803, 27.873673], [85.119783, 27.873672], [85.119782, 27.87369], [85.119742, 27.87369], [85.119742, 27.873672], [85.119722, 27.873672], [85.119722, 27.873654], [85.119702, 27.873653], [85.119702, 27.873635], [85.119682, 27.873635], [85.119682, 27.873617], [85.119662, 27.873617], [85.119662, 27.873599], [85.119642, 27.873598], [85.119642, 27.87358], [85.119622, 27.87358], [85.119622, 27.873562], [85.119602, 27.873562], [85.119602, 27.873544], [85.119582, 27.873543], [85.119582, 27.873525], [85.119562, 27.873525], [85.119562, 27.873507], [85.119542, 27.873507], [85.119542, 27.873489], [85.119522, 27.873488], [85.119522, 27.87347], [85.119502, 27.87347], [85.119502, 27.873452], [85.119482, 27.873452], [85.119482, 27.873434], [85.119462, 27.873433], [85.119462, 27.873415], [85.119422, 27.873415], [85.119422, 27.873397], [85.119402, 27.873397], [85.119401, 27.873415], [85.119381, 27.873414], [85.119381, 27.873396], [85.119361, 27.873396], [85.119361, 27.873378], [85.119341, 27.873378], [85.119341, 27.87336], [85.119362, 27.87336], [85.119362, 27.873342], [85.119321, 27.873341], [85.119321, 27.873359], [85.119301, 27.873359], [85.1193, 27.873377], [85.11928, 27.873377], [85.11928, 27.873395], [85.11926, 27.873395], [85.119259, 27.873413], [85.119239, 27.873412], [85.119239, 27.873394], [85.119219, 27.873394], [85.119219, 27.873376], [85.119199, 27.873376], [85.119199, 27.873358], [85.119179, 27.873357], [85.11918, 27.873267], [85.11916, 27.873267], [85.119161, 27.873213], [85.11912, 27.873212], [85.119121, 27.873194], [85.11908, 27.873194], [85.11908, 27.873176], [85.11906, 27.873175], [85.119061, 27.873157], [85.11904, 27.873157], [85.119041, 27.873139], [85.119061, 27.873139], [85.119061, 27.873121], [85.119081, 27.873121], [85.119082, 27.873103], [85.119122, 27.873104], [85.119123, 27.873086], [85.119143, 27.873086], [85.119143, 27.873068], [85.119164, 27.873068], [85.119164, 27.87305], [85.119184, 27.873051], [85.119185, 27.873033], [85.119205, 27.873033], [85.119205, 27.873051], [85.119225, 27.873051], [85.119225, 27.873069], [85.119245, 27.873069], [85.119245, 27.873088], [85.119265, 27.873088], [85.119265, 27.873106], [85.119285, 27.873106], [85.119284, 27.873124], [85.119305, 27.873124], [85.119304, 27.873142], [85.119325, 27.873143], [85.119324, 27.873161], [85.119345, 27.873161], [85.119344, 27.873179], [85.119324, 27.873179], [85.119323, 27.873233], [85.119364, 27.873234], [85.119364, 27.873215], [85.119405, 27.873216], [85.119404, 27.873234], [85.119425, 27.873234], [85.119424, 27.873252], [85.119445, 27.873253], [85.119444, 27.873271], [85.119465, 27.873271], [85.119464, 27.873289], [85.119485, 27.873289], [85.119485, 27.873271], [85.119505, 27.873272], [85.119506, 27.873254], [85.119526, 27.873254], [85.119526, 27.873272], [85.119546, 27.873272], [85.119546, 27.87329], [85.119566, 27.87329], [85.119565, 27.873327], [85.119626, 27.873327], [85.119627, 27.873309], [85.119606, 27.873309], [85.119607, 27.873291], [85.119586, 27.873291], [85.119588, 27.873219], [85.119608, 27.873219], [85.119608, 27.873201], [85.119628, 27.873201], [85.119629, 27.873183], [85.119649, 27.873183], [85.119649, 27.873201], [85.119689, 27.873202], [85.119689, 27.87322], [85.119709, 27.87322], [85.119709, 27.873238], [85.119729, 27.873239], [85.119729, 27.873257], [85.119749, 27.873257], [85.119749, 27.873275], [85.119769, 27.873275], [85.119769, 27.873311], [85.119748, 27.873311], [85.119747, 27.873365], [85.119768, 27.873365], [85.119767, 27.873401], [85.119747, 27.873401], [85.119747, 27.873419], [85.119726, 27.873419], [85.119726, 27.873437], [85.119706, 27.873437], [85.119705, 27.873455], [85.119726, 27.873455], [85.119725, 27.873473], [85.119746, 27.873473], [85.119745, 27.873509], [85.119765, 27.87351], [85.119765, 27.873528], [85.119785, 27.873528], [85.119785, 27.873546], [85.119805, 27.873546], [85.119805, 27.873564], [85.119825, 27.873565], [85.119825, 27.873583], [85.119845, 27.873583], [85.119845, 27.873601], [85.119865, 27.873601], [85.119864, 27.873656], [85.119885, 27.873656], [85.119884, 27.873674], [85.119864, 27.873674], [85.119864, 27.873692], [85.119843, 27.873691], [85.119843, 27.873709], [85.119823, 27.873709]]]}, "properties": {"layer": "stripped vegetation, day 2", "note": "cloud-free 59% of corridor only"}}, {"type": "Feature", "geometry": {"type": "Polygon", "coordinates": [[[85.118597, 27.87297], [85.118597, 27.872952], [85.118577, 27.872952], [85.118577, 27.872934], [85.118557, 27.872934], [85.118558, 27.872862], [85.118578, 27.872862], [85.118578, 27.872844], [85.118599, 27.872844], [85.118599, 27.872826], [85.11864, 27.872827], [85.118639, 27.872845], [85.11866, 27.872845], [85.118659, 27.872863], [85.11868, 27.872863], [85.118679, 27.872881], [85.1187, 27.872882], [85.118699, 27.8729], [85.118679, 27.872899], [85.118679, 27.872917], [85.118658, 27.872917], [85.118658, 27.872935], [85.118638, 27.872935], [85.118637, 27.872953], [85.118617, 27.872953], [85.118617, 27.872971], [85.118597, 27.87297]]]}, "properties": {"layer": "stripped vegetation, day 2", "note": "cloud-free 59% of corridor only"}}, {"type": "Feature", "geometry": {"type": "Polygon", "coordinates": [[[85.119419, 27.872404], [85.119419, 27.872386], [85.119358, 27.872385], [85.119359, 27.872367], [85.119338, 27.872367], [85.119339, 27.872349], [85.119318, 27.872348], [85.119319, 27.872312], [85.119299, 27.872312], [85.119299, 27.872294], [85.119279, 27.872294], [85.119279, 27.872276], [85.119299, 27.872276], [85.119299, 27.872258], [85.11932, 27.872258], [85.11932, 27.87224], [85.11934, 27.872241], [85.119341, 27.872222], [85.119361, 27.872223], [85.119361, 27.872205], [85.119382, 27.872205], [85.119382, 27.872187], [85.119402, 27.872187], [85.119403, 27.872169], [85.119443, 27.87217], [85.119443, 27.872188], [85.119463, 27.872188], [85.119463, 27.872206], [85.119483, 27.872206], [85.119483, 27.872224], [85.119503, 27.872225], [85.119503, 27.872243], [85.119523, 27.872243], [85.119523, 27.872261], [85.119503, 27.872261], [85.119502, 27.872279], [85.119482, 27.872279], [85.119482, 27.872297], [85.119461, 27.872296], [85.11946, 27.87235], [85.119481, 27.872351], [85.11948, 27.872369], [85.11946, 27.872368], [85.11946, 27.872387], [85.119439, 27.872386], [85.119439, 27.872404], [85.119419, 27.872404]]]}, "properties": {"layer": "stripped vegetation, day 2", "note": "cloud-free 59% of corridor only"}}, {"type": "Feature", "geometry": {"type": "Polygon", "coordinates": [[[85.119627, 27.872118], [85.119627, 27.8721], [85.119607, 27.8721], [85.119607, 27.872082], [85.119587, 27.872081], [85.119587, 27.872063], [85.119567, 27.872063], [85.119568, 27.872009], [85.119588, 27.872009], [85.119588, 27.871991], [85.119609, 27.871991], [85.119609, 27.871973], [85.119629, 27.871974], [85.119629, 27.871992], [85.11969, 27.871993], [85.11969, 27.872011], [85.11971, 27.872011], [85.11971, 27.872029], [85.11973, 27.872029], [85.119729, 27.872065], [85.119709, 27.872065], [85.119709, 27.872083], [85.119688, 27.872083], [85.119688, 27.872101], [85.119668, 27.872101], [85.119667, 27.872119], [85.119627, 27.872118]]]}, "properties": {"layer": "stripped vegetation, day 2", "note": "cloud-free 59% of corridor only"}}, {"type": "Feature", "geometry": {"type": "Polygon", "coordinates": [[[85.120673, 27.871519], [85.120673, 27.871501], [85.120653, 27.8715], [85.120653, 27.871482], [85.120633, 27.871482], [85.120633, 27.871464], [85.120613, 27.871464], [85.120613, 27.871446], [85.120573, 27.871445], [85.120572, 27.871463], [85.120532, 27.871463], [85.120532, 27.871445], [85.120512, 27.871444], [85.120512, 27.871426], [85.120492, 27.871426], [85.120492, 27.871408], [85.120472, 27.871408], [85.120472, 27.87139], [85.120492, 27.87139], [85.120493, 27.871372], [85.120513, 27.871372], [85.120513, 27.871354], [85.120534, 27.871354], [85.120534, 27.871336], [85.120554, 27.871337], [85.120554, 27.871355], [85.120716, 27.871357], [85.120716, 27.871375], [85.120757, 27.871375], [85.120756, 27.871393], [85.120838, 27.871395], [85.120837, 27.871413], [85.120858, 27.871413], [85.120857, 27.871431], [85.120878, 27.871431], [85.120877, 27.871467], [85.120857, 27.871467], [85.120856, 27.871485], [85.120836, 27.871485], [85.120836, 27.871503], [85.120816, 27.871503], [85.120816, 27.871484], [85.120796, 27.871484], [85.120795, 27.871502], [85.120775, 27.871502], [85.120775, 27.87152], [85.120673, 27.871519]]]}, "properties": {"layer": "stripped vegetation, day 2", "note": "cloud-free 59% of corridor only"}}, {"type": "Feature", "geometry": {"type": "Polygon", "coordinates": [[[85.114283, 27.866378], [85.114283, 27.86636], [85.114263, 27.866359], [85.114263, 27.866341], [85.114243, 27.866341], [85.114243, 27.866323], [85.114264, 27.866323], [85.114264, 27.866305], [85.114284, 27.866305], [85.114284, 27.866287], [85.114305, 27.866288], [85.114304, 27.866306], [85.114325, 27.866306], [85.114324, 27.866324], [85.114345, 27.866324], [85.114344, 27.866342], [85.114324, 27.866342], [85.114324, 27.86636], [85.114304, 27.86636], [85.114303, 27.866378], [85.114283, 27.866378]]]}, "properties": {"layer": "stripped vegetation, day 2", "note": "cloud-free 59% of corridor only"}}, {"type": "Feature", "geometry": {"type": "Polygon", "coordinates": [[[85.113368, 27.868802], [85.113368, 27.868784], [85.113348, 27.868783], [85.113348, 27.868765], [85.113328, 27.868765], [85.113328, 27.868729], [85.113308, 27.868729], [85.113308, 27.868711], [85.113288, 27.86871], [85.113288, 27.868692], [85.113268, 27.868692], [85.113269, 27.868656], [85.113289, 27.868656], [85.113289, 27.868638], [85.113309, 27.868638], [85.11331, 27.868602], [85.11329, 27.868602], [85.113289, 27.86862], [85.113269, 27.86862], [85.113269, 27.868602], [85.113249, 27.868602], [85.113249, 27.868584], [85.113229, 27.868583], [85.11323, 27.868565], [85.11325, 27.868565], [85.11325, 27.868547], [85.11327, 27.868548], [85.113271, 27.868512], [85.113251, 27.868511], [85.11325, 27.868529], [85.11323, 27.868529], [85.11323, 27.868547], [85.11321, 27.868547], [85.11321, 27.868529], [85.11319, 27.868529], [85.11319, 27.86851], [85.11317, 27.86851], [85.113171, 27.868438], [85.11315, 27.868438], [85.113151, 27.868402], [85.113131, 27.868401], [85.113131, 27.868383], [85.11309, 27.868383], [85.113091, 27.868365], [85.113071, 27.868364], [85.113071, 27.868346], [85.113051, 27.868346], [85.113051, 27.868328], [85.113031, 27.868328], [85.113031, 27.86831], [85.113051, 27.86831], [85.113051, 27.868292], [85.113072, 27.868292], [85.113072, 27.868274], [85.113113, 27.868275], [85.113113, 27.868257], [85.113093, 27.868256], [85.113093, 27.868238], [85.113073, 27.868238], [85.113073, 27.86822], [85.113093, 27.86822], [85.113094, 27.868202], [85.113073, 27.868202], [85.113075, 27.868112], [85.113055, 27.868112], [85.113055, 27.868094], [85.113035, 27.868093], [85.113035, 27.868075], [85.113015, 27.868075], [85.113015, 27.868057], [85.112995, 27.868057], [85.112996, 27.868002], [85.112975, 27.868002], [85.112976, 27.867966], [85.112956, 27.867966], [85.112956, 27.867948], [85.112936, 27.867947], [85.112936, 27.867929], [85.112916, 27.867929], [85.112917, 27.867857], [85.112937, 27.867857], [85.112938, 27.867803], [85.112897, 27.867803], [85.112898, 27.867785], [85.112877, 27.867784], [85.112878, 27.867766], [85.112857, 27.867766], [85.112858, 27.867748], [85.112878, 27.867748], [85.112878, 27.86773], [85.112899, 27.86773], [85.112899, 27.867712], [85.112919, 27.867713], [85.11292, 27.867658], [85.1129, 27.867658], [85.1129, 27.86764], [85.11288, 27.86764], [85.11288, 27.867622], [85.112901, 27.867622], [85.112902, 27.867568], [85.112861, 27.867567], [85.112861, 27.867585], [85.11282, 27.867585], [85.11282, 27.867567], [85.11278, 27.867566], [85.112779, 27.867584], [85.112759, 27.867584], [85.112759, 27.867602], [85.112738, 27.867602], [85.112739, 27.867584], [85.112718, 27.867584], [85.112719, 27.867565], [85.112698, 27.867565], [85.112699, 27.867529], [85.112679, 27.867529], [85.112679, 27.867511], [85.112699, 27.867511], [85.1127, 27.867493], [85.11272, 27.867493], [85.11272, 27.867475], [85.112741, 27.867476], [85.112742, 27.867421], [85.112762, 27.867422], [85.112763, 27.867368], [85.112722, 27.867367], [85.112723, 27.867349], [85.112702, 27.867349], [85.112703, 27.867331], [85.112682, 27.86733], [85.112683, 27.867294], [85.112663, 27.867294], [85.112663, 27.867276], [85.112643, 27.867276], [85.112644, 27.867167], [85.112624, 27.867167], [85.112624, 27.867149], [85.112604, 27.867149], [85.112605, 27.867095], [85.112585, 27.867094], [85.112585, 27.867076], [85.112565, 27.867076], [85.112565, 27.867058], [85.112585, 27.867058], [85.112586, 27.86704], [85.112565, 27.86704], [85.112566, 27.867022], [85.112586, 27.867022], [85.112587, 27.86695], [85.112547, 27.866949], [85.112547, 27.866931], [85.112527, 27.866931], [85.112527, 27.866913], [85.112507, 27.866913], [85.112507, 27.866895], [85.112487, 27.866894], [85.112488, 27.866822], [85.112508, 27.866823], [85.112509, 27.866805], [85.112529, 27.866805], [85.112529, 27.866769], [85.112509, 27.866768], [85.112509, 27.86675], [85.112489, 27.86675], [85.11249, 27.866714], [85.112469, 27.866714], [85.11247, 27.866696], [85.11245, 27.866695], [85.11245, 27.866659], [85.11243, 27.866659], [85.112431, 27.866605], [85.11241, 27.866605], [85.112411, 27.866587], [85.11239, 27.866586], [85.112391, 27.866532], [85.112371, 27.866532], [85.112371, 27.866514], [85.112392, 27.866514], [85.112395, 27.866334], [85.112375, 27.866333], [85.112375, 27.866315], [85.112355, 27.866315], [85.112355, 27.866297], [85.112335, 27.866297], [85.112335, 27.866279], [85.112355, 27.866279], [85.112355, 27.866261], [85.112376, 27.866261], [85.112376, 27.866243], [85.112396, 27.866243], [85.112397, 27.866189], [85.112377, 27.866189], [85.112377, 27.866171], [85.112357, 27.866171], [85.112357, 27.866153], [85.112337, 27.866152], [85.112338, 27.866116], [85.112317, 27.866116], [85.112318, 27.866062], [85.112339, 27.866062], [85.112339, 27.866044], [85.112319, 27.866044], [85.112319, 27.866008], [85.11234, 27.866008], [85.11234, 27.86599], [85.11236, 27.86599], [85.11236, 27.865972], [85.112381, 27.865973], [85.11238, 27.865991], [85.112401, 27.865991], [85.1124, 27.866009], [85.112421, 27.866009], [85.11242, 27.866045], [85.1124, 27.866045], [85.1124, 27.866063], [85.11242, 27.866063], [85.112419, 27.866117], [85.112439, 27.866118], [85.112439, 27.866136], [85.11248, 27.866136], [85.11248, 27.866118], [85.11252, 27.866119], [85.112522, 27.866011], [85.112502, 27.86601], [85.112503, 27.865974], [85.112421, 27.865973], [85.112422, 27.865955], [85.112401, 27.865955], [85.112402, 27.865937], [85.112381, 27.865936], [85.112382, 27.865918], [85.112402, 27.865919], [85.112402, 27.865901], [85.112423, 27.865901], [85.112423, 27.865883], [85.112443, 27.865883], [85.112444, 27.865865], [85.112545, 27.865866], [85.112548, 27.865704], [85.112568, 27.865704], [85.112569, 27.865686], [85.112589, 27.865687], [85.112592, 27.865524], [85.112612, 27.865524], [85.112612, 27.865506], [85.112633, 27.865507], [85.112633, 27.865489], [85.112653, 27.865489], [85.112654, 27.865471], [85.112674, 27.865471], [85.112674, 27.865489], [85.112694, 27.865489], [85.112693, 27.865507], [85.112714, 27.865508], [85.112713, 27.865526], [85.112734, 27.865526], [85.112733, 27.86558], [85.112713, 27.86558], [85.112711, 27.86567], [85.112731, 27.86567], [85.112729, 27.865779], [85.11275, 27.865779], [85.112749, 27.865815], [85.112769, 27.865815], [85.112768, 27.86587], [85.112789, 27.86587], [85.112788, 27.865924], [85.112768, 27.865924], [85.112765, 27.866068], [85.112785, 27.866068], [85.112783, 27.866177], [85.112763, 27.866176], [85.112763, 27.866212], [85.112783, 27.866213], [85.112783, 27.866231], [85.112803, 27.866231], [85.112803, 27.866249], [85.112823, 27.866249], [85.112821, 27.866376], [85.112841, 27.866376], [85.11284, 27.866448], [85.11286, 27.866448], [85.11286, 27.866466], [85.11288, 27.866467], [85.112878, 27.866557], [85.112899, 27.866557], [85.112898, 27.866575], [85.112919, 27.866575], [85.112918, 27.866612], [85.112938, 27.866612], [85.112937, 27.866666], [85.112958, 27.866666], [85.112957, 27.866684], [85.112978, 27.866685], [85.112977, 27.866703], [85.112998, 27.866703], [85.112996, 27.866829], [85.113016, 27.86683], [85.113016, 27.866848], [85.113036, 27.866848], [85.113035, 27.86692], [85.113055, 27.86692], [85.113055, 27.866938], [85.113075, 27.866939], [85.113075, 27.866957], [85.113095, 27.866957], [85.113094, 27.867011], [85.113114, 27.867011], [85.113113, 27.867065], [85.113154, 27.867066], [85.113154, 27.867084], [85.113174, 27.867084], [85.113174, 27.867102], [85.113194, 27.867103], [85.113193, 27.867139], [85.113173, 27.867139], [85.113172, 27.867175], [85.113193, 27.867175], [85.113192, 27.867193], [85.113213, 27.867193], [85.113212, 27.867229], [85.113232, 27.86723], [85.11323, 27.867356], [85.11325, 27.867356], [85.11325, 27.867392], [85.11327, 27.867393], [85.11327, 27.867429], [85.113249, 27.867428], [85.113249, 27.867464], [85.113269, 27.867465], [85.113268, 27.867501], [85.113289, 27.867501], [85.113287, 27.867591], [85.113307, 27.867592], [85.113307, 27.86761], [85.113327, 27.86761], [85.113327, 27.867628], [85.113307, 27.867628], [85.113306, 27.867682], [85.113326, 27.867682], [85.113325, 27.867736], [85.113345, 27.867736], [85.113344, 27.867827], [85.113364, 27.867827], [85.113364, 27.867845], [85.113384, 27.867845], [85.113382, 27.867954], [85.113403, 27.867954], [85.1134, 27.868098], [85.11342, 27.868099], [85.113419, 27.868207], [85.113439, 27.868207], [85.113438, 27.868261], [85.113458, 27.868261], [85.113458, 27.868298], [85.113478, 27.868298], [85.113477, 27.86837], [85.113497, 27.86837], [85.113496, 27.868406], [85.113476, 27.868406], [85.113476, 27.868424], [85.113455, 27.868424], [85.113455, 27.868442], [85.113435, 27.868442], [85.113434, 27.86846], [85.113414, 27.868459], [85.113414, 27.868477], [85.113394, 27.868477], [85.113393, 27.868495], [85.113373, 27.868495], [85.113373, 27.868513], [85.113352, 27.868513], [85.113352, 27.868531], [85.113372, 27.868531], [85.113372, 27.868567], [85.113392, 27.868567], [85.113392, 27.868585], [85.113412, 27.868586], [85.113412, 27.868604], [85.113432, 27.868604], [85.113432, 27.868622], [85.113452, 27.868622], [85.113452, 27.86864], [85.113472, 27.868641], [85.113472, 27.868659], [85.113492, 27.868659], [85.113492, 27.868677], [85.113512, 27.868677], [85.113512, 27.868695], [85.113491, 27.868695], [85.113491, 27.868713], [85.113471, 27.868713], [85.11347, 27.868731], [85.11345, 27.868731], [85.11345, 27.868749], [85.113429, 27.868748], [85.113429, 27.868766], [85.113409, 27.868766], [85.113409, 27.868784], [85.113388, 27.868784], [85.113388, 27.868802], [85.113368, 27.868802]]]}, "properties": {"layer": "stripped vegetation, day 2", "note": "cloud-free 59% of corridor only"}}, {"type": "Feature", "geometry": {"type": "Polygon", "coordinates": [[[85.112633, 27.865471], [85.112634, 27.865453], [85.112613, 27.865452], [85.112614, 27.865434], [85.112593, 27.865434], [85.112594, 27.865416], [85.112573, 27.865416], [85.112574, 27.865398], [85.112594, 27.865398], [85.112594, 27.86538], [85.112614, 27.86538], [85.112615, 27.865362], [85.112635, 27.865362], [85.112635, 27.865344], [85.112676, 27.865345], [85.112676, 27.865363], [85.112696, 27.865363], [85.112696, 27.865381], [85.112716, 27.865381], [85.112715, 27.865418], [85.112695, 27.865417], [85.112695, 27.865435], [85.112674, 27.865435], [85.112674, 27.865453], [85.112654, 27.865453], [85.112654, 27.865471], [85.112633, 27.865471]]]}, "properties": {"layer": "stripped vegetation, day 2", "note": "cloud-free 59% of corridor only"}}, {"type": "Feature", "geometry": {"type": "Polygon", "coordinates": [[[85.111205, 27.864693], [85.111205, 27.864675], [85.111185, 27.864675], [85.111185, 27.864657], [85.111165, 27.864656], [85.111165, 27.864638], [85.111185, 27.864639], [85.111186, 27.86462], [85.111206, 27.864621], [85.111206, 27.864603], [85.111227, 27.864603], [85.111226, 27.864621], [85.111247, 27.864621], [85.111246, 27.864639], [85.111267, 27.86464], [85.111266, 27.864658], [85.111246, 27.864657], [85.111246, 27.864675], [85.111225, 27.864675], [85.111225, 27.864693], [85.111205, 27.864693]]]}, "properties": {"layer": "stripped vegetation, day 2", "note": "cloud-free 59% of corridor only"}}, {"type": "Feature", "geometry": {"type": "Polygon", "coordinates": [[[85.112467, 27.86453], [85.112467, 27.864512], [85.112447, 27.864511], [85.112447, 27.864493], [85.112427, 27.864493], [85.112427, 27.864475], [85.112447, 27.864475], [85.112448, 27.864457], [85.112468, 27.864458], [85.112468, 27.86444], [85.112489, 27.86444], [85.112488, 27.864458], [85.112509, 27.864458], [85.112508, 27.864476], [85.112529, 27.864476], [85.112528, 27.864494], [85.112508, 27.864494], [85.112508, 27.864512], [85.112487, 27.864512], [85.112487, 27.86453], [85.112467, 27.86453]]]}, "properties": {"layer": "stripped vegetation, day 2", "note": "cloud-free 59% of corridor only"}}, {"type": "Feature", "geometry": {"type": "Polygon", "coordinates": [[[85.109669, 27.864221], [85.10967, 27.864203], [85.109649, 27.864202], [85.10965, 27.864184], [85.109629, 27.864184], [85.10963, 27.864148], [85.10965, 27.864148], [85.109651, 27.86413], [85.109671, 27.86413], [85.109671, 27.864112], [85.109692, 27.864113], [85.109691, 27.864131], [85.109712, 27.864131], [85.109711, 27.864149], [85.109732, 27.864149], [85.109731, 27.864185], [85.109711, 27.864185], [85.10971, 27.864203], [85.10969, 27.864203], [85.10969, 27.864221], [85.109669, 27.864221]]]}, "properties": {"layer": "stripped vegetation, day 2", "note": "cloud-free 59% of corridor only"}}, {"type": "Feature", "geometry": {"type": "Polygon", "coordinates": [[[85.110656, 27.86474], [85.110656, 27.864722], [85.110636, 27.864721], [85.110636, 27.864703], [85.110616, 27.864703], [85.110616, 27.864685], [85.110596, 27.864685], [85.110596, 27.864649], [85.110616, 27.864649], [85.110617, 27.864631], [85.110556, 27.86463], [85.110556, 27.864612], [85.110516, 27.864611], [85.110516, 27.864593], [85.110496, 27.864593], [85.110496, 27.864575], [85.110476, 27.864575], [85.110476, 27.864557], [85.110456, 27.864556], [85.110456, 27.864538], [85.110436, 27.864538], [85.110437, 27.864448], [85.110457, 27.864448], [85.110458, 27.86443], [85.110478, 27.86443], [85.110478, 27.864412], [85.110539, 27.864413], [85.110541, 27.864323], [85.110561, 27.864323], [85.110562, 27.864305], [85.110582, 27.864305], [85.110582, 27.864287], [85.110602, 27.864288], [85.110602, 27.864306], [85.110663, 27.864306], [85.110664, 27.86427], [85.110684, 27.864271], [85.110684, 27.864253], [85.110705, 27.864253], [85.110705, 27.864217], [85.110685, 27.864217], [85.110685, 27.864198], [85.110665, 27.864198], [85.110665, 27.86418], [85.110686, 27.86418], [85.110686, 27.864162], [85.110706, 27.864163], [85.110706, 27.864145], [85.110727, 27.864145], [85.110727, 27.864127], [85.110747, 27.864127], [85.110748, 27.864109], [85.110768, 27.864109], [85.110768, 27.864091], [85.110809, 27.864092], [85.110809, 27.86411], [85.110829, 27.86411], [85.110829, 27.864128], [85.110849, 27.864129], [85.110849, 27.864147], [85.110869, 27.864147], [85.110869, 27.864165], [85.110889, 27.864165], [85.110889, 27.864183], [85.110909, 27.864184], [85.110908, 27.86422], [85.110929, 27.86422], [85.110928, 27.864238], [85.110949, 27.864238], [85.110948, 27.864274], [85.110968, 27.864275], [85.110968, 27.864311], [85.110988, 27.864311], [85.110987, 27.864383], [85.111007, 27.864383], [85.111006, 27.864438], [85.110986, 27.864437], [85.110985, 27.864455], [85.110965, 27.864455], [85.110965, 27.864473], [85.110944, 27.864473], [85.110944, 27.864491], [85.110924, 27.864491], [85.110924, 27.864509], [85.110903, 27.864508], [85.110904, 27.86449], [85.110863, 27.86449], [85.110862, 27.864526], [85.110883, 27.864526], [85.110882, 27.864562], [85.110862, 27.864562], [85.110861, 27.86458], [85.110841, 27.86458], [85.110841, 27.864598], [85.110719, 27.864596], [85.110719, 27.864578], [85.110699, 27.864578], [85.110699, 27.86456], [85.110679, 27.864559], [85.11068, 27.864505], [85.1107, 27.864506], [85.110701, 27.864487], [85.11066, 27.864487], [85.11066, 27.864505], [85.110639, 27.864505], [85.110639, 27.864523], [85.110619, 27.864522], [85.110618, 27.864559], [85.110638, 27.864559], [85.110638, 27.864577], [85.110658, 27.864577], [85.110658, 27.864595], [85.110678, 27.864595], [85.110678, 27.864614], [85.110698, 27.864614], [85.110698, 27.864632], [85.110718, 27.864632], [85.110718, 27.864668], [85.110738, 27.864668], [85.110738, 27.864687], [85.110717, 27.864686], [85.110717, 27.864704], [85.110697, 27.864704], [85.110696, 27.864722], [85.110676, 27.864722], [85.110676, 27.86474], [85.110656, 27.86474]], [[85.11066, 27.864469], [85.110701, 27.864469], [85.110701, 27.864451], [85.110721, 27.864452], [85.110722, 27.864434], [85.110701, 27.864433], [85.110702, 27.864415], [85.110681, 27.864415], [85.110682, 27.864397], [85.110661, 27.864397], [85.110661, 27.864415], [85.110641, 27.864414], [85.11064, 27.864451], [85.110661, 27.864451], [85.11066, 27.864469]]]}, "properties": {"layer": "stripped vegetation, day 2", "note": "cloud-free 59% of corridor only"}}, {"type": "Feature", "geometry": {"type": "Polygon", "coordinates": [[[85.112469, 27.864403], [85.112469, 27.864385], [85.112449, 27.864385], [85.112449, 27.864367], [85.112429, 27.864367], [85.112429, 27.864349], [85.112409, 27.864348], [85.112409, 27.864366], [85.112388, 27.864366], [85.112389, 27.864348], [85.112368, 27.864348], [85.112368, 27.864366], [85.112348, 27.864366], [85.112348, 27.864348], [85.112328, 27.864347], [85.112328, 27.864329], [85.112308, 27.864329], [85.112308, 27.864311], [85.112288, 27.864311], [85.112287, 27.864329], [85.112267, 27.864328], [85.112267, 27.86431], [85.112247, 27.86431], [85.112247, 27.864292], [85.112227, 27.864292], [85.112228, 27.864238], [85.112208, 27.864237], [85.112209, 27.864183], [85.112188, 27.864183], [85.112189, 27.864165], [85.112209, 27.864165], [85.112209, 27.864147], [85.11223, 27.864147], [85.11223, 27.864129], [85.11225, 27.86413], [85.112251, 27.864112], [85.112291, 27.864112], [85.112291, 27.86413], [85.112331, 27.864131], [85.112332, 27.864113], [85.112352, 27.864113], [85.112352, 27.864095], [85.112373, 27.864095], [85.112373, 27.864077], [85.112393, 27.864077], [85.112393, 27.864096], [85.112413, 27.864096], [85.112413, 27.864114], [85.112433, 27.864114], [85.112432, 27.864168], [85.112453, 27.864169], [85.112452, 27.864205], [85.112472, 27.864205], [85.112472, 27.864241], [85.112492, 27.864241], [85.112492, 27.864259], [85.112512, 27.86426], [85.112511, 27.864332], [85.112531, 27.864332], [85.11253, 27.864368], [85.11251, 27.864368], [85.11251, 27.864386], [85.11249, 27.864386], [85.112489, 27.864404], [85.112469, 27.864403]]]}, "properties": {"layer": "stripped vegetation, day 2", "note": "cloud-free 59% of corridor only"}}, {"type": "Feature", "geometry": {"type": "Polygon", "coordinates": [[[85.110078, 27.864064], [85.110079, 27.864046], [85.110058, 27.864046], [85.110059, 27.864027], [85.110038, 27.864027], [85.110039, 27.864009], [85.110059, 27.864009], [85.110059, 27.863991], [85.11008, 27.863992], [85.11008, 27.863974], [85.1101, 27.863974], [85.1101, 27.863992], [85.11012, 27.863992], [85.11012, 27.86401], [85.11014, 27.864011], [85.11014, 27.864029], [85.11012, 27.864028], [85.110119, 27.864046], [85.110099, 27.864046], [85.110099, 27.864064], [85.110078, 27.864064]]]}, "properties": {"layer": "stripped vegetation, day 2", "note": "cloud-free 59% of corridor only"}}, {"type": "Feature", "geometry": {"type": "Polygon", "coordinates": [[[85.110553, 27.863619], [85.110553, 27.863601], [85.110533, 27.863601], [85.110533, 27.863583], [85.110513, 27.863582], [85.110514, 27.863528], [85.110534, 27.863529], [85.110535, 27.863511], [85.110555, 27.863511], [85.110555, 27.863493], [85.110596, 27.863493], [85.110596, 27.863511], [85.110616, 27.863512], [85.110616, 27.86353], [85.110636, 27.86353], [85.110635, 27.863566], [85.110615, 27.863566], [85.110615, 27.863584], [85.110594, 27.863584], [85.110594, 27.863602], [85.110574, 27.863601], [85.110573, 27.863619], [85.110553, 27.863619]]]}, "properties": {"layer": "stripped vegetation, day 2", "note": "cloud-free 59% of corridor only"}}, {"type": "Feature", "geometry": {"type": "Polygon", "coordinates": [[[85.109935, 27.864116], [85.109936, 27.864098], [85.109875, 27.864097], [85.109875, 27.864079], [85.109855, 27.864079], [85.109855, 27.864061], [85.109835, 27.86406], [85.109835, 27.864042], [85.109815, 27.864042], [85.109814, 27.86406], [85.109774, 27.86406], [85.109773, 27.864078], [85.109753, 27.864077], [85.109753, 27.864095], [85.109732, 27.864095], [85.109733, 27.864077], [85.109712, 27.864077], [85.109713, 27.864059], [85.109692, 27.864059], [85.109693, 27.864022], [85.109713, 27.864023], [85.109714, 27.864005], [85.109693, 27.864004], [85.109694, 27.863986], [85.109673, 27.863986], [85.109674, 27.863968], [85.109653, 27.863968], [85.109654, 27.86395], [85.109633, 27.863949], [85.109634, 27.863931], [85.109613, 27.863931], [85.109614, 27.863895], [85.109634, 27.863895], [85.109635, 27.863877], [85.109655, 27.863878], [85.109655, 27.863859], [85.109676, 27.86386], [85.109675, 27.863878], [85.109696, 27.863878], [85.109695, 27.863896], [85.109716, 27.863896], [85.109715, 27.863914], [85.109736, 27.863915], [85.109736, 27.863897], [85.109777, 27.863897], [85.109777, 27.863879], [85.109797, 27.863879], [85.109797, 27.863861], [85.109818, 27.863862], [85.109819, 27.863808], [85.109839, 27.863808], [85.109839, 27.86379], [85.10986, 27.86379], [85.10986, 27.863772], [85.10988, 27.863772], [85.109881, 27.863754], [85.109901, 27.863755], [85.109901, 27.863737], [85.109921, 27.863737], [85.109922, 27.863719], [85.109942, 27.863719], [85.109942, 27.863701], [85.109963, 27.863701], [85.109963, 27.863665], [85.109984, 27.863665], [85.109984, 27.863647], [85.110004, 27.863648], [85.110005, 27.86363], [85.110045, 27.86363], [85.110045, 27.863648], [85.110065, 27.863649], [85.110065, 27.863667], [85.110085, 27.863667], [85.110085, 27.863685], [85.110105, 27.863685], [85.110105, 27.863703], [85.110125, 27.863703], [85.110125, 27.863722], [85.110186, 27.863722], [85.110185, 27.86374], [85.110206, 27.863741], [85.110205, 27.863759], [85.110246, 27.863759], [85.110247, 27.863723], [85.110267, 27.863723], [85.110268, 27.863669], [85.110288, 27.86367], [85.110289, 27.863634], [85.110269, 27.863633], [85.110269, 27.863615], [85.110228, 27.863615], [85.110229, 27.863597], [85.110208, 27.863596], [85.110209, 27.863578], [85.110188, 27.863578], [85.110189, 27.863542], [85.110169, 27.863542], [85.110169, 27.863506], [85.110149, 27.863505], [85.110149, 27.863487], [85.110129, 27.863487], [85.110129, 27.863469], [85.110109, 27.863469], [85.11011, 27.863433], [85.11013, 27.863433], [85.11013, 27.863415], [85.11015, 27.863415], [85.110151, 27.863397], [85.110191, 27.863398], [85.110191, 27.863416], [85.110211, 27.863416], [85.110211, 27.863434], [85.110252, 27.863434], [85.110251, 27.863453], [85.110272, 27.863453], [85.110271, 27.863471], [85.110292, 27.863471], [85.110292, 27.863453], [85.110312, 27.863453], [85.110312, 27.863471], [85.110332, 27.863472], [85.110332, 27.86349], [85.110352, 27.86349], [85.110351, 27.863562], [85.110331, 27.863562], [85.11033, 27.86358], [85.110371, 27.863581], [85.110371, 27.863599], [85.110432, 27.863599], [85.110432, 27.863581], [85.110452, 27.863582], [85.110452, 27.8636], [85.110472, 27.8636], [85.110472, 27.863618], [85.110492, 27.863618], [85.110492, 27.863636], [85.110512, 27.863637], [85.110512, 27.863655], [85.110492, 27.863654], [85.110491, 27.863672], [85.110471, 27.863672], [85.11047, 27.863726], [85.11045, 27.863726], [85.110449, 27.863762], [85.110429, 27.863762], [85.110428, 27.86378], [85.110408, 27.86378], [85.110408, 27.863798], [85.110367, 27.863797], [85.110367, 27.863815], [85.110347, 27.863815], [85.110346, 27.863833], [85.110326, 27.863833], [85.110326, 27.863851], [85.110305, 27.86385], [85.110305, 27.863868], [85.110285, 27.863868], [85.110284, 27.863886], [85.110264, 27.863886], [85.110264, 27.863922], [85.110243, 27.863922], [85.110243, 27.86394], [85.110223, 27.863939], [85.110222, 27.863958], [85.110202, 27.863957], [85.110202, 27.863975], [85.110181, 27.863975], [85.110181, 27.863993], [85.11014, 27.863992], [85.110141, 27.863974], [85.11012, 27.863974], [85.110121, 27.863956], [85.1101, 27.863956], [85.110101, 27.863938], [85.11006, 27.863937], [85.11006, 27.863919], [85.109979, 27.863918], [85.109979, 27.863936], [85.109999, 27.863936], [85.109999, 27.863972], [85.109978, 27.863972], [85.109978, 27.86399], [85.109958, 27.86399], [85.109957, 27.864008], [85.109978, 27.864008], [85.109977, 27.864026], [85.109998, 27.864027], [85.109997, 27.864045], [85.110018, 27.864045], [85.110017, 27.864063], [85.110038, 27.864063], [85.110037, 27.864081], [85.110017, 27.864081], [85.110017, 27.864099], [85.109996, 27.864099], [85.109996, 27.864117], [85.109976, 27.864117], [85.109976, 27.864099], [85.109956, 27.864098], [85.109956, 27.864116], [85.109935, 27.864116]]]}, "properties": {"layer": "stripped vegetation, day 2", "note": "cloud-free 59% of corridor only"}}, {"type": "Feature", "geometry": {"type": "Polygon", "coordinates": [[[85.111355, 27.864226], [85.111355, 27.864208], [85.111335, 27.864207], [85.111335, 27.864189], [85.111315, 27.864189], [85.111316, 27.864153], [85.111295, 27.864153], [85.111296, 27.864135], [85.111275, 27.864134], [85.111276, 27.864116], [85.111255, 27.864116], [85.111256, 27.86408], [85.111236, 27.86408], [85.111236, 27.864044], [85.111216, 27.864043], [85.111216, 27.864025], [85.111196, 27.864025], [85.111197, 27.863971], [85.111177, 27.863971], [85.111177, 27.863953], [85.111157, 27.863952], [85.111157, 27.863934], [85.111137, 27.863934], [85.111137, 27.863898], [85.111117, 27.863898], [85.111118, 27.863843], [85.111098, 27.863843], [85.111098, 27.863825], [85.111078, 27.863825], [85.111078, 27.863789], [85.111058, 27.863788], [85.111059, 27.863752], [85.111038, 27.863752], [85.111039, 27.863734], [85.111018, 27.863734], [85.111019, 27.863716], [85.110998, 27.863715], [85.110999, 27.863697], [85.110978, 27.863697], [85.110979, 27.863661], [85.110999, 27.863661], [85.111, 27.863625], [85.110939, 27.863624], [85.110939, 27.863606], [85.110919, 27.863606], [85.110919, 27.863588], [85.110899, 27.863588], [85.110899, 27.86357], [85.11092, 27.86357], [85.11092, 27.863552], [85.11094, 27.863552], [85.11094, 27.863534], [85.110961, 27.863534], [85.110962, 27.86348], [85.110941, 27.86348], [85.110943, 27.863408], [85.110963, 27.863408], [85.110963, 27.86339], [85.110984, 27.86339], [85.110984, 27.863372], [85.111004, 27.863373], [85.111004, 27.863391], [85.111024, 27.863391], [85.111024, 27.863409], [85.111044, 27.863409], [85.111044, 27.863445], [85.111064, 27.863446], [85.111062, 27.863536], [85.111042, 27.863536], [85.111042, 27.863554], [85.111082, 27.863554], [85.111082, 27.863572], [85.111102, 27.863572], [85.111102, 27.863591], [85.111122, 27.863591], [85.111122, 27.863627], [85.111142, 27.863627], [85.111142, 27.863645], [85.111162, 27.863645], [85.111162, 27.863664], [85.111182, 27.863664], [85.111181, 27.863736], [85.111201, 27.863736], [85.1112, 27.86379], [85.11122, 27.863791], [85.11122, 27.863809], [85.11124, 27.863809], [85.11124, 27.863827], [85.11126, 27.863827], [85.111259, 27.8639], [85.111279, 27.8639], [85.111279, 27.863918], [85.111299, 27.863918], [85.111298, 27.864008], [85.111318, 27.864009], [85.111318, 27.864027], [85.111338, 27.864027], [85.111337, 27.864063], [85.111358, 27.864063], [85.111357, 27.864099], [85.111377, 27.8641], [85.111377, 27.864118], [85.111397, 27.864118], [85.111397, 27.864172], [85.111417, 27.864172], [85.111417, 27.86419], [85.111396, 27.86419], [85.111396, 27.864208], [85.111376, 27.864208], [85.111375, 27.864226], [85.111355, 27.864226]]]}, "properties": {"layer": "stripped vegetation, day 2", "note": "cloud-free 59% of corridor only"}}, {"type": "Feature", "geometry": {"type": "Polygon", "coordinates": [[[85.109864, 27.863519], [85.109865, 27.863501], [85.109844, 27.863501], [85.109845, 27.863483], [85.109824, 27.863483], [85.109825, 27.863447], [85.109845, 27.863447], [85.109846, 27.863429], [85.109866, 27.863429], [85.109866, 27.863411], [85.109927, 27.863412], [85.109927, 27.863394], [85.109948, 27.863394], [85.109948, 27.863376], [85.109968, 27.863376], [85.109969, 27.863358], [85.109989, 27.863359], [85.109989, 27.863341], [85.11001, 27.863341], [85.110009, 27.863359], [85.11003, 27.863359], [85.110029, 27.863377], [85.11005, 27.863378], [85.110049, 27.863432], [85.110028, 27.863431], [85.110028, 27.863449], [85.110008, 27.863449], [85.110007, 27.863467], [85.109987, 27.863467], [85.109987, 27.863485], [85.109966, 27.863485], [85.109966, 27.863503], [85.109946, 27.863502], [85.109946, 27.863484], [85.109906, 27.863484], [85.109905, 27.863502], [85.109885, 27.863502], [85.109885, 27.86352], [85.109864, 27.863519]]]}, "properties": {"layer": "stripped vegetation, day 2", "note": "cloud-free 59% of corridor only"}}, {"type": "Feature", "geometry": {"type": "Polygon", "coordinates": [[[85.109178, 27.863293], [85.109178, 27.863275], [85.109158, 27.863275], [85.109158, 27.863257], [85.109138, 27.863257], [85.109138, 27.863221], [85.109159, 27.863221], [85.109159, 27.863203], [85.109179, 27.863203], [85.10918, 27.863185], [85.1092, 27.863185], [85.1092, 27.863203], [85.10922, 27.863204], [85.10922, 27.863222], [85.10924, 27.863222], [85.10924, 27.86324], [85.10926, 27.86324], [85.10926, 27.863258], [85.109239, 27.863258], [85.109239, 27.863276], [85.109219, 27.863276], [85.109218, 27.863294], [85.109178, 27.863293]]]}, "properties": {"layer": "stripped vegetation, day 2", "note": "cloud-free 59% of corridor only"}}, {"type": "Feature", "geometry": {"type": "Polygon", "coordinates": [[[85.10918, 27.863167], [85.10918, 27.863149], [85.10916, 27.863149], [85.10916, 27.863131], [85.10914, 27.86313], [85.10914, 27.863112], [85.109161, 27.863113], [85.109161, 27.863095], [85.109181, 27.863095], [85.109181, 27.863077], [85.109222, 27.863077], [85.109222, 27.863095], [85.109242, 27.863096], [85.109242, 27.863114], [85.109262, 27.863114], [85.109262, 27.863132], [85.109241, 27.863132], [85.109241, 27.86315], [85.109221, 27.86315], [85.109221, 27.863168], [85.10918, 27.863167]]]}, "properties": {"layer": "stripped vegetation, day 2", "note": "cloud-free 59% of corridor only"}}, {"type": "Feature", "geometry": {"type": "Polygon", "coordinates": [[[85.108937, 27.863128], [85.108937, 27.86311], [85.108917, 27.863109], [85.108917, 27.863091], [85.108897, 27.863091], [85.108897, 27.863073], [85.108918, 27.863073], [85.108918, 27.863055], [85.108938, 27.863055], [85.108938, 27.863037], [85.108979, 27.863038], [85.108979, 27.86302], [85.108959, 27.86302], [85.108959, 27.863002], [85.108939, 27.863001], [85.108939, 27.862983], [85.10896, 27.862984], [85.10896, 27.862966], [85.10898, 27.862966], [85.108981, 27.862948], [85.109001, 27.862948], [85.109001, 27.86293], [85.109042, 27.862931], [85.109042, 27.862949], [85.109082, 27.862949], [85.109082, 27.862967], [85.109102, 27.862967], [85.109102, 27.862986], [85.109122, 27.862986], [85.109122, 27.863004], [85.109142, 27.863004], [85.109142, 27.863022], [85.109162, 27.863022], [85.109162, 27.86304], [85.109182, 27.863041], [85.109182, 27.863059], [85.109161, 27.863059], [85.109161, 27.863077], [85.109141, 27.863076], [85.109141, 27.863094], [85.10912, 27.863094], [85.10912, 27.863112], [85.1091, 27.863112], [85.109099, 27.86313], [85.109079, 27.86313], [85.109079, 27.863112], [85.109018, 27.863111], [85.109018, 27.863129], [85.108937, 27.863128]]]}, "properties": {"layer": "stripped vegetation, day 2", "note": "cloud-free 59% of corridor only"}}, {"type": "Feature", "geometry": {"type": "Polygon", "coordinates": [[[85.110239, 27.862983], [85.11024, 27.862965], [85.110219, 27.862965], [85.11022, 27.862947], [85.110199, 27.862946], [85.1102, 27.862928], [85.11022, 27.862929], [85.11022, 27.862911], [85.11024, 27.862911], [85.110241, 27.862893], [85.110261, 27.862893], [85.110261, 27.862911], [85.110281, 27.862911], [85.110281, 27.862929], [85.110301, 27.86293], [85.110301, 27.862948], [85.11028, 27.862948], [85.11028, 27.862966], [85.11026, 27.862965], [85.11026, 27.862983], [85.110239, 27.862983]]]}, "properties": {"layer": "stripped vegetation, day 2", "note": "cloud-free 59% of corridor only"}}, {"type": "Feature", "geometry": {"type": "Polygon", "coordinates": [[[85.092167, 27.862788], [85.092168, 27.86277], [85.092147, 27.86277], [85.092148, 27.862752], [85.092127, 27.862752], [85.092128, 27.862698], [85.092108, 27.862697], [85.092109, 27.862643], [85.092068, 27.862643], [85.092069, 27.862625], [85.092048, 27.862624], [85.092049, 27.862606], [85.092028, 27.862606], [85.092029, 27.862552], [85.09205, 27.862552], [85.09205, 27.862534], [85.09207, 27.862534], [85.092071, 27.862516], [85.092152, 27.862517], [85.092151, 27.862535], [85.092192, 27.862536], [85.092192, 27.862554], [85.092212, 27.862554], [85.092212, 27.862572], [85.092252, 27.862573], [85.092253, 27.862555], [85.092273, 27.862555], [85.092273, 27.862573], [85.092293, 27.862574], [85.092293, 27.862592], [85.092313, 27.862592], [85.092313, 27.86261], [85.092292, 27.86261], [85.092292, 27.862628], [85.092272, 27.862627], [85.092271, 27.862645], [85.092251, 27.862645], [85.092251, 27.862627], [85.092231, 27.862627], [85.092231, 27.862645], [85.092211, 27.862645], [85.09221, 27.862663], [85.09223, 27.862663], [85.09223, 27.862681], [85.09225, 27.862681], [85.09225, 27.862699], [85.09227, 27.8627], [85.09227, 27.862718], [85.09229, 27.862718], [85.09229, 27.862736], [85.09227, 27.862736], [85.09227, 27.862754], [85.092249, 27.862753], [85.092249, 27.862771], [85.092188, 27.862771], [85.092188, 27.862789], [85.092167, 27.862788]]]}, "properties": {"layer": "stripped vegetation, day 2", "note": "cloud-free 59% of corridor only"}}, {"type": "Feature", "geometry": {"type": "Polygon", "coordinates": [[[85.091783, 27.862711], [85.091783, 27.862693], [85.091763, 27.862693], [85.091763, 27.862674], [85.091743, 27.862674], [85.091743, 27.862656], [85.091764, 27.862656], [85.091764, 27.86262], [85.091784, 27.862621], [85.091785, 27.862603], [85.091764, 27.862602], [85.091765, 27.862566], [85.091745, 27.862566], [85.091745, 27.862548], [85.091765, 27.862548], [85.091766, 27.86253], [85.091745, 27.86253], [85.091746, 27.862494], [85.091766, 27.862494], [85.091767, 27.862476], [85.091787, 27.862476], [85.091787, 27.862458], [85.091808, 27.862459], [85.091807, 27.862477], [85.091828, 27.862477], [85.091827, 27.862495], [85.091848, 27.862495], [85.091847, 27.862531], [85.091867, 27.862532], [85.091867, 27.86255], [85.091887, 27.86255], [85.091887, 27.862586], [85.091866, 27.862586], [85.091866, 27.862604], [85.091846, 27.862603], [85.091845, 27.862621], [85.091866, 27.862622], [85.091865, 27.86264], [85.091886, 27.86264], [85.091885, 27.862658], [85.091865, 27.862658], [85.091865, 27.862676], [85.091844, 27.862676], [85.091844, 27.862694], [85.091824, 27.862693], [85.091823, 27.862711], [85.091783, 27.862711]]]}, "properties": {"layer": "stripped vegetation, day 2", "note": "cloud-free 59% of corridor only"}}, {"type": "Feature", "geometry": {"type": "Polygon", "coordinates": [[[85.093674, 27.862575], [85.093674, 27.862557], [85.093654, 27.862556], [85.093654, 27.862538], [85.093634, 27.862538], [85.093634, 27.86252], [85.093655, 27.86252], [85.093655, 27.862502], [85.093675, 27.862502], [85.093676, 27.862484], [85.093696, 27.862485], [85.093696, 27.862503], [85.093716, 27.862503], [85.093716, 27.862521], [85.093736, 27.862521], [85.093736, 27.862539], [85.093715, 27.862539], [85.093715, 27.862557], [85.093695, 27.862557], [85.093694, 27.862575], [85.093674, 27.862575]]]}, "properties": {"layer": "stripped vegetation, day 2", "note": "cloud-free 59% of corridor only"}}, {"type": "Feature", "geometry": {"type": "Polygon", "coordinates": [[[85.11008, 27.8628], [85.11008, 27.862782], [85.11006, 27.862782], [85.11006, 27.862764], [85.11004, 27.862764], [85.11004, 27.862746], [85.110061, 27.862746], [85.110061, 27.862728], [85.110081, 27.862728], [85.110081, 27.86271], [85.110102, 27.86271], [85.110101, 27.862728], [85.110122, 27.862729], [85.110121, 27.862747], [85.110142, 27.862747], [85.110141, 27.862765], [85.110121, 27.862765], [85.110121, 27.862783], [85.110101, 27.862783], [85.1101, 27.862801], [85.11008, 27.8628]]]}, "properties": {"layer": "stripped vegetation, day 2", "note": "cloud-free 59% of corridor only"}}, {"type": "Feature", "geometry": {"type": "Polygon", "coordinates": [[[85.108983, 27.862821], [85.108983, 27.862803], [85.108963, 27.862803], [85.108963, 27.862785], [85.108943, 27.862785], [85.108943, 27.862749], [85.108903, 27.862748], [85.108903, 27.862766], [85.108882, 27.862766], [85.108883, 27.862748], [85.108862, 27.862748], [85.108863, 27.86273], [85.108842, 27.862729], [85.108843, 27.862711], [85.108863, 27.862712], [85.108863, 27.862693], [85.108883, 27.862694], [85.108884, 27.862676], [85.108924, 27.862676], [85.108925, 27.862658], [85.108945, 27.862658], [85.108945, 27.862677], [85.108965, 27.862677], [85.108965, 27.862695], [85.109026, 27.862696], [85.109025, 27.862714], [85.109046, 27.862714], [85.109045, 27.862732], [85.109066, 27.862732], [85.109065, 27.862768], [85.109045, 27.862768], [85.109044, 27.862786], [85.109024, 27.862786], [85.109024, 27.862804], [85.109003, 27.862804], [85.109003, 27.862822], [85.108983, 27.862821]]]}, "properties": {"layer": "stripped vegetation, day 2", "note": "cloud-free 59% of corridor only"}}, {"type": "Feature", "geometry": {"type": "Polygon", "coordinates": [[[85.090345, 27.862474], [85.090345, 27.862456], [85.090325, 27.862456], [85.090325, 27.862438], [85.090305, 27.862438], [85.090306, 27.862402], [85.090326, 27.862402], [85.090326, 27.862384], [85.090347, 27.862384], [85.090347, 27.862366], [85.090367, 27.862366], [85.090368, 27.862348], [85.090408, 27.862349], [85.090408, 27.862367], [85.090428, 27.862367], [85.090428, 27.862385], [85.090448, 27.862386], [85.090448, 27.862422], [85.090427, 27.862421], [85.090427, 27.862439], [85.090407, 27.862439], [85.090406, 27.862457], [85.090386, 27.862457], [85.090386, 27.862475], [85.090345, 27.862474]]]}, "properties": {"layer": "stripped vegetation, day 2", "note": "cloud-free 59% of corridor only"}}, {"type": "Feature", "geometry": {"type": "Polygon", "coordinates": [[[85.110464, 27.862878], [85.110465, 27.86286], [85.110444, 27.86286], [85.110445, 27.862841], [85.110424, 27.862841], [85.110425, 27.862823], [85.110404, 27.862823], [85.110405, 27.862805], [85.110384, 27.862805], [85.110385, 27.86275], [85.110365, 27.86275], [85.110365, 27.862732], [85.110345, 27.862732], [85.110345, 27.862714], [85.110325, 27.862714], [85.110326, 27.862677], [85.110265, 27.862677], [85.110265, 27.862659], [85.110245, 27.862658], [85.110245, 27.86264], [85.110225, 27.86264], [85.110225, 27.862622], [85.110205, 27.862622], [85.110205, 27.862604], [85.110225, 27.862604], [85.110226, 27.862586], [85.110246, 27.862586], [85.110246, 27.862568], [85.110287, 27.862569], [85.110287, 27.862587], [85.110307, 27.862587], [85.110307, 27.862605], [85.110347, 27.862606], [85.110347, 27.862624], [85.110367, 27.862624], [85.110367, 27.862642], [85.110387, 27.862642], [85.110387, 27.86266], [85.110407, 27.86266], [85.110407, 27.862697], [85.110427, 27.862697], [85.110427, 27.862715], [85.110447, 27.862715], [85.110447, 27.862733], [85.110467, 27.862733], [85.110467, 27.862752], [85.110487, 27.862752], [85.110487, 27.86277], [85.110507, 27.86277], [85.110507, 27.862788], [85.110527, 27.862788], [85.110526, 27.862843], [85.110506, 27.862842], [85.110505, 27.86286], [85.110485, 27.86286], [85.110485, 27.862878], [85.110464, 27.862878]]]}, "properties": {"layer": "stripped vegetation, day 2", "note": "cloud-free 59% of corridor only"}}, {"type": "Feature", "geometry": {"type": "Polygon", "coordinates": [[[85.093981, 27.862416], [85.093982, 27.862398], [85.093961, 27.862398], [85.093962, 27.86238], [85.093941, 27.86238], [85.093942, 27.862344], [85.093962, 27.862344], [85.093963, 27.862326], [85.093983, 27.862326], [85.093983, 27.862308], [85.094004, 27.862308], [85.094003, 27.862326], [85.094024, 27.862327], [85.094023, 27.862345], [85.094044, 27.862345], [85.094043, 27.862381], [85.094023, 27.862381], [85.094022, 27.862399], [85.094002, 27.862399], [85.094002, 27.862417], [85.093981, 27.862416]]]}, "properties": {"layer": "stripped vegetation, day 2", "note": "cloud-free 59% of corridor only"}}, {"type": "Feature", "geometry": {"type": "Polygon", "coordinates": [[[85.111484, 27.862639], [85.111484, 27.862621], [85.111444, 27.862621], [85.111444, 27.862602], [85.111424, 27.862602], [85.111424, 27.862584], [85.111404, 27.862584], [85.111404, 27.862566], [85.111384, 27.862566], [85.111384, 27.862548], [85.111404, 27.862548], [85.111405, 27.86253], [85.111425, 27.86253], [85.111425, 27.862512], [85.111527, 27.862513], [85.111527, 27.862531], [85.111547, 27.862532], [85.111547, 27.86255], [85.111567, 27.86255], [85.111566, 27.862586], [85.111546, 27.862586], [85.111546, 27.862604], [85.111525, 27.862604], [85.111525, 27.862622], [85.111505, 27.862621], [85.111504, 27.862639], [85.111484, 27.862639]]]}, "properties": {"layer": "stripped vegetation, day 2", "note": "cloud-free 59% of corridor only"}}, {"type": "Feature", "geometry": {"type": "Polygon", "coordinates": [[[85.093288, 27.862587], [85.093288, 27.862569], [85.093268, 27.862569], [85.093268, 27.862551], [85.093248, 27.862551], [85.093248, 27.862533], [85.093269, 27.862533], [85.093269, 27.862497], [85.093289, 27.862497], [85.09329, 27.862461], [85.09327, 27.862461], [85.09327, 27.862443], [85.09325, 27.862442], [85.09325, 27.862424], [85.09323, 27.862424], [85.093231, 27.86237], [85.093251, 27.86237], [85.093251, 27.862352], [85.093272, 27.862352], [85.093272, 27.862334], [85.093313, 27.862335], [85.093312, 27.862353], [85.093333, 27.862353], [85.093332, 27.862371], [85.093353, 27.862372], [85.093352, 27.86239], [85.093373, 27.86239], [85.093372, 27.862408], [85.093514, 27.86241], [85.093515, 27.862392], [85.093535, 27.862392], [85.093535, 27.862374], [85.093556, 27.862374], [85.093556, 27.862338], [85.093536, 27.862338], [85.093536, 27.86232], [85.093516, 27.86232], [85.093516, 27.862302], [85.093496, 27.862301], [85.093497, 27.862265], [85.093517, 27.862266], [85.093517, 27.862248], [85.093538, 27.862248], [85.093538, 27.86223], [85.093599, 27.862231], [85.093598, 27.862249], [85.093619, 27.862249], [85.093618, 27.862267], [85.093639, 27.862267], [85.093638, 27.862285], [85.093618, 27.862285], [85.093618, 27.862321], [85.093597, 27.862321], [85.093597, 27.862339], [85.093577, 27.862339], [85.093576, 27.862357], [85.093597, 27.862357], [85.093596, 27.862375], [85.093617, 27.862375], [85.093616, 27.862393], [85.093637, 27.862394], [85.093636, 27.862448], [85.093656, 27.862448], [85.093655, 27.862484], [85.093635, 27.862484], [85.093635, 27.862502], [85.093614, 27.862502], [85.093614, 27.86252], [85.093573, 27.862519], [85.093573, 27.862537], [85.093553, 27.862537], [85.093552, 27.862555], [85.093512, 27.862554], [85.093512, 27.862536], [85.093492, 27.862536], [85.093492, 27.862518], [85.093472, 27.862518], [85.093472, 27.8625], [85.093411, 27.862499], [85.093411, 27.862535], [85.09339, 27.862535], [85.09339, 27.862553], [85.09337, 27.862552], [85.093369, 27.86257], [85.093309, 27.86257], [85.093308, 27.862588], [85.093288, 27.862587]]]}, "properties": {"layer": "stripped vegetation, day 2", "note": "cloud-free 59% of corridor only"}}, {"type": "Feature", "geometry": {"type": "Polygon", "coordinates": [[[85.109798, 27.862634], [85.109799, 27.862616], [85.109778, 27.862616], [85.109779, 27.862598], [85.109758, 27.862597], [85.109759, 27.862579], [85.109738, 27.862579], [85.109739, 27.862543], [85.109719, 27.862543], [85.109719, 27.862525], [85.109699, 27.862524], [85.109699, 27.862506], [85.109719, 27.862507], [85.10972, 27.862489], [85.10974, 27.862489], [85.10974, 27.862471], [85.109781, 27.862471], [85.109781, 27.862453], [85.109802, 27.862454], [85.109802, 27.862436], [85.109903, 27.862437], [85.109903, 27.862455], [85.109923, 27.862455], [85.109923, 27.862473], [85.109943, 27.862474], [85.109942, 27.862546], [85.109922, 27.862546], [85.109922, 27.862564], [85.109901, 27.862563], [85.109901, 27.862581], [85.10986, 27.862581], [85.10986, 27.862599], [85.10984, 27.862599], [85.109839, 27.862617], [85.109819, 27.862616], [85.109819, 27.862634], [85.109798, 27.862634]]]}, "properties": {"layer": "stripped vegetation, day 2", "note": "cloud-free 59% of corridor only"}}, {"type": "Feature", "geometry": {"type": "Polygon", "coordinates": [[[85.08968, 27.862194], [85.08968, 27.862176], [85.08966, 27.862176], [85.08966, 27.862158], [85.08964, 27.862158], [85.08964, 27.86214], [85.08962, 27.862139], [85.08962, 27.862121], [85.08964, 27.862122], [85.089641, 27.862104], [85.089661, 27.862104], [85.089661, 27.862086], [85.089682, 27.862086], [85.089681, 27.862104], [85.089702, 27.862104], [85.089701, 27.862123], [85.089722, 27.862123], [85.089721, 27.862141], [85.089742, 27.862141], [85.089741, 27.862159], [85.089721, 27.862159], [85.089721, 27.862177], [85.0897, 27.862177], [85.0897, 27.862195], [85.08968, 27.862194]]]}, "properties": {"layer": "stripped vegetation, day 2", "note": "cloud-free 59% of corridor only"}}, {"type": "Feature", "geometry": {"type": "Polygon", "coordinates": [[[85.090086, 27.862182], [85.090086, 27.862164], [85.090066, 27.862164], [85.090066, 27.862146], [85.090046, 27.862145], [85.090047, 27.862127], [85.090026, 27.862127], [85.090027, 27.862109], [85.090047, 27.862109], [85.090047, 27.862091], [85.090067, 27.862091], [85.090068, 27.862073], [85.090088, 27.862074], [85.090088, 27.862092], [85.090108, 27.862092], [85.090108, 27.86211], [85.090128, 27.86211], [85.090128, 27.862128], [85.090148, 27.862129], [85.090148, 27.862147], [85.090127, 27.862146], [85.090127, 27.862164], [85.090107, 27.862164], [85.090106, 27.862182], [85.090086, 27.862182]]]}, "properties": {"layer": "stripped vegetation, day 2", "note": "cloud-free 59% of corridor only"}}, {"type": "Feature", "geometry": {"type": "Polygon", "coordinates": [[[85.091711, 27.862186], [85.091711, 27.862168], [85.091691, 27.862168], [85.091691, 27.86215], [85.091671, 27.86215], [85.091671, 27.862132], [85.091691, 27.862132], [85.091692, 27.862114], [85.091712, 27.862114], [85.091712, 27.862096], [85.091733, 27.862096], [85.091732, 27.862115], [85.091753, 27.862115], [85.091752, 27.862133], [85.091773, 27.862133], [85.091772, 27.862151], [85.091752, 27.862151], [85.091752, 27.862169], [85.091731, 27.862169], [85.091731, 27.862187], [85.091711, 27.862186]]]}, "properties": {"layer": "stripped vegetation, day 2", "note": "cloud-free 59% of corridor only"}}, {"type": "Feature", "geometry": {"type": "Polygon", "coordinates": [[[85.109598, 27.862487], [85.109598, 27.862469], [85.109578, 27.862469], [85.109578, 27.862451], [85.109558, 27.86245], [85.109558, 27.862432], [85.109538, 27.862432], [85.109539, 27.862378], [85.109559, 27.862378], [85.109559, 27.86236], [85.10958, 27.86236], [85.10958, 27.862342], [85.1096, 27.862343], [85.109601, 27.862325], [85.109641, 27.862325], [85.109642, 27.862307], [85.109682, 27.862308], [85.109683, 27.86229], [85.109703, 27.86229], [85.109703, 27.862308], [85.109723, 27.862308], [85.109723, 27.862326], [85.109763, 27.862327], [85.109763, 27.862345], [85.109783, 27.862345], [85.109783, 27.862363], [85.109803, 27.862363], [85.109803, 27.862381], [85.109783, 27.862381], [85.109782, 27.862399], [85.109762, 27.862399], [85.109762, 27.862417], [85.109721, 27.862416], [85.109721, 27.862434], [85.1097, 27.862434], [85.1097, 27.862452], [85.10968, 27.862452], [85.109679, 27.86247], [85.109659, 27.86247], [85.109659, 27.862488], [85.109598, 27.862487]]]}, "properties": {"layer": "stripped vegetation, day 2", "note": "cloud-free 59% of corridor only"}}, {"type": "Feature", "geometry": {"type": "Polygon", "coordinates": [[[85.09157, 27.862112], [85.09157, 27.862094], [85.09155, 27.862094], [85.09155, 27.862076], [85.09153, 27.862076], [85.091531, 27.862021], [85.091551, 27.862022], [85.091552, 27.862004], [85.091572, 27.862004], [85.091572, 27.861986], [85.091592, 27.861986], [85.091592, 27.862004], [85.091612, 27.862005], [85.091612, 27.862023], [85.091632, 27.862023], [85.091632, 27.862041], [85.091652, 27.862041], [85.091652, 27.862059], [85.091632, 27.862059], [85.091631, 27.862077], [85.091611, 27.862077], [85.091611, 27.862095], [85.091591, 27.862095], [85.09159, 27.862113], [85.09157, 27.862112]]]}, "properties": {"layer": "stripped vegetation, day 2", "note": "cloud-free 59% of corridor only"}}, {"type": "Feature", "geometry": {"type": "Polygon", "coordinates": [[[85.108707, 27.862312], [85.108708, 27.862294], [85.108687, 27.862294], [85.108688, 27.862276], [85.108667, 27.862276], [85.108668, 27.862258], [85.108688, 27.862258], [85.108688, 27.86224], [85.108709, 27.86224], [85.108709, 27.862222], [85.10875, 27.862223], [85.108749, 27.862241], [85.10877, 27.862241], [85.108769, 27.862259], [85.108789, 27.862259], [85.108789, 27.862277], [85.108769, 27.862277], [85.108769, 27.862295], [85.108748, 27.862295], [85.108748, 27.862313], [85.108707, 27.862312]]]}, "properties": {"layer": "stripped vegetation, day 2", "note": "cloud-free 59% of corridor only"}}, {"type": "Feature", "geometry": {"type": "Polygon", "coordinates": [[[85.08954, 27.862066], [85.08954, 27.862048], [85.08952, 27.862048], [85.08952, 27.86203], [85.0895, 27.862029], [85.0895, 27.862011], [85.08952, 27.862012], [85.089521, 27.861994], [85.089541, 27.861994], [85.089542, 27.861958], [85.089562, 27.861958], [85.089562, 27.86194], [85.089583, 27.86194], [85.089583, 27.861922], [85.089603, 27.861923], [85.089603, 27.861941], [85.089623, 27.861941], [85.089623, 27.861959], [85.089643, 27.861959], [85.089643, 27.861977], [85.089623, 27.861977], [85.089622, 27.861995], [85.089602, 27.861995], [85.089601, 27.862031], [85.089581, 27.862031], [85.089581, 27.862049], [85.08956, 27.862048], [85.08956, 27.862066], [85.08954, 27.862066]]]}, "properties": {"layer": "stripped vegetation, day 2", "note": "cloud-free 59% of corridor only"}}, {"type": "Feature", "geometry": {"type": "Polygon", "coordinates": [[[85.090597, 27.862009], [85.090597, 27.861991], [85.090577, 27.86199], [85.090577, 27.861972], [85.090557, 27.861972], [85.090558, 27.861936], [85.090578, 27.861936], [85.090578, 27.861918], [85.090599, 27.861918], [85.090599, 27.8619], [85.090619, 27.861901], [85.090619, 27.861919], [85.090639, 27.861919], [85.090639, 27.861937], [85.090659, 27.861937], [85.090658, 27.861973], [85.090638, 27.861973], [85.090638, 27.861991], [85.090618, 27.861991], [85.090617, 27.862009], [85.090597, 27.862009]]]}, "properties": {"layer": "stripped vegetation, day 2", "note": "cloud-free 59% of corridor only"}}, {"type": "Feature", "geometry": {"type": "Polygon", "coordinates": [[[85.090109, 27.86202], [85.09011, 27.862002], [85.090089, 27.862002], [85.09009, 27.861983], [85.090069, 27.861983], [85.09007, 27.861965], [85.090049, 27.861965], [85.09005, 27.861911], [85.09003, 27.86191], [85.09003, 27.861892], [85.090051, 27.861893], [85.090051, 27.861875], [85.090071, 27.861875], [85.090072, 27.861857], [85.090092, 27.861857], [85.090092, 27.861875], [85.090112, 27.861875], [85.090112, 27.861894], [85.090132, 27.861894], [85.090132, 27.861912], [85.090152, 27.861912], [85.090151, 27.861948], [85.090171, 27.861949], [85.090171, 27.861985], [85.090151, 27.861984], [85.09015, 27.862002], [85.09013, 27.862002], [85.09013, 27.86202], [85.090109, 27.86202]]]}, "properties": {"layer": "stripped vegetation, day 2", "note": "cloud-free 59% of corridor only"}}, {"type": "Feature", "geometry": {"type": "Polygon", "coordinates": [[[85.094678, 27.862083], [85.094678, 27.862065], [85.094658, 27.862065], [85.094658, 27.862047], [85.094638, 27.862046], [85.094638, 27.862028], [85.094618, 27.862028], [85.094618, 27.86201], [85.094638, 27.86201], [85.094639, 27.861992], [85.094618, 27.861992], [85.094619, 27.861974], [85.094598, 27.861974], [85.094599, 27.861956], [85.094619, 27.861956], [85.094619, 27.861938], [85.09464, 27.861938], [85.09464, 27.86192], [85.09466, 27.86192], [85.09466, 27.861938], [85.09468, 27.861939], [85.09468, 27.861957], [85.0947, 27.861957], [85.0947, 27.861993], [85.09472, 27.861993], [85.09472, 27.862011], [85.09474, 27.862012], [85.094739, 27.862048], [85.094719, 27.862048], [85.094719, 27.862066], [85.094698, 27.862065], [85.094698, 27.862083], [85.094678, 27.862083]]]}, "properties": {"layer": "stripped vegetation, day 2", "note": "cloud-free 59% of corridor only"}}, {"type": "Feature", "geometry": {"type": "Polygon", "coordinates": [[[85.092153, 27.862463], [85.092153, 27.862445], [85.092133, 27.862445], [85.092133, 27.862427], [85.092113, 27.862427], [85.092113, 27.862391], [85.092093, 27.86239], [85.092093, 27.862372], [85.092073, 27.862372], [85.092074, 27.862336], [85.092094, 27.862336], [85.092095, 27.862264], [85.092075, 27.862264], [85.092075, 27.862246], [85.092055, 27.862245], [85.092057, 27.862155], [85.092077, 27.862155], [85.092077, 27.862137], [85.092098, 27.862138], [85.092098, 27.86212], [85.092138, 27.86212], [85.092138, 27.862138], [85.092158, 27.862138], [85.092158, 27.862157], [85.092199, 27.862157], [85.092198, 27.862175], [85.092219, 27.862175], [85.092218, 27.862193], [85.092279, 27.862194], [85.09228, 27.862176], [85.0923, 27.862177], [85.0923, 27.862158], [85.092321, 27.862159], [85.09232, 27.862177], [85.092341, 27.862177], [85.092342, 27.862087], [85.092322, 27.862087], [85.092322, 27.862069], [85.092302, 27.862068], [85.092302, 27.86205], [85.092282, 27.86205], [85.092282, 27.862032], [85.092262, 27.862032], [85.092262, 27.862014], [85.092242, 27.862013], [85.092243, 27.861977], [85.092263, 27.861977], [85.092263, 27.861959], [85.092283, 27.86196], [85.092284, 27.861942], [85.092304, 27.861942], [85.092305, 27.861906], [85.092325, 27.861906], [85.092325, 27.861888], [85.092346, 27.861888], [85.092346, 27.86187], [85.092366, 27.861871], [85.092366, 27.861889], [85.092386, 27.861889], [85.092386, 27.861907], [85.092406, 27.861907], [85.092406, 27.861925], [85.092426, 27.861926], [85.092426, 27.861944], [85.092446, 27.861944], [85.092446, 27.861962], [85.092466, 27.861962], [85.092466, 27.86198], [85.092486, 27.861981], [85.092486, 27.862017], [85.092506, 27.862017], [85.092506, 27.862035], [85.092526, 27.862035], [85.092525, 27.862089], [85.092545, 27.86209], [85.092544, 27.862144], [85.092524, 27.862144], [85.092524, 27.862162], [85.092503, 27.862161], [85.092503, 27.862179], [85.092442, 27.862178], [85.092442, 27.862197], [85.092421, 27.862196], [85.09242, 27.862268], [85.09244, 27.862269], [85.09244, 27.862305], [85.09242, 27.862305], [85.092419, 27.862323], [85.092399, 27.862322], [85.092399, 27.86234], [85.092378, 27.86234], [85.092378, 27.862376], [85.092357, 27.862376], [85.092357, 27.862394], [85.092337, 27.862394], [85.092336, 27.862412], [85.092316, 27.862411], [85.092316, 27.862429], [85.092255, 27.862429], [85.092255, 27.862447], [85.092234, 27.862446], [85.092234, 27.862464], [85.092214, 27.862464], [85.092214, 27.862446], [85.092173, 27.862446], [85.092173, 27.862464], [85.092153, 27.862463]]]}, "properties": {"layer": "stripped vegetation, day 2", "note": "cloud-free 59% of corridor only"}}, {"type": "Feature", "geometry": {"type": "Polygon", "coordinates": [[[85.091343, 27.862326], [85.091343, 27.862308], [85.091323, 27.862307], [85.091323, 27.862289], [85.091303, 27.862289], [85.091303, 27.862271], [85.091283, 27.862271], [85.091283, 27.862253], [85.091263, 27.862252], [85.091263, 27.862234], [85.091243, 27.862234], [85.091244, 27.862144], [85.091224, 27.862144], [85.091227, 27.861963], [85.091207, 27.861963], [85.091208, 27.861891], [85.091229, 27.861891], [85.091229, 27.861873], [85.091249, 27.861873], [85.09125, 27.861855], [85.09127, 27.861855], [85.09127, 27.861837], [85.091311, 27.861838], [85.09131, 27.861856], [85.091351, 27.861857], [85.091351, 27.861875], [85.091371, 27.861875], [85.091371, 27.861893], [85.091391, 27.861893], [85.09139, 27.861929], [85.091411, 27.86193], [85.09141, 27.861948], [85.091431, 27.861948], [85.091431, 27.86193], [85.091451, 27.86193], [85.091451, 27.861948], [85.091471, 27.861948], [85.091471, 27.861967], [85.091491, 27.861967], [85.091491, 27.861985], [85.091471, 27.861985], [85.09147, 27.862003], [85.09145, 27.862002], [85.09145, 27.86202], [85.091429, 27.86202], [85.09143, 27.862002], [85.091409, 27.862002], [85.091408, 27.862056], [85.091429, 27.862056], [85.091428, 27.862074], [85.091449, 27.862075], [85.091447, 27.862147], [85.091468, 27.862147], [85.091467, 27.862165], [85.091508, 27.862166], [85.091508, 27.862184], [85.091528, 27.862184], [85.091528, 27.862202], [85.091548, 27.862202], [85.091547, 27.862238], [85.091527, 27.862238], [85.091527, 27.862256], [85.091507, 27.862256], [85.091506, 27.862274], [85.091486, 27.862274], [85.091486, 27.862256], [85.091466, 27.862255], [85.091466, 27.862273], [85.091445, 27.862273], [85.091445, 27.862291], [85.091425, 27.862291], [85.091424, 27.862309], [85.091384, 27.862308], [85.091383, 27.862326], [85.091343, 27.862326]]]}, "properties": {"layer": "stripped vegetation, day 2", "note": "cloud-free 59% of corridor only"}}, {"type": "Feature", "geometry": {"type": "Polygon", "coordinates": [[[85.108751, 27.86215], [85.108751, 27.862132], [85.108731, 27.862132], [85.108731, 27.862114], [85.108711, 27.862114], [85.108711, 27.862096], [85.108731, 27.862096], [85.108732, 27.862078], [85.108752, 27.862078], [85.108752, 27.86206], [85.108773, 27.86206], [85.108772, 27.862079], [85.108793, 27.862079], [85.108792, 27.862097], [85.108813, 27.862097], [85.108812, 27.862115], [85.108792, 27.862115], [85.108792, 27.862133], [85.108771, 27.862133], [85.108771, 27.862151], [85.108751, 27.86215]]]}, "properties": {"layer": "stripped vegetation, day 2", "note": "cloud-free 59% of corridor only"}}, {"type": "Feature", "geometry": {"type": "Polygon", "coordinates": [[[85.097095, 27.862044], [85.097096, 27.862026], [85.097075, 27.862026], [85.097076, 27.862008], [85.097055, 27.862008], [85.097056, 27.86199], [85.097035, 27.861989], [85.097036, 27.861971], [85.097056, 27.861971], [85.097056, 27.861953], [85.097076, 27.861954], [85.097077, 27.861918], [85.097097, 27.861918], [85.097098, 27.8619], [85.097118, 27.8619], [85.097118, 27.861882], [85.097159, 27.861883], [85.097159, 27.861865], [85.09718, 27.861865], [85.097179, 27.861883], [85.0972, 27.861883], [85.097199, 27.861901], [85.09722, 27.861902], [85.097219, 27.86192], [85.097199, 27.861919], [85.097199, 27.861937], [85.097178, 27.861937], [85.097178, 27.861955], [85.097158, 27.861955], [85.097157, 27.862009], [85.097136, 27.862009], [85.097136, 27.862027], [85.097116, 27.862026], [85.097115, 27.862045], [85.097095, 27.862044]]]}, "properties": {"layer": "stripped vegetation, day 2", "note": "cloud-free 59% of corridor only"}}, {"type": "Feature", "geometry": {"type": "Polygon", "coordinates": [[[85.093985, 27.862218], [85.093985, 27.8622], [85.093965, 27.8622], [85.093965, 27.862182], [85.093945, 27.862181], [85.093945, 27.862163], [85.093925, 27.862163], [85.093925, 27.862145], [85.093946, 27.862145], [85.093946, 27.862127], [85.093966, 27.862127], [85.093966, 27.862109], [85.093987, 27.86211], [85.093987, 27.862092], [85.094007, 27.862092], [85.094008, 27.862074], [85.093987, 27.862074], [85.093988, 27.862055], [85.093967, 27.862055], [85.093967, 27.862073], [85.093947, 27.862073], [85.093946, 27.862091], [85.093926, 27.862091], [85.093926, 27.862109], [85.093906, 27.862108], [85.093905, 27.862127], [85.093865, 27.862126], [85.093865, 27.862108], [85.093845, 27.862108], [85.093845, 27.86209], [85.093825, 27.862089], [85.093825, 27.862071], [85.093845, 27.862072], [85.093846, 27.862035], [85.093866, 27.862036], [85.093867, 27.862018], [85.093887, 27.862018], [85.093887, 27.862], [85.093928, 27.862], [85.093929, 27.86191], [85.09395, 27.861911], [85.09395, 27.861893], [85.09397, 27.861893], [85.093971, 27.861875], [85.094011, 27.861875], [85.094012, 27.861839], [85.094032, 27.861839], [85.094032, 27.861821], [85.094053, 27.861822], [85.094053, 27.861804], [85.094073, 27.861804], [85.094073, 27.861822], [85.094114, 27.861823], [85.094113, 27.861841], [85.094134, 27.861841], [85.094133, 27.861859], [85.094154, 27.861859], [85.094153, 27.861877], [85.094133, 27.861877], [85.094133, 27.861895], [85.094153, 27.861895], [85.094152, 27.861931], [85.094132, 27.861931], [85.094132, 27.861949], [85.094111, 27.861949], [85.094111, 27.861967], [85.094091, 27.861967], [85.094089, 27.862075], [85.094069, 27.862075], [85.094068, 27.862111], [85.094088, 27.862111], [85.094088, 27.862147], [85.094067, 27.862147], [85.094067, 27.862165], [85.094047, 27.862165], [85.094046, 27.862183], [85.094026, 27.862182], [85.094026, 27.8622], [85.094005, 27.8622], [85.094005, 27.862218], [85.093985, 27.862218]]]}, "properties": {"layer": "stripped vegetation, day 2", "note": "cloud-free 59% of corridor only"}}, {"type": "Feature", "geometry": {"type": "Polygon", "coordinates": [[[85.093684, 27.862015], [85.093684, 27.861997], [85.093664, 27.861997], [85.093664, 27.861979], [85.093644, 27.861979], [85.093645, 27.861924], [85.093624, 27.861924], [85.093625, 27.861906], [85.093604, 27.861906], [85.093605, 27.861888], [85.093625, 27.861888], [85.093625, 27.86187], [85.093605, 27.86187], [85.093606, 27.861834], [85.093585, 27.861833], [85.093586, 27.861815], [85.093606, 27.861816], [85.093606, 27.861798], [85.093627, 27.861798], [85.093627, 27.86178], [85.093668, 27.86178], [85.093667, 27.861798], [85.093688, 27.861799], [85.093687, 27.861817], [85.093708, 27.861817], [85.093707, 27.861853], [85.093727, 27.861853], [85.093727, 27.861871], [85.093747, 27.861872], [85.093747, 27.86189], [85.093767, 27.86189], [85.093767, 27.861908], [85.093787, 27.861908], [85.093786, 27.861962], [85.093766, 27.861962], [85.093766, 27.86198], [85.093745, 27.86198], [85.093745, 27.861998], [85.093725, 27.861998], [85.093724, 27.862016], [85.093684, 27.862015]]]}, "properties": {"layer": "stripped vegetation, day 2", "note": "cloud-free 59% of corridor only"}}, {"type": "Feature", "geometry": {"type": "Polygon", "coordinates": [[[85.093276, 27.8621], [85.093276, 27.862082], [85.093256, 27.862081], [85.093256, 27.862063], [85.093236, 27.862063], [85.093236, 27.862045], [85.093216, 27.862045], [85.093216, 27.862027], [85.093196, 27.862026], [85.093196, 27.862008], [85.093217, 27.862009], [85.093217, 27.861973], [85.093197, 27.861972], [85.093197, 27.861954], [85.093177, 27.861954], [85.093177, 27.861936], [85.093157, 27.861936], [85.093158, 27.861882], [85.093138, 27.861881], [85.093138, 27.861863], [85.093158, 27.861864], [85.093159, 27.861845], [85.093179, 27.861846], [85.093179, 27.861828], [85.0932, 27.861828], [85.0932, 27.86181], [85.093241, 27.861811], [85.093241, 27.861792], [85.093261, 27.861793], [85.093262, 27.861775], [85.093282, 27.861775], [85.093282, 27.861757], [85.093302, 27.861757], [85.093302, 27.861775], [85.093322, 27.861776], [85.093322, 27.861794], [85.093383, 27.861794], [85.093383, 27.861812], [85.093403, 27.861813], [85.093403, 27.861831], [85.093423, 27.861831], [85.093423, 27.861849], [85.093402, 27.861849], [85.093402, 27.861867], [85.093382, 27.861867], [85.093381, 27.861885], [85.093341, 27.861884], [85.093341, 27.861902], [85.09332, 27.861902], [85.09332, 27.86192], [85.0933, 27.86192], [85.093299, 27.861938], [85.093279, 27.861937], [85.093279, 27.861955], [85.093258, 27.861955], [85.093258, 27.861991], [85.093278, 27.861992], [85.093278, 27.86201], [85.093318, 27.86201], [85.093319, 27.861992], [85.093339, 27.861992], [85.093339, 27.861974], [85.09338, 27.861975], [85.09338, 27.861993], [85.0934, 27.861993], [85.0934, 27.862011], [85.09342, 27.862012], [85.093419, 27.862048], [85.09344, 27.862048], [85.093439, 27.862066], [85.093419, 27.862066], [85.093419, 27.862084], [85.093398, 27.862083], [85.093398, 27.862101], [85.093276, 27.8621]]]}, "properties": {"layer": "stripped vegetation, day 2", "note": "cloud-free 59% of corridor only"}}, {"type": "Feature", "geometry": {"type": "Polygon", "coordinates": [[[85.108545, 27.862292], [85.108546, 27.862274], [85.108525, 27.862274], [85.108526, 27.862256], [85.108505, 27.862255], [85.108506, 27.862237], [85.108485, 27.862237], [85.108486, 27.862219], [85.108465, 27.862219], [85.108466, 27.862183], [85.108446, 27.862182], [85.108446, 27.862164], [85.108426, 27.862164], [85.108426, 27.862146], [85.108406, 27.862146], [85.108406, 27.86211], [85.108386, 27.862109], [85.108386, 27.862091], [85.108366, 27.862091], [85.108367, 27.862055], [85.108346, 27.862055], [85.108347, 27.862019], [85.108327, 27.862018], [85.108327, 27.862], [85.108347, 27.862001], [85.108348, 27.861982], [85.108368, 27.861983], [85.108368, 27.861965], [85.108388, 27.861965], [85.108388, 27.861983], [85.108429, 27.861984], [85.108428, 27.862002], [85.108449, 27.862002], [85.108448, 27.86202], [85.108469, 27.86202], [85.108468, 27.862038], [85.108489, 27.862039], [85.108488, 27.862057], [85.108549, 27.862057], [85.10855, 27.862039], [85.10857, 27.86204], [85.10857, 27.862022], [85.108591, 27.862022], [85.108591, 27.862004], [85.108631, 27.862004], [85.108632, 27.861986], [85.108672, 27.861987], [85.108672, 27.862005], [85.108692, 27.862005], [85.108692, 27.862023], [85.108712, 27.862024], [85.108712, 27.862042], [85.108732, 27.862042], [85.108732, 27.86206], [85.108712, 27.86206], [85.108711, 27.862078], [85.108691, 27.862077], [85.108691, 27.862095], [85.10867, 27.862095], [85.10867, 27.862113], [85.10865, 27.862113], [85.10865, 27.862095], [85.10861, 27.862094], [85.108609, 27.86213], [85.108629, 27.862131], [85.108629, 27.862149], [85.108649, 27.862149], [85.108649, 27.862167], [85.108669, 27.862167], [85.108669, 27.862185], [85.108649, 27.862185], [85.108648, 27.862203], [85.108628, 27.862203], [85.108627, 27.862257], [85.108607, 27.862257], [85.108606, 27.862275], [85.108586, 27.862275], [85.108586, 27.862293], [85.108545, 27.862292]]]}, "properties": {"layer": "stripped vegetation, day 2", "note": "cloud-free 59% of corridor only"}}, {"type": "Feature", "geometry": {"type": "Polygon", "coordinates": [[[85.096773, 27.861913], [85.096773, 27.861895], [85.096753, 27.861895], [85.096753, 27.861877], [85.096733, 27.861877], [85.096734, 27.861823], [85.096754, 27.861823], [85.096754, 27.861805], [85.096774, 27.861805], [85.096775, 27.861787], [85.096917, 27.861789], [85.096917, 27.861807], [85.096937, 27.861807], [85.096937, 27.861825], [85.096957, 27.861826], [85.096957, 27.861844], [85.096977, 27.861844], [85.096977, 27.861862], [85.096956, 27.861862], [85.096956, 27.86188], [85.096936, 27.86188], [85.096935, 27.861898], [85.096915, 27.861897], [85.096915, 27.861915], [85.096874, 27.861915], [85.096874, 27.861897], [85.096813, 27.861896], [85.096813, 27.861914], [85.096773, 27.861913]]]}, "properties": {"layer": "stripped vegetation, day 2", "note": "cloud-free 59% of corridor only"}}, {"type": "Feature", "geometry": {"type": "Polygon", "coordinates": [[[85.097279, 27.861975], [85.09728, 27.861957], [85.097259, 27.861956], [85.09726, 27.861938], [85.097239, 27.861938], [85.09724, 27.861866], [85.097261, 27.861866], [85.097262, 27.861794], [85.097282, 27.861794], [85.097283, 27.861776], [85.097303, 27.861776], [85.097303, 27.861758], [85.097344, 27.861759], [85.097344, 27.861777], [85.097364, 27.861777], [85.097364, 27.861795], [85.097384, 27.861796], [85.097384, 27.861814], [85.097404, 27.861814], [85.097402, 27.861904], [85.097382, 27.861904], [85.097382, 27.861922], [85.097361, 27.861922], [85.097361, 27.86194], [85.097341, 27.861939], [85.09734, 27.861957], [85.09732, 27.861957], [85.09732, 27.861975], [85.097279, 27.861975]]]}, "properties": {"layer": "stripped vegetation, day 2", "note": "cloud-free 59% of corridor only"}}, {"type": "Feature", "geometry": {"type": "Polygon", "coordinates": [[[85.095876, 27.862064], [85.095877, 27.862045], [85.095856, 27.862045], [85.095857, 27.862027], [85.095836, 27.862027], [85.095837, 27.861991], [85.095817, 27.86199], [85.095817, 27.861972], [85.095797, 27.861972], [85.095797, 27.861936], [85.095818, 27.861936], [85.095818, 27.861918], [85.095838, 27.861919], [85.095839, 27.861901], [85.095879, 27.861901], [85.095879, 27.861883], [85.09592, 27.861884], [85.09592, 27.861866], [85.095961, 27.861866], [85.095961, 27.861848], [85.096063, 27.861849], [85.096063, 27.861868], [85.096103, 27.861868], [85.096103, 27.86185], [85.096083, 27.86185], [85.096083, 27.861832], [85.096104, 27.861832], [85.096104, 27.861814], [85.096124, 27.861814], [85.096125, 27.861796], [85.096206, 27.861797], [85.096206, 27.861779], [85.096247, 27.86178], [85.096247, 27.861762], [85.096349, 27.861763], [85.096349, 27.861745], [85.09639, 27.861746], [85.096389, 27.861764], [85.09641, 27.861764], [85.096409, 27.861782], [85.09643, 27.861782], [85.096429, 27.8618], [85.09645, 27.861801], [85.096449, 27.861837], [85.096469, 27.861837], [85.096468, 27.861891], [85.096448, 27.861891], [85.096447, 27.861927], [85.096468, 27.861927], [85.096467, 27.861963], [85.096447, 27.861963], [85.096446, 27.861981], [85.096426, 27.861981], [85.096426, 27.861999], [85.096405, 27.861999], [85.096405, 27.862017], [85.096283, 27.862015], [85.096283, 27.862033], [85.096161, 27.862031], [85.096161, 27.862049], [85.096141, 27.862049], [85.09614, 27.862067], [85.0961, 27.862067], [85.0961, 27.862049], [85.096019, 27.862047], [85.096018, 27.862065], [85.095998, 27.862065], [85.095998, 27.862047], [85.095958, 27.862047], [85.095958, 27.862065], [85.095876, 27.862064]]]}, "properties": {"layer": "stripped vegetation, day 2", "note": "cloud-free 59% of corridor only"}}, {"type": "Feature", "geometry": {"type": "Polygon", "coordinates": [[[85.091873, 27.862189], [85.091874, 27.862171], [85.091853, 27.86217], [85.091854, 27.862152], [85.091833, 27.862152], [85.091834, 27.862134], [85.091813, 27.862134], [85.091814, 27.862116], [85.091793, 27.862115], [85.091794, 27.862079], [85.091814, 27.86208], [85.091815, 27.862062], [85.091835, 27.862062], [85.091835, 27.862044], [85.091774, 27.862043], [85.091775, 27.862025], [85.091754, 27.862025], [85.091755, 27.862007], [85.091734, 27.862006], [85.091735, 27.86197], [85.091755, 27.86197], [85.091756, 27.861952], [85.091776, 27.861953], [85.091776, 27.861935], [85.091796, 27.861935], [85.091797, 27.861917], [85.091817, 27.861917], [85.091818, 27.861863], [85.091838, 27.861863], [85.09184, 27.861755], [85.09182, 27.861755], [85.091821, 27.861719], [85.0918, 27.861718], [85.091801, 27.861682], [85.091821, 27.861683], [85.091821, 27.861665], [85.091842, 27.861665], [85.091842, 27.861647], [85.091883, 27.861647], [85.091882, 27.861665], [85.091903, 27.861666], [85.091902, 27.861684], [85.091923, 27.861684], [85.091922, 27.861702], [85.091943, 27.861702], [85.091942, 27.86172], [85.091963, 27.861721], [85.091962, 27.861739], [85.091942, 27.861738], [85.09194, 27.861865], [85.09196, 27.861865], [85.09196, 27.861883], [85.09198, 27.861883], [85.09198, 27.861901], [85.092, 27.861902], [85.092, 27.86192], [85.09202, 27.86192], [85.09202, 27.861938], [85.091999, 27.861938], [85.091999, 27.861956], [85.091979, 27.861955], [85.091979, 27.861974], [85.091958, 27.861973], [85.091958, 27.861991], [85.091938, 27.861991], [85.091937, 27.862009], [85.091917, 27.862009], [85.091917, 27.862027], [85.091896, 27.862027], [85.091896, 27.862045], [85.091876, 27.862044], [85.091875, 27.86208], [85.091895, 27.862081], [85.091896, 27.862063], [85.091916, 27.862063], [85.091916, 27.862045], [85.091937, 27.862045], [85.091937, 27.862027], [85.091957, 27.862027], [85.091957, 27.862045], [85.091977, 27.862046], [85.091977, 27.862064], [85.091997, 27.862064], [85.091997, 27.862082], [85.091977, 27.862082], [85.091976, 27.8621], [85.091956, 27.8621], [85.091956, 27.862118], [85.091935, 27.862117], [85.091935, 27.862153], [85.091914, 27.862153], [85.091914, 27.862171], [85.091894, 27.862171], [85.091894, 27.862189], [85.091873, 27.862189]]]}, "properties": {"layer": "stripped vegetation, day 2", "note": "cloud-free 59% of corridor only"}}, {"type": "Feature", "geometry": {"type": "Polygon", "coordinates": [[[85.094906, 27.861797], [85.094906, 27.861779], [85.094886, 27.861779], [85.094886, 27.861761], [85.094866, 27.861761], [85.094866, 27.861743], [85.094887, 27.861743], [85.094887, 27.861725], [85.094907, 27.861725], [85.094908, 27.861707], [85.094928, 27.861707], [85.094928, 27.861689], [85.094949, 27.86169], [85.094948, 27.861708], [85.094969, 27.861708], [85.094968, 27.861726], [85.094989, 27.861726], [85.094988, 27.861762], [85.094968, 27.861762], [85.094967, 27.86178], [85.094947, 27.86178], [85.094947, 27.861798], [85.094906, 27.861797]]]}, "properties": {"layer": "stripped vegetation, day 2", "note": "cloud-free 59% of corridor only"}}, {"type": "Feature", "geometry": {"type": "Polygon", "coordinates": [[[85.095252, 27.861766], [85.095252, 27.861748], [85.095232, 27.861748], [85.095232, 27.86173], [85.095212, 27.861729], [85.095212, 27.861711], [85.095233, 27.861712], [85.095233, 27.861694], [85.095253, 27.861694], [85.095254, 27.861676], [85.095274, 27.861676], [85.095274, 27.861694], [85.095294, 27.861694], [85.095293, 27.861713], [85.095314, 27.861713], [85.095313, 27.861731], [85.095293, 27.861731], [85.095293, 27.861749], [85.095273, 27.861748], [85.095272, 27.861766], [85.095252, 27.861766]]]}, "properties": {"layer": "stripped vegetation, day 2", "note": "cloud-free 59% of corridor only"}}, {"type": "Feature", "geometry": {"type": "Polygon", "coordinates": [[[85.094826, 27.861724], [85.094826, 27.861706], [85.094806, 27.861706], [85.094807, 27.861688], [85.094786, 27.861687], [85.094787, 27.861651], [85.094807, 27.861652], [85.094807, 27.861634], [85.094828, 27.861634], [85.094828, 27.861616], [85.094848, 27.861616], [85.094848, 27.861634], [85.094868, 27.861634], [85.094868, 27.861653], [85.094888, 27.861653], [85.094888, 27.861689], [85.094867, 27.861689], [85.094867, 27.861707], [85.094847, 27.861706], [85.094846, 27.861724], [85.094826, 27.861724]]]}, "properties": {"layer": "stripped vegetation, day 2", "note": "cloud-free 59% of corridor only"}}, {"type": "Feature", "geometry": {"type": "Polygon", "coordinates": [[[85.096978, 27.861772], [85.096978, 27.861754], [85.096958, 27.861754], [85.096958, 27.861736], [85.096938, 27.861735], [85.096939, 27.861681], [85.096919, 27.861681], [85.096919, 27.861645], [85.09694, 27.861645], [85.09694, 27.861627], [85.09696, 27.861627], [85.096961, 27.861609], [85.097001, 27.86161], [85.097001, 27.861628], [85.097021, 27.861628], [85.097021, 27.861646], [85.097041, 27.861646], [85.09704, 27.861737], [85.097019, 27.861736], [85.097019, 27.861754], [85.096999, 27.861754], [85.096998, 27.861772], [85.096978, 27.861772]]]}, "properties": {"layer": "stripped vegetation, day 2", "note": "cloud-free 59% of corridor only"}}, {"type": "Feature", "geometry": {"type": "Polygon", "coordinates": [[[85.092266, 27.861815], [85.092266, 27.861797], [85.092246, 27.861797], [85.092246, 27.861779], [85.092226, 27.861778], [85.092227, 27.861706], [85.092186, 27.861706], [85.092186, 27.861724], [85.092166, 27.861723], [85.092165, 27.861741], [85.092145, 27.861741], [85.092145, 27.861723], [85.092125, 27.861723], [85.092125, 27.861705], [85.092105, 27.861705], [85.092105, 27.861687], [85.092085, 27.861686], [85.092085, 27.861668], [85.092065, 27.861668], [85.092065, 27.86165], [85.092045, 27.86165], [85.092045, 27.861632], [85.092066, 27.861632], [85.092066, 27.861614], [85.092086, 27.861614], [85.092087, 27.861596], [85.092107, 27.861596], [85.092107, 27.861578], [85.092128, 27.861579], [85.092129, 27.861524], [85.092149, 27.861525], [85.092149, 27.861507], [85.09217, 27.861507], [85.09217, 27.861489], [85.09219, 27.861489], [85.09219, 27.861471], [85.092211, 27.861471], [85.092211, 27.861453], [85.092231, 27.861454], [85.092231, 27.861472], [85.092251, 27.861472], [85.092251, 27.86149], [85.092271, 27.86149], [85.09227, 27.861544], [85.092291, 27.861545], [85.09229, 27.861563], [85.092311, 27.861563], [85.09231, 27.861617], [85.09233, 27.861617], [85.09233, 27.861635], [85.09235, 27.861636], [85.092348, 27.861762], [85.092328, 27.861762], [85.092327, 27.86178], [85.092307, 27.86178], [85.092307, 27.861798], [85.092286, 27.861797], [85.092286, 27.861815], [85.092266, 27.861815]]]}, "properties": {"layer": "stripped vegetation, day 2", "note": "cloud-free 59% of corridor only"}}, {"type": "Feature", "geometry": {"type": "Polygon", "coordinates": [[[85.112208, 27.861891], [85.112208, 27.861873], [85.112188, 27.861873], [85.112188, 27.861855], [85.112168, 27.861854], [85.112168, 27.861836], [85.112148, 27.861836], [85.112148, 27.861818], [85.112128, 27.861818], [85.112129, 27.861764], [85.112149, 27.861764], [85.112149, 27.861746], [85.11217, 27.861746], [85.11217, 27.861728], [85.112211, 27.861729], [85.11221, 27.861747], [85.112231, 27.861747], [85.11223, 27.861765], [85.112251, 27.861765], [85.11225, 27.861783], [85.112271, 27.861784], [85.112269, 27.861856], [85.112249, 27.861855], [85.112249, 27.861873], [85.112228, 27.861873], [85.112228, 27.861891], [85.112208, 27.861891]]]}, "properties": {"layer": "stripped vegetation, day 2", "note": "cloud-free 59% of corridor only"}}, {"type": "Feature", "geometry": {"type": "Polygon", "coordinates": [[[85.091555, 27.861823], [85.091555, 27.861805], [85.091535, 27.861805], [85.091535, 27.861787], [85.091515, 27.861787], [85.091515, 27.861769], [85.091495, 27.861768], [85.091495, 27.86175], [85.091475, 27.86175], [85.091475, 27.861732], [85.091455, 27.861732], [85.091456, 27.861678], [85.091415, 27.861677], [85.091415, 27.861695], [85.091394, 27.861695], [85.091394, 27.861713], [85.091374, 27.861712], [85.091374, 27.861694], [85.091354, 27.861694], [85.091354, 27.861676], [85.091314, 27.861676], [85.091314, 27.861658], [85.091294, 27.861657], [85.091294, 27.861639], [85.091274, 27.861639], [85.091274, 27.861603], [85.091295, 27.861603], [85.091295, 27.861585], [85.091315, 27.861585], [85.091315, 27.861567], [85.091336, 27.861568], [85.091336, 27.86155], [85.091316, 27.861549], [85.091316, 27.861531], [85.091296, 27.861531], [85.091296, 27.861513], [85.091316, 27.861513], [85.091317, 27.861495], [85.091337, 27.861495], [85.091337, 27.861477], [85.091358, 27.861478], [85.091358, 27.86146], [85.091378, 27.86146], [85.091379, 27.861442], [85.091399, 27.861442], [85.091399, 27.861424], [85.09142, 27.861424], [85.091419, 27.861442], [85.09144, 27.861443], [85.091439, 27.861461], [85.09146, 27.861461], [85.091459, 27.861497], [85.091439, 27.861497], [85.091438, 27.861515], [85.091418, 27.861515], [85.091418, 27.861533], [85.091397, 27.861532], [85.091397, 27.86155], [85.091377, 27.86155], [85.091376, 27.861568], [85.091397, 27.861568], [85.091396, 27.861586], [85.091457, 27.861587], [85.091457, 27.861605], [85.091477, 27.861606], [85.091477, 27.861624], [85.091497, 27.861624], [85.091498, 27.861606], [85.091538, 27.861606], [85.091538, 27.861625], [85.091558, 27.861625], [85.091558, 27.861643], [85.091578, 27.861643], [85.091577, 27.861715], [85.091597, 27.861716], [85.091597, 27.861734], [85.091637, 27.861734], [85.091638, 27.861716], [85.091658, 27.861716], [85.091658, 27.861698], [85.091679, 27.861699], [85.091678, 27.861717], [85.091699, 27.861717], [85.091698, 27.861735], [85.091719, 27.861735], [85.091718, 27.861771], [85.091698, 27.861771], [85.091697, 27.861789], [85.091677, 27.861789], [85.091677, 27.861807], [85.091657, 27.861807], [85.091657, 27.861789], [85.091616, 27.861788], [85.091616, 27.861806], [85.091596, 27.861806], [85.091595, 27.861824], [85.091555, 27.861823]]]}, "properties": {"layer": "stripped vegetation, day 2", "note": "cloud-free 59% of corridor only"}}, {"type": "Feature", "geometry": {"type": "Polygon", "coordinates": [[[85.097976, 27.861641], [85.097976, 27.861623], [85.097956, 27.861623], [85.097956, 27.861605], [85.097936, 27.861605], [85.097936, 27.86155], [85.097957, 27.861551], [85.097957, 27.861533], [85.097977, 27.861533], [85.097978, 27.861515], [85.097998, 27.861515], [85.097998, 27.861497], [85.098039, 27.861498], [85.098039, 27.86148], [85.09806, 27.86148], [85.098059, 27.861498], [85.0981, 27.861499], [85.0981, 27.861481], [85.09812, 27.861481], [85.09812, 27.861499], [85.098161, 27.861499], [85.09816, 27.861517], [85.098181, 27.861518], [85.09818, 27.861536], [85.098201, 27.861536], [85.0982, 27.861554], [85.09818, 27.861554], [85.09818, 27.861572], [85.09816, 27.861572], [85.098159, 27.86159], [85.098058, 27.861588], [85.098057, 27.861606], [85.098037, 27.861606], [85.098037, 27.861624], [85.097996, 27.861623], [85.097996, 27.861642], [85.097976, 27.861641]]]}, "properties": {"layer": "stripped vegetation, day 2", "note": "cloud-free 59% of corridor only"}}, {"type": "Feature", "geometry": {"type": "Polygon", "coordinates": [[[85.09499, 27.861672], [85.09499, 27.861654], [85.09497, 27.861654], [85.09497, 27.861636], [85.09495, 27.861636], [85.09495, 27.861618], [85.09497, 27.861618], [85.094971, 27.8616], [85.094991, 27.8616], [85.094991, 27.861564], [85.094951, 27.861563], [85.094951, 27.861581], [85.09493, 27.861581], [85.094931, 27.861563], [85.09491, 27.861563], [85.094911, 27.861545], [85.09489, 27.861545], [85.094891, 27.861508], [85.094911, 27.861509], [85.094912, 27.861491], [85.094932, 27.861491], [85.094932, 27.861473], [85.094952, 27.861473], [85.094953, 27.861455], [85.095014, 27.861456], [85.095014, 27.861438], [85.095034, 27.861438], [85.095034, 27.861456], [85.095054, 27.861457], [85.095054, 27.861475], [85.095074, 27.861475], [85.095074, 27.861493], [85.095094, 27.861493], [85.095094, 27.861511], [85.095074, 27.861511], [85.095073, 27.861529], [85.095053, 27.861529], [85.095053, 27.861547], [85.095032, 27.861546], [85.095032, 27.861583], [85.095052, 27.861583], [85.095052, 27.861601], [85.095072, 27.861601], [85.095071, 27.861637], [85.095051, 27.861637], [85.095051, 27.861655], [85.09503, 27.861655], [85.09503, 27.861673], [85.09499, 27.861672]]]}, "properties": {"layer": "stripped vegetation, day 2", "note": "cloud-free 59% of corridor only"}}, {"type": "Feature", "geometry": {"type": "Polygon", "coordinates": [[[85.09028, 27.861553], [85.09028, 27.861535], [85.09026, 27.861535], [85.09026, 27.861517], [85.09024, 27.861516], [85.09024, 27.861498], [85.090261, 27.861499], [85.090261, 27.86148], [85.090241, 27.86148], [85.090241, 27.861462], [85.090221, 27.861462], [85.090222, 27.86139], [85.090242, 27.86139], [85.090243, 27.861372], [85.090263, 27.861372], [85.090263, 27.861354], [85.090324, 27.861355], [85.090324, 27.861373], [85.090344, 27.861373], [85.090344, 27.861391], [85.090364, 27.861392], [85.090362, 27.861518], [85.090342, 27.861518], [85.090341, 27.861536], [85.090321, 27.861535], [85.090321, 27.861554], [85.09028, 27.861553]]]}, "properties": {"layer": "stripped vegetation, day 2", "note": "cloud-free 59% of corridor only"}}, {"type": "Feature", "geometry": {"type": "Polygon", "coordinates": [[[85.095194, 27.861585], [85.095194, 27.861567], [85.095174, 27.861566], [85.095175, 27.861548], [85.095154, 27.861548], [85.095155, 27.86153], [85.095134, 27.86153], [85.095135, 27.861494], [85.095155, 27.861494], [85.095155, 27.861476], [85.095176, 27.861476], [85.095176, 27.861458], [85.095196, 27.861458], [85.095197, 27.86144], [85.095237, 27.861441], [85.095238, 27.861423], [85.095258, 27.861423], [85.095258, 27.861441], [85.095278, 27.861442], [85.095278, 27.86146], [85.095298, 27.86146], [85.095296, 27.86155], [85.095276, 27.86155], [85.095276, 27.861568], [85.095255, 27.861568], [85.095255, 27.861586], [85.095194, 27.861585]]]}, "properties": {"layer": "stripped vegetation, day 2", "note": "cloud-free 59% of corridor only"}}, {"type": "Feature", "geometry": {"type": "Polygon", "coordinates": [[[85.091926, 27.861467], [85.091927, 27.861449], [85.091907, 27.861449], [85.091907, 27.861431], [85.091887, 27.861431], [85.091887, 27.861413], [85.091907, 27.861413], [85.091907, 27.861395], [85.091928, 27.861395], [85.091928, 27.861377], [85.091948, 27.861377], [85.091948, 27.861396], [85.091968, 27.861396], [85.091968, 27.861414], [85.091988, 27.861414], [85.091988, 27.861432], [85.091968, 27.861432], [85.091967, 27.86145], [85.091947, 27.86145], [85.091947, 27.861468], [85.091926, 27.861467]]]}, "properties": {"layer": "stripped vegetation, day 2", "note": "cloud-free 59% of corridor only"}}, {"type": "Feature", "geometry": {"type": "Polygon", "coordinates": [[[85.111578, 27.8619], [85.111578, 27.861882], [85.111558, 27.861882], [85.111558, 27.861864], [85.111538, 27.861864], [85.111538, 27.861846], [85.111559, 27.861846], [85.11156, 27.861774], [85.11154, 27.861774], [85.111542, 27.861665], [85.111521, 27.861665], [85.111522, 27.861647], [85.111542, 27.861647], [85.111542, 27.861629], [85.111562, 27.861629], [85.111563, 27.861611], [85.111583, 27.861612], [85.111583, 27.86163], [85.111603, 27.86163], [85.111603, 27.861648], [85.111623, 27.861648], [85.111622, 27.861684], [85.111643, 27.861685], [85.111642, 27.861703], [85.111663, 27.861703], [85.111662, 27.861739], [85.111682, 27.861739], [85.111682, 27.861757], [85.111702, 27.861758], [85.111702, 27.861776], [85.111722, 27.861776], [85.111722, 27.861794], [85.111742, 27.861794], [85.111742, 27.861812], [85.111722, 27.861812], [85.111721, 27.86183], [85.111701, 27.86183], [85.111701, 27.861848], [85.11166, 27.861847], [85.11166, 27.861865], [85.11164, 27.861865], [85.111639, 27.861883], [85.111619, 27.861883], [85.111619, 27.861901], [85.111578, 27.8619]]]}, "properties": {"layer": "stripped vegetation, day 2", "note": "cloud-free 59% of corridor only"}}, {"type": "Feature", "geometry": {"type": "Polygon", "coordinates": [[[85.107582, 27.861647], [85.107582, 27.861629], [85.107562, 27.861629], [85.107562, 27.861611], [85.107542, 27.86161], [85.107542, 27.861592], [85.107562, 27.861593], [85.107563, 27.861575], [85.107583, 27.861575], [85.107583, 27.861557], [85.107603, 27.861557], [85.107604, 27.861539], [85.107624, 27.861539], [85.107624, 27.861557], [85.107644, 27.861558], [85.107644, 27.861576], [85.107664, 27.861576], [85.107663, 27.861612], [85.107643, 27.861612], [85.107643, 27.86163], [85.107623, 27.86163], [85.107622, 27.861648], [85.107582, 27.861647]]]}, "properties": {"layer": "stripped vegetation, day 2", "note": "cloud-free 59% of corridor only"}}, {"type": "Feature", "geometry": {"type": "Polygon", "coordinates": [[[85.092515, 27.861494], [85.092515, 27.861476], [85.092495, 27.861475], [85.092495, 27.861457], [85.092475, 27.861457], [85.092476, 27.861421], [85.092455, 27.861421], [85.092456, 27.861403], [85.092476, 27.861403], [85.092476, 27.861385], [85.092456, 27.861385], [85.092456, 27.861366], [85.092477, 27.861367], [85.092477, 27.861349], [85.092497, 27.861349], [85.092498, 27.861331], [85.092518, 27.861331], [85.092518, 27.861349], [85.092578, 27.86135], [85.092578, 27.861368], [85.092598, 27.861368], [85.092598, 27.861386], [85.092618, 27.861387], [85.092618, 27.861405], [85.092598, 27.861405], [85.092597, 27.861441], [85.092577, 27.86144], [85.092577, 27.861458], [85.092556, 27.861458], [85.092556, 27.861476], [85.092536, 27.861476], [85.092535, 27.861494], [85.092515, 27.861494]]]}, "properties": {"layer": "stripped vegetation, day 2", "note": "cloud-free 59% of corridor only"}}, {"type": "Feature", "geometry": {"type": "Polygon", "coordinates": [[[85.093329, 27.861415], [85.093329, 27.861397], [85.093309, 27.861396], [85.093309, 27.861378], [85.093289, 27.861378], [85.093289, 27.861342], [85.09331, 27.861342], [85.09331, 27.861324], [85.09333, 27.861324], [85.093331, 27.861306], [85.093351, 27.861307], [85.093351, 27.861325], [85.093371, 27.861325], [85.093371, 27.861343], [85.093391, 27.861343], [85.09339, 27.861379], [85.09337, 27.861379], [85.09337, 27.861397], [85.093349, 27.861397], [85.093349, 27.861415], [85.093329, 27.861415]]]}, "properties": {"layer": "stripped vegetation, day 2", "note": "cloud-free 59% of corridor only"}}, {"type": "Feature", "geometry": {"type": "Polygon", "coordinates": [[[85.09741, 27.861435], [85.097411, 27.861417], [85.09739, 27.861417], [85.097391, 27.861399], [85.09737, 27.861398], [85.097371, 27.86138], [85.097391, 27.86138], [85.097391, 27.861362], [85.097412, 27.861363], [85.097412, 27.861345], [85.097432, 27.861345], [85.097432, 27.861363], [85.097452, 27.861363], [85.097452, 27.861381], [85.097472, 27.861382], [85.097472, 27.8614], [85.097452, 27.861399], [85.097451, 27.861417], [85.097431, 27.861417], [85.097431, 27.861435], [85.09741, 27.861435]]]}, "properties": {"layer": "stripped vegetation, day 2", "note": "cloud-free 59% of corridor only"}}, {"type": "Feature", "geometry": {"type": "Polygon", "coordinates": [[[85.093592, 27.861436], [85.093593, 27.861418], [85.093572, 27.861418], [85.093573, 27.8614], [85.093552, 27.8614], [85.093553, 27.861364], [85.093533, 27.861363], [85.093533, 27.861345], [85.093513, 27.861345], [85.093513, 27.861327], [85.093493, 27.861327], [85.093493, 27.861309], [85.093513, 27.861309], [85.093514, 27.861291], [85.093534, 27.861291], [85.093534, 27.861273], [85.093555, 27.861273], [85.093555, 27.861255], [85.093596, 27.861256], [85.093596, 27.861238], [85.093616, 27.861238], [85.093616, 27.861256], [85.093636, 27.861256], [85.093636, 27.861274], [85.093656, 27.861275], [85.093656, 27.861293], [85.093676, 27.861293], [85.093676, 27.861311], [85.093696, 27.861311], [85.093696, 27.861329], [85.093716, 27.86133], [85.093715, 27.861384], [85.093695, 27.861384], [85.093695, 27.861402], [85.093674, 27.861401], [85.093674, 27.861419], [85.093633, 27.861419], [85.093633, 27.861437], [85.093592, 27.861436]]]}, "properties": {"layer": "stripped vegetation, day 2", "note": "cloud-free 59% of corridor only"}}, {"type": "Feature", "geometry": {"type": "Polygon", "coordinates": [[[85.09439, 27.862278], [85.09439, 27.86226], [85.094329, 27.862259], [85.09433, 27.862241], [85.094309, 27.86224], [85.09431, 27.862222], [85.094289, 27.862222], [85.09429, 27.862204], [85.094269, 27.862204], [85.09427, 27.86215], [85.09425, 27.862149], [85.094251, 27.862077], [85.094272, 27.862077], [85.094272, 27.862041], [85.094293, 27.862042], [85.094293, 27.862024], [85.094313, 27.862024], [85.094314, 27.861988], [85.094273, 27.861987], [85.094274, 27.861969], [85.094253, 27.861969], [85.094254, 27.861951], [85.094233, 27.861951], [85.094235, 27.86186], [85.094215, 27.86186], [85.094215, 27.861824], [85.094195, 27.861824], [85.094195, 27.861806], [85.094175, 27.861805], [85.094175, 27.861787], [85.094155, 27.861787], [85.094155, 27.861769], [85.094135, 27.861769], [85.094135, 27.861751], [85.094115, 27.86175], [85.094115, 27.861732], [85.094095, 27.861732], [85.094095, 27.861714], [85.094116, 27.861714], [85.094116, 27.861696], [85.094136, 27.861697], [85.094136, 27.861678], [85.094157, 27.861679], [85.094157, 27.861661], [85.094177, 27.861661], [85.094178, 27.861643], [85.094218, 27.861644], [85.094218, 27.861662], [85.094238, 27.861662], [85.094238, 27.86168], [85.094279, 27.86168], [85.094278, 27.861699], [85.094299, 27.861699], [85.094298, 27.861717], [85.094339, 27.861717], [85.09434, 27.861681], [85.09436, 27.861682], [85.09436, 27.861664], [85.09434, 27.861663], [85.09434, 27.861645], [85.09436, 27.861645], [85.094361, 27.861609], [85.094341, 27.861609], [85.094342, 27.861537], [85.094322, 27.861537], [85.094323, 27.861464], [85.094303, 27.861464], [85.094304, 27.86141], [85.094324, 27.86141], [85.094324, 27.861392], [85.094304, 27.861392], [85.094305, 27.861356], [85.094284, 27.861356], [85.094285, 27.861338], [85.094305, 27.861338], [85.094306, 27.861248], [85.094327, 27.861248], [85.094327, 27.86123], [85.094347, 27.86123], [85.094348, 27.861212], [85.094368, 27.861212], [85.094368, 27.86123], [85.094388, 27.861231], [85.094388, 27.861249], [85.094408, 27.861249], [85.094408, 27.861231], [85.094469, 27.861232], [85.094469, 27.86125], [85.094489, 27.86125], [85.094489, 27.861268], [85.094509, 27.861269], [85.094509, 27.861287], [85.094489, 27.861286], [85.094487, 27.861358], [85.094508, 27.861359], [85.094507, 27.861377], [85.094487, 27.861376], [85.094487, 27.861395], [85.094466, 27.861394], [85.094466, 27.861412], [85.094446, 27.861412], [85.094445, 27.86143], [85.094608, 27.861432], [85.094609, 27.861396], [85.094629, 27.861397], [85.09463, 27.861306], [85.094651, 27.861307], [85.094651, 27.861289], [85.094671, 27.861289], [85.094672, 27.861271], [85.094712, 27.861271], [85.094712, 27.861289], [85.094732, 27.86129], [85.094732, 27.861308], [85.094752, 27.861308], [85.094752, 27.861326], [85.094772, 27.861326], [85.094772, 27.861344], [85.094792, 27.861345], [85.094791, 27.861417], [85.094771, 27.861417], [85.09477, 27.861435], [85.09475, 27.861434], [85.094749, 27.86147], [85.09477, 27.861471], [85.094769, 27.861507], [85.094749, 27.861506], [85.094748, 27.861543], [85.094768, 27.861543], [85.094768, 27.861561], [85.094748, 27.861561], [85.094747, 27.861579], [85.094727, 27.861578], [85.094727, 27.861596], [85.094686, 27.861596], [85.094686, 27.861614], [85.094625, 27.861613], [85.094625, 27.861631], [85.094604, 27.861631], [85.094602, 27.861757], [85.094623, 27.861757], [85.094622, 27.861812], [85.094601, 27.861811], [85.094601, 27.861829], [85.094581, 27.861829], [85.09458, 27.861847], [85.09454, 27.861847], [85.094539, 27.861865], [85.094519, 27.861864], [85.094518, 27.8619], [85.094498, 27.8619], [85.094498, 27.861918], [85.094478, 27.861918], [85.094477, 27.861936], [85.094457, 27.861936], [85.094457, 27.861954], [85.094497, 27.861954], [85.094497, 27.861972], [85.094517, 27.861973], [85.094517, 27.861991], [85.094537, 27.861991], [85.094537, 27.862027], [85.094516, 27.862027], [85.094516, 27.862045], [85.094496, 27.862044], [85.094495, 27.862062], [85.094475, 27.862062], [85.094475, 27.86208], [85.094495, 27.862081], [85.094495, 27.862099], [85.094515, 27.862099], [85.094515, 27.862117], [85.094535, 27.862117], [85.094534, 27.862153], [85.094514, 27.862153], [85.094513, 27.862189], [85.094493, 27.862189], [85.094493, 27.862207], [85.094472, 27.862207], [85.094472, 27.862243], [85.094452, 27.862242], [85.094451, 27.86226], [85.094431, 27.86226], [85.094431, 27.862278], [85.09439, 27.862278]]]}, "properties": {"layer": "stripped vegetation, day 2", "note": "cloud-free 59% of corridor only"}}, {"type": "Feature", "geometry": {"type": "Polygon", "coordinates": [[[85.089906, 27.862017], [85.089907, 27.861999], [85.089886, 27.861999], [85.089887, 27.861981], [85.089866, 27.86198], [85.089866, 27.861998], [85.089846, 27.861998], [85.089846, 27.86198], [85.089826, 27.86198], [85.089826, 27.861962], [85.089785, 27.861961], [85.089786, 27.861943], [85.089765, 27.861943], [85.089766, 27.861925], [85.089745, 27.861925], [85.089746, 27.861907], [85.089766, 27.861907], [85.089766, 27.861889], [85.089746, 27.861888], [85.089746, 27.86187], [85.089726, 27.86187], [85.089726, 27.861888], [85.089705, 27.861888], [85.089706, 27.86187], [85.089685, 27.86187], [85.089686, 27.861852], [85.089665, 27.861851], [85.089666, 27.861833], [85.089625, 27.861833], [85.089625, 27.861851], [85.089564, 27.86185], [85.089564, 27.861832], [85.089544, 27.861832], [85.089544, 27.861813], [85.089504, 27.861813], [85.089503, 27.861831], [85.089483, 27.861831], [85.089483, 27.861849], [85.089422, 27.861848], [85.089422, 27.861866], [85.089381, 27.861865], [85.089381, 27.861847], [85.089361, 27.861847], [85.089361, 27.861829], [85.089341, 27.861829], [85.089341, 27.861811], [85.089362, 27.861811], [85.089362, 27.861793], [85.089382, 27.861793], [85.089382, 27.861775], [85.089403, 27.861775], [85.089403, 27.861757], [85.089423, 27.861758], [85.089425, 27.861667], [85.089445, 27.861668], [85.089446, 27.86165], [85.089425, 27.861649], [85.089426, 27.861613], [85.089406, 27.861613], [85.089406, 27.861595], [85.089426, 27.861595], [85.089427, 27.861577], [85.089447, 27.861577], [85.089447, 27.861559], [85.089467, 27.86156], [85.089467, 27.861578], [85.089508, 27.861578], [85.089508, 27.86156], [85.089528, 27.861561], [85.089529, 27.861543], [85.089549, 27.861543], [85.089549, 27.861561], [85.089569, 27.861561], [85.089569, 27.861579], [85.089589, 27.861579], [85.089589, 27.861598], [85.089629, 27.861598], [85.08963, 27.861562], [85.08961, 27.861562], [85.089611, 27.861471], [85.089632, 27.861472], [85.089632, 27.861454], [85.089652, 27.861454], [85.089653, 27.861418], [85.089632, 27.861418], [85.089633, 27.8614], [85.089612, 27.861399], [85.089613, 27.861381], [85.089592, 27.861381], [85.089593, 27.861363], [85.089613, 27.861363], [85.089613, 27.861345], [85.089634, 27.861345], [85.089634, 27.861327], [85.089675, 27.861328], [85.089674, 27.861346], [85.089715, 27.861347], [85.089715, 27.861329], [85.089736, 27.861329], [85.089736, 27.861311], [85.089776, 27.861311], [85.089776, 27.861329], [85.089796, 27.86133], [85.089797, 27.861312], [85.089817, 27.861312], [85.089817, 27.861294], [85.089838, 27.861294], [85.089837, 27.861312], [85.089858, 27.861312], [85.089857, 27.86133], [85.089898, 27.861331], [85.089898, 27.861313], [85.089919, 27.861313], [85.089919, 27.861295], [85.089939, 27.861296], [85.089939, 27.861314], [85.089959, 27.861314], [85.089959, 27.861332], [85.089979, 27.861332], [85.089979, 27.86135], [85.089999, 27.861351], [85.089999, 27.861369], [85.090019, 27.861369], [85.09002, 27.861333], [85.09, 27.861332], [85.09, 27.861278], [85.08998, 27.861278], [85.08998, 27.86126], [85.08996, 27.86126], [85.08996, 27.861242], [85.08994, 27.861241], [85.089941, 27.861223], [85.089961, 27.861224], [85.089961, 27.861206], [85.089981, 27.861206], [85.089982, 27.861188], [85.090022, 27.861188], [85.090022, 27.861206], [85.090042, 27.861207], [85.090043, 27.861189], [85.090063, 27.861189], [85.090063, 27.861171], [85.090084, 27.861171], [85.090084, 27.861153], [85.090104, 27.861153], [85.090105, 27.861135], [85.090247, 27.861137], [85.090247, 27.861119], [85.090288, 27.86112], [85.090287, 27.861138], [85.090308, 27.861138], [85.090307, 27.861156], [85.090348, 27.861157], [85.090348, 27.861139], [85.090368, 27.861139], [85.090368, 27.861157], [85.090388, 27.861157], [85.090388, 27.861175], [85.090408, 27.861176], [85.090408, 27.861194], [85.090388, 27.861193], [85.090387, 27.86123], [85.090367, 27.861229], [85.090367, 27.861247], [85.090346, 27.861247], [85.090346, 27.861265], [85.090326, 27.861265], [85.090325, 27.861283], [85.090305, 27.861283], [85.090305, 27.861301], [85.090284, 27.8613], [85.090284, 27.861318], [85.090264, 27.861318], [85.090263, 27.861336], [85.090203, 27.861335], [85.090202, 27.861353], [85.090162, 27.861353], [85.090161, 27.861371], [85.090141, 27.861371], [85.090141, 27.861389], [85.0901, 27.861388], [85.0901, 27.861406], [85.09012, 27.861406], [85.090119, 27.861442], [85.09014, 27.861443], [85.090139, 27.861461], [85.09016, 27.861461], [85.090159, 27.861479], [85.090139, 27.861479], [85.090139, 27.861497], [85.090118, 27.861497], [85.090118, 27.861515], [85.090098, 27.861514], [85.090098, 27.861532], [85.090118, 27.861533], [85.090118, 27.861551], [85.090138, 27.861551], [85.090138, 27.861569], [85.090158, 27.861569], [85.090157, 27.861605], [85.090137, 27.861605], [85.090137, 27.861623], [85.090116, 27.861623], [85.090116, 27.861641], [85.090096, 27.861641], [85.090095, 27.861659], [85.090136, 27.861659], [85.090136, 27.861677], [85.090156, 27.861678], [85.090156, 27.861696], [85.090176, 27.861696], [85.090177, 27.861624], [85.090197, 27.861624], [85.090198, 27.861606], [85.090218, 27.861606], [85.090218, 27.861588], [85.0903, 27.861589], [85.090299, 27.861607], [85.09032, 27.861608], [85.090319, 27.861626], [85.09034, 27.861626], [85.090339, 27.861644], [85.09036, 27.861644], [85.090358, 27.861753], [85.090337, 27.861752], [85.090336, 27.861806], [85.090316, 27.861806], [85.090316, 27.861824], [85.090296, 27.861824], [85.090295, 27.861842], [85.090275, 27.861842], [85.090275, 27.861824], [85.090255, 27.861823], [85.090255, 27.861805], [85.090215, 27.861805], [85.090215, 27.861787], [85.090195, 27.861786], [85.090195, 27.861768], [85.090175, 27.861768], [85.090175, 27.86175], [85.090155, 27.86175], [85.090155, 27.861732], [85.090135, 27.861731], [85.090134, 27.861749], [85.090114, 27.861749], [85.090114, 27.861767], [85.090033, 27.861766], [85.090033, 27.861748], [85.090013, 27.861748], [85.090013, 27.86173], [85.089952, 27.861729], [85.089952, 27.861711], [85.089912, 27.86171], [85.089911, 27.861746], [85.089972, 27.861747], [85.089972, 27.861765], [85.090012, 27.861766], [85.090012, 27.861784], [85.090032, 27.861784], [85.090032, 27.861802], [85.090052, 27.861802], [85.090052, 27.861839], [85.090031, 27.861838], [85.090031, 27.861856], [85.090011, 27.861856], [85.09001, 27.861874], [85.08999, 27.861874], [85.08999, 27.861856], [85.08997, 27.861855], [85.08997, 27.861837], [85.08995, 27.861837], [85.08995, 27.861855], [85.089909, 27.861855], [85.089909, 27.861837], [85.089869, 27.861836], [85.089869, 27.861854], [85.089848, 27.861854], [85.089848, 27.861872], [85.089828, 27.861872], [85.089827, 27.861908], [85.089868, 27.861908], [85.089867, 27.861926], [85.089908, 27.861927], [85.089908, 27.861909], [85.089928, 27.861909], [85.089929, 27.861891], [85.089949, 27.861891], [85.089949, 27.861909], [85.089969, 27.86191], [85.089969, 27.861928], [85.089989, 27.861928], [85.089989, 27.861946], [85.090009, 27.861946], [85.090009, 27.861964], [85.089988, 27.861964], [85.089988, 27.861982], [85.089968, 27.861982], [85.089968, 27.862], [85.089947, 27.862], [85.089947, 27.862018], [85.089906, 27.862017]], [[85.089747, 27.861834], [85.089767, 27.861835], [85.089768, 27.861817], [85.089788, 27.861817], [85.089788, 27.861799], [85.089809, 27.861799], [85.089809, 27.861763], [85.089769, 27.861762], [85.089768, 27.86178], [85.089728, 27.86178], [85.089727, 27.861816], [85.089747, 27.861816], [85.089747, 27.861834]]]}, "properties": {"layer": "stripped vegetation, day 2", "note": "cloud-free 59% of corridor only"}}, {"type": "Feature", "geometry": {"type": "Polygon", "coordinates": [[[85.089716, 27.861292], [85.089716, 27.861274], [85.089696, 27.861274], [85.089696, 27.861256], [85.089676, 27.861256], [85.089676, 27.861238], [85.089656, 27.861237], [85.089657, 27.861201], [85.089636, 27.861201], [85.089637, 27.861183], [85.089657, 27.861183], [85.089658, 27.861147], [85.089678, 27.861148], [85.089678, 27.861129], [85.089698, 27.86113], [85.089699, 27.861112], [85.089719, 27.861112], [85.089719, 27.86113], [85.089739, 27.86113], [85.089739, 27.861148], [85.089779, 27.861149], [85.089779, 27.861167], [85.089799, 27.861167], [85.089799, 27.861185], [85.089819, 27.861186], [85.089819, 27.861204], [85.089799, 27.861203], [85.089798, 27.861239], [85.089778, 27.861239], [85.089777, 27.861257], [85.089757, 27.861257], [85.089757, 27.861275], [85.089737, 27.861275], [85.089736, 27.861293], [85.089716, 27.861292]]]}, "properties": {"layer": "stripped vegetation, day 2", "note": "cloud-free 59% of corridor only"}}, {"type": "Feature", "geometry": {"type": "Polygon", "coordinates": [[[85.090896, 27.86232], [85.090896, 27.862301], [85.090876, 27.862301], [85.090876, 27.862283], [85.090856, 27.862283], [85.090857, 27.862211], [85.090837, 27.86221], [85.090837, 27.862192], [85.090817, 27.862192], [85.090817, 27.86221], [85.090796, 27.86221], [85.090796, 27.862228], [85.090776, 27.862228], [85.090776, 27.86221], [85.090756, 27.862209], [85.090756, 27.862191], [85.090736, 27.862191], [85.090736, 27.862173], [85.090716, 27.862173], [85.090716, 27.862155], [85.090696, 27.862154], [85.090696, 27.862136], [85.090676, 27.862136], [85.090676, 27.862118], [85.090656, 27.862118], [85.090657, 27.862082], [85.090677, 27.862082], [85.090678, 27.862046], [85.090698, 27.862046], [85.090699, 27.861992], [85.090719, 27.861992], [85.09072, 27.861938], [85.09074, 27.861938], [85.090741, 27.86192], [85.0907, 27.86192], [85.0907, 27.861902], [85.09068, 27.861901], [85.09068, 27.861883], [85.09066, 27.861883], [85.09066, 27.861865], [85.090681, 27.861865], [85.090681, 27.861847], [85.090661, 27.861847], [85.090661, 27.861829], [85.090641, 27.861829], [85.09064, 27.861847], [85.09062, 27.861846], [85.09062, 27.861864], [85.090599, 27.861864], [85.090599, 27.861882], [85.090538, 27.861881], [85.090539, 27.861863], [85.090518, 27.861863], [85.090519, 27.861845], [85.090498, 27.861845], [85.090499, 27.861827], [85.090478, 27.861826], [85.090479, 27.861772], [85.0905, 27.861773], [85.0905, 27.861755], [85.09052, 27.861755], [85.09052, 27.861737], [85.090541, 27.861737], [85.090541, 27.861701], [85.090562, 27.861701], [85.090562, 27.861683], [85.090542, 27.861683], [85.090542, 27.861647], [85.090563, 27.861647], [85.090563, 27.861629], [85.090583, 27.861629], [85.090584, 27.861611], [85.090604, 27.861612], [85.090604, 27.861594], [85.090625, 27.861594], [85.090625, 27.861558], [85.090645, 27.861558], [85.090646, 27.86154], [85.090666, 27.86154], [85.090666, 27.861522], [85.090687, 27.861522], [85.090687, 27.861504], [85.090728, 27.861505], [85.090729, 27.861415], [85.090709, 27.861414], [85.090709, 27.861433], [85.090688, 27.861432], [85.090688, 27.86145], [85.090668, 27.86145], [85.090667, 27.861468], [85.090647, 27.861468], [85.090647, 27.861486], [85.090626, 27.861486], [85.090626, 27.861504], [85.090606, 27.861503], [85.090606, 27.861485], [85.090586, 27.861485], [85.090586, 27.861467], [85.090566, 27.861467], [85.090565, 27.861485], [85.090545, 27.861484], [85.090545, 27.861502], [85.090565, 27.861503], [85.090565, 27.861539], [85.090544, 27.861539], [85.090544, 27.861557], [85.090524, 27.861556], [85.090523, 27.861574], [85.090503, 27.861574], [85.090503, 27.861592], [85.090482, 27.861592], [85.090483, 27.861574], [85.090462, 27.861574], [85.090463, 27.861555], [85.090442, 27.861555], [85.090443, 27.861519], [85.090463, 27.861519], [85.090464, 27.861501], [85.090484, 27.861502], [85.090484, 27.861484], [85.090464, 27.861483], [85.090466, 27.861393], [85.090445, 27.861393], [85.090446, 27.861357], [85.090466, 27.861357], [85.090467, 27.861321], [85.090447, 27.861321], [85.090447, 27.861303], [85.090467, 27.861303], [85.090467, 27.861285], [85.090488, 27.861285], [85.090488, 27.861249], [85.090468, 27.861249], [85.090468, 27.861231], [85.090448, 27.86123], [85.090448, 27.861212], [85.090428, 27.861212], [85.090428, 27.861194], [85.090449, 27.861194], [85.090449, 27.861176], [85.090469, 27.861177], [85.09047, 27.861158], [85.09049, 27.861159], [85.09049, 27.861141], [85.090511, 27.861141], [85.090511, 27.861123], [85.090653, 27.861125], [85.090653, 27.861143], [85.090673, 27.861143], [85.090673, 27.861161], [85.090693, 27.861162], [85.090692, 27.861198], [85.090713, 27.861198], [85.090712, 27.861216], [85.090794, 27.861217], [85.090793, 27.861235], [85.090814, 27.861235], [85.090813, 27.861253], [85.090834, 27.861254], [85.090833, 27.861272], [85.090813, 27.861272], [85.090813, 27.86129], [85.090792, 27.861289], [85.090791, 27.861343], [85.090812, 27.861344], [85.090811, 27.86138], [85.090872, 27.861381], [85.090872, 27.861399], [85.090993, 27.8614], [85.090994, 27.861382], [85.091014, 27.861383], [85.091015, 27.861347], [85.091035, 27.861347], [85.091035, 27.861329], [85.091056, 27.861329], [85.091056, 27.861311], [85.091076, 27.861311], [85.091077, 27.861293], [85.091097, 27.861294], [85.091097, 27.861275], [85.091117, 27.861276], [85.091118, 27.861258], [85.091158, 27.861258], [85.091158, 27.861276], [85.091178, 27.861277], [85.091178, 27.861295], [85.091219, 27.861295], [85.091219, 27.861277], [85.091321, 27.861279], [85.09132, 27.861297], [85.091341, 27.861297], [85.09134, 27.861315], [85.091361, 27.861315], [85.09136, 27.861333], [85.091381, 27.861334], [85.09138, 27.861352], [85.09136, 27.861351], [85.09136, 27.861369], [85.091339, 27.861369], [85.091339, 27.861387], [85.091298, 27.861387], [85.091297, 27.861441], [85.091277, 27.86144], [85.091277, 27.861458], [85.091256, 27.861458], [85.091256, 27.861512], [85.091235, 27.861512], [85.091235, 27.86153], [85.091215, 27.86153], [85.091214, 27.861548], [85.091235, 27.861548], [85.091234, 27.861566], [85.091255, 27.861566], [85.091254, 27.861584], [85.091234, 27.861584], [85.091234, 27.861602], [85.091213, 27.861602], [85.091213, 27.86162], [85.091152, 27.861619], [85.091152, 27.861601], [85.091132, 27.861601], [85.091132, 27.861583], [85.091112, 27.861583], [85.091112, 27.861564], [85.091072, 27.861564], [85.091072, 27.861546], [85.091052, 27.861546], [85.091052, 27.861528], [85.091012, 27.861527], [85.091011, 27.861545], [85.090991, 27.861545], [85.090991, 27.861563], [85.09093, 27.861562], [85.090929, 27.861616], [85.090908, 27.861616], [85.090908, 27.861634], [85.090888, 27.861634], [85.090887, 27.861688], [85.090907, 27.861688], [85.090906, 27.861742], [85.090886, 27.861742], [85.090885, 27.861814], [85.090905, 27.861814], [85.090905, 27.861796], [85.090926, 27.861797], [85.090925, 27.861815], [85.090966, 27.861815], [85.090966, 27.861797], [85.090987, 27.861797], [85.090987, 27.861761], [85.091007, 27.861762], [85.091008, 27.861744], [85.091028, 27.861744], [85.091028, 27.861726], [85.091049, 27.861726], [85.091048, 27.861744], [85.091069, 27.861744], [85.091068, 27.861762], [85.091089, 27.861763], [85.091088, 27.861781], [85.091068, 27.86178], [85.091067, 27.861817], [85.091088, 27.861817], [85.091087, 27.861835], [85.091067, 27.861835], [85.091067, 27.861853], [85.091046, 27.861852], [85.091046, 27.86187], [85.091026, 27.86187], [85.091026, 27.861888], [85.091005, 27.861888], [85.091005, 27.861906], [85.090985, 27.861906], [85.090984, 27.861924], [85.090883, 27.861922], [85.090882, 27.861976], [85.090902, 27.861977], [85.090901, 27.862013], [85.090922, 27.862013], [85.09092, 27.862103], [85.090941, 27.862104], [85.09094, 27.862122], [85.09092, 27.862121], [85.090919, 27.862157], [85.091, 27.862159], [85.091001, 27.86214], [85.091021, 27.862141], [85.091021, 27.862159], [85.091061, 27.862159], [85.091062, 27.862141], [85.091082, 27.862142], [85.091082, 27.862124], [85.091103, 27.862124], [85.091103, 27.862106], [85.091083, 27.862106], [85.091083, 27.862069], [85.091063, 27.862069], [85.091063, 27.862051], [85.091084, 27.862051], [85.091084, 27.862033], [85.091104, 27.862034], [85.091105, 27.862016], [85.091145, 27.862016], [85.091145, 27.862034], [85.091165, 27.862034], [85.091165, 27.862053], [85.091185, 27.862053], [85.091184, 27.862107], [85.091164, 27.862107], [85.091164, 27.862125], [85.091143, 27.862124], [85.091143, 27.862142], [85.091123, 27.862142], [85.091122, 27.86216], [85.091143, 27.862161], [85.091142, 27.862197], [85.091122, 27.862196], [85.091121, 27.862214], [85.091101, 27.862214], [85.091101, 27.862232], [85.09108, 27.862232], [85.09108, 27.86225], [85.09106, 27.86225], [85.091059, 27.862268], [85.091039, 27.862267], [85.091039, 27.862285], [85.091019, 27.862285], [85.091019, 27.862267], [85.090999, 27.862267], [85.090999, 27.862249], [85.090958, 27.862248], [85.090958, 27.862284], [85.090937, 27.862284], [85.090937, 27.862302], [85.090917, 27.862302], [85.090916, 27.86232], [85.090896, 27.86232]], [[85.091135, 27.86142], [85.091176, 27.861421], [85.091176, 27.861403], [85.091197, 27.861403], [85.091197, 27.861385], [85.091177, 27.861385], [85.091177, 27.861367], [85.091157, 27.861367], [85.091157, 27.861348], [85.091137, 27.861348], [85.091136, 27.861384], [85.091116, 27.861384], [85.091115, 27.861402], [85.091136, 27.861402], [85.091135, 27.86142]]]}, "properties": {"layer": "stripped vegetation, day 2", "note": "cloud-free 59% of corridor only"}}, {"type": "Feature", "geometry": {"type": "Polygon", "coordinates": [[[85.093104, 27.861466], [85.093105, 27.861448], [85.093084, 27.861447], [85.093085, 27.861429], [85.093064, 27.861429], [85.093066, 27.861357], [85.093045, 27.861357], [85.093046, 27.861339], [85.093025, 27.861338], [85.093026, 27.86132], [85.093005, 27.86132], [85.093007, 27.861248], [85.092986, 27.861247], [85.092987, 27.861229], [85.093007, 27.86123], [85.093007, 27.861212], [85.093028, 27.861212], [85.093028, 27.861194], [85.093069, 27.861194], [85.093069, 27.861176], [85.093089, 27.861177], [85.09309, 27.861159], [85.09311, 27.861159], [85.093109, 27.861177], [85.09313, 27.861177], [85.09313, 27.861159], [85.093171, 27.86116], [85.09317, 27.861178], [85.093191, 27.861178], [85.09319, 27.861196], [85.093231, 27.861197], [85.093231, 27.861179], [85.093252, 27.861179], [85.093251, 27.861197], [85.093272, 27.861197], [85.093271, 27.861215], [85.093292, 27.861216], [85.093291, 27.861252], [85.093271, 27.861251], [85.09327, 27.861269], [85.09325, 27.861269], [85.093249, 27.861305], [85.093229, 27.861305], [85.093229, 27.861323], [85.093208, 27.861323], [85.093208, 27.861341], [85.093147, 27.86134], [85.093147, 27.861376], [85.093167, 27.861376], [85.093167, 27.861394], [85.093187, 27.861395], [85.093187, 27.861413], [85.093166, 27.861412], [85.093166, 27.86143], [85.093146, 27.86143], [85.093145, 27.861448], [85.093125, 27.861448], [85.093125, 27.861466], [85.093104, 27.861466]]]}, "properties": {"layer": "stripped vegetation, day 2", "note": "cloud-free 59% of corridor only"}}, {"type": "Feature", "geometry": {"type": "Polygon", "coordinates": [[[85.091581, 27.861481], [85.091581, 27.861463], [85.091561, 27.861462], [85.091561, 27.861444], [85.091541, 27.861444], [85.091542, 27.861408], [85.091562, 27.861408], [85.091562, 27.86139], [85.091583, 27.86139], [85.091583, 27.861354], [85.091563, 27.861354], [85.091563, 27.861336], [85.091543, 27.861336], [85.091543, 27.861354], [85.091522, 27.861354], [85.091522, 27.861372], [85.091502, 27.861371], [85.091502, 27.861353], [85.091482, 27.861353], [85.091482, 27.861335], [85.091462, 27.861335], [85.091462, 27.861317], [85.091442, 27.861316], [85.091442, 27.861298], [85.091422, 27.861298], [85.091422, 27.86128], [85.091442, 27.86128], [85.091443, 27.861262], [85.091463, 27.861262], [85.091463, 27.861244], [85.091484, 27.861245], [85.091483, 27.861263], [85.091504, 27.861263], [85.091504, 27.861227], [85.091484, 27.861227], [85.091484, 27.861209], [85.091464, 27.861208], [85.091464, 27.86119], [85.091444, 27.86119], [85.091444, 27.861172], [85.091465, 27.861172], [85.091465, 27.861154], [85.091485, 27.861154], [85.091485, 27.861136], [85.091506, 27.861137], [85.091505, 27.861155], [85.091526, 27.861155], [85.091525, 27.861173], [85.091546, 27.861173], [85.091546, 27.861155], [85.091566, 27.861156], [85.091566, 27.861174], [85.091586, 27.861174], [85.091586, 27.861192], [85.091606, 27.861192], [85.091605, 27.861246], [85.091585, 27.861246], [85.091584, 27.861282], [85.091605, 27.861282], [85.091604, 27.861301], [85.091625, 27.861301], [85.091624, 27.861319], [85.091645, 27.861319], [85.091644, 27.861337], [85.091624, 27.861337], [85.091624, 27.861355], [85.091604, 27.861355], [85.091603, 27.861391], [85.091623, 27.861391], [85.091623, 27.861409], [85.091643, 27.861409], [85.091643, 27.861445], [85.091622, 27.861445], [85.091622, 27.861463], [85.091602, 27.861463], [85.091601, 27.861481], [85.091581, 27.861481]]]}, "properties": {"layer": "stripped vegetation, day 2", "note": "cloud-free 59% of corridor only"}}, {"type": "Feature", "geometry": {"type": "Polygon", "coordinates": [[[85.093827, 27.861927], [85.093828, 27.861909], [85.093808, 27.861909], [85.093808, 27.861891], [85.093788, 27.86189], [85.093788, 27.861836], [85.093768, 27.861836], [85.093768, 27.861818], [85.093748, 27.861818], [85.093748, 27.861799], [85.093728, 27.861799], [85.093728, 27.861781], [85.093708, 27.861781], [85.093709, 27.861763], [85.093688, 27.861763], [85.093688, 27.861781], [85.093668, 27.86178], [85.093668, 27.861762], [85.093648, 27.861762], [85.093648, 27.861744], [85.093628, 27.861744], [85.093628, 27.861726], [85.093608, 27.861725], [85.093608, 27.861689], [85.093588, 27.861689], [85.093588, 27.861671], [85.093568, 27.861671], [85.093568, 27.861653], [85.093548, 27.861652], [85.09355, 27.861526], [85.09357, 27.861526], [85.093571, 27.861508], [85.093591, 27.861509], [85.093591, 27.86149], [85.093612, 27.861491], [85.093612, 27.861473], [85.093632, 27.861473], [85.093632, 27.861491], [85.093673, 27.861492], [85.093673, 27.861455], [85.093694, 27.861456], [85.093694, 27.861438], [85.093714, 27.861438], [85.093715, 27.86142], [85.093877, 27.861422], [85.093877, 27.86144], [85.093897, 27.861441], [85.093897, 27.861459], [85.093917, 27.861459], [85.093919, 27.861351], [85.093899, 27.86135], [85.093899, 27.861332], [85.093879, 27.861332], [85.093879, 27.861314], [85.093859, 27.861314], [85.093859, 27.861278], [85.093879, 27.861278], [85.09388, 27.86126], [85.0939, 27.86126], [85.0939, 27.861242], [85.093941, 27.861243], [85.093941, 27.861225], [85.093982, 27.861225], [85.093982, 27.861243], [85.094022, 27.861244], [85.094023, 27.861208], [85.094043, 27.861208], [85.094043, 27.86119], [85.094064, 27.86119], [85.094064, 27.861172], [85.094084, 27.861172], [85.094085, 27.861154], [85.094105, 27.861155], [85.094105, 27.861173], [85.094125, 27.861173], [85.094125, 27.861191], [85.094145, 27.861191], [85.094144, 27.861227], [85.094165, 27.861228], [85.094164, 27.861264], [85.094144, 27.861263], [85.094143, 27.861282], [85.094164, 27.861282], [85.094163, 27.861318], [85.094183, 27.861318], [85.094183, 27.861354], [85.094162, 27.861354], [85.09416, 27.861498], [85.09414, 27.861498], [85.094139, 27.861516], [85.09416, 27.861516], [85.094159, 27.861571], [85.094138, 27.86157], [85.094137, 27.861624], [85.094117, 27.861624], [85.094117, 27.861642], [85.094096, 27.861642], [85.094096, 27.86166], [85.094076, 27.86166], [85.094076, 27.861642], [85.094056, 27.861641], [85.094056, 27.861623], [85.094036, 27.861623], [85.094038, 27.861515], [85.093936, 27.861513], [85.093934, 27.861622], [85.093955, 27.861622], [85.093954, 27.86164], [85.093975, 27.86164], [85.093974, 27.861676], [85.093954, 27.861676], [85.093953, 27.861712], [85.093994, 27.861713], [85.093993, 27.861731], [85.094014, 27.861731], [85.094013, 27.861749], [85.094034, 27.861749], [85.094033, 27.861785], [85.094013, 27.861785], [85.094012, 27.861803], [85.093992, 27.861803], [85.093992, 27.861821], [85.093931, 27.86182], [85.093931, 27.861838], [85.093951, 27.861838], [85.093951, 27.861856], [85.09393, 27.861856], [85.09393, 27.861874], [85.09391, 27.861874], [85.093909, 27.861892], [85.093889, 27.861892], [85.093889, 27.86191], [85.093868, 27.861909], [85.093868, 27.861927], [85.093827, 27.861927]]]}, "properties": {"layer": "stripped vegetation, day 2", "note": "cloud-free 59% of corridor only"}}, {"type": "Feature", "geometry": {"type": "Polygon", "coordinates": [[[85.09524, 27.861261], [85.095241, 27.861243], [85.09522, 27.861242], [85.095221, 27.861224], [85.0952, 27.861224], [85.095201, 27.861206], [85.095221, 27.861206], [85.095221, 27.861188], [85.095242, 27.861188], [85.095242, 27.861152], [85.095263, 27.861153], [85.095263, 27.861135], [85.095283, 27.861135], [85.095284, 27.861117], [85.095324, 27.861117], [85.095324, 27.861135], [85.095344, 27.861136], [85.095344, 27.861154], [85.095364, 27.861154], [85.095364, 27.861172], [85.095344, 27.861172], [85.095343, 27.861226], [85.095322, 27.861226], [85.095322, 27.861244], [85.095302, 27.861243], [85.095301, 27.861261], [85.09524, 27.861261]]]}, "properties": {"layer": "stripped vegetation, day 2", "note": "cloud-free 59% of corridor only"}}, {"type": "Feature", "geometry": {"type": "Polygon", "coordinates": [[[85.098917, 27.861221], [85.098917, 27.861203], [85.098897, 27.861203], [85.098897, 27.861185], [85.098877, 27.861184], [85.098877, 27.861166], [85.098898, 27.861167], [85.098898, 27.861149], [85.098918, 27.861149], [85.098919, 27.861131], [85.098939, 27.861131], [85.098939, 27.861149], [85.098959, 27.861149], [85.098959, 27.861167], [85.098979, 27.861168], [85.098979, 27.861186], [85.098958, 27.861186], [85.098958, 27.861204], [85.098938, 27.861203], [85.098937, 27.861221], [85.098917, 27.861221]]]}, "properties": {"layer": "stripped vegetation, day 2", "note": "cloud-free 59% of corridor only"}}, {"type": "Feature", "geometry": {"type": "Polygon", "coordinates": [[[85.111889, 27.861562], [85.111889, 27.861544], [85.111869, 27.861543], [85.111869, 27.861525], [85.111849, 27.861525], [85.111849, 27.861507], [85.111829, 27.861507], [85.111828, 27.861525], [85.111808, 27.861525], [85.111808, 27.861506], [85.111788, 27.861506], [85.111788, 27.861488], [85.111768, 27.861488], [85.111768, 27.86147], [85.111748, 27.86147], [85.111749, 27.861415], [85.111729, 27.861415], [85.111729, 27.861379], [85.111709, 27.861379], [85.111709, 27.861361], [85.111689, 27.86136], [85.111689, 27.861342], [85.11171, 27.861343], [85.11171, 27.861325], [85.11173, 27.861325], [85.111731, 27.861307], [85.111751, 27.861307], [85.111751, 27.861325], [85.111771, 27.861325], [85.111771, 27.861344], [85.111791, 27.861344], [85.111791, 27.861362], [85.111811, 27.861362], [85.11181, 27.86138], [85.111831, 27.86138], [85.11183, 27.861398], [85.111851, 27.861399], [85.11185, 27.861417], [85.111871, 27.861417], [85.11187, 27.861435], [85.111891, 27.861435], [85.11189, 27.861471], [85.11191, 27.861472], [85.11191, 27.86149], [85.11193, 27.86149], [85.11193, 27.861508], [85.11195, 27.861508], [85.11195, 27.861526], [85.11193, 27.861526], [85.11193, 27.861544], [85.111909, 27.861544], [85.111909, 27.861562], [85.111889, 27.861562]]]}, "properties": {"layer": "stripped vegetation, day 2", "note": "cloud-free 59% of corridor only"}}, {"type": "Feature", "geometry": {"type": "Polygon", "coordinates": [[[85.090491, 27.861105], [85.090491, 27.861087], [85.090471, 27.861086], [85.090471, 27.861068], [85.090451, 27.861068], [85.090451, 27.86105], [85.090472, 27.86105], [85.090472, 27.861032], [85.090492, 27.861032], [85.090493, 27.861014], [85.090533, 27.861015], [85.090533, 27.860997], [85.090615, 27.860998], [85.090614, 27.861016], [85.090635, 27.861016], [85.090634, 27.861034], [85.090655, 27.861035], [85.090654, 27.861053], [85.090634, 27.861052], [85.090634, 27.861071], [85.090613, 27.86107], [85.090613, 27.861088], [85.090552, 27.861087], [85.090552, 27.861105], [85.090491, 27.861105]]]}, "properties": {"layer": "stripped vegetation, day 2", "note": "cloud-free 59% of corridor only"}}, {"type": "Feature", "geometry": {"type": "Polygon", "coordinates": [[[85.090897, 27.861128], [85.090897, 27.86111], [85.090795, 27.861109], [85.090796, 27.861091], [85.090775, 27.861091], [85.090776, 27.861072], [85.090756, 27.861072], [85.090756, 27.861036], [85.090776, 27.861036], [85.090777, 27.861018], [85.090797, 27.861019], [85.090797, 27.861001], [85.090858, 27.861001], [85.090859, 27.860983], [85.090879, 27.860984], [85.090879, 27.861002], [85.090899, 27.861002], [85.090899, 27.86102], [85.090939, 27.861021], [85.090939, 27.861039], [85.090959, 27.861039], [85.090959, 27.861057], [85.090979, 27.861057], [85.090979, 27.861075], [85.090959, 27.861075], [85.090958, 27.861093], [85.090938, 27.861093], [85.090938, 27.861111], [85.090917, 27.861111], [85.090917, 27.861129], [85.090897, 27.861128]]]}, "properties": {"layer": "stripped vegetation, day 2", "note": "cloud-free 59% of corridor only"}}, {"type": "Feature", "geometry": {"type": "Polygon", "coordinates": [[[85.092089, 27.86147], [85.092089, 27.861452], [85.092069, 27.861451], [85.092069, 27.861433], [85.092049, 27.861433], [85.09205, 27.861379], [85.09203, 27.861379], [85.09203, 27.861343], [85.092051, 27.861343], [85.092051, 27.861325], [85.092031, 27.861324], [85.092031, 27.861306], [85.092011, 27.861306], [85.092011, 27.861288], [85.091991, 27.861288], [85.091991, 27.86127], [85.091971, 27.86127], [85.091971, 27.861251], [85.091951, 27.861251], [85.091951, 27.861233], [85.091931, 27.861233], [85.091931, 27.861215], [85.091911, 27.861215], [85.091912, 27.86116], [85.091891, 27.86116], [85.091892, 27.861124], [85.091872, 27.861124], [85.091873, 27.86107], [85.091852, 27.861069], [85.091853, 27.861033], [85.091873, 27.861034], [85.091873, 27.861015], [85.091894, 27.861016], [85.091894, 27.860998], [85.091935, 27.860998], [85.091934, 27.861016], [85.091955, 27.861017], [85.091954, 27.861035], [85.092056, 27.861036], [85.092056, 27.861054], [85.092076, 27.861054], [85.092076, 27.861072], [85.092116, 27.861073], [85.092116, 27.861091], [85.092136, 27.861091], [85.092136, 27.861109], [85.092156, 27.86111], [85.092156, 27.861128], [85.092136, 27.861127], [85.092135, 27.861163], [85.092115, 27.861163], [85.092114, 27.861181], [85.092135, 27.861182], [85.092134, 27.861236], [85.092154, 27.861236], [85.092153, 27.86129], [85.092173, 27.86129], [85.092173, 27.861308], [85.092193, 27.861309], [85.092193, 27.861327], [85.092213, 27.861327], [85.092213, 27.861363], [85.092233, 27.861363], [85.092233, 27.861381], [85.092212, 27.861381], [85.092212, 27.861399], [85.092192, 27.861399], [85.092191, 27.861417], [85.092171, 27.861417], [85.092171, 27.861435], [85.09215, 27.861434], [85.09215, 27.861452], [85.09213, 27.861452], [85.09213, 27.86147], [85.092089, 27.86147]]]}, "properties": {"layer": "stripped vegetation, day 2", "note": "cloud-free 59% of corridor only"}}, {"type": "Feature", "geometry": {"type": "Polygon", "coordinates": [[[85.094938, 27.861112], [85.094939, 27.861094], [85.094918, 27.861094], [85.094919, 27.861076], [85.094898, 27.861075], [85.094899, 27.861039], [85.094919, 27.86104], [85.09492, 27.861021], [85.09494, 27.861022], [85.09494, 27.861004], [85.094961, 27.861004], [85.09496, 27.861022], [85.094981, 27.861022], [85.09498, 27.86104], [85.095001, 27.861041], [85.095, 27.861077], [85.09498, 27.861076], [85.094979, 27.861095], [85.094959, 27.861094], [85.094959, 27.861112], [85.094938, 27.861112]]]}, "properties": {"layer": "stripped vegetation, day 2", "note": "cloud-free 59% of corridor only"}}, {"type": "Feature", "geometry": {"type": "Polygon", "coordinates": [[[85.091548, 27.861047], [85.091548, 27.861029], [85.091528, 27.861029], [85.091528, 27.861011], [85.091508, 27.86101], [85.091508, 27.860992], [85.091529, 27.860993], [85.091529, 27.860975], [85.091549, 27.860975], [85.09155, 27.860957], [85.09157, 27.860957], [85.09157, 27.860975], [85.09159, 27.860975], [85.09159, 27.860993], [85.09161, 27.860994], [85.09161, 27.861012], [85.091589, 27.861012], [85.091589, 27.86103], [85.091569, 27.861029], [85.091568, 27.861047], [85.091548, 27.861047]]]}, "properties": {"layer": "stripped vegetation, day 2", "note": "cloud-free 59% of corridor only"}}, {"type": "Feature", "geometry": {"type": "Polygon", "coordinates": [[[85.095101, 27.861096], [85.095101, 27.861078], [85.095081, 27.861078], [85.095082, 27.86106], [85.095061, 27.86106], [85.095062, 27.861023], [85.095082, 27.861024], [85.095082, 27.861006], [85.095103, 27.861006], [85.095103, 27.860988], [85.095123, 27.860988], [85.095124, 27.86097], [85.095164, 27.860971], [85.095164, 27.860989], [85.095184, 27.860989], [85.095184, 27.861007], [85.095204, 27.861007], [85.095204, 27.861025], [85.095224, 27.861026], [85.095224, 27.861044], [85.095204, 27.861043], [85.095203, 27.861062], [85.095183, 27.861061], [85.095183, 27.861079], [85.095142, 27.861079], [85.095142, 27.861097], [85.095101, 27.861096]]]}, "properties": {"layer": "stripped vegetation, day 2", "note": "cloud-free 59% of corridor only"}}, {"type": "Feature", "geometry": {"type": "Polygon", "coordinates": [[[85.096011, 27.861307], [85.096012, 27.861289], [85.095991, 27.861289], [85.095992, 27.861271], [85.095971, 27.861271], [85.095972, 27.861217], [85.095952, 27.861216], [85.095952, 27.861198], [85.095932, 27.861198], [85.095932, 27.861216], [85.095911, 27.861216], [85.095911, 27.861234], [85.095891, 27.861233], [85.095891, 27.861251], [85.09587, 27.861251], [85.095871, 27.861233], [85.09585, 27.861233], [85.095851, 27.861215], [85.09583, 27.861215], [85.095831, 27.861197], [85.09579, 27.861196], [85.09579, 27.861214], [85.095769, 27.861214], [85.095769, 27.861232], [85.095749, 27.861231], [85.095748, 27.86125], [85.095627, 27.861248], [85.095627, 27.86123], [85.095607, 27.86123], [85.095606, 27.861248], [85.095586, 27.861247], [85.095586, 27.861229], [85.095566, 27.861229], [85.095566, 27.861211], [85.095546, 27.861211], [85.095547, 27.861175], [85.095567, 27.861175], [85.095568, 27.861121], [85.095548, 27.86112], [85.095548, 27.861066], [85.095569, 27.861067], [85.095569, 27.861049], [85.095589, 27.861049], [85.09559, 27.861031], [85.09563, 27.861031], [85.09563, 27.861049], [85.09565, 27.86105], [85.09565, 27.861068], [85.095691, 27.861068], [85.095691, 27.86105], [85.095732, 27.861051], [85.095731, 27.861069], [85.095752, 27.861069], [85.095751, 27.861087], [85.095772, 27.861087], [85.095771, 27.861105], [85.095792, 27.861106], [85.095792, 27.861088], [85.095812, 27.861088], [85.095812, 27.86107], [85.095833, 27.86107], [85.095833, 27.861052], [85.095853, 27.861052], [85.095853, 27.86107], [85.095873, 27.861071], [85.095873, 27.861089], [85.095893, 27.861089], [85.095893, 27.861125], [85.095913, 27.861125], [85.095913, 27.861144], [85.095933, 27.861144], [85.095933, 27.861126], [85.095954, 27.861126], [85.095954, 27.86109], [85.095934, 27.86109], [85.095934, 27.861072], [85.095914, 27.861071], [85.095914, 27.861053], [85.095894, 27.861053], [85.095894, 27.861035], [85.095915, 27.861035], [85.095915, 27.861017], [85.095895, 27.861017], [85.095895, 27.860999], [85.095875, 27.860999], [85.095875, 27.860981], [85.095895, 27.860981], [85.095896, 27.860963], [85.095916, 27.860963], [85.095916, 27.860945], [85.095997, 27.860946], [85.095997, 27.860964], [85.096058, 27.860965], [85.096058, 27.860947], [85.096099, 27.860948], [85.096099, 27.860966], [85.096119, 27.860966], [85.096119, 27.860984], [85.096139, 27.860984], [85.096139, 27.861002], [85.096118, 27.861002], [85.096117, 27.861056], [85.096097, 27.861056], [85.096097, 27.861074], [85.096117, 27.861074], [85.096117, 27.861092], [85.096137, 27.861092], [85.096136, 27.861129], [85.096116, 27.861128], [85.096116, 27.861146], [85.096095, 27.861146], [85.096094, 27.861218], [85.096114, 27.861218], [85.096114, 27.861237], [85.096094, 27.861236], [85.096094, 27.861254], [85.096073, 27.861254], [85.096073, 27.861272], [85.096053, 27.861272], [85.096052, 27.86129], [85.096032, 27.86129], [85.096032, 27.861308], [85.096011, 27.861307]]]}, "properties": {"layer": "stripped vegetation, day 2", "note": "cloud-free 59% of corridor only"}}, {"type": "Feature", "geometry": {"type": "Polygon", "coordinates": [[[85.099182, 27.861153], [85.099183, 27.861134], [85.099162, 27.861134], [85.099163, 27.861116], [85.099142, 27.861116], [85.099143, 27.86108], [85.099163, 27.86108], [85.099164, 27.861026], [85.099144, 27.861026], [85.099144, 27.861044], [85.099123, 27.861043], [85.099123, 27.861061], [85.099082, 27.861061], [85.099083, 27.861043], [85.099062, 27.861043], [85.099063, 27.861025], [85.099042, 27.861024], [85.099043, 27.861006], [85.099063, 27.861006], [85.099063, 27.860988], [85.099084, 27.860989], [85.099084, 27.860971], [85.099104, 27.860971], [85.099105, 27.860953], [85.099125, 27.860953], [85.099125, 27.860971], [85.099145, 27.860971], [85.099145, 27.860935], [85.099166, 27.860936], [85.099166, 27.860918], [85.099186, 27.860918], [85.099187, 27.8609], [85.099207, 27.8609], [85.099207, 27.860882], [85.099329, 27.860884], [85.099329, 27.860902], [85.099349, 27.860902], [85.099349, 27.86092], [85.099369, 27.86092], [85.099368, 27.861011], [85.099347, 27.86101], [85.099347, 27.861028], [85.099327, 27.861028], [85.099326, 27.861046], [85.099306, 27.861046], [85.099306, 27.861064], [85.099285, 27.861064], [85.099285, 27.861082], [85.099265, 27.861081], [85.099264, 27.861099], [85.099244, 27.861099], [85.099244, 27.861117], [85.099224, 27.861117], [85.099223, 27.861135], [85.099203, 27.861135], [85.099203, 27.861153], [85.099182, 27.861153]]]}, "properties": {"layer": "stripped vegetation, day 2", "note": "cloud-free 59% of corridor only"}}, {"type": "Feature", "geometry": {"type": "Polygon", "coordinates": [[[85.098455, 27.860908], [85.098456, 27.86089], [85.098435, 27.86089], [85.098436, 27.860871], [85.098415, 27.860871], [85.098416, 27.860853], [85.098436, 27.860853], [85.098436, 27.860835], [85.098457, 27.860836], [85.098457, 27.860818], [85.098498, 27.860818], [85.098498, 27.8608], [85.098539, 27.860801], [85.098538, 27.860819], [85.098559, 27.860819], [85.098558, 27.860837], [85.098579, 27.860837], [85.098578, 27.860873], [85.098558, 27.860873], [85.098557, 27.860891], [85.098537, 27.860891], [85.098537, 27.860909], [85.098455, 27.860908]]]}, "properties": {"layer": "stripped vegetation, day 2", "note": "cloud-free 59% of corridor only"}}, {"type": "Feature", "geometry": {"type": "Polygon", "coordinates": [[[85.092406, 27.860752], [85.092406, 27.860734], [85.092386, 27.860734], [85.092386, 27.860716], [85.092366, 27.860715], [85.092366, 27.860697], [85.092387, 27.860698], [85.092387, 27.86068], [85.092407, 27.86068], [85.092408, 27.860662], [85.092428, 27.860662], [85.092428, 27.86068], [85.092448, 27.86068], [85.092448, 27.860699], [85.092468, 27.860699], [85.092468, 27.860717], [85.092447, 27.860717], [85.092447, 27.860735], [85.092427, 27.860734], [85.092426, 27.860752], [85.092406, 27.860752]]]}, "properties": {"layer": "stripped vegetation, day 2", "note": "cloud-free 59% of corridor only"}}, {"type": "Feature", "geometry": {"type": "Polygon", "coordinates": [[[85.110678, 27.861094], [85.110678, 27.861076], [85.110658, 27.861076], [85.110658, 27.861058], [85.110638, 27.861057], [85.110638, 27.861039], [85.110618, 27.861039], [85.110619, 27.861003], [85.110639, 27.861003], [85.110639, 27.860985], [85.11066, 27.860985], [85.11066, 27.860967], [85.11068, 27.860968], [85.110681, 27.86095], [85.110701, 27.86095], [85.110701, 27.860932], [85.110722, 27.860932], [85.110722, 27.860914], [85.110763, 27.860915], [85.110763, 27.860897], [85.110803, 27.860897], [85.110804, 27.860879], [85.110824, 27.860879], [85.110824, 27.860861], [85.110865, 27.860862], [85.110865, 27.86088], [85.110885, 27.86088], [85.110885, 27.860898], [85.110905, 27.860898], [85.110904, 27.860935], [85.110884, 27.860934], [85.110883, 27.86097], [85.110863, 27.86097], [85.110863, 27.860988], [85.110842, 27.860988], [85.110842, 27.861006], [85.110822, 27.861006], [85.110822, 27.861024], [85.110781, 27.861023], [85.110781, 27.861041], [85.11076, 27.861041], [85.11076, 27.861059], [85.11074, 27.861059], [85.110739, 27.861077], [85.110699, 27.861076], [85.110698, 27.861094], [85.110678, 27.861094]]]}, "properties": {"layer": "stripped vegetation, day 2", "note": "cloud-free 59% of corridor only"}}, {"type": "Feature", "geometry": {"type": "Polygon", "coordinates": [[[85.101626, 27.860771], [85.101626, 27.860753], [85.101606, 27.860753], [85.101606, 27.860735], [85.101586, 27.860734], [85.101586, 27.860716], [85.101607, 27.860717], [85.101607, 27.860699], [85.101627, 27.860699], [85.101628, 27.860681], [85.101648, 27.860681], [85.101648, 27.860699], [85.101668, 27.860699], [85.101668, 27.860717], [85.101688, 27.860718], [85.101688, 27.860736], [85.101667, 27.860736], [85.101667, 27.860754], [85.101647, 27.860753], [85.101646, 27.860771], [85.101626, 27.860771]]]}, "properties": {"layer": "stripped vegetation, day 2", "note": "cloud-free 59% of corridor only"}}, {"type": "Feature", "geometry": {"type": "Polygon", "coordinates": [[[85.102295, 27.860834], [85.102295, 27.860816], [85.102275, 27.860816], [85.102275, 27.860798], [85.102255, 27.860798], [85.102255, 27.86078], [85.102235, 27.860779], [85.102236, 27.860725], [85.102256, 27.860726], [85.102257, 27.860708], [85.102277, 27.860708], [85.102277, 27.86069], [85.102298, 27.86069], [85.102298, 27.860672], [85.102339, 27.860673], [85.102338, 27.860691], [85.102359, 27.860691], [85.102358, 27.860709], [85.102379, 27.860709], [85.102377, 27.860781], [85.102357, 27.860781], [85.102357, 27.860799], [85.102336, 27.860799], [85.102336, 27.860817], [85.102316, 27.860817], [85.102315, 27.860835], [85.102295, 27.860834]]]}, "properties": {"layer": "stripped vegetation, day 2", "note": "cloud-free 59% of corridor only"}}, {"type": "Feature", "geometry": {"type": "Polygon", "coordinates": [[[85.093545, 27.86066], [85.093545, 27.860642], [85.093525, 27.860641], [85.093525, 27.860623], [85.093505, 27.860623], [85.093505, 27.860605], [85.093526, 27.860605], [85.093526, 27.860587], [85.093546, 27.860587], [85.093547, 27.860569], [85.093567, 27.86057], [85.093567, 27.860552], [85.093628, 27.860552], [85.093628, 27.86057], [85.093648, 27.860571], [85.093648, 27.860589], [85.093668, 27.860589], [85.093668, 27.860607], [85.093648, 27.860607], [85.093647, 27.860625], [85.093627, 27.860625], [85.093627, 27.860643], [85.093566, 27.860642], [85.093565, 27.86066], [85.093545, 27.86066]]]}, "properties": {"layer": "stripped vegetation, day 2", "note": "cloud-free 59% of corridor only"}}, {"type": "Feature", "geometry": {"type": "Polygon", "coordinates": [[[85.102134, 27.860742], [85.102135, 27.860724], [85.102114, 27.860724], [85.102115, 27.860706], [85.102094, 27.860705], [85.102095, 27.860687], [85.102115, 27.860688], [85.102115, 27.860669], [85.102135, 27.86067], [85.102136, 27.860652], [85.102156, 27.860652], [85.102156, 27.86067], [85.102176, 27.86067], [85.102176, 27.860688], [85.102196, 27.860689], [85.102196, 27.860707], [85.102175, 27.860706], [85.102175, 27.860724], [85.102155, 27.860724], [85.102155, 27.860742], [85.102134, 27.860742]]]}, "properties": {"layer": "stripped vegetation, day 2", "note": "cloud-free 59% of corridor only"}}, {"type": "Feature", "geometry": {"type": "Polygon", "coordinates": [[[85.108202, 27.860988], [85.108203, 27.86097], [85.108182, 27.860969], [85.108183, 27.860951], [85.108162, 27.860951], [85.108163, 27.860933], [85.108142, 27.860933], [85.108143, 27.860897], [85.108123, 27.860896], [85.108123, 27.86086], [85.108083, 27.86086], [85.108083, 27.860842], [85.108063, 27.860841], [85.108063, 27.860823], [85.108043, 27.860823], [85.108043, 27.860805], [85.108002, 27.860805], [85.108003, 27.860786], [85.107982, 27.860786], [85.107983, 27.860768], [85.107962, 27.860768], [85.107963, 27.86075], [85.107983, 27.86075], [85.107983, 27.860732], [85.108004, 27.860732], [85.108004, 27.860714], [85.108065, 27.860715], [85.108065, 27.860733], [85.108085, 27.860733], [85.108085, 27.860751], [85.108105, 27.860752], [85.108105, 27.86077], [85.108125, 27.86077], [85.108125, 27.860788], [85.108145, 27.860788], [85.108145, 27.860806], [85.108165, 27.860807], [85.108165, 27.860825], [85.108185, 27.860825], [85.108185, 27.860843], [85.108205, 27.860843], [85.108205, 27.860861], [85.108245, 27.860862], [85.108245, 27.86088], [85.108265, 27.86088], [85.108265, 27.860898], [85.108285, 27.860899], [85.108284, 27.860935], [85.108264, 27.860934], [85.108264, 27.860953], [85.108244, 27.860952], [85.108243, 27.86097], [85.108223, 27.86097], [85.108223, 27.860988], [85.108202, 27.860988]]]}, "properties": {"layer": "stripped vegetation, day 2", "note": "cloud-free 59% of corridor only"}}, {"type": "Feature", "geometry": {"type": "Polygon", "coordinates": [[[85.102945, 27.860843], [85.102945, 27.860825], [85.102925, 27.860825], [85.102925, 27.860807], [85.102905, 27.860807], [85.102905, 27.860771], [85.102926, 27.860771], [85.102927, 27.860717], [85.102947, 27.860717], [85.102948, 27.860681], [85.102968, 27.860681], [85.102969, 27.860609], [85.10299, 27.860609], [85.10299, 27.860591], [85.10301, 27.860592], [85.10301, 27.860573], [85.103031, 27.860574], [85.10303, 27.860592], [85.103051, 27.860592], [85.10305, 27.86061], [85.103071, 27.86061], [85.10307, 27.860628], [85.103091, 27.860629], [85.10309, 27.860647], [85.103111, 27.860647], [85.10311, 27.860683], [85.10309, 27.860683], [85.103089, 27.860701], [85.103069, 27.860701], [85.103068, 27.860755], [85.103048, 27.860755], [85.103048, 27.860773], [85.103027, 27.860772], [85.103027, 27.86079], [85.103007, 27.86079], [85.103006, 27.860808], [85.102986, 27.860808], [85.102986, 27.860826], [85.102965, 27.860826], [85.102965, 27.860844], [85.102945, 27.860843]]]}, "properties": {"layer": "stripped vegetation, day 2", "note": "cloud-free 59% of corridor only"}}, {"type": "Feature", "geometry": {"type": "Polygon", "coordinates": [[[85.107758, 27.860819], [85.107759, 27.860801], [85.107738, 27.860801], [85.107739, 27.860783], [85.107718, 27.860783], [85.107719, 27.860765], [85.107739, 27.860765], [85.10774, 27.860729], [85.10776, 27.860729], [85.10776, 27.860711], [85.107781, 27.860711], [85.107781, 27.860675], [85.107802, 27.860675], [85.107802, 27.860657], [85.107822, 27.860658], [85.107822, 27.86064], [85.107843, 27.86064], [85.107843, 27.860622], [85.107863, 27.860622], [85.107864, 27.860604], [85.107884, 27.860604], [85.107884, 27.860622], [85.107904, 27.860623], [85.107904, 27.860641], [85.107924, 27.860641], [85.107923, 27.860695], [85.107903, 27.860695], [85.107902, 27.860713], [85.107882, 27.860713], [85.107882, 27.860731], [85.107862, 27.86073], [85.107861, 27.860748], [85.107841, 27.860748], [85.107841, 27.860766], [85.10782, 27.860766], [85.10782, 27.860784], [85.1078, 27.860784], [85.107799, 27.860802], [85.107779, 27.860801], [85.107779, 27.86082], [85.107758, 27.860819]]]}, "properties": {"layer": "stripped vegetation, day 2", "note": "cloud-free 59% of corridor only"}}, {"type": "Feature", "geometry": {"type": "Polygon", "coordinates": [[[85.10264, 27.860839], [85.102641, 27.860821], [85.10262, 27.860821], [85.102621, 27.860803], [85.1026, 27.860802], [85.102602, 27.86073], [85.102622, 27.860731], [85.102623, 27.86064], [85.102644, 27.860641], [85.102645, 27.86055], [85.102666, 27.860551], [85.102666, 27.860533], [85.102686, 27.860533], [85.102687, 27.860515], [85.102707, 27.860515], [85.102707, 27.860533], [85.102727, 27.860533], [85.102726, 27.860552], [85.102747, 27.860552], [85.102743, 27.860768], [85.102723, 27.860768], [85.102722, 27.860786], [85.102702, 27.860786], [85.102702, 27.860804], [85.102681, 27.860804], [85.102681, 27.860822], [85.102661, 27.860821], [85.102661, 27.860839], [85.10264, 27.860839]]]}, "properties": {"layer": "stripped vegetation, day 2", "note": "cloud-free 59% of corridor only"}}, {"type": "Feature", "geometry": {"type": "Polygon", "coordinates": [[[85.107701, 27.86062], [85.107701, 27.860602], [85.107681, 27.860602], [85.107681, 27.860584], [85.107661, 27.860583], [85.107661, 27.860565], [85.107682, 27.860565], [85.107682, 27.860529], [85.107703, 27.86053], [85.107703, 27.860512], [85.107723, 27.860512], [85.107723, 27.860494], [85.107764, 27.860494], [85.107764, 27.860512], [85.107784, 27.860513], [85.107784, 27.860531], [85.107804, 27.860531], [85.107804, 27.860549], [85.107824, 27.860549], [85.107824, 27.860567], [85.107803, 27.860567], [85.107803, 27.860585], [85.107783, 27.860585], [85.107783, 27.860603], [85.107742, 27.860602], [85.107742, 27.86062], [85.107701, 27.86062]]]}, "properties": {"layer": "stripped vegetation, day 2", "note": "cloud-free 59% of corridor only"}}, {"type": "Feature", "geometry": {"type": "Polygon", "coordinates": [[[85.091197, 27.86023], [85.091197, 27.860212], [85.091177, 27.860212], [85.091177, 27.860194], [85.091157, 27.860193], [85.091157, 27.860175], [85.091177, 27.860176], [85.091178, 27.860158], [85.091198, 27.860158], [85.091198, 27.86014], [85.091219, 27.86014], [85.091218, 27.860158], [85.091239, 27.860158], [85.091238, 27.860176], [85.091259, 27.860177], [85.091258, 27.860195], [85.091238, 27.860194], [85.091238, 27.860213], [85.091217, 27.860212], [85.091217, 27.86023], [85.091197, 27.86023]]]}, "properties": {"layer": "stripped vegetation, day 2", "note": "cloud-free 59% of corridor only"}}, {"type": "Feature", "geometry": {"type": "Polygon", "coordinates": [[[85.10411, 27.860426], [85.10411, 27.860408], [85.10409, 27.860408], [85.10409, 27.86039], [85.10407, 27.86039], [85.10407, 27.860371], [85.10405, 27.860371], [85.10405, 27.860353], [85.10407, 27.860353], [85.104071, 27.860335], [85.104091, 27.860336], [85.104091, 27.860318], [85.104112, 27.860318], [85.104111, 27.860336], [85.104132, 27.860336], [85.104131, 27.860354], [85.104152, 27.860355], [85.104151, 27.860373], [85.104172, 27.860373], [85.104171, 27.860391], [85.104151, 27.860391], [85.104151, 27.860409], [85.10413, 27.860408], [85.10413, 27.860426], [85.10411, 27.860426]]]}, "properties": {"layer": "stripped vegetation, day 2", "note": "cloud-free 59% of corridor only"}}, {"type": "Feature", "geometry": {"type": "Polygon", "coordinates": [[[85.107623, 27.86042], [85.107624, 27.860402], [85.107603, 27.860402], [85.107604, 27.860384], [85.107583, 27.860384], [85.107584, 27.860366], [85.107563, 27.860365], [85.107564, 27.860347], [85.107584, 27.860348], [85.107584, 27.860329], [85.107604, 27.86033], [85.107605, 27.860312], [85.107645, 27.860312], [85.107645, 27.86033], [85.107665, 27.860331], [85.107665, 27.860349], [85.107685, 27.860349], [85.107685, 27.860385], [85.107664, 27.860385], [85.107664, 27.860403], [85.107644, 27.860403], [85.107644, 27.860421], [85.107623, 27.86042]]]}, "properties": {"layer": "stripped vegetation, day 2", "note": "cloud-free 59% of corridor only"}}, {"type": "Feature", "geometry": {"type": "Polygon", "coordinates": [[[85.090974, 27.860191], [85.090974, 27.860173], [85.090954, 27.860172], [85.090954, 27.860154], [85.090934, 27.860154], [85.090934, 27.860136], [85.090914, 27.860136], [85.090914, 27.860118], [85.090894, 27.860118], [85.090894, 27.860099], [85.090874, 27.860099], [85.090874, 27.860081], [85.090895, 27.860081], [85.090895, 27.860063], [85.090915, 27.860064], [85.090916, 27.860046], [85.090997, 27.860047], [85.090997, 27.860065], [85.091017, 27.860065], [85.091017, 27.860083], [85.091037, 27.860083], [85.091037, 27.860101], [85.091057, 27.860102], [85.091057, 27.86012], [85.091077, 27.86012], [85.091076, 27.860156], [85.091056, 27.860156], [85.091056, 27.860174], [85.091035, 27.860174], [85.091035, 27.860192], [85.090974, 27.860191]]]}, "properties": {"layer": "stripped vegetation, day 2", "note": "cloud-free 59% of corridor only"}}, {"type": "Feature", "geometry": {"type": "Polygon", "coordinates": [[[85.091381, 27.860142], [85.091381, 27.860124], [85.091361, 27.860124], [85.091361, 27.860106], [85.091341, 27.860106], [85.091341, 27.860088], [85.091362, 27.860088], [85.091362, 27.86007], [85.091382, 27.86007], [85.091383, 27.860052], [85.091403, 27.860052], [85.091403, 27.86007], [85.091423, 27.860071], [85.091423, 27.860089], [85.091443, 27.860089], [85.091443, 27.860107], [85.091422, 27.860107], [85.091422, 27.860125], [85.091402, 27.860125], [85.091401, 27.860143], [85.091381, 27.860142]]]}, "properties": {"layer": "stripped vegetation, day 2", "note": "cloud-free 59% of corridor only"}}, {"type": "Feature", "geometry": {"type": "Polygon", "coordinates": [[[85.112193, 27.86393], [85.112193, 27.863912], [85.112173, 27.863912], [85.112173, 27.863894], [85.112153, 27.863894], [85.112153, 27.863858], [85.112174, 27.863858], [85.112174, 27.86384], [85.112194, 27.86384], [85.112195, 27.863804], [85.112175, 27.863804], [85.112175, 27.863786], [85.112155, 27.863785], [85.112155, 27.863749], [85.112074, 27.863748], [85.112074, 27.863766], [85.112053, 27.863766], [85.112054, 27.863748], [85.112033, 27.863748], [85.112034, 27.86373], [85.112013, 27.863729], [85.112014, 27.863711], [85.111993, 27.863711], [85.111994, 27.863675], [85.111974, 27.863675], [85.111974, 27.863639], [85.111954, 27.863638], [85.111954, 27.86362], [85.111934, 27.86362], [85.111934, 27.863602], [85.111914, 27.863602], [85.111914, 27.863584], [85.111894, 27.863583], [85.111894, 27.863565], [85.111874, 27.863565], [85.111874, 27.863547], [85.111854, 27.863547], [85.111854, 27.863529], [85.111834, 27.863528], [85.111834, 27.86351], [85.111814, 27.86351], [85.111815, 27.863492], [85.111794, 27.863492], [85.111795, 27.863456], [85.111775, 27.863455], [85.111775, 27.863419], [85.111755, 27.863419], [85.111755, 27.863383], [85.111735, 27.863383], [85.111736, 27.863347], [85.111715, 27.863346], [85.111716, 27.863328], [85.111695, 27.863328], [85.111696, 27.86331], [85.111675, 27.86331], [85.111676, 27.863255], [85.111636, 27.863255], [85.111636, 27.863273], [85.111595, 27.863272], [85.111595, 27.863254], [85.111575, 27.863254], [85.111575, 27.863236], [85.111555, 27.863236], [85.111555, 27.863218], [85.111535, 27.863217], [85.111535, 27.863199], [85.111515, 27.863199], [85.111515, 27.863181], [85.111495, 27.863181], [85.111496, 27.863127], [85.111476, 27.863126], [85.111476, 27.863108], [85.111456, 27.863108], [85.111456, 27.86309], [85.111436, 27.86309], [85.111436, 27.863072], [85.111416, 27.863071], [85.111417, 27.863017], [85.111396, 27.863017], [85.111397, 27.862999], [85.111376, 27.862999], [85.111377, 27.862981], [85.111356, 27.86298], [85.111357, 27.862962], [85.111336, 27.862962], [85.111337, 27.862944], [85.111316, 27.862944], [85.111317, 27.862926], [85.111296, 27.862925], [85.111297, 27.862889], [85.111277, 27.862889], [85.111277, 27.862871], [85.111257, 27.862871], [85.111257, 27.862853], [85.111237, 27.862852], [85.111237, 27.862834], [85.111217, 27.862834], [85.111217, 27.862816], [85.111176, 27.862815], [85.111177, 27.862797], [85.111156, 27.862797], [85.111157, 27.862779], [85.111136, 27.862779], [85.111137, 27.862761], [85.111116, 27.86276], [85.111117, 27.862742], [85.111076, 27.862742], [85.111076, 27.862724], [85.111056, 27.862724], [85.111056, 27.862705], [85.111036, 27.862705], [85.111036, 27.862687], [85.111016, 27.862687], [85.111016, 27.862669], [85.110996, 27.862669], [85.110996, 27.862651], [85.110976, 27.86265], [85.110976, 27.862632], [85.110956, 27.862632], [85.110956, 27.862614], [85.110936, 27.862614], [85.110936, 27.862596], [85.110916, 27.862595], [85.110916, 27.862577], [85.110896, 27.862577], [85.110896, 27.862559], [85.110917, 27.862559], [85.110917, 27.862541], [85.110937, 27.862541], [85.110938, 27.862523], [85.110877, 27.862523], [85.110877, 27.862504], [85.110857, 27.862504], [85.110857, 27.862486], [85.110837, 27.862486], [85.110837, 27.86245], [85.110858, 27.86245], [85.110858, 27.862414], [85.110838, 27.862414], [85.110838, 27.862396], [85.110737, 27.862394], [85.110737, 27.862376], [85.110717, 27.862376], [85.110717, 27.862358], [85.110697, 27.862358], [85.110697, 27.86234], [85.110677, 27.862339], [85.110677, 27.862357], [85.110656, 27.862357], [85.110656, 27.862375], [85.110636, 27.862375], [85.110636, 27.862357], [85.110616, 27.862356], [85.110616, 27.862338], [85.110596, 27.862338], [85.110596, 27.86232], [85.110576, 27.86232], [85.110576, 27.862302], [85.110556, 27.862302], [85.110556, 27.862283], [85.110536, 27.862283], [85.110536, 27.862265], [85.110516, 27.862265], [85.110516, 27.862229], [85.110476, 27.862228], [85.110476, 27.86221], [85.110456, 27.86221], [85.110456, 27.862192], [85.110436, 27.862192], [85.110436, 27.862174], [85.110416, 27.862173], [85.110416, 27.862155], [85.110396, 27.862155], [85.110396, 27.862137], [85.110376, 27.862137], [85.110377, 27.862082], [85.110356, 27.862082], [85.110356, 27.8621], [85.110336, 27.8621], [85.110336, 27.862082], [85.110316, 27.862082], [85.110316, 27.862064], [85.110296, 27.862063], [85.110296, 27.862045], [85.110276, 27.862045], [85.110276, 27.862027], [85.110256, 27.862027], [85.110256, 27.862009], [85.110236, 27.862008], [85.110236, 27.86199], [85.110196, 27.86199], [85.110196, 27.861972], [85.110155, 27.861971], [85.110156, 27.861953], [85.110135, 27.861953], [85.110136, 27.861935], [85.110095, 27.861934], [85.110095, 27.861916], [85.110075, 27.861916], [85.110075, 27.861898], [85.110055, 27.861898], [85.110055, 27.86188], [85.110035, 27.861879], [85.110035, 27.861861], [85.110015, 27.861861], [85.110015, 27.861843], [85.109995, 27.861843], [85.109995, 27.861825], [85.109955, 27.861824], [85.109955, 27.861806], [85.109935, 27.861806], [85.109935, 27.861788], [85.109915, 27.861787], [85.109915, 27.861769], [85.109895, 27.861769], [85.109895, 27.861751], [85.109875, 27.861751], [85.109875, 27.861733], [85.109855, 27.861732], [85.109855, 27.861714], [85.109814, 27.861714], [85.109815, 27.861696], [85.109794, 27.861695], [85.109795, 27.861677], [85.109754, 27.861677], [85.109754, 27.861659], [85.109734, 27.861659], [85.109734, 27.86164], [85.109694, 27.86164], [85.109694, 27.861622], [85.109674, 27.861622], [85.109674, 27.861604], [85.109654, 27.861603], [85.109654, 27.861585], [85.109573, 27.861584], [85.109573, 27.861566], [85.109512, 27.861565], [85.109513, 27.861547], [85.109492, 27.861547], [85.109493, 27.861529], [85.109472, 27.861529], [85.109472, 27.861547], [85.109431, 27.861546], [85.109432, 27.861528], [85.109391, 27.861527], [85.109391, 27.861509], [85.109331, 27.861509], [85.109331, 27.861491], [85.10929, 27.86149], [85.109291, 27.861472], [85.10927, 27.861472], [85.109271, 27.861454], [85.10925, 27.861453], [85.109251, 27.861435], [85.10923, 27.861435], [85.109231, 27.861417], [85.10919, 27.861416], [85.10919, 27.861398], [85.10915, 27.861398], [85.10915, 27.86138], [85.10913, 27.86138], [85.10913, 27.861361], [85.109089, 27.861361], [85.10909, 27.861343], [85.109049, 27.861342], [85.109049, 27.861324], [85.109029, 27.861324], [85.109029, 27.861306], [85.109009, 27.861306], [85.109009, 27.861288], [85.108949, 27.861287], [85.108949, 27.861269], [85.108908, 27.861268], [85.108909, 27.86125], [85.108868, 27.86125], [85.108868, 27.861232], [85.108828, 27.861231], [85.108828, 27.861213], [85.108787, 27.861212], [85.108788, 27.861194], [85.108747, 27.861194], [85.108747, 27.861176], [85.108707, 27.861175], [85.108707, 27.861157], [85.108687, 27.861157], [85.108687, 27.861139], [85.108667, 27.861139], [85.108667, 27.86112], [85.108626, 27.86112], [85.108627, 27.861102], [85.108586, 27.861101], [85.108587, 27.861083], [85.108566, 27.861083], [85.108567, 27.861065], [85.108546, 27.861065], [85.108547, 27.861047], [85.108526, 27.861046], [85.108527, 27.861028], [85.108506, 27.861028], [85.108507, 27.860992], [85.108466, 27.860991], [85.108467, 27.860973], [85.108426, 27.860973], [85.108426, 27.860955], [85.108406, 27.860954], [85.108406, 27.860972], [85.108365, 27.860972], [85.108365, 27.860954], [85.108345, 27.860954], [85.108345, 27.860936], [85.108325, 27.860935], [85.108326, 27.860899], [85.108305, 27.860899], [85.108306, 27.860863], [85.108286, 27.860863], [85.108286, 27.860845], [85.108266, 27.860844], [85.108266, 27.860826], [85.108286, 27.860826], [85.108287, 27.860808], [85.108307, 27.860809], [85.108307, 27.860791], [85.108328, 27.860791], [85.108328, 27.860773], [85.108308, 27.860773], [85.108308, 27.860755], [85.108288, 27.860754], [85.108289, 27.860682], [85.108269, 27.860682], [85.108269, 27.860646], [85.108249, 27.860645], [85.108249, 27.860627], [85.108229, 27.860627], [85.108229, 27.860609], [85.108209, 27.860609], [85.108209, 27.860591], [85.108189, 27.86059], [85.108189, 27.860572], [85.108169, 27.860572], [85.10817, 27.8605], [85.108109, 27.860499], [85.10811, 27.860481], [85.108089, 27.860481], [85.10809, 27.860463], [85.108069, 27.860462], [85.10807, 27.860444], [85.108049, 27.860444], [85.10805, 27.860426], [85.108029, 27.860426], [85.10803, 27.860408], [85.108009, 27.860408], [85.10801, 27.860371], [85.10803, 27.860372], [85.108031, 27.860354], [85.108051, 27.860354], [85.108051, 27.860318], [85.108072, 27.860318], [85.108072, 27.8603], [85.108092, 27.8603], [85.108093, 27.860282], [85.108113, 27.860283], [85.108113, 27.860265], [85.108134, 27.860265], [85.108134, 27.860247], [85.108195, 27.860248], [85.108195, 27.860266], [85.108215, 27.860266], [85.108215, 27.860284], [85.108235, 27.860284], [85.108235, 27.860302], [85.108255, 27.860303], [85.108255, 27.860321], [85.108275, 27.860321], [85.108275, 27.860339], [85.108295, 27.860339], [85.108294, 27.860375], [85.108274, 27.860375], [85.108273, 27.860411], [85.108294, 27.860411], [85.108294, 27.860393], [85.108355, 27.860394], [85.108354, 27.860412], [85.108375, 27.860413], [85.108374, 27.860431], [85.108395, 27.860431], [85.108394, 27.860449], [85.108415, 27.860449], [85.108414, 27.860485], [85.108455, 27.860486], [85.108455, 27.860468], [85.108475, 27.860468], [85.108476, 27.86045], [85.108496, 27.86045], [85.108496, 27.860468], [85.108516, 27.860469], [85.108516, 27.860487], [85.108536, 27.860487], [85.108536, 27.860505], [85.108515, 27.860505], [85.108514, 27.860577], [85.108534, 27.860577], [85.108534, 27.860595], [85.108554, 27.860595], [85.108554, 27.860614], [85.108574, 27.860614], [85.108574, 27.860632], [85.108594, 27.860632], [85.108594, 27.86065], [85.108614, 27.86065], [85.108614, 27.860669], [85.108634, 27.860669], [85.108634, 27.860687], [85.108654, 27.860687], [85.108654, 27.860705], [85.108674, 27.860705], [85.108674, 27.860742], [85.108714, 27.860742], [85.108714, 27.86076], [85.108734, 27.86076], [85.108734, 27.860778], [85.108754, 27.860779], [85.108754, 27.860797], [85.108774, 27.860797], [85.108774, 27.860815], [85.108794, 27.860815], [85.108794, 27.860833], [85.108814, 27.860834], [85.108814, 27.860852], [85.108834, 27.860852], [85.108834, 27.86087], [85.108854, 27.86087], [85.108854, 27.860888], [85.108874, 27.860889], [85.108874, 27.860907], [85.108915, 27.860907], [85.108914, 27.860925], [85.108955, 27.860926], [85.108954, 27.860944], [85.109015, 27.860945], [85.109016, 27.860927], [85.109036, 27.860927], [85.109036, 27.860909], [85.109057, 27.860909], [85.109056, 27.860927], [85.109077, 27.860928], [85.109076, 27.860946], [85.109097, 27.860946], [85.109097, 27.860928], [85.109117, 27.860928], [85.109118, 27.86091], [85.109178, 27.860911], [85.109178, 27.860929], [85.109198, 27.860929], [85.109198, 27.860947], [85.109218, 27.860948], [85.109218, 27.861002], [85.109197, 27.861001], [85.109197, 27.861019], [85.109177, 27.861019], [85.109176, 27.861055], [85.109196, 27.861056], [85.109196, 27.861074], [85.109216, 27.861074], [85.109216, 27.861092], [85.109236, 27.861092], [85.109236, 27.86111], [85.109256, 27.861111], [85.109256, 27.861129], [85.109337, 27.86113], [85.109337, 27.861148], [85.109357, 27.861148], [85.109357, 27.861166], [85.109377, 27.861166], [85.109377, 27.861184], [85.109397, 27.861185], [85.109397, 27.861203], [85.109458, 27.861204], [85.109458, 27.861185], [85.109499, 27.861186], [85.109498, 27.861204], [85.109519, 27.861204], [85.109518, 27.861222], [85.109539, 27.861223], [85.109538, 27.861259], [85.109558, 27.861259], [85.109558, 27.861277], [85.109578, 27.861277], [85.109578, 27.861295], [85.109598, 27.861296], [85.109598, 27.861314], [85.109639, 27.861314], [85.109638, 27.861332], [85.109659, 27.861333], [85.109658, 27.861351], [85.109679, 27.861351], [85.109678, 27.861369], [85.109719, 27.86137], [85.109719, 27.861388], [85.109739, 27.861388], [85.109739, 27.861406], [85.109759, 27.861406], [85.109759, 27.861424], [85.109779, 27.861425], [85.109779, 27.861406], [85.10982, 27.861407], [85.10982, 27.861389], [85.109901, 27.86139], [85.109902, 27.861372], [85.109922, 27.861372], [85.109922, 27.861354], [85.109943, 27.861355], [85.109943, 27.861337], [85.109963, 27.861337], [85.109963, 27.861355], [85.109983, 27.861355], [85.109983, 27.861373], [85.110003, 27.861373], [85.110003, 27.861391], [85.110023, 27.861392], [85.110023, 27.86141], [85.110043, 27.86141], [85.110043, 27.861428], [85.110063, 27.861428], [85.110062, 27.861464], [85.110083, 27.861465], [85.110083, 27.861447], [85.110144, 27.861448], [85.110144, 27.861466], [85.110164, 27.861466], [85.110164, 27.861484], [85.110204, 27.861484], [85.110204, 27.861503], [85.110224, 27.861503], [85.110224, 27.861521], [85.110244, 27.861521], [85.110244, 27.861539], [85.110264, 27.861539], [85.110264, 27.861558], [85.110284, 27.861558], [85.110285, 27.86154], [85.110305, 27.86154], [85.110305, 27.861522], [85.110325, 27.861522], [85.110325, 27.86154], [85.110345, 27.861541], [85.110345, 27.861559], [85.110365, 27.861559], [85.110365, 27.861577], [85.110385, 27.861577], [85.110385, 27.861595], [85.110365, 27.861595], [85.110365, 27.861613], [85.110344, 27.861613], [85.110344, 27.861631], [85.110324, 27.861631], [85.110324, 27.861612], [85.110304, 27.861612], [85.110304, 27.861594], [85.110284, 27.861594], [85.110284, 27.861576], [85.110264, 27.861576], [85.110263, 27.861594], [85.110243, 27.861593], [85.110242, 27.861629], [85.110263, 27.86163], [85.110262, 27.861648], [85.110283, 27.861648], [85.110282, 27.861666], [85.110303, 27.861666], [85.110302, 27.861684], [85.110323, 27.861685], [85.110322, 27.861703], [85.110383, 27.861704], [85.110384, 27.861685], [85.110404, 27.861686], [85.110404, 27.861668], [85.110424, 27.861668], [85.110424, 27.861686], [85.110444, 27.861686], [85.110444, 27.861704], [85.110464, 27.861705], [85.110463, 27.861795], [85.110483, 27.861795], [85.110483, 27.861831], [85.110462, 27.861831], [85.110462, 27.861849], [85.110442, 27.861849], [85.110441, 27.861867], [85.110421, 27.861866], [85.110421, 27.861848], [85.110401, 27.861848], [85.110401, 27.86183], [85.110361, 27.86183], [85.11036, 27.861848], [85.11032, 27.861847], [85.11032, 27.861829], [85.1103, 27.861829], [85.1103, 27.861847], [85.110279, 27.861847], [85.11028, 27.861828], [85.110259, 27.861828], [85.11026, 27.86181], [85.110239, 27.86181], [85.11024, 27.861792], [85.110219, 27.861792], [85.11022, 27.861773], [85.110199, 27.861773], [85.110199, 27.861791], [85.110179, 27.861791], [85.110178, 27.861827], [85.110198, 27.861827], [85.110198, 27.861845], [85.110218, 27.861846], [85.110218, 27.861864], [85.110238, 27.861864], [85.110238, 27.8619], [85.110319, 27.861901], [85.110319, 27.861919], [85.110339, 27.86192], [85.110339, 27.861901], [85.11042, 27.861903], [85.11042, 27.861921], [85.110481, 27.861921], [85.110481, 27.86194], [85.110501, 27.86194], [85.110501, 27.861958], [85.110521, 27.861958], [85.110521, 27.86194], [85.110542, 27.86194], [85.110541, 27.861958], [85.110562, 27.861959], [85.110561, 27.861977], [85.110582, 27.861977], [85.110581, 27.861995], [85.110602, 27.861995], [85.110601, 27.862031], [85.110642, 27.862032], [85.110641, 27.86205], [85.110662, 27.86205], [85.110661, 27.862068], [85.110682, 27.862069], [85.110681, 27.862087], [85.110722, 27.862087], [85.110722, 27.862105], [85.110742, 27.862106], [85.110742, 27.862124], [85.110762, 27.862124], [85.110762, 27.862142], [85.110782, 27.862142], [85.110782, 27.86216], [85.110802, 27.862161], [85.110801, 27.862197], [85.110821, 27.862197], [85.110821, 27.862251], [85.110902, 27.862252], [85.110901, 27.86227], [85.110922, 27.86227], [85.110921, 27.862288], [85.110942, 27.862289], [85.110941, 27.862307], [85.110962, 27.862307], [85.110961, 27.862325], [85.110982, 27.862325], [85.110981, 27.862343], [85.111002, 27.862344], [85.111001, 27.862362], [85.111042, 27.862362], [85.111042, 27.86238], [85.111062, 27.862381], [85.111062, 27.862399], [85.111082, 27.862399], [85.111082, 27.862417], [85.111102, 27.862417], [85.111102, 27.862435], [85.111122, 27.862436], [85.111121, 27.862472], [85.111142, 27.862472], [85.111141, 27.86249], [85.111162, 27.86249], [85.111161, 27.862508], [85.111222, 27.862509], [85.111222, 27.862527], [85.111242, 27.862528], [85.111242, 27.862546], [85.111262, 27.862546], [85.111262, 27.862564], [85.111282, 27.862564], [85.111282, 27.8626], [85.111302, 27.862601], [85.111302, 27.862619], [85.111322, 27.862619], [85.111322, 27.862637], [85.111342, 27.862637], [85.111341, 27.862673], [85.111362, 27.862674], [85.111361, 27.862692], [85.111382, 27.862692], [85.111381, 27.86271], [85.111402, 27.86271], [85.111401, 27.862728], [85.111422, 27.862729], [85.111421, 27.862747], [85.111442, 27.862747], [85.111441, 27.862765], [85.111462, 27.862765], [85.111461, 27.862783], [85.111482, 27.862783], [85.111481, 27.862802], [85.111502, 27.862802], [85.111501, 27.86282], [85.111562, 27.862821], [85.111562, 27.862839], [85.111582, 27.862839], [85.111582, 27.862857], [85.111602, 27.862857], [85.111601, 27.862893], [85.111581, 27.862893], [85.111581, 27.862911], [85.111601, 27.862911], [85.111601, 27.862948], [85.111621, 27.862948], [85.111621, 27.862966], [85.111641, 27.862966], [85.111641, 27.862948], [85.111661, 27.862948], [85.111661, 27.862966], [85.111681, 27.862967], [85.111681, 27.862985], [85.111701, 27.862985], [85.111701, 27.863021], [85.111681, 27.863021], [85.11168, 27.863039], [85.11166, 27.863039], [85.111659, 27.863093], [85.111679, 27.863093], [85.111679, 27.863111], [85.11172, 27.863112], [85.11172, 27.863094], [85.1117, 27.863093], [85.1117, 27.863039], [85.111721, 27.863039], [85.111721, 27.863021], [85.111741, 27.863022], [85.111742, 27.863004], [85.111762, 27.863004], [85.111762, 27.863022], [85.111782, 27.863022], [85.111782, 27.86304], [85.111802, 27.863041], [85.111801, 27.863095], [85.111781, 27.863094], [85.11178, 27.863112], [85.11176, 27.863112], [85.11176, 27.86313], [85.11178, 27.863131], [85.11178, 27.863167], [85.1118, 27.863167], [85.1118, 27.863149], [85.111841, 27.863149], [85.11184, 27.863167], [85.111861, 27.863168], [85.11186, 27.863186], [85.111881, 27.863186], [85.111879, 27.863276], [85.111981, 27.863278], [85.11198, 27.863296], [85.112001, 27.863296], [85.112, 27.863314], [85.112021, 27.863314], [85.11202, 27.863332], [85.112041, 27.863333], [85.11204, 27.863369], [85.11202, 27.863368], [85.112019, 27.863423], [85.111998, 27.863422], [85.111997, 27.863494], [85.112018, 27.863495], [85.112017, 27.863513], [85.112038, 27.863513], [85.112037, 27.863567], [85.112057, 27.863567], [85.112056, 27.863604], [85.112097, 27.863604], [85.112097, 27.863622], [85.112157, 27.863623], [85.112158, 27.863605], [85.112178, 27.863605], [85.112178, 27.863623], [85.112198, 27.863624], [85.112198, 27.863642], [85.112218, 27.863642], [85.112217, 27.863696], [85.112237, 27.863696], [85.112237, 27.863714], [85.112257, 27.863715], [85.112257, 27.863733], [85.112277, 27.863733], [85.112277, 27.863769], [85.112297, 27.863769], [85.112297, 27.863787], [85.112317, 27.863788], [85.112316, 27.86386], [85.112296, 27.86386], [85.112295, 27.863878], [85.112275, 27.863877], [85.112275, 27.863895], [85.112254, 27.863895], [85.112254, 27.863913], [85.112234, 27.863913], [85.112233, 27.863931], [85.112193, 27.86393]], [[85.109493, 27.861493], [85.109514, 27.861493], [85.109514, 27.861475], [85.109534, 27.861475], [85.109535, 27.861457], [85.109555, 27.861458], [85.109555, 27.861421], [85.109515, 27.861421], [85.109515, 27.861403], [85.109454, 27.861402], [85.109453, 27.861456], [85.109474, 27.861456], [85.109473, 27.861474], [85.109494, 27.861475], [85.109493, 27.861493]]]}, "properties": {"layer": "stripped vegetation, day 2", "note": "cloud-free 59% of corridor only"}}, {"type": "Feature", "geometry": {"type": "Polygon", "coordinates": [[[85.091504, 27.860108], [85.091504, 27.86009], [85.091484, 27.86009], [85.091484, 27.860072], [85.091464, 27.860071], [85.091464, 27.860053], [85.091484, 27.860053], [85.091484, 27.860035], [85.091505, 27.860036], [85.091505, 27.860018], [85.091525, 27.860018], [85.091526, 27.86], [85.091587, 27.860001], [85.091586, 27.860019], [85.091607, 27.860019], [85.091606, 27.860037], [85.091627, 27.860037], [85.091626, 27.860073], [85.091606, 27.860073], [85.091605, 27.860091], [85.091585, 27.860091], [85.091585, 27.860109], [85.091504, 27.860108]]]}, "properties": {"layer": "stripped vegetation, day 2", "note": "cloud-free 59% of corridor only"}}, {"type": "Feature", "geometry": {"type": "Polygon", "coordinates": [[[85.10921, 27.860244], [85.109211, 27.860225], [85.10919, 27.860225], [85.109191, 27.860207], [85.10917, 27.860207], [85.109171, 27.860189], [85.109191, 27.860189], [85.109191, 27.860171], [85.109212, 27.860171], [85.109212, 27.860153], [85.109232, 27.860154], [85.109232, 27.860172], [85.109252, 27.860172], [85.109252, 27.86019], [85.109272, 27.86019], [85.109272, 27.860208], [85.109252, 27.860208], [85.109251, 27.860226], [85.109231, 27.860226], [85.109231, 27.860244], [85.10921, 27.860244]]]}, "properties": {"layer": "stripped vegetation, day 2", "note": "cloud-free 59% of corridor only"}}, {"type": "Feature", "geometry": {"type": "Polygon", "coordinates": [[[85.108216, 27.860176], [85.108217, 27.860158], [85.108196, 27.860157], [85.108197, 27.860139], [85.108176, 27.860139], [85.108177, 27.860121], [85.108197, 27.860121], [85.108197, 27.860103], [85.108218, 27.860104], [85.108218, 27.860086], [85.108238, 27.860086], [85.108238, 27.860104], [85.108258, 27.860104], [85.108258, 27.860122], [85.108278, 27.860122], [85.108278, 27.86014], [85.108258, 27.86014], [85.108257, 27.860158], [85.108237, 27.860158], [85.108237, 27.860176], [85.108216, 27.860176]]]}, "properties": {"layer": "stripped vegetation, day 2", "note": "cloud-free 59% of corridor only"}}, {"type": "Feature", "geometry": {"type": "Polygon", "coordinates": [[[85.107484, 27.860256], [85.107484, 27.860238], [85.107464, 27.860238], [85.107464, 27.86022], [85.107444, 27.860219], [85.107445, 27.860183], [85.107424, 27.860183], [85.107425, 27.860165], [85.107404, 27.860165], [85.107405, 27.860128], [85.107385, 27.860128], [85.107385, 27.86011], [85.107365, 27.86011], [85.107365, 27.860092], [85.107345, 27.860092], [85.107345, 27.860074], [85.107365, 27.860074], [85.107366, 27.860056], [85.107386, 27.860056], [85.107386, 27.860038], [85.107406, 27.860038], [85.107406, 27.860056], [85.107426, 27.860057], [85.107426, 27.860075], [85.107446, 27.860075], [85.107446, 27.860093], [85.107466, 27.860093], [85.107466, 27.860111], [85.107486, 27.860112], [85.107486, 27.86013], [85.107506, 27.86013], [85.107506, 27.860148], [85.107526, 27.860148], [85.107526, 27.860166], [85.107506, 27.860166], [85.107505, 27.860184], [85.107526, 27.860184], [85.107525, 27.860202], [85.107546, 27.860203], [85.107545, 27.860221], [85.107525, 27.86022], [85.107525, 27.860238], [85.107505, 27.860238], [85.107504, 27.860256], [85.107484, 27.860256]]]}, "properties": {"layer": "stripped vegetation, day 2", "note": "cloud-free 59% of corridor only"}}, {"type": "Feature", "geometry": {"type": "Polygon", "coordinates": [[[85.099976, 27.859918], [85.099976, 27.8599], [85.099956, 27.8599], [85.099956, 27.859882], [85.099936, 27.859881], [85.099936, 27.859863], [85.099956, 27.859864], [85.099957, 27.859846], [85.099977, 27.859846], [85.099977, 27.859828], [85.099997, 27.859828], [85.099997, 27.859846], [85.100017, 27.859846], [85.100017, 27.859864], [85.100037, 27.859865], [85.100037, 27.859883], [85.100017, 27.859883], [85.100016, 27.859901], [85.099996, 27.8599], [85.099996, 27.859918], [85.099976, 27.859918]]]}, "properties": {"layer": "stripped vegetation, day 2", "note": "cloud-free 59% of corridor only"}}, {"type": "Feature", "geometry": {"type": "Polygon", "coordinates": [[[85.098026, 27.859891], [85.098027, 27.859873], [85.098006, 27.859873], [85.098007, 27.859855], [85.097986, 27.859855], [85.097987, 27.859836], [85.098007, 27.859837], [85.098007, 27.859819], [85.098028, 27.859819], [85.098028, 27.859801], [85.098048, 27.859801], [85.098048, 27.859819], [85.098068, 27.85982], [85.098069, 27.859802], [85.098089, 27.859802], [85.098089, 27.859784], [85.098109, 27.859784], [85.098109, 27.859802], [85.098129, 27.859802], [85.098129, 27.85982], [85.098149, 27.859821], [85.098149, 27.859839], [85.098129, 27.859838], [85.098129, 27.859856], [85.098108, 27.859856], [85.098108, 27.859874], [85.098088, 27.859874], [85.098088, 27.859856], [85.098068, 27.859856], [85.098067, 27.859874], [85.098047, 27.859873], [85.098047, 27.859891], [85.098026, 27.859891]]]}, "properties": {"layer": "stripped vegetation, day 2", "note": "cloud-free 59% of corridor only"}}, {"type": "Feature", "geometry": {"type": "Polygon", "coordinates": [[[85.104422, 27.859997], [85.104422, 27.859979], [85.104361, 27.859978], [85.104361, 27.85996], [85.104341, 27.85996], [85.104342, 27.859942], [85.104321, 27.859942], [85.104322, 27.859924], [85.104342, 27.859924], [85.104342, 27.859906], [85.104362, 27.859906], [85.104363, 27.859888], [85.104444, 27.859889], [85.104444, 27.859871], [85.104465, 27.859872], [85.104464, 27.85989], [85.104485, 27.85989], [85.104484, 27.859908], [85.104505, 27.859908], [85.104504, 27.859962], [85.104483, 27.859962], [85.104483, 27.85998], [85.104463, 27.85998], [85.104462, 27.859998], [85.104422, 27.859997]]]}, "properties": {"layer": "stripped vegetation, day 2", "note": "cloud-free 59% of corridor only"}}, {"type": "Feature", "geometry": {"type": "Polygon", "coordinates": [[[85.093749, 27.860626], [85.093749, 27.860608], [85.093729, 27.860608], [85.093729, 27.86059], [85.093709, 27.86059], [85.093709, 27.860572], [85.093689, 27.860571], [85.093689, 27.860553], [85.093669, 27.860553], [85.093669, 27.860517], [85.093649, 27.860517], [85.093649, 27.860499], [85.093528, 27.860497], [85.093528, 27.860479], [85.093508, 27.860479], [85.093508, 27.860461], [85.093488, 27.86046], [85.093488, 27.860442], [85.093407, 27.860441], [85.093407, 27.860423], [85.093387, 27.860423], [85.093387, 27.860405], [85.093367, 27.860404], [85.093367, 27.860386], [85.093347, 27.860386], [85.093346, 27.860404], [85.093326, 27.860404], [85.093326, 27.860422], [85.093306, 27.860422], [85.093306, 27.860404], [85.093225, 27.860402], [85.093224, 27.86042], [85.093204, 27.86042], [85.093204, 27.860402], [85.093184, 27.860402], [85.093184, 27.860384], [85.093062, 27.860382], [85.093062, 27.8604], [85.093001, 27.860399], [85.093002, 27.860381], [85.092981, 27.860381], [85.092982, 27.860363], [85.092961, 27.860363], [85.092962, 27.860327], [85.092942, 27.860326], [85.092942, 27.860308], [85.092922, 27.860308], [85.092922, 27.86029], [85.092902, 27.86029], [85.092901, 27.860308], [85.092881, 27.860307], [85.092881, 27.860325], [85.09286, 27.860325], [85.092859, 27.860379], [85.092839, 27.860379], [85.092839, 27.860397], [85.092819, 27.860397], [85.092818, 27.860415], [85.092778, 27.860414], [85.092778, 27.860396], [85.092758, 27.860396], [85.092758, 27.860378], [85.092738, 27.860378], [85.092738, 27.86036], [85.092718, 27.860359], [85.092718, 27.860341], [85.092698, 27.860341], [85.092698, 27.860323], [85.092678, 27.860323], [85.092678, 27.860305], [85.092637, 27.860304], [85.092637, 27.860322], [85.092617, 27.860322], [85.092616, 27.86034], [85.092596, 27.86034], [85.092596, 27.860358], [85.092576, 27.860357], [85.092576, 27.860339], [85.092515, 27.860338], [85.092515, 27.860357], [85.092454, 27.860356], [85.092453, 27.860374], [85.092413, 27.860373], [85.092413, 27.860355], [85.092393, 27.860355], [85.092393, 27.860337], [85.092373, 27.860337], [85.092374, 27.860282], [85.092394, 27.860283], [85.092395, 27.860247], [85.092334, 27.860246], [85.092334, 27.860228], [85.092293, 27.860227], [85.092293, 27.860245], [85.092273, 27.860245], [85.092273, 27.860263], [85.092252, 27.860263], [85.092253, 27.860245], [85.092232, 27.860244], [85.092233, 27.860226], [85.092212, 27.860226], [85.092212, 27.860244], [85.092192, 27.860244], [85.092191, 27.86028], [85.092171, 27.86028], [85.09217, 27.860298], [85.09215, 27.860297], [85.09215, 27.860315], [85.092129, 27.860315], [85.09213, 27.860297], [85.092109, 27.860297], [85.09211, 27.860279], [85.092089, 27.860278], [85.09209, 27.860242], [85.09211, 27.860243], [85.092111, 27.860225], [85.092131, 27.860225], [85.092132, 27.860189], [85.092152, 27.860189], [85.092152, 27.860171], [85.092173, 27.860171], [85.092173, 27.860153], [85.092193, 27.860154], [85.092194, 27.860135], [85.092214, 27.860136], [85.092214, 27.860118], [85.092255, 27.860118], [85.092254, 27.860136], [85.092336, 27.860137], [85.092336, 27.860119], [85.092356, 27.86012], [85.092357, 27.860102], [85.092418, 27.860102], [85.092417, 27.860121], [85.092458, 27.860121], [85.092458, 27.860103], [85.09258, 27.860105], [85.09258, 27.860123], [85.092641, 27.860124], [85.092641, 27.860106], [85.092661, 27.860106], [85.092661, 27.860088], [85.092682, 27.860088], [85.092681, 27.860106], [85.092803, 27.860108], [85.092804, 27.86009], [85.092925, 27.860091], [85.092926, 27.860073], [85.092966, 27.860074], [85.092967, 27.860056], [85.093007, 27.860056], [85.093007, 27.860075], [85.093027, 27.860075], [85.093027, 27.860093], [85.093047, 27.860093], [85.093048, 27.860075], [85.093108, 27.860076], [85.093109, 27.860058], [85.093129, 27.860058], [85.093129, 27.86004], [85.09315, 27.86004], [85.09315, 27.860022], [85.09317, 27.860023], [85.093171, 27.860005], [85.093191, 27.860005], [85.093191, 27.860023], [85.093252, 27.860024], [85.093252, 27.860006], [85.093272, 27.860006], [85.093272, 27.859988], [85.093333, 27.859989], [85.093333, 27.860007], [85.093353, 27.860007], [85.093353, 27.860025], [85.093373, 27.860025], [85.093373, 27.860044], [85.093353, 27.860043], [85.093352, 27.860061], [85.093515, 27.860064], [85.093515, 27.860045], [85.093698, 27.860048], [85.093698, 27.86003], [85.093759, 27.860031], [85.093759, 27.860013], [85.09378, 27.860013], [85.093779, 27.860031], [85.093881, 27.860032], [85.093881, 27.860014], [85.094023, 27.860016], [85.094024, 27.859998], [85.094186, 27.860001], [85.094186, 27.860019], [85.094226, 27.860019], [85.094227, 27.860001], [85.094308, 27.860002], [85.094308, 27.859984], [85.094329, 27.859985], [85.094328, 27.860003], [85.09445, 27.860004], [85.09445, 27.859986], [85.094613, 27.859988], [85.094613, 27.85997], [85.094674, 27.859971], [85.094674, 27.859989], [85.094735, 27.85999], [85.094735, 27.859972], [85.094938, 27.859975], [85.094938, 27.859957], [85.094979, 27.859957], [85.094979, 27.859975], [85.095019, 27.859976], [85.09502, 27.859958], [85.095101, 27.859959], [85.0951, 27.859977], [85.095121, 27.859977], [85.095121, 27.859959], [85.095304, 27.859962], [85.095304, 27.859944], [85.095467, 27.859946], [85.095467, 27.859928], [85.095487, 27.859928], [85.095487, 27.85991], [85.095508, 27.859911], [85.095507, 27.859929], [85.09567, 27.859931], [85.09567, 27.859913], [85.095731, 27.859914], [85.095731, 27.859896], [85.095792, 27.859896], [85.095792, 27.859914], [85.095853, 27.859915], [85.095853, 27.859933], [85.095974, 27.859935], [85.095975, 27.859917], [85.096015, 27.859918], [85.096016, 27.8599], [85.096056, 27.8599], [85.096056, 27.859918], [85.096076, 27.859918], [85.096076, 27.859936], [85.096117, 27.859937], [85.096117, 27.859919], [85.096157, 27.85992], [85.096158, 27.859901], [85.096178, 27.859902], [85.096178, 27.859884], [85.09628, 27.859885], [85.09628, 27.859903], [85.096462, 27.859906], [85.096463, 27.859888], [85.096524, 27.859888], [85.096524, 27.85987], [85.096605, 27.859872], [85.096605, 27.859854], [85.096626, 27.859854], [85.096626, 27.859836], [85.096667, 27.859836], [85.096666, 27.859854], [85.096808, 27.859856], [85.096809, 27.859838], [85.096829, 27.859839], [85.096829, 27.859821], [85.096951, 27.859822], [85.096952, 27.859804], [85.097134, 27.859807], [85.097135, 27.859789], [85.097155, 27.859789], [85.097155, 27.859771], [85.097297, 27.859773], [85.097298, 27.859755], [85.097379, 27.859756], [85.097379, 27.859738], [85.09742, 27.859738], [85.09742, 27.85972], [85.097481, 27.859721], [85.097481, 27.859703], [85.097684, 27.859706], [85.097684, 27.859724], [85.097704, 27.859724], [85.097704, 27.859742], [85.097724, 27.859743], [85.097724, 27.859761], [85.097744, 27.859761], [85.097744, 27.859779], [85.097724, 27.859779], [85.097723, 27.859797], [85.097703, 27.859796], [85.097703, 27.859815], [85.097662, 27.859814], [85.097662, 27.859832], [85.097682, 27.859832], [85.097681, 27.859886], [85.097661, 27.859886], [85.097661, 27.859904], [85.09764, 27.859904], [85.09764, 27.859922], [85.097599, 27.859921], [85.097599, 27.859939], [85.097579, 27.859939], [85.097578, 27.859957], [85.097558, 27.859957], [85.097558, 27.859975], [85.097497, 27.859974], [85.097497, 27.859956], [85.097477, 27.859956], [85.097477, 27.859974], [85.097416, 27.859973], [85.097415, 27.859991], [85.097354, 27.85999], [85.097354, 27.860008], [85.097334, 27.860008], [85.097334, 27.860026], [85.097212, 27.860024], [85.097211, 27.860042], [85.097049, 27.86004], [85.097049, 27.860058], [85.097028, 27.860058], [85.097028, 27.860076], [85.097008, 27.860076], [85.097007, 27.860094], [85.096987, 27.860093], [85.096987, 27.860111], [85.096946, 27.860111], [85.096946, 27.860129], [85.096905, 27.860128], [85.096905, 27.860146], [85.096864, 27.860146], [85.096864, 27.860164], [85.096823, 27.860163], [85.096823, 27.860181], [85.096661, 27.860179], [85.09666, 27.860197], [85.09662, 27.860197], [85.096619, 27.860215], [85.096559, 27.860214], [85.096559, 27.860196], [85.096498, 27.860195], [85.096498, 27.860213], [85.096457, 27.860212], [85.096457, 27.860194], [85.096437, 27.860194], [85.096437, 27.860176], [85.096397, 27.860176], [85.096397, 27.860157], [85.096356, 27.860157], [85.096356, 27.860175], [85.096336, 27.860175], [85.096336, 27.860193], [85.096315, 27.860192], [85.096315, 27.86021], [85.096295, 27.86021], [85.096295, 27.860192], [85.096254, 27.860192], [85.096255, 27.860174], [85.096153, 27.860172], [85.096153, 27.86019], [85.096051, 27.860189], [85.096052, 27.860171], [85.096031, 27.86017], [85.096032, 27.860152], [85.096011, 27.860152], [85.096012, 27.860134], [85.095991, 27.860134], [85.095991, 27.860152], [85.095971, 27.860152], [85.09597, 27.86017], [85.09593, 27.860169], [85.095929, 27.860187], [85.095869, 27.860186], [85.095869, 27.860168], [85.095808, 27.860167], [85.095808, 27.860185], [85.095787, 27.860185], [85.095787, 27.860203], [85.095746, 27.860203], [85.095746, 27.860221], [85.095705, 27.86022], [85.095706, 27.860202], [85.095685, 27.860202], [85.095685, 27.86022], [85.095665, 27.86022], [85.095665, 27.860238], [85.095644, 27.860237], [85.095644, 27.860255], [85.095522, 27.860254], [85.095522, 27.860272], [85.095501, 27.860271], [85.095501, 27.86029], [85.095481, 27.860289], [85.095481, 27.860307], [85.09544, 27.860307], [85.09544, 27.860289], [85.095379, 27.860288], [85.095379, 27.860324], [85.095358, 27.860324], [85.095358, 27.860342], [85.095338, 27.860341], [85.095337, 27.860359], [85.095195, 27.860357], [85.095195, 27.860376], [85.095114, 27.860374], [85.095113, 27.860392], [85.095093, 27.860392], [85.095093, 27.86041], [85.095052, 27.86041], [85.095052, 27.860428], [85.09491, 27.860426], [85.09491, 27.860444], [85.094788, 27.860442], [85.094788, 27.860424], [85.094768, 27.860424], [85.094768, 27.860406], [85.094748, 27.860405], [85.094748, 27.860387], [85.094707, 27.860387], [85.094706, 27.860441], [85.094686, 27.860441], [85.094686, 27.860459], [85.094666, 27.860458], [85.094665, 27.860476], [85.094645, 27.860476], [85.094645, 27.860494], [85.094624, 27.860494], [85.094624, 27.860512], [85.094583, 27.860511], [85.094583, 27.86053], [85.094522, 27.860529], [85.094522, 27.860511], [85.094482, 27.86051], [85.094482, 27.860528], [85.094461, 27.860528], [85.094461, 27.860546], [85.094441, 27.860546], [85.094441, 27.860528], [85.094421, 27.860527], [85.09442, 27.860545], [85.094359, 27.860544], [85.094359, 27.860563], [85.094237, 27.860561], [85.094237, 27.860579], [85.094176, 27.860578], [85.094176, 27.860596], [85.094054, 27.860594], [85.094054, 27.860612], [85.094013, 27.860612], [85.094013, 27.860594], [85.093973, 27.860593], [85.093972, 27.860611], [85.093851, 27.86061], [85.09385, 27.860628], [85.093749, 27.860626]]]}, "properties": {"layer": "stripped vegetation, day 2", "note": "cloud-free 59% of corridor only"}}, {"type": "Feature", "geometry": {"type": "Polygon", "coordinates": [[[85.098251, 27.85984], [85.098251, 27.859822], [85.098231, 27.859822], [85.098231, 27.859804], [85.098211, 27.859803], [85.098211, 27.859785], [85.098191, 27.859785], [85.098191, 27.859767], [85.098171, 27.859767], [85.098171, 27.859749], [85.098191, 27.859749], [85.098192, 27.859731], [85.098212, 27.859731], [85.098212, 27.859713], [85.098253, 27.859714], [85.098253, 27.859732], [85.098293, 27.859732], [85.098293, 27.85975], [85.098313, 27.859751], [85.098313, 27.859769], [85.098333, 27.859769], [85.098333, 27.859805], [85.098312, 27.859805], [85.098312, 27.859823], [85.098292, 27.859823], [85.098291, 27.859841], [85.098251, 27.85984]]]}, "properties": {"layer": "stripped vegetation, day 2", "note": "cloud-free 59% of corridor only"}}, {"type": "Feature", "geometry": {"type": "Polygon", "coordinates": [[[85.101279, 27.859701], [85.101279, 27.859683], [85.101259, 27.859683], [85.101259, 27.859665], [85.101239, 27.859665], [85.101239, 27.859647], [85.10126, 27.859647], [85.10126, 27.859629], [85.10128, 27.859629], [85.101281, 27.859611], [85.101342, 27.859612], [85.101342, 27.859594], [85.101362, 27.859594], [85.101362, 27.859612], [85.101382, 27.859613], [85.101382, 27.859631], [85.101402, 27.859631], [85.101402, 27.859649], [85.101382, 27.859649], [85.101381, 27.859667], [85.101361, 27.859666], [85.101361, 27.859684], [85.10132, 27.859684], [85.10132, 27.859702], [85.101279, 27.859701]]]}, "properties": {"layer": "stripped vegetation, day 2", "note": "cloud-free 59% of corridor only"}}, {"type": "Feature", "geometry": {"type": "Polygon", "coordinates": [[[85.091332, 27.859456], [85.091332, 27.859438], [85.091312, 27.859437], [85.091312, 27.859419], [85.091292, 27.859419], [85.091293, 27.859401], [85.091272, 27.859401], [85.091273, 27.859383], [85.091252, 27.859382], [85.091253, 27.859364], [85.091232, 27.859364], [85.091233, 27.859346], [85.091253, 27.859346], [85.091253, 27.859328], [85.091273, 27.859329], [85.091274, 27.859311], [85.091294, 27.859311], [85.091294, 27.859293], [85.091335, 27.859293], [85.091335, 27.859311], [85.091355, 27.859312], [85.091355, 27.85933], [85.091375, 27.85933], [85.091375, 27.859348], [85.091395, 27.859348], [85.091394, 27.85942], [85.091373, 27.85942], [85.091373, 27.859438], [85.091353, 27.859438], [85.091352, 27.859456], [85.091332, 27.859456]]]}, "properties": {"layer": "stripped vegetation, day 2", "note": "cloud-free 59% of corridor only"}}, {"type": "Feature", "geometry": {"type": "Polygon", "coordinates": [[[85.098214, 27.859641], [85.098214, 27.859623], [85.098194, 27.859623], [85.098194, 27.859605], [85.098174, 27.859604], [85.098175, 27.85955], [85.098195, 27.859551], [85.098195, 27.859533], [85.098215, 27.859533], [85.098216, 27.859515], [85.098297, 27.859516], [85.098297, 27.859498], [85.098318, 27.859498], [85.098319, 27.859444], [85.098339, 27.859444], [85.098339, 27.859426], [85.098359, 27.859426], [85.09836, 27.859408], [85.09838, 27.859409], [85.09838, 27.859391], [85.098401, 27.859391], [85.098401, 27.859373], [85.098421, 27.859373], [85.098422, 27.859355], [85.098462, 27.859356], [85.098463, 27.859338], [85.098503, 27.859338], [85.098503, 27.859356], [85.098523, 27.859357], [85.098523, 27.859338], [85.098544, 27.859339], [85.098544, 27.859321], [85.098564, 27.859321], [85.098565, 27.859303], [85.098605, 27.859304], [85.098605, 27.859322], [85.098625, 27.859322], [85.098625, 27.85934], [85.098645, 27.85934], [85.098644, 27.859412], [85.098624, 27.859412], [85.098623, 27.85943], [85.098603, 27.85943], [85.098603, 27.859448], [85.098582, 27.859448], [85.098582, 27.859466], [85.098562, 27.859465], [85.098562, 27.859447], [85.098542, 27.859447], [85.098542, 27.859429], [85.098522, 27.859429], [85.098522, 27.859411], [85.098502, 27.85941], [85.098502, 27.859428], [85.098481, 27.859428], [85.098481, 27.859446], [85.098501, 27.859446], [85.098501, 27.859465], [85.098481, 27.859464], [85.09848, 27.859482], [85.09846, 27.859482], [85.09846, 27.8595], [85.098439, 27.8595], [85.098439, 27.859518], [85.098419, 27.859518], [85.098418, 27.859536], [85.098398, 27.859535], [85.098398, 27.859517], [85.098378, 27.859517], [85.098378, 27.859535], [85.098358, 27.859535], [85.098357, 27.859553], [85.098337, 27.859553], [85.098337, 27.859571], [85.098316, 27.85957], [85.098316, 27.859588], [85.098296, 27.859588], [85.098295, 27.859606], [85.098275, 27.859606], [85.098275, 27.859624], [85.098234, 27.859623], [85.098234, 27.859641], [85.098214, 27.859641]]]}, "properties": {"layer": "stripped vegetation, day 2", "note": "cloud-free 59% of corridor only"}}, {"type": "Feature", "geometry": {"type": "Polygon", "coordinates": [[[85.098828, 27.859325], [85.098829, 27.859307], [85.098808, 27.859306], [85.098809, 27.859288], [85.098788, 27.859288], [85.098789, 27.85927], [85.098809, 27.85927], [85.098809, 27.859252], [85.09883, 27.859252], [85.09883, 27.859234], [85.09887, 27.859235], [85.098871, 27.859217], [85.098891, 27.859217], [85.098891, 27.859235], [85.098911, 27.859236], [85.098911, 27.859254], [85.098931, 27.859254], [85.098931, 27.859272], [85.09891, 27.859272], [85.09891, 27.85929], [85.09889, 27.859289], [85.09889, 27.859307], [85.098869, 27.859307], [85.098869, 27.859325], [85.098828, 27.859325]]]}, "properties": {"layer": "stripped vegetation, day 2", "note": "cloud-free 59% of corridor only"}}, {"type": "Feature", "geometry": {"type": "Polygon", "coordinates": [[[85.093469, 27.859215], [85.093469, 27.859197], [85.093449, 27.859196], [85.093449, 27.859178], [85.093429, 27.859178], [85.09343, 27.859124], [85.09345, 27.859124], [85.09345, 27.859106], [85.093471, 27.859106], [85.093471, 27.859088], [85.093491, 27.859089], [85.093491, 27.859107], [85.093511, 27.859107], [85.093511, 27.859125], [85.093633, 27.859127], [85.093633, 27.859109], [85.093653, 27.859109], [85.093653, 27.859127], [85.093673, 27.859127], [85.093673, 27.859145], [85.093693, 27.859145], [85.093693, 27.859164], [85.093673, 27.859163], [85.093672, 27.859181], [85.093652, 27.859181], [85.093652, 27.859199], [85.093632, 27.859199], [85.093631, 27.859217], [85.093509, 27.859215], [85.09351, 27.859197], [85.093489, 27.859197], [85.093489, 27.859215], [85.093469, 27.859215]]]}, "properties": {"layer": "stripped vegetation, day 2", "note": "cloud-free 59% of corridor only"}}, {"type": "Feature", "geometry": {"type": "Polygon", "coordinates": [[[85.092147, 27.859305], [85.092147, 27.859287], [85.092127, 27.859286], [85.092127, 27.859268], [85.092107, 27.859268], [85.092108, 27.859232], [85.092128, 27.859232], [85.092129, 27.859178], [85.092109, 27.859178], [85.092109, 27.85916], [85.092129, 27.85916], [85.09213, 27.859142], [85.09215, 27.859142], [85.092151, 27.859088], [85.092171, 27.859088], [85.092172, 27.85907], [85.092192, 27.859071], [85.092192, 27.859053], [85.092212, 27.859053], [85.092212, 27.859071], [85.092232, 27.859071], [85.092232, 27.859089], [85.092252, 27.859089], [85.092252, 27.859144], [85.092231, 27.859143], [85.09223, 27.859234], [85.09225, 27.859234], [85.09225, 27.859252], [85.092229, 27.859252], [85.092229, 27.85927], [85.092209, 27.859269], [85.092208, 27.859287], [85.092188, 27.859287], [85.092188, 27.859305], [85.092147, 27.859305]]]}, "properties": {"layer": "stripped vegetation, day 2", "note": "cloud-free 59% of corridor only"}}, {"type": "Feature", "geometry": {"type": "Polygon", "coordinates": [[[85.09103, 27.859343], [85.09103, 27.859325], [85.09101, 27.859325], [85.09101, 27.859307], [85.09099, 27.859307], [85.09099, 27.859289], [85.09097, 27.859288], [85.09097, 27.85927], [85.09095, 27.85927], [85.090951, 27.859216], [85.09091, 27.859215], [85.09091, 27.859233], [85.090889, 27.859233], [85.090889, 27.859251], [85.090909, 27.859251], [85.090909, 27.859269], [85.090889, 27.859269], [85.090888, 27.859287], [85.090868, 27.859287], [85.090868, 27.859305], [85.090847, 27.859305], [85.090847, 27.859323], [85.090806, 27.859322], [85.090807, 27.859304], [85.090787, 27.859304], [85.090787, 27.859286], [85.090767, 27.859285], [85.090767, 27.859249], [85.090787, 27.85925], [85.090788, 27.859214], [85.090808, 27.859214], [85.090809, 27.859178], [85.090829, 27.859178], [85.09083, 27.859142], [85.09085, 27.859142], [85.090851, 27.859124], [85.090871, 27.859124], [85.090871, 27.859106], [85.090851, 27.859106], [85.090851, 27.859088], [85.090831, 27.859088], [85.090831, 27.85907], [85.090811, 27.859069], [85.090811, 27.859051], [85.090791, 27.859051], [85.090791, 27.859033], [85.090771, 27.859033], [85.090772, 27.858997], [85.090792, 27.858997], [85.090792, 27.858979], [85.090813, 27.858979], [85.090813, 27.858961], [85.090833, 27.858962], [85.090833, 27.85898], [85.090853, 27.85898], [85.090853, 27.858998], [85.090873, 27.858998], [85.090873, 27.859016], [85.090893, 27.859016], [85.090893, 27.859035], [85.090913, 27.859035], [85.090912, 27.859071], [85.090933, 27.859071], [85.090932, 27.859107], [85.090973, 27.859108], [85.090972, 27.859126], [85.090993, 27.859126], [85.090993, 27.859108], [85.091034, 27.859109], [85.091033, 27.859127], [85.091115, 27.859128], [85.091114, 27.859146], [85.091135, 27.859146], [85.091134, 27.859164], [85.091154, 27.859164], [85.091154, 27.859201], [85.091174, 27.859201], [85.091173, 27.859273], [85.091153, 27.859273], [85.091152, 27.859291], [85.091132, 27.859291], [85.091132, 27.859309], [85.091111, 27.859308], [85.091111, 27.859326], [85.09107, 27.859326], [85.09107, 27.859344], [85.09103, 27.859343]]]}, "properties": {"layer": "stripped vegetation, day 2", "note": "cloud-free 59% of corridor only"}}, {"type": "Feature", "geometry": {"type": "Polygon", "coordinates": [[[85.094098, 27.859259], [85.094098, 27.859241], [85.094078, 27.859241], [85.094078, 27.859223], [85.094058, 27.859223], [85.094059, 27.859151], [85.094039, 27.85915], [85.094039, 27.859132], [85.094019, 27.859132], [85.094019, 27.859114], [85.094039, 27.859114], [85.094039, 27.859096], [85.09406, 27.859096], [85.09406, 27.859078], [85.09408, 27.859079], [85.094081, 27.859024], [85.094061, 27.859024], [85.094061, 27.859006], [85.094082, 27.859006], [85.094082, 27.858988], [85.094102, 27.858989], [85.094103, 27.858971], [85.094123, 27.858971], [85.094123, 27.858953], [85.094164, 27.858953], [85.094164, 27.858971], [85.094184, 27.858972], [85.094184, 27.85899], [85.094204, 27.85899], [85.094202, 27.859116], [85.094181, 27.859116], [85.094181, 27.859152], [85.094201, 27.859152], [85.0942, 27.859189], [85.09418, 27.859188], [85.09418, 27.859206], [85.094159, 27.859206], [85.094159, 27.859224], [85.094139, 27.859224], [85.094138, 27.859242], [85.094118, 27.859242], [85.094118, 27.85926], [85.094098, 27.859259]]]}, "properties": {"layer": "stripped vegetation, day 2", "note": "cloud-free 59% of corridor only"}}, {"type": "Feature", "geometry": {"type": "Polygon", "coordinates": [[[85.09804, 27.859097], [85.098041, 27.859079], [85.09802, 27.859079], [85.098021, 27.859061], [85.098, 27.859061], [85.098001, 27.859042], [85.098021, 27.859043], [85.098021, 27.859025], [85.098042, 27.859025], [85.098042, 27.859007], [85.098062, 27.859007], [85.098062, 27.858989], [85.098103, 27.85899], [85.098103, 27.858972], [85.098124, 27.858972], [85.098124, 27.858954], [85.098144, 27.858954], [85.098144, 27.858972], [85.098164, 27.858973], [85.098164, 27.858991], [85.098184, 27.858991], [85.098184, 27.859027], [85.098163, 27.859027], [85.098163, 27.859045], [85.098143, 27.859044], [85.098142, 27.859062], [85.098081, 27.859062], [85.098081, 27.85908], [85.098061, 27.859079], [85.098061, 27.859097], [85.09804, 27.859097]]]}, "properties": {"layer": "stripped vegetation, day 2", "note": "cloud-free 59% of corridor only"}}, {"type": "Feature", "geometry": {"type": "Polygon", "coordinates": [[[85.092865, 27.858917], [85.092865, 27.858899], [85.092845, 27.858899], [85.092845, 27.858881], [85.092825, 27.858881], [85.092825, 27.858863], [85.092845, 27.858863], [85.092846, 27.858845], [85.092866, 27.858845], [85.092866, 27.858827], [85.092907, 27.858828], [85.092907, 27.858846], [85.092927, 27.858846], [85.092927, 27.858864], [85.092947, 27.858864], [85.092947, 27.858882], [85.092926, 27.858882], [85.092926, 27.8589], [85.092906, 27.8589], [85.092905, 27.858918], [85.092865, 27.858917]]]}, "properties": {"layer": "stripped vegetation, day 2", "note": "cloud-free 59% of corridor only"}}, {"type": "Feature", "geometry": {"type": "Polygon", "coordinates": [[[85.092744, 27.85888], [85.092744, 27.858862], [85.092724, 27.858861], [85.092724, 27.858843], [85.092704, 27.858843], [85.092704, 27.858825], [85.092684, 27.858825], [85.092683, 27.858843], [85.092643, 27.858842], [85.092642, 27.85886], [85.092602, 27.85886], [85.092602, 27.858842], [85.092582, 27.858841], [85.092582, 27.858823], [85.092562, 27.858823], [85.092562, 27.858805], [85.092582, 27.858805], [85.092583, 27.858787], [85.092603, 27.858787], [85.092603, 27.858769], [85.092624, 27.85877], [85.092624, 27.858752], [85.092644, 27.858752], [85.092645, 27.858734], [85.092705, 27.858735], [85.092706, 27.858717], [85.092746, 27.858717], [85.092746, 27.858735], [85.092766, 27.858736], [85.092766, 27.858754], [85.092786, 27.858754], [85.092786, 27.858772], [85.092806, 27.858772], [85.092806, 27.85879], [85.092826, 27.858791], [85.092826, 27.858827], [85.092805, 27.858826], [85.092805, 27.858844], [85.092785, 27.858844], [85.092784, 27.858862], [85.092764, 27.858862], [85.092764, 27.85888], [85.092744, 27.85888]]]}, "properties": {"layer": "stripped vegetation, day 2", "note": "cloud-free 59% of corridor only"}}, {"type": "Feature", "geometry": {"type": "Polygon", "coordinates": [[[85.094403, 27.859227], [85.094403, 27.859209], [85.094383, 27.859209], [85.094383, 27.859191], [85.094342, 27.859191], [85.094343, 27.859172], [85.094322, 27.859172], [85.094323, 27.859154], [85.094302, 27.859154], [85.094303, 27.859136], [85.094323, 27.859136], [85.094324, 27.8591], [85.094344, 27.8591], [85.094344, 27.859082], [85.094365, 27.859083], [85.094365, 27.859046], [85.094345, 27.859046], [85.094346, 27.85901], [85.094325, 27.85901], [85.094326, 27.858974], [85.094346, 27.858974], [85.094347, 27.85892], [85.094368, 27.85892], [85.094368, 27.858884], [85.094348, 27.858884], [85.094349, 27.858794], [85.09437, 27.858794], [85.09437, 27.858758], [85.094391, 27.858758], [85.094391, 27.85874], [85.094411, 27.85874], [85.094412, 27.858722], [85.094452, 27.858723], [85.094452, 27.858741], [85.094472, 27.858741], [85.094472, 27.858759], [85.094492, 27.858759], [85.094491, 27.858832], [85.094471, 27.858831], [85.09447, 27.858867], [85.09445, 27.858867], [85.094449, 27.858885], [85.094429, 27.858885], [85.094428, 27.858921], [85.094449, 27.858921], [85.094448, 27.858957], [85.094468, 27.858958], [85.094467, 27.85903], [85.094447, 27.85903], [85.094447, 27.859048], [85.094467, 27.859048], [85.094464, 27.859192], [85.094444, 27.859192], [85.094444, 27.85921], [85.094423, 27.85921], [85.094423, 27.859228], [85.094403, 27.859227]]]}, "properties": {"layer": "stripped vegetation, day 2", "note": "cloud-free 59% of corridor only"}}, {"type": "Feature", "geometry": {"type": "Polygon", "coordinates": [[[85.093191, 27.858814], [85.093192, 27.858796], [85.093172, 27.858795], [85.093172, 27.858777], [85.093152, 27.858777], [85.093152, 27.858759], [85.093132, 27.858759], [85.093133, 27.858668], [85.093153, 27.858669], [85.093154, 27.858651], [85.093174, 27.858651], [85.093174, 27.858633], [85.093195, 27.858633], [85.093195, 27.858615], [85.093236, 27.858616], [85.093235, 27.858634], [85.093256, 27.858634], [85.093255, 27.858652], [85.093276, 27.858652], [85.093273, 27.858779], [85.093253, 27.858778], [85.093253, 27.858796], [85.093232, 27.858796], [85.093232, 27.858814], [85.093191, 27.858814]]]}, "properties": {"layer": "stripped vegetation, day 2", "note": "cloud-free 59% of corridor only"}}, {"type": "Feature", "geometry": {"type": "Polygon", "coordinates": [[[85.10779, 27.858979], [85.107791, 27.858961], [85.10777, 27.85896], [85.107771, 27.858942], [85.10775, 27.858942], [85.107751, 27.858906], [85.107771, 27.858906], [85.107772, 27.858888], [85.107792, 27.858888], [85.107792, 27.85887], [85.107813, 27.858871], [85.107813, 27.858853], [85.107833, 27.858853], [85.107833, 27.858871], [85.107853, 27.858871], [85.107853, 27.858889], [85.107893, 27.85889], [85.107894, 27.858872], [85.107914, 27.858872], [85.107914, 27.85889], [85.107934, 27.85889], [85.107934, 27.858908], [85.107974, 27.858909], [85.107975, 27.858891], [85.107995, 27.858891], [85.107996, 27.858855], [85.108016, 27.858855], [85.108016, 27.858837], [85.108037, 27.858838], [85.108037, 27.85882], [85.108077, 27.85882], [85.108077, 27.858838], [85.108097, 27.858838], [85.108098, 27.85882], [85.108118, 27.858821], [85.108118, 27.858803], [85.108159, 27.858803], [85.108159, 27.858821], [85.108179, 27.858822], [85.108179, 27.85884], [85.108199, 27.85884], [85.108199, 27.858858], [85.108178, 27.858858], [85.108178, 27.858876], [85.108158, 27.858875], [85.108157, 27.858893], [85.108137, 27.858893], [85.108137, 27.858911], [85.108117, 27.858911], [85.108116, 27.858929], [85.108096, 27.858929], [85.108096, 27.858947], [85.108075, 27.858946], [85.108075, 27.858964], [85.108055, 27.858964], [85.108054, 27.858982], [85.107973, 27.858981], [85.107973, 27.858963], [85.107953, 27.858963], [85.107953, 27.858945], [85.107913, 27.858944], [85.107913, 27.858962], [85.107892, 27.858962], [85.107893, 27.858944], [85.107872, 27.858944], [85.107873, 27.858926], [85.107852, 27.858925], [85.107852, 27.858943], [85.107832, 27.858943], [85.107831, 27.858961], [85.107811, 27.858961], [85.107811, 27.858979], [85.10779, 27.858979]]]}, "properties": {"layer": "stripped vegetation, day 2", "note": "cloud-free 59% of corridor only"}}, {"type": "Feature", "geometry": {"type": "Polygon", "coordinates": [[[85.092625, 27.858698], [85.092625, 27.858679], [85.092605, 27.858679], [85.092605, 27.858661], [85.092585, 27.858661], [85.092586, 27.858625], [85.092606, 27.858625], [85.092606, 27.858607], [85.092626, 27.858607], [85.092627, 27.858589], [85.092749, 27.858591], [85.092748, 27.858609], [85.092769, 27.858609], [85.092768, 27.858627], [85.092789, 27.858628], [85.092788, 27.858646], [85.092768, 27.858645], [85.092768, 27.858663], [85.092747, 27.858663], [85.092747, 27.858681], [85.092686, 27.85868], [85.092686, 27.858698], [85.092625, 27.858698]]]}, "properties": {"layer": "stripped vegetation, day 2", "note": "cloud-free 59% of corridor only"}}, {"type": "Feature", "geometry": {"type": "Polygon", "coordinates": [[[85.093395, 27.85878], [85.093395, 27.858762], [85.093375, 27.858762], [85.093375, 27.858744], [85.093355, 27.858744], [85.093357, 27.858635], [85.093377, 27.858636], [85.093378, 27.858618], [85.093398, 27.858618], [85.093398, 27.8586], [85.093439, 27.8586], [85.093439, 27.858582], [85.09348, 27.858583], [85.09348, 27.858601], [85.09354, 27.858602], [85.093541, 27.858584], [85.093561, 27.858584], [85.093561, 27.858602], [85.093581, 27.858602], [85.093581, 27.85862], [85.093601, 27.858621], [85.0936, 27.858657], [85.093621, 27.858657], [85.09362, 27.858675], [85.093641, 27.858675], [85.093639, 27.858748], [85.093619, 27.858747], [85.093619, 27.858765], [85.093599, 27.858765], [85.093598, 27.858783], [85.093558, 27.858783], [85.093558, 27.858765], [85.093538, 27.858764], [85.093538, 27.858746], [85.093518, 27.858746], [85.093517, 27.858764], [85.093497, 27.858764], [85.093497, 27.858782], [85.093476, 27.858781], [85.093477, 27.858763], [85.093456, 27.858763], [85.093457, 27.858745], [85.093436, 27.858745], [85.093436, 27.858763], [85.093416, 27.858763], [85.093415, 27.858781], [85.093395, 27.85878]]]}, "properties": {"layer": "stripped vegetation, day 2", "note": "cloud-free 59% of corridor only"}}, {"type": "Feature", "geometry": {"type": "Polygon", "coordinates": [[[85.108299, 27.858931], [85.108299, 27.858913], [85.108279, 27.858913], [85.108279, 27.858895], [85.108259, 27.858895], [85.108259, 27.858877], [85.108239, 27.858876], [85.10824, 27.85884], [85.10826, 27.858841], [85.10826, 27.858823], [85.108281, 27.858823], [85.108281, 27.858805], [85.108301, 27.858805], [85.108301, 27.858787], [85.108322, 27.858787], [85.108321, 27.858805], [85.108382, 27.858806], [85.108382, 27.858824], [85.108402, 27.858825], [85.108402, 27.858843], [85.108422, 27.858843], [85.108422, 27.858861], [85.108402, 27.858861], [85.108401, 27.858879], [85.108381, 27.858878], [85.108381, 27.858896], [85.10836, 27.858896], [85.10836, 27.858914], [85.10834, 27.858914], [85.10834, 27.858932], [85.108299, 27.858931]]]}, "properties": {"layer": "stripped vegetation, day 2", "note": "cloud-free 59% of corridor only"}}, {"type": "Feature", "geometry": {"type": "Polygon", "coordinates": [[[85.093854, 27.859274], [85.093854, 27.859256], [85.093834, 27.859256], [85.093834, 27.859238], [85.093814, 27.859237], [85.093814, 27.859201], [85.093835, 27.859202], [85.093835, 27.859165], [85.093815, 27.859165], [85.093815, 27.859147], [85.093795, 27.859147], [85.093795, 27.859129], [85.093775, 27.859129], [85.093775, 27.85911], [85.093796, 27.859111], [85.093796, 27.859093], [85.093816, 27.859093], [85.093816, 27.859075], [85.093796, 27.859075], [85.093796, 27.859057], [85.093776, 27.859056], [85.093779, 27.858912], [85.093799, 27.858912], [85.0938, 27.858858], [85.09382, 27.858858], [85.093822, 27.858732], [85.093843, 27.858732], [85.093843, 27.858714], [85.093863, 27.858715], [85.093864, 27.858697], [85.093884, 27.858697], [85.093885, 27.858661], [85.093844, 27.85866], [85.093844, 27.858642], [85.093824, 27.858642], [85.093824, 27.858624], [85.093804, 27.858624], [85.093805, 27.858587], [85.093825, 27.858588], [85.093825, 27.85857], [85.093846, 27.85857], [85.093846, 27.858552], [85.093887, 27.858553], [85.093887, 27.858534], [85.093968, 27.858536], [85.093968, 27.858554], [85.093988, 27.858554], [85.093988, 27.858572], [85.094008, 27.858572], [85.094008, 27.85859], [85.094048, 27.858591], [85.094048, 27.858609], [85.094068, 27.858609], [85.094068, 27.858627], [85.094088, 27.858627], [85.094085, 27.85879], [85.094065, 27.85879], [85.094064, 27.858862], [85.094084, 27.858862], [85.094084, 27.85888], [85.094104, 27.85888], [85.094104, 27.858916], [85.094124, 27.858917], [85.094124, 27.858935], [85.094103, 27.858935], [85.094103, 27.858953], [85.094083, 27.858952], [85.094082, 27.85897], [85.094021, 27.85897], [85.094021, 27.858988], [85.09396, 27.858987], [85.09396, 27.859023], [85.093939, 27.859023], [85.093939, 27.859041], [85.093919, 27.85904], [85.093918, 27.859058], [85.093857, 27.859057], [85.093857, 27.859076], [85.093837, 27.859075], [85.093836, 27.859093], [85.093857, 27.859094], [85.093856, 27.859112], [85.093877, 27.859112], [85.093877, 27.859094], [85.093918, 27.859094], [85.093917, 27.859112], [85.093938, 27.859113], [85.093937, 27.859131], [85.093958, 27.859131], [85.093956, 27.859221], [85.093936, 27.859221], [85.093935, 27.859239], [85.093915, 27.859239], [85.093915, 27.859257], [85.093895, 27.859257], [85.093894, 27.859275], [85.093854, 27.859274]]]}, "properties": {"layer": "stripped vegetation, day 2", "note": "cloud-free 59% of corridor only"}}, {"type": "Feature", "geometry": {"type": "Polygon", "coordinates": [[[85.092234, 27.858999], [85.092234, 27.858981], [85.092214, 27.858981], [85.092214, 27.858963], [85.092194, 27.858962], [85.092194, 27.858944], [85.092214, 27.858945], [85.092216, 27.858836], [85.092237, 27.858837], [85.092237, 27.858818], [85.092257, 27.858819], [85.092258, 27.858801], [85.092278, 27.858801], [85.092278, 27.858783], [85.092319, 27.858784], [85.092318, 27.858802], [85.092339, 27.858802], [85.092338, 27.85882], [85.092359, 27.85882], [85.092358, 27.858874], [85.092378, 27.858875], [85.092378, 27.858857], [85.092399, 27.858857], [85.092402, 27.858694], [85.092381, 27.858694], [85.092382, 27.858658], [85.092402, 27.858658], [85.092402, 27.85864], [85.092423, 27.858641], [85.092423, 27.858623], [85.092403, 27.858622], [85.092403, 27.858604], [85.092383, 27.858604], [85.092383, 27.858586], [85.092363, 27.858586], [85.092363, 27.858568], [85.092383, 27.858568], [85.092384, 27.85855], [85.092404, 27.85855], [85.092404, 27.858532], [85.092465, 27.858533], [85.092466, 27.858515], [85.092506, 27.858515], [85.092506, 27.858533], [85.092526, 27.858534], [85.092526, 27.858552], [85.092546, 27.858552], [85.092546, 27.858588], [85.092525, 27.858588], [85.092525, 27.858606], [85.092505, 27.858606], [85.092504, 27.858642], [85.092524, 27.858642], [85.092524, 27.85866], [85.092544, 27.85866], [85.092544, 27.858678], [85.092524, 27.858678], [85.092523, 27.858732], [85.092502, 27.858732], [85.092502, 27.858768], [85.092522, 27.858768], [85.092521, 27.85884], [85.092501, 27.85884], [85.0925, 27.858858], [85.09248, 27.858858], [85.092479, 27.858894], [85.0925, 27.858894], [85.092499, 27.85893], [85.092479, 27.85893], [85.092478, 27.858948], [85.092458, 27.858948], [85.092458, 27.858966], [85.092437, 27.858966], [85.092438, 27.858948], [85.092417, 27.858947], [85.092418, 27.858929], [85.092397, 27.858929], [85.092398, 27.858911], [85.092377, 27.858911], [85.092378, 27.858893], [85.092337, 27.858892], [85.092337, 27.85891], [85.092317, 27.85891], [85.092316, 27.858946], [85.092296, 27.858946], [85.092295, 27.858964], [85.092275, 27.858963], [85.092275, 27.858981], [85.092254, 27.858981], [85.092254, 27.858999], [85.092234, 27.858999]]]}, "properties": {"layer": "stripped vegetation, day 2", "note": "cloud-free 59% of corridor only"}}, {"type": "Feature", "geometry": {"type": "Polygon", "coordinates": [[[85.097278, 27.858545], [85.097278, 27.858527], [85.097258, 27.858527], [85.097258, 27.858509], [85.097238, 27.858509], [85.097239, 27.858491], [85.097259, 27.858491], [85.097259, 27.858473], [85.097279, 27.858473], [85.09728, 27.858455], [85.0973, 27.858455], [85.0973, 27.858437], [85.097321, 27.858437], [85.09732, 27.858456], [85.097341, 27.858456], [85.09734, 27.858474], [85.097361, 27.858474], [85.09736, 27.85851], [85.09734, 27.85851], [85.097339, 27.858528], [85.097319, 27.858528], [85.097319, 27.858546], [85.097278, 27.858545]]]}, "properties": {"layer": "stripped vegetation, day 2", "note": "cloud-free 59% of corridor only"}}, {"type": "Feature", "geometry": {"type": "Polygon", "coordinates": [[[85.087391, 27.858372], [85.087391, 27.858354], [85.087371, 27.858354], [85.087371, 27.858336], [85.087351, 27.858336], [85.087351, 27.858318], [85.087372, 27.858318], [85.087372, 27.8583], [85.087392, 27.8583], [85.087393, 27.858282], [85.087413, 27.858282], [85.087413, 27.8583], [85.087433, 27.858301], [85.087433, 27.858319], [85.087453, 27.858319], [85.087453, 27.858337], [85.087432, 27.858337], [85.087432, 27.858355], [85.087412, 27.858355], [85.087411, 27.858373], [85.087391, 27.858372]]]}, "properties": {"layer": "stripped vegetation, day 2", "note": "cloud-free 59% of corridor only"}}, {"type": "Feature", "geometry": {"type": "Polygon", "coordinates": [[[85.108463, 27.858843], [85.108463, 27.858825], [85.108443, 27.858825], [85.108443, 27.858807], [85.108423, 27.858807], [85.108424, 27.858771], [85.108444, 27.858771], [85.108444, 27.858753], [85.108465, 27.858753], [85.108465, 27.858735], [85.108485, 27.858735], [85.108485, 27.858717], [85.108506, 27.858718], [85.108505, 27.858736], [85.108546, 27.858736], [85.108546, 27.858718], [85.108567, 27.858719], [85.108567, 27.8587], [85.108587, 27.858701], [85.108588, 27.858683], [85.108608, 27.858683], [85.108608, 27.858665], [85.108629, 27.858665], [85.108629, 27.858647], [85.108649, 27.858647], [85.108649, 27.858629], [85.10867, 27.85863], [85.10867, 27.858612], [85.10869, 27.858612], [85.108691, 27.858594], [85.108711, 27.858594], [85.108711, 27.858612], [85.108772, 27.858613], [85.108773, 27.858559], [85.108793, 27.858559], [85.108793, 27.858541], [85.108813, 27.858541], [85.108814, 27.858523], [85.108834, 27.858524], [85.108834, 27.858542], [85.108854, 27.858542], [85.108854, 27.85856], [85.108874, 27.85856], [85.108874, 27.858578], [85.108894, 27.858579], [85.108894, 27.858597], [85.108914, 27.858597], [85.108913, 27.858633], [85.108893, 27.858633], [85.108893, 27.858651], [85.108872, 27.858651], [85.108872, 27.858669], [85.108852, 27.858668], [85.108852, 27.858686], [85.108831, 27.858686], [85.108831, 27.858704], [85.108811, 27.858704], [85.10881, 27.858722], [85.10877, 27.858721], [85.108769, 27.858739], [85.108749, 27.858739], [85.108749, 27.858757], [85.108728, 27.858757], [85.108728, 27.858775], [85.108688, 27.858774], [85.108687, 27.858792], [85.108667, 27.858792], [85.108667, 27.85881], [85.108585, 27.858809], [85.108585, 27.858827], [85.108524, 27.858826], [85.108524, 27.858844], [85.108463, 27.858843]]]}, "properties": {"layer": "stripped vegetation, day 2", "note": "cloud-free 59% of corridor only"}}, {"type": "Feature", "geometry": {"type": "Polygon", "coordinates": [[[85.090711, 27.85896], [85.090712, 27.858942], [85.090671, 27.858941], [85.090671, 27.858923], [85.090631, 27.858923], [85.090631, 27.858905], [85.090611, 27.858904], [85.090611, 27.858886], [85.09057, 27.858886], [85.090571, 27.858868], [85.09055, 27.858867], [85.090551, 27.858849], [85.09053, 27.858849], [85.090531, 27.858831], [85.09051, 27.858831], [85.090511, 27.858813], [85.09049, 27.858812], [85.090492, 27.858722], [85.090451, 27.858722], [85.090452, 27.858704], [85.090431, 27.858703], [85.090432, 27.858685], [85.090269, 27.858683], [85.09027, 27.858665], [85.090249, 27.858665], [85.09025, 27.858647], [85.090229, 27.858646], [85.09023, 27.858628], [85.09025, 27.858629], [85.09025, 27.85861], [85.09021, 27.85861], [85.09021, 27.858592], [85.09019, 27.858592], [85.09019, 27.858574], [85.09017, 27.858573], [85.09017, 27.858555], [85.09019, 27.858556], [85.090191, 27.858537], [85.090211, 27.858538], [85.090212, 27.858466], [85.090192, 27.858465], [85.090192, 27.858447], [85.090152, 27.858447], [85.090152, 27.858429], [85.090132, 27.858428], [85.090132, 27.85841], [85.090112, 27.85841], [85.090112, 27.858392], [85.090092, 27.858392], [85.090092, 27.858374], [85.090072, 27.858373], [85.090072, 27.858355], [85.090052, 27.858355], [85.090052, 27.858337], [85.090032, 27.858337], [85.090032, 27.858301], [85.090053, 27.858301], [85.090053, 27.858283], [85.090073, 27.858283], [85.090074, 27.858265], [85.090114, 27.858266], [85.090114, 27.858284], [85.090134, 27.858284], [85.090134, 27.858302], [85.090154, 27.858302], [85.090154, 27.858338], [85.090174, 27.858339], [85.090174, 27.858357], [85.090194, 27.858357], [85.090194, 27.858375], [85.090214, 27.858375], [85.090214, 27.858393], [85.090234, 27.858394], [85.090234, 27.858412], [85.090254, 27.858412], [85.090253, 27.85843], [85.090274, 27.85843], [85.090273, 27.858448], [85.090294, 27.858449], [85.090294, 27.858413], [85.090315, 27.858413], [85.090315, 27.858395], [85.090335, 27.858395], [85.090336, 27.858377], [85.090356, 27.858377], [85.090356, 27.858395], [85.090376, 27.858396], [85.090376, 27.858378], [85.090397, 27.858378], [85.090397, 27.85836], [85.090437, 27.85836], [85.090438, 27.858324], [85.090458, 27.858325], [85.090459, 27.858307], [85.090479, 27.858307], [85.090479, 27.858289], [85.09052, 27.858289], [85.09052, 27.858307], [85.09054, 27.858308], [85.09054, 27.858326], [85.09056, 27.858326], [85.09056, 27.858344], [85.09058, 27.858344], [85.09058, 27.858362], [85.090559, 27.858362], [85.090559, 27.85838], [85.090539, 27.85838], [85.090538, 27.858398], [85.090518, 27.858398], [85.090518, 27.858416], [85.090497, 27.858415], [85.090497, 27.85847], [85.090476, 27.858469], [85.090475, 27.858541], [85.090455, 27.858541], [85.090454, 27.858559], [85.090434, 27.858559], [85.090434, 27.858577], [85.090454, 27.858577], [85.090454, 27.858595], [85.090474, 27.858596], [85.090473, 27.858632], [85.090514, 27.858632], [85.090514, 27.85865], [85.090534, 27.858651], [85.090534, 27.858669], [85.090554, 27.858669], [85.090554, 27.858687], [85.090594, 27.858687], [85.090594, 27.858706], [85.090614, 27.858706], [85.090614, 27.858724], [85.090634, 27.858724], [85.090634, 27.858742], [85.090614, 27.858742], [85.090613, 27.858778], [85.090654, 27.858779], [85.090653, 27.858797], [85.090674, 27.858797], [85.090673, 27.858815], [85.090694, 27.858815], [85.090693, 27.858833], [85.090714, 27.858834], [85.090713, 27.858852], [85.090734, 27.858852], [85.090733, 27.85887], [85.090753, 27.85887], [85.090753, 27.858906], [85.090773, 27.858907], [85.090773, 27.858925], [85.090753, 27.858924], [85.090752, 27.858942], [85.090732, 27.858942], [85.090732, 27.85896], [85.090711, 27.85896]]]}, "properties": {"layer": "stripped vegetation, day 2", "note": "cloud-free 59% of corridor only"}}, {"type": "Feature", "geometry": {"type": "Polygon", "coordinates": [[[85.09062, 27.858381], [85.09062, 27.858363], [85.0906, 27.858363], [85.0906, 27.858345], [85.09058, 27.858344], [85.09058, 27.858326], [85.090601, 27.858327], [85.090602, 27.858254], [85.090622, 27.858255], [85.090622, 27.858237], [85.090643, 27.858237], [85.090643, 27.858219], [85.090663, 27.858219], [85.090663, 27.858237], [85.090683, 27.858237], [85.090683, 27.858256], [85.090703, 27.858256], [85.090703, 27.858274], [85.090723, 27.858274], [85.090723, 27.858292], [85.090743, 27.858292], [85.090743, 27.85831], [85.090723, 27.85831], [85.090722, 27.858328], [85.090702, 27.858328], [85.090702, 27.858346], [85.090661, 27.858345], [85.090661, 27.858363], [85.090641, 27.858363], [85.09064, 27.858381], [85.09062, 27.858381]]]}, "properties": {"layer": "stripped vegetation, day 2", "note": "cloud-free 59% of corridor only"}}, {"type": "Feature", "geometry": {"type": "Polygon", "coordinates": [[[85.09454, 27.858327], [85.094541, 27.858309], [85.09452, 27.858309], [85.094521, 27.858291], [85.0945, 27.85829], [85.094501, 27.858272], [85.094521, 27.858272], [85.094521, 27.858254], [85.094542, 27.858255], [85.094542, 27.858237], [85.094583, 27.858237], [85.094582, 27.858255], [85.094603, 27.858256], [85.094602, 27.858274], [85.094623, 27.858274], [85.094622, 27.858292], [85.094602, 27.858292], [85.094602, 27.85831], [85.094581, 27.858309], [85.094581, 27.858327], [85.09454, 27.858327]]]}, "properties": {"layer": "stripped vegetation, day 2", "note": "cloud-free 59% of corridor only"}}, {"type": "Feature", "geometry": {"type": "Polygon", "coordinates": [[[85.087454, 27.858283], [85.087454, 27.858265], [85.087434, 27.858265], [85.087434, 27.858247], [85.087414, 27.858246], [85.087413, 27.858264], [85.087393, 27.858264], [85.087393, 27.858246], [85.087353, 27.858245], [85.087353, 27.858227], [85.087333, 27.858227], [85.087333, 27.858209], [85.087313, 27.858209], [85.087312, 27.858227], [85.087272, 27.858226], [85.087272, 27.858208], [85.087252, 27.858208], [85.087252, 27.85819], [85.087232, 27.85819], [85.087232, 27.858154], [85.087253, 27.858154], [85.087253, 27.858136], [85.087273, 27.858136], [85.087274, 27.858118], [85.087294, 27.858118], [85.087294, 27.858136], [85.087314, 27.858137], [85.087314, 27.858155], [85.087334, 27.858155], [85.087334, 27.858173], [85.087354, 27.858173], [85.087354, 27.858155], [85.087415, 27.858156], [85.087415, 27.858174], [85.087455, 27.858175], [85.087455, 27.858193], [85.087475, 27.858193], [85.087475, 27.858211], [85.087495, 27.858211], [85.087495, 27.858229], [85.087515, 27.85823], [85.087515, 27.858248], [85.087495, 27.858247], [85.087494, 27.858265], [85.087474, 27.858265], [85.087474, 27.858283], [85.087454, 27.858283]]]}, "properties": {"layer": "stripped vegetation, day 2", "note": "cloud-free 59% of corridor only"}}, {"type": "Feature", "geometry": {"type": "Polygon", "coordinates": [[[85.102155, 27.858378], [85.102155, 27.85836], [85.102135, 27.858359], [85.102135, 27.858341], [85.102115, 27.858341], [85.102115, 27.858323], [85.102136, 27.858323], [85.102136, 27.858305], [85.102156, 27.858306], [85.102157, 27.858288], [85.102177, 27.858288], [85.102177, 27.858306], [85.102197, 27.858306], [85.102197, 27.858324], [85.102217, 27.858324], [85.102217, 27.858343], [85.102196, 27.858342], [85.102196, 27.85836], [85.102176, 27.85836], [85.102175, 27.858378], [85.102155, 27.858378]]]}, "properties": {"layer": "stripped vegetation, day 2", "note": "cloud-free 59% of corridor only"}}, {"type": "Feature", "geometry": {"type": "Polygon", "coordinates": [[[85.094075, 27.858248], [85.094075, 27.85823], [85.094055, 27.85823], [85.094055, 27.858212], [85.094035, 27.858212], [85.094035, 27.858194], [85.094055, 27.858194], [85.094056, 27.858176], [85.094076, 27.858176], [85.094076, 27.858158], [85.094117, 27.858159], [85.094117, 27.858177], [85.094137, 27.858177], [85.094136, 27.858195], [85.094157, 27.858195], [85.094156, 27.858213], [85.094136, 27.858213], [85.094136, 27.858231], [85.094116, 27.858231], [85.094115, 27.858249], [85.094075, 27.858248]]]}, "properties": {"layer": "stripped vegetation, day 2", "note": "cloud-free 59% of corridor only"}}, {"type": "Feature", "geometry": {"type": "Polygon", "coordinates": [[[85.090541, 27.858254], [85.090541, 27.858235], [85.090521, 27.858235], [85.090521, 27.858217], [85.090481, 27.858217], [85.090481, 27.858199], [85.090461, 27.858198], [85.090461, 27.85818], [85.090441, 27.85818], [85.090441, 27.858162], [85.090461, 27.858162], [85.090462, 27.858144], [85.090482, 27.858144], [85.090482, 27.858126], [85.090503, 27.858127], [85.090503, 27.858109], [85.090523, 27.858109], [85.090523, 27.858091], [85.090544, 27.858091], [85.090543, 27.858109], [85.090564, 27.858109], [85.090563, 27.858128], [85.090584, 27.858128], [85.090583, 27.858182], [85.090603, 27.858182], [85.090602, 27.858218], [85.090582, 27.858218], [85.090582, 27.858236], [85.090562, 27.858236], [85.090561, 27.858254], [85.090541, 27.858254]]]}, "properties": {"layer": "stripped vegetation, day 2", "note": "cloud-free 59% of corridor only"}}, {"type": "Feature", "geometry": {"type": "Polygon", "coordinates": [[[85.086563, 27.85809], [85.086564, 27.858072], [85.086543, 27.858072], [85.086544, 27.858054], [85.086523, 27.858053], [85.086524, 27.858035], [85.086544, 27.858036], [85.086544, 27.858018], [85.086565, 27.858018], [85.086565, 27.858], [85.086585, 27.858], [85.086585, 27.858018], [85.086605, 27.858018], [85.086605, 27.858037], [85.086625, 27.858037], [85.086625, 27.858055], [85.086605, 27.858055], [85.086604, 27.858073], [85.086584, 27.858072], [85.086584, 27.85809], [85.086563, 27.85809]]]}, "properties": {"layer": "stripped vegetation, day 2", "note": "cloud-free 59% of corridor only"}}, {"type": "Feature", "geometry": {"type": "Polygon", "coordinates": [[[85.101994, 27.858321], [85.101994, 27.858303], [85.101974, 27.858303], [85.101974, 27.858285], [85.101954, 27.858285], [85.101954, 27.858267], [85.101934, 27.858266], [85.101934, 27.858248], [85.101954, 27.858249], [85.101955, 27.858231], [85.101975, 27.858231], [85.101975, 27.858213], [85.102016, 27.858213], [85.102015, 27.858231], [85.102036, 27.858232], [85.102035, 27.85825], [85.102056, 27.85825], [85.102055, 27.858286], [85.102035, 27.858286], [85.102035, 27.858304], [85.102014, 27.858304], [85.102014, 27.858322], [85.101994, 27.858321]]]}, "properties": {"layer": "stripped vegetation, day 2", "note": "cloud-free 59% of corridor only"}}, {"type": "Feature", "geometry": {"type": "Polygon", "coordinates": [[[85.086688, 27.857947], [85.086688, 27.857929], [85.086668, 27.857929], [85.086668, 27.857911], [85.086648, 27.857911], [85.086648, 27.857893], [85.086668, 27.857893], [85.086669, 27.857875], [85.086689, 27.857875], [85.086689, 27.857857], [85.08671, 27.857857], [85.086709, 27.857876], [85.08673, 27.857876], [85.086729, 27.857894], [85.08675, 27.857894], [85.086749, 27.857912], [85.086729, 27.857912], [85.086729, 27.85793], [85.086708, 27.85793], [85.086708, 27.857948], [85.086688, 27.857947]]]}, "properties": {"layer": "stripped vegetation, day 2", "note": "cloud-free 59% of corridor only"}}, {"type": "Feature", "geometry": {"type": "Polygon", "coordinates": [[[85.086831, 27.857895], [85.086831, 27.857877], [85.086811, 27.857877], [85.086811, 27.857859], [85.086791, 27.857859], [85.086791, 27.857823], [85.086812, 27.857823], [85.086812, 27.857805], [85.086832, 27.857805], [85.086833, 27.857787], [85.086873, 27.857788], [85.086873, 27.857806], [85.086893, 27.857806], [85.086893, 27.857824], [85.086913, 27.857824], [85.086913, 27.857842], [85.086893, 27.857842], [85.086892, 27.85786], [85.086872, 27.85786], [85.086872, 27.857878], [85.086851, 27.857878], [85.086851, 27.857896], [85.086831, 27.857895]]]}, "properties": {"layer": "stripped vegetation, day 2", "note": "cloud-free 59% of corridor only"}}, {"type": "Feature", "geometry": {"type": "Polygon", "coordinates": [[[85.090254, 27.858376], [85.090255, 27.858358], [85.090234, 27.858358], [85.090235, 27.85834], [85.090214, 27.858339], [85.090215, 27.858285], [85.090155, 27.858284], [85.090155, 27.858266], [85.090135, 27.858266], [85.090135, 27.858248], [85.090115, 27.858248], [85.090115, 27.85823], [85.090135, 27.85823], [85.090135, 27.858212], [85.090156, 27.858212], [85.090156, 27.858194], [85.090176, 27.858194], [85.090177, 27.858176], [85.090197, 27.858177], [85.090197, 27.858195], [85.090217, 27.858195], [85.090217, 27.858177], [85.090238, 27.858177], [85.090237, 27.858195], [85.090258, 27.858195], [85.090258, 27.858177], [85.090278, 27.858178], [85.090279, 27.858142], [85.090259, 27.858141], [85.090259, 27.858123], [85.090239, 27.858123], [85.09024, 27.858069], [85.09026, 27.858069], [85.09026, 27.858033], [85.09024, 27.858033], [85.090241, 27.857979], [85.090261, 27.857979], [85.090262, 27.857961], [85.090282, 27.857961], [85.090282, 27.857943], [85.090303, 27.857943], [85.090302, 27.857961], [85.090323, 27.857962], [85.090323, 27.857944], [85.090343, 27.857944], [85.090344, 27.857926], [85.090364, 27.857926], [85.090364, 27.857908], [85.090384, 27.857908], [85.090384, 27.857926], [85.090404, 27.857927], [85.090404, 27.857945], [85.090424, 27.857945], [85.090425, 27.857891], [85.090405, 27.857891], [85.090405, 27.857873], [85.090426, 27.857873], [85.090426, 27.857855], [85.090446, 27.857855], [85.090447, 27.857837], [85.090467, 27.857837], [85.090467, 27.857855], [85.090487, 27.857856], [85.090487, 27.857874], [85.090507, 27.857874], [85.090507, 27.857892], [85.090527, 27.857892], [85.090527, 27.85791], [85.090547, 27.857911], [85.090548, 27.857875], [85.090527, 27.857874], [85.090528, 27.857856], [85.090548, 27.857857], [85.090548, 27.857839], [85.090568, 27.857839], [85.090569, 27.857821], [85.090609, 27.857821], [85.09061, 27.857803], [85.09063, 27.857804], [85.09063, 27.857785], [85.090651, 27.857786], [85.09065, 27.857804], [85.090671, 27.857804], [85.09067, 27.857822], [85.090691, 27.857822], [85.09069, 27.85784], [85.090711, 27.857841], [85.09071, 27.857859], [85.09069, 27.857859], [85.09069, 27.857877], [85.09071, 27.857877], [85.090709, 27.857913], [85.090689, 27.857913], [85.090689, 27.857931], [85.090668, 27.85793], [85.090668, 27.857948], [85.090648, 27.857948], [85.090647, 27.857966], [85.090607, 27.857966], [85.090607, 27.857948], [85.090587, 27.857947], [85.090587, 27.857929], [85.090567, 27.857929], [85.090566, 27.857983], [85.090586, 27.857983], [85.090585, 27.858038], [85.090565, 27.858037], [85.090565, 27.858055], [85.090544, 27.858055], [85.090544, 27.858073], [85.090524, 27.858073], [85.090523, 27.858091], [85.090483, 27.85809], [85.090483, 27.858108], [85.090462, 27.858108], [85.090462, 27.858126], [85.090442, 27.858126], [85.090441, 27.858144], [85.09038, 27.858143], [85.09038, 27.858161], [85.09036, 27.858161], [85.090359, 27.858197], [85.090339, 27.858197], [85.090339, 27.858215], [85.090318, 27.858214], [85.090318, 27.858232], [85.090338, 27.858233], [85.090337, 27.858323], [85.090316, 27.858323], [85.090316, 27.858341], [85.090296, 27.85834], [85.090295, 27.858358], [85.090275, 27.858358], [85.090275, 27.858376], [85.090254, 27.858376]]]}, "properties": {"layer": "stripped vegetation, day 2", "note": "cloud-free 59% of corridor only"}}, {"type": "Feature", "geometry": {"type": "Polygon", "coordinates": [[[85.085026, 27.857744], [85.085026, 27.857726], [85.085006, 27.857726], [85.085006, 27.857708], [85.084986, 27.857707], [85.084986, 27.857689], [85.085007, 27.857689], [85.085007, 27.857671], [85.085027, 27.857672], [85.085028, 27.857654], [85.085129, 27.857655], [85.085129, 27.857673], [85.085149, 27.857673], [85.085149, 27.857691], [85.085169, 27.857692], [85.085169, 27.85771], [85.085148, 27.857709], [85.085148, 27.857728], [85.085128, 27.857727], [85.085128, 27.857745], [85.085026, 27.857744]]]}, "properties": {"layer": "stripped vegetation, day 2", "note": "cloud-free 59% of corridor only"}}, {"type": "Feature", "geometry": {"type": "Polygon", "coordinates": [[[85.086669, 27.857839], [85.08667, 27.857821], [85.086649, 27.857821], [85.08665, 27.857803], [85.086629, 27.857802], [85.08663, 27.857766], [85.08665, 27.857766], [85.086651, 27.85773], [85.086671, 27.857731], [85.086672, 27.857713], [85.086692, 27.857713], [85.086693, 27.857641], [85.086713, 27.857641], [85.086714, 27.857623], [85.086734, 27.857623], [85.086734, 27.857605], [85.086755, 27.857605], [85.086755, 27.857587], [85.086836, 27.857589], [85.086836, 27.857607], [85.086876, 27.857607], [85.086877, 27.857589], [85.086938, 27.85759], [85.086937, 27.857608], [85.086958, 27.857608], [85.086957, 27.857626], [85.086978, 27.857627], [85.086977, 27.857663], [85.086957, 27.857662], [85.086956, 27.85768], [85.086936, 27.85768], [85.086936, 27.857698], [85.086895, 27.857698], [85.086895, 27.85768], [85.086875, 27.857679], [85.086876, 27.857661], [85.086835, 27.857661], [85.086835, 27.857679], [85.086814, 27.857678], [85.086813, 27.857733], [85.086793, 27.857732], [85.086792, 27.857768], [85.086772, 27.857768], [85.086772, 27.857786], [85.086751, 27.857786], [85.086751, 27.857804], [85.086731, 27.857804], [85.086731, 27.857822], [85.08671, 27.857821], [85.08671, 27.857839], [85.086669, 27.857839]]]}, "properties": {"layer": "stripped vegetation, day 2", "note": "cloud-free 59% of corridor only"}}, {"type": "Feature", "geometry": {"type": "Polygon", "coordinates": [[[85.107009, 27.859509], [85.10701, 27.859491], [85.106989, 27.859491], [85.10699, 27.859473], [85.106969, 27.859473], [85.10697, 27.859455], [85.106949, 27.859454], [85.10695, 27.859436], [85.10693, 27.859436], [85.10693, 27.859418], [85.10691, 27.859418], [85.10691, 27.8594], [85.10689, 27.859399], [85.10689, 27.859381], [85.10691, 27.859382], [85.106911, 27.859346], [85.10689, 27.859345], [85.106891, 27.859327], [85.10685, 27.859327], [85.10685, 27.859309], [85.10683, 27.859308], [85.10683, 27.85929], [85.10681, 27.85929], [85.106811, 27.859218], [85.106771, 27.859217], [85.106771, 27.859199], [85.106751, 27.859199], [85.106751, 27.859181], [85.106731, 27.859181], [85.106731, 27.859163], [85.106711, 27.859162], [85.106712, 27.859108], [85.106692, 27.859108], [85.106692, 27.85909], [85.106672, 27.85909], [85.106673, 27.858981], [85.106653, 27.858981], [85.106653, 27.858963], [85.106613, 27.858962], [85.106613, 27.858944], [85.106593, 27.858944], [85.106593, 27.858926], [85.106573, 27.858926], [85.106573, 27.858908], [85.106553, 27.858907], [85.106553, 27.858889], [85.106533, 27.858889], [85.106533, 27.858871], [85.106513, 27.858871], [85.106513, 27.858853], [85.106493, 27.858853], [85.106493, 27.858834], [85.106473, 27.858834], [85.106473, 27.858798], [85.106453, 27.858798], [85.106454, 27.85878], [85.106433, 27.85878], [85.106434, 27.858761], [85.106413, 27.858761], [85.106414, 27.858743], [85.106373, 27.858743], [85.106373, 27.858725], [85.106353, 27.858724], [85.106353, 27.858706], [85.106333, 27.858706], [85.106333, 27.858688], [85.106313, 27.858688], [85.106313, 27.85867], [85.106293, 27.858669], [85.106293, 27.858651], [85.106273, 27.858651], [85.106274, 27.858579], [85.106234, 27.858578], [85.106234, 27.85856], [85.106153, 27.858559], [85.106153, 27.858541], [85.106133, 27.858541], [85.106133, 27.858523], [85.106113, 27.858522], [85.106113, 27.858486], [85.105992, 27.858485], [85.105992, 27.858467], [85.105931, 27.858466], [85.105931, 27.858484], [85.10589, 27.858483], [85.10589, 27.858465], [85.105829, 27.858464], [85.10583, 27.858446], [85.105749, 27.858445], [85.105749, 27.858427], [85.105525, 27.858424], [85.105526, 27.858406], [85.105465, 27.858405], [85.105465, 27.858423], [85.105424, 27.858423], [85.105424, 27.858405], [85.105404, 27.858404], [85.105404, 27.858422], [85.105241, 27.85842], [85.105241, 27.858438], [85.105221, 27.858438], [85.105221, 27.85842], [85.105059, 27.858418], [85.105058, 27.858436], [85.104774, 27.858432], [85.104774, 27.85845], [85.10453, 27.858447], [85.10453, 27.858465], [85.104469, 27.858464], [85.104469, 27.858446], [85.104449, 27.858445], [85.104448, 27.858463], [85.103839, 27.858455], [85.103839, 27.858473], [85.103636, 27.85847], [85.103636, 27.858488], [85.103392, 27.858485], [85.103392, 27.858503], [85.103087, 27.858499], [85.103087, 27.858517], [85.102985, 27.858516], [85.102986, 27.858497], [85.102965, 27.858497], [85.102965, 27.858515], [85.102843, 27.858514], [85.102843, 27.858532], [85.102802, 27.858531], [85.102802, 27.858549], [85.102782, 27.858549], [85.102782, 27.858531], [85.102721, 27.85853], [85.102721, 27.858548], [85.1027, 27.858548], [85.102701, 27.85853], [85.102538, 27.858527], [85.102539, 27.858509], [85.102498, 27.858509], [85.102498, 27.858527], [85.102477, 27.858527], [85.102478, 27.858509], [85.102417, 27.858508], [85.102417, 27.85849], [85.102336, 27.858489], [85.102336, 27.858507], [85.102315, 27.858506], [85.102315, 27.858542], [85.102335, 27.858543], [85.102334, 27.858579], [85.102314, 27.858578], [85.102314, 27.858597], [85.102293, 27.858596], [85.102293, 27.858614], [85.102253, 27.858614], [85.102253, 27.858596], [85.102233, 27.858595], [85.102233, 27.858577], [85.102213, 27.858577], [85.102213, 27.858559], [85.102193, 27.858559], [85.102193, 27.858541], [85.102173, 27.85854], [85.102172, 27.858558], [85.102152, 27.858558], [85.102152, 27.85854], [85.102132, 27.85854], [85.102132, 27.858522], [85.102112, 27.858522], [85.102112, 27.858504], [85.102133, 27.858504], [85.102133, 27.858486], [85.102153, 27.858486], [85.102154, 27.858468], [85.102174, 27.858468], [85.102174, 27.858486], [85.102194, 27.858487], [85.102194, 27.858505], [85.102214, 27.858505], [85.102215, 27.858451], [85.102235, 27.858451], [85.102235, 27.858433], [85.102256, 27.858433], [85.102256, 27.858415], [85.102297, 27.858416], [85.102296, 27.858434], [85.102317, 27.858434], [85.102317, 27.858416], [85.102337, 27.858416], [85.102338, 27.858398], [85.102358, 27.858399], [85.102358, 27.858381], [85.102378, 27.858381], [85.10238, 27.858273], [85.102401, 27.858273], [85.102401, 27.858255], [85.102421, 27.858255], [85.102422, 27.858237], [85.102482, 27.858238], [85.102483, 27.85822], [85.102564, 27.858221], [85.102564, 27.858239], [85.102584, 27.858239], [85.102584, 27.858221], [85.102605, 27.858221], [85.102604, 27.85824], [85.102625, 27.85824], [85.102624, 27.858258], [85.102645, 27.858258], [85.102644, 27.858276], [85.102665, 27.858276], [85.102665, 27.858258], [85.102685, 27.858259], [85.102686, 27.858205], [85.102646, 27.858204], [85.102645, 27.858222], [85.102625, 27.858222], [85.102625, 27.858204], [85.102605, 27.858203], [85.102605, 27.858185], [85.102585, 27.858185], [85.102585, 27.858167], [85.102606, 27.858167], [85.102606, 27.858149], [85.102626, 27.85815], [85.102626, 27.858132], [85.102647, 27.858132], [85.102646, 27.85815], [85.102667, 27.85815], [85.102667, 27.858132], [85.102687, 27.858132], [85.102688, 27.858114], [85.102708, 27.858115], [85.102709, 27.858079], [85.102688, 27.858078], [85.102689, 27.858042], [85.102709, 27.858042], [85.10271, 27.858024], [85.102689, 27.858024], [85.10269, 27.858006], [85.102669, 27.858006], [85.102669, 27.858042], [85.102648, 27.858042], [85.102648, 27.85806], [85.102628, 27.858059], [85.102627, 27.858095], [85.102607, 27.858095], [85.102607, 27.858113], [85.102586, 27.858113], [85.102586, 27.858131], [85.102566, 27.858131], [85.102566, 27.858113], [85.102525, 27.858112], [85.102525, 27.85813], [85.102484, 27.85813], [85.102485, 27.858112], [85.102343, 27.85811], [85.102342, 27.858128], [85.102322, 27.858127], [85.102322, 27.858145], [85.102281, 27.858145], [85.102281, 27.858163], [85.102159, 27.858161], [85.102159, 27.858143], [85.102078, 27.858142], [85.102078, 27.85816], [85.102037, 27.85816], [85.102037, 27.858141], [85.102017, 27.858141], [85.102017, 27.858159], [85.101996, 27.858159], [85.101997, 27.858141], [85.101976, 27.858141], [85.101977, 27.858123], [85.101956, 27.858122], [85.101957, 27.858104], [85.101936, 27.858104], [85.101937, 27.858086], [85.101916, 27.858086], [85.101917, 27.858068], [85.101856, 27.858067], [85.101856, 27.858085], [85.101754, 27.858083], [85.101754, 27.858101], [85.101733, 27.858101], [85.101734, 27.858083], [85.101713, 27.858083], [85.101713, 27.858101], [85.101632, 27.8581], [85.101631, 27.858136], [85.101611, 27.858136], [85.101611, 27.858154], [85.10159, 27.858153], [85.10159, 27.858171], [85.101509, 27.85817], [85.101509, 27.858188], [85.101488, 27.858188], [85.101488, 27.858206], [85.101427, 27.858205], [85.101427, 27.858187], [85.101346, 27.858186], [85.101346, 27.858204], [85.101265, 27.858203], [85.101264, 27.858221], [85.101203, 27.85822], [85.101204, 27.858202], [85.101163, 27.858202], [85.101163, 27.85822], [85.101061, 27.858218], [85.101061, 27.858236], [85.10098, 27.858235], [85.100979, 27.858253], [85.100939, 27.858253], [85.100938, 27.858271], [85.100918, 27.85827], [85.100918, 27.858289], [85.100898, 27.858288], [85.100897, 27.858306], [85.100836, 27.858305], [85.100836, 27.858323], [85.100795, 27.858323], [85.100795, 27.858341], [85.100775, 27.858341], [85.100774, 27.858359], [85.100754, 27.858358], [85.100754, 27.858377], [85.100673, 27.858375], [85.100673, 27.858357], [85.100653, 27.858357], [85.100652, 27.858375], [85.100612, 27.858375], [85.100611, 27.858393], [85.100571, 27.858392], [85.10057, 27.85841], [85.10053, 27.85841], [85.10053, 27.858428], [85.100509, 27.858427], [85.100509, 27.858445], [85.100489, 27.858445], [85.100488, 27.858481], [85.100468, 27.858481], [85.100467, 27.858499], [85.100447, 27.858499], [85.100447, 27.858517], [85.100426, 27.858516], [85.100426, 27.858534], [85.100406, 27.858534], [85.100406, 27.858552], [85.100385, 27.858552], [85.100385, 27.85857], [85.100365, 27.85857], [85.100364, 27.858588], [85.100324, 27.858587], [85.100323, 27.858605], [85.100303, 27.858605], [85.100303, 27.858623], [85.100282, 27.858623], [85.100282, 27.858641], [85.100262, 27.85864], [85.100262, 27.858659], [85.100241, 27.858658], [85.100241, 27.858676], [85.100221, 27.858676], [85.10022, 27.858694], [85.1002, 27.858694], [85.1002, 27.858712], [85.100179, 27.858712], [85.100179, 27.85873], [85.100159, 27.858729], [85.100158, 27.858747], [85.100138, 27.858747], [85.100138, 27.858765], [85.100077, 27.858764], [85.100077, 27.858782], [85.100036, 27.858782], [85.100036, 27.8588], [85.100015, 27.8588], [85.100015, 27.858818], [85.099974, 27.858817], [85.099974, 27.858835], [85.099893, 27.858834], [85.099892, 27.85887], [85.099872, 27.85887], [85.099872, 27.858888], [85.099851, 27.858888], [85.099851, 27.858906], [85.099831, 27.858905], [85.09983, 27.858923], [85.09981, 27.858923], [85.09981, 27.858941], [85.099769, 27.858941], [85.099769, 27.858959], [85.099749, 27.858958], [85.099748, 27.858976], [85.099708, 27.858976], [85.099707, 27.858994], [85.099687, 27.858994], [85.099687, 27.859012], [85.099646, 27.859011], [85.099646, 27.859029], [85.099626, 27.859029], [85.099625, 27.859047], [85.099605, 27.859047], [85.099605, 27.859065], [85.099584, 27.859064], [85.099584, 27.859082], [85.099543, 27.859082], [85.099542, 27.859136], [85.099522, 27.859136], [85.099522, 27.859154], [85.099501, 27.859153], [85.099501, 27.859171], [85.099481, 27.859171], [85.099481, 27.859189], [85.09946, 27.859189], [85.09946, 27.859207], [85.09944, 27.859207], [85.099439, 27.859225], [85.099419, 27.859224], [85.099419, 27.859243], [85.099358, 27.859242], [85.099357, 27.85926], [85.099337, 27.859259], [85.099337, 27.859241], [85.099317, 27.859241], [85.099317, 27.859259], [85.099297, 27.859259], [85.099296, 27.859277], [85.099215, 27.859276], [85.099215, 27.859294], [85.099194, 27.859294], [85.099194, 27.859312], [85.099174, 27.859311], [85.099173, 27.859329], [85.099153, 27.859329], [85.099153, 27.859347], [85.099072, 27.859346], [85.099071, 27.859364], [85.099051, 27.859364], [85.099051, 27.859382], [85.09903, 27.859382], [85.099031, 27.859364], [85.09901, 27.859363], [85.099011, 27.859345], [85.09899, 27.859345], [85.098991, 27.859327], [85.099011, 27.859327], [85.099011, 27.859309], [85.099032, 27.859309], [85.099032, 27.859291], [85.099052, 27.859292], [85.099053, 27.859274], [85.099032, 27.859273], [85.099033, 27.859255], [85.099012, 27.859255], [85.099013, 27.859237], [85.099033, 27.859237], [85.099034, 27.859183], [85.098912, 27.859181], [85.098912, 27.859199], [85.098891, 27.859199], [85.098892, 27.859181], [85.098871, 27.859181], [85.098872, 27.859163], [85.098851, 27.859163], [85.098852, 27.859126], [85.098872, 27.859127], [85.098873, 27.859109], [85.098852, 27.859108], [85.098853, 27.85909], [85.098873, 27.859091], [85.098873, 27.859073], [85.098894, 27.859073], [85.098894, 27.859055], [85.098914, 27.859055], [85.098915, 27.859037], [85.098935, 27.859037], [85.098935, 27.859019], [85.098976, 27.85902], [85.098977, 27.858966], [85.098997, 27.858966], [85.098997, 27.858948], [85.099018, 27.858948], [85.099018, 27.85893], [85.099038, 27.85893], [85.099039, 27.858912], [85.099079, 27.858913], [85.099079, 27.858931], [85.099099, 27.858931], [85.0991, 27.858913], [85.09912, 27.858914], [85.09912, 27.858895], [85.0991, 27.858895], [85.0991, 27.858877], [85.09908, 27.858877], [85.09908, 27.858859], [85.09906, 27.858859], [85.09906, 27.858841], [85.09904, 27.85884], [85.09904, 27.858822], [85.09902, 27.858822], [85.09902, 27.858804], [85.09904, 27.858804], [85.099041, 27.858786], [85.099061, 27.858786], [85.099061, 27.858768], [85.099082, 27.858769], [85.099082, 27.858751], [85.099102, 27.858751], [85.099103, 27.858733], [85.099123, 27.858733], [85.099123, 27.858715], [85.099144, 27.858715], [85.099144, 27.858697], [85.099164, 27.858698], [85.099165, 27.85868], [85.099144, 27.858679], [85.099145, 27.858661], [85.099165, 27.858661], [85.099165, 27.858643], [85.099185, 27.858644], [85.099186, 27.858626], [85.099206, 27.858626], [85.099206, 27.858608], [85.099247, 27.858608], [85.099247, 27.858626], [85.099287, 27.858627], [85.099288, 27.858609], [85.099328, 27.85861], [85.099328, 27.858628], [85.099348, 27.858628], [85.099348, 27.858646], [85.099368, 27.858646], [85.099368, 27.858628], [85.09947, 27.85863], [85.09947, 27.858612], [85.099511, 27.858612], [85.099511, 27.858594], [85.099572, 27.858595], [85.099572, 27.858577], [85.099593, 27.858577], [85.099592, 27.858595], [85.099613, 27.858595], [85.099612, 27.858613], [85.099633, 27.858614], [85.099633, 27.858596], [85.099653, 27.858596], [85.099654, 27.858578], [85.099674, 27.858578], [85.099674, 27.85856], [85.099715, 27.858561], [85.099715, 27.858543], [85.099736, 27.858543], [85.099736, 27.858525], [85.099776, 27.858525], [85.099777, 27.858507], [85.099817, 27.858508], [85.099817, 27.858526], [85.099837, 27.858526], [85.099838, 27.858508], [85.099878, 27.858509], [85.099878, 27.858527], [85.099959, 27.858528], [85.099959, 27.85851], [85.1, 27.858511], [85.1, 27.858492], [85.100082, 27.858494], [85.100082, 27.858458], [85.100103, 27.858458], [85.100103, 27.85844], [85.100083, 27.858439], [85.100083, 27.858421], [85.100063, 27.858421], [85.100063, 27.858403], [85.100043, 27.858403], [85.100043, 27.858385], [85.100063, 27.858385], [85.100064, 27.858367], [85.100084, 27.858367], [85.100084, 27.858349], [85.100125, 27.85835], [85.100125, 27.858332], [85.100145, 27.858332], [85.100146, 27.858314], [85.100166, 27.858314], [85.100166, 27.858332], [85.100186, 27.858333], [85.100186, 27.858351], [85.100206, 27.858351], [85.100206, 27.858333], [85.100227, 27.858333], [85.100227, 27.858315], [85.100207, 27.858315], [85.100207, 27.858297], [85.100227, 27.858297], [85.100228, 27.858279], [85.100248, 27.858279], [85.100248, 27.858261], [85.100289, 27.858262], [85.100289, 27.858244], [85.100309, 27.858244], [85.10031, 27.858226], [85.10033, 27.858226], [85.10033, 27.858208], [85.100351, 27.858209], [85.10035, 27.858227], [85.100411, 27.858227], [85.100411, 27.858245], [85.100431, 27.858246], [85.100432, 27.858228], [85.100452, 27.858228], [85.100453, 27.858138], [85.100474, 27.858138], [85.100474, 27.85812], [85.100494, 27.85812], [85.100495, 27.858102], [85.100535, 27.858103], [85.100536, 27.858067], [85.100556, 27.858067], [85.100556, 27.858049], [85.100577, 27.858049], [85.100577, 27.858031], [85.100597, 27.858031], [85.100598, 27.858013], [85.100659, 27.858014], [85.100659, 27.857996], [85.100679, 27.857996], [85.10068, 27.857978], [85.1007, 27.857979], [85.1007, 27.857943], [85.100721, 27.857943], [85.100721, 27.857925], [85.100741, 27.857925], [85.100742, 27.857907], [85.100782, 27.857908], [85.100782, 27.857926], [85.100802, 27.857926], [85.100802, 27.857944], [85.100822, 27.857944], [85.100822, 27.857962], [85.100802, 27.857962], [85.100801, 27.85798], [85.100781, 27.85798], [85.100781, 27.857998], [85.10076, 27.857998], [85.10076, 27.858034], [85.1008, 27.858034], [85.100801, 27.858016], [85.100821, 27.858016], [85.100821, 27.857998], [85.100842, 27.857999], [85.100841, 27.858017], [85.100923, 27.858018], [85.100923, 27.858], [85.100943, 27.858], [85.100944, 27.857982], [85.100964, 27.857982], [85.100964, 27.857964], [85.101005, 27.857965], [85.101005, 27.857947], [85.101025, 27.857947], [85.101026, 27.857929], [85.101087, 27.85793], [85.101086, 27.857948], [85.101107, 27.857948], [85.101106, 27.857966], [85.101127, 27.857967], [85.101126, 27.858003], [85.101167, 27.858003], [85.101166, 27.858021], [85.101187, 27.858021], [85.101186, 27.85804], [85.101207, 27.85804], [85.101206, 27.858094], [85.101246, 27.858095], [85.101247, 27.85804], [85.101227, 27.85804], [85.101227, 27.858022], [85.101207, 27.858022], [85.101207, 27.857986], [85.101228, 27.857986], [85.101228, 27.857968], [85.101248, 27.857968], [85.101249, 27.85795], [85.101269, 27.85795], [85.101269, 27.857968], [85.101289, 27.857969], [85.101289, 27.857987], [85.101329, 27.857987], [85.10133, 27.857951], [85.10135, 27.857952], [85.101351, 27.857933], [85.101371, 27.857934], [85.101371, 27.857916], [85.101412, 27.857916], [85.101412, 27.857898], [85.101432, 27.857899], [85.101433, 27.85788], [85.101453, 27.857881], [85.101453, 27.857899], [85.101473, 27.857899], [85.101473, 27.857917], [85.101493, 27.857917], [85.101493, 27.857935], [85.101513, 27.857936], [85.101513, 27.857954], [85.101574, 27.857955], [85.101573, 27.857973], [85.101614, 27.857973], [85.101614, 27.857955], [85.101594, 27.857955], [85.101594, 27.857937], [85.101574, 27.857937], [85.101574, 27.857919], [85.101594, 27.857919], [85.101595, 27.857901], [85.101615, 27.857901], [85.101615, 27.857883], [85.101636, 27.857883], [85.101635, 27.857901], [85.101656, 27.857902], [85.101655, 27.85792], [85.101676, 27.85792], [85.101675, 27.857938], [85.101716, 27.857939], [85.101717, 27.857902], [85.101737, 27.857903], [85.101738, 27.857867], [85.101717, 27.857866], [85.101718, 27.857848], [85.101697, 27.857848], [85.101698, 27.85783], [85.101677, 27.85783], [85.101678, 27.857812], [85.101698, 27.857812], [85.101698, 27.857794], [85.101718, 27.857794], [85.101719, 27.857776], [85.101739, 27.857776], [85.101739, 27.857794], [85.101759, 27.857795], [85.101759, 27.857813], [85.101779, 27.857813], [85.101779, 27.857831], [85.101799, 27.857831], [85.101799, 27.857849], [85.101778, 27.857849], [85.101778, 27.857867], [85.101798, 27.857867], [85.101798, 27.857886], [85.101839, 27.857886], [85.101839, 27.857868], [85.101859, 27.857868], [85.10186, 27.85785], [85.10188, 27.857851], [85.10188, 27.857832], [85.101901, 27.857833], [85.1019, 27.857851], [85.101921, 27.857851], [85.10192, 27.857869], [85.101941, 27.857869], [85.10194, 27.857887], [85.10192, 27.857887], [85.10192, 27.857905], [85.101899, 27.857905], [85.101899, 27.857923], [85.10194, 27.857924], [85.101939, 27.857942], [85.10196, 27.857942], [85.10196, 27.857924], [85.10198, 27.857924], [85.101981, 27.857906], [85.102001, 27.857906], [85.102001, 27.857924], [85.102041, 27.857925], [85.102041, 27.857907], [85.102062, 27.857907], [85.102061, 27.857925], [85.102082, 27.857926], [85.102081, 27.857944], [85.102142, 27.857944], [85.102142, 27.857962], [85.102183, 27.857963], [85.102182, 27.857981], [85.102223, 27.857982], [85.102223, 27.858], [85.102263, 27.858], [85.102264, 27.857982], [85.102324, 27.857983], [85.102324, 27.858001], [85.102385, 27.858002], [85.102385, 27.857984], [85.102426, 27.857984], [85.102426, 27.857966], [85.102447, 27.857967], [85.102447, 27.857949], [85.102488, 27.857949], [85.102488, 27.857931], [85.102508, 27.857931], [85.102508, 27.857913], [85.102529, 27.857914], [85.102529, 27.857896], [85.102549, 27.857896], [85.10255, 27.857878], [85.10259, 27.857878], [85.10259, 27.857896], [85.10261, 27.857897], [85.10261, 27.857915], [85.102651, 27.857915], [85.102651, 27.857897], [85.102691, 27.857898], [85.102691, 27.857916], [85.102833, 27.857918], [85.102834, 27.8579], [85.102895, 27.857901], [85.102895, 27.857883], [85.102915, 27.857883], [85.102915, 27.857901], [85.102935, 27.857901], [85.102935, 27.857919], [85.102955, 27.857919], [85.102955, 27.857938], [85.102934, 27.857937], [85.102934, 27.857955], [85.102914, 27.857955], [85.102914, 27.857973], [85.102873, 27.857972], [85.102873, 27.857991], [85.102852, 27.85799], [85.102852, 27.858008], [85.102832, 27.858008], [85.102831, 27.858026], [85.102852, 27.858026], [85.102851, 27.858044], [85.102872, 27.858045], [85.102871, 27.858063], [85.102892, 27.858063], [85.102891, 27.858099], [85.102871, 27.858099], [85.10287, 27.858117], [85.102891, 27.858117], [85.10289, 27.858135], [85.102931, 27.858136], [85.102932, 27.858082], [85.102952, 27.858082], [85.102953, 27.858064], [85.102932, 27.858064], [85.102933, 27.858046], [85.102953, 27.858046], [85.102953, 27.858028], [85.102974, 27.858028], [85.102974, 27.85801], [85.102994, 27.85801], [85.102994, 27.858028], [85.103014, 27.858029], [85.103014, 27.858047], [85.103034, 27.858047], [85.103034, 27.858065], [85.103054, 27.858065], [85.103055, 27.858029], [85.103034, 27.858029], [85.103035, 27.858011], [85.103055, 27.858011], [85.103055, 27.857993], [85.103076, 27.857993], [85.103076, 27.857975], [85.103117, 27.857976], [85.103117, 27.857958], [85.103218, 27.857959], [85.103219, 27.857941], [85.10332, 27.857943], [85.103321, 27.857925], [85.103341, 27.857925], [85.103341, 27.857907], [85.103362, 27.857907], [85.103361, 27.857925], [85.103381, 27.857925], [85.103381, 27.857943], [85.103483, 27.857945], [85.103482, 27.857963], [85.103503, 27.857963], [85.103502, 27.857981], [85.103523, 27.857981], [85.103522, 27.857999], [85.103543, 27.858], [85.103542, 27.858018], [85.103624, 27.858019], [85.103624, 27.858001], [85.103664, 27.858001], [85.103664, 27.858019], [85.103786, 27.858021], [85.103786, 27.858039], [85.103887, 27.858041], [85.103888, 27.858023], [85.103928, 27.858023], [85.103928, 27.858041], [85.103948, 27.858041], [85.103948, 27.858059], [85.103988, 27.85806], [85.103988, 27.858078], [85.104008, 27.858078], [85.104008, 27.858096], [85.104028, 27.858097], [85.104028, 27.858115], [85.104069, 27.858115], [85.104069, 27.858097], [85.10417, 27.858099], [85.104171, 27.858081], [85.104191, 27.858081], [85.104191, 27.858099], [85.104252, 27.8581], [85.104251, 27.858118], [85.104312, 27.858119], [85.104313, 27.858101], [85.104333, 27.858101], [85.104333, 27.858083], [85.104374, 27.858083], [85.104374, 27.858101], [85.104394, 27.858102], [85.104394, 27.85812], [85.104414, 27.85812], [85.104414, 27.858102], [85.104597, 27.858104], [85.104597, 27.858086], [85.104617, 27.858087], [85.104617, 27.858105], [85.104637, 27.858105], [85.104637, 27.858123], [85.104657, 27.858123], [85.104657, 27.858141], [85.104677, 27.858142], [85.104677, 27.85816], [85.104718, 27.85816], [85.104718, 27.858142], [85.104738, 27.858143], [85.104739, 27.858124], [85.104759, 27.858125], [85.104759, 27.858107], [85.10478, 27.858107], [85.104779, 27.858125], [85.104901, 27.858127], [85.104901, 27.858145], [85.105124, 27.858148], [85.105124, 27.858166], [85.105246, 27.858168], [85.105246, 27.85815], [85.105266, 27.85815], [85.105266, 27.858168], [85.105327, 27.858169], [85.105327, 27.858133], [85.105348, 27.858133], [85.105348, 27.858115], [85.105368, 27.858115], [85.105369, 27.858097], [85.105389, 27.858097], [85.105389, 27.858115], [85.105409, 27.858116], [85.105409, 27.858134], [85.105429, 27.858134], [85.105429, 27.858152], [85.105449, 27.858152], [85.105449, 27.85817], [85.105489, 27.858171], [85.10549, 27.858153], [85.10553, 27.858153], [85.10553, 27.858171], [85.10555, 27.858172], [85.10555, 27.85819], [85.10559, 27.85819], [85.105591, 27.858172], [85.105631, 27.858173], [85.105631, 27.858191], [85.105672, 27.858191], [85.105671, 27.85821], [85.105712, 27.85821], [85.105712, 27.858228], [85.105732, 27.858228], [85.105732, 27.858246], [85.105813, 27.858248], [85.105813, 27.858266], [85.105873, 27.858266], [85.105873, 27.858284], [85.105893, 27.858285], [85.105893, 27.858303], [85.105913, 27.858303], [85.105914, 27.858285], [85.105995, 27.858286], [85.105995, 27.858304], [85.106035, 27.858305], [85.106035, 27.858323], [85.106096, 27.858324], [85.106096, 27.858342], [85.106177, 27.858343], [85.106176, 27.858361], [85.106217, 27.858361], [85.106217, 27.858343], [85.106238, 27.858344], [85.106238, 27.858326], [85.106258, 27.858326], [85.106258, 27.858344], [85.106278, 27.858344], [85.106278, 27.858362], [85.106319, 27.858363], [85.106318, 27.858381], [85.106359, 27.858381], [85.106359, 27.858399], [85.106379, 27.8584], [85.106379, 27.858418], [85.106419, 27.858418], [85.106419, 27.8584], [85.10644, 27.858401], [85.106439, 27.858419], [85.10648, 27.858419], [85.10648, 27.858437], [85.10652, 27.858438], [85.10652, 27.858456], [85.10654, 27.858456], [85.10654, 27.858474], [85.10656, 27.858474], [85.10656, 27.858492], [85.10658, 27.858493], [85.10658, 27.858511], [85.1066, 27.858511], [85.1066, 27.858529], [85.106641, 27.85853], [85.10664, 27.858548], [85.106661, 27.858548], [85.10666, 27.858566], [85.106681, 27.858566], [85.10668, 27.858584], [85.106701, 27.858585], [85.1067, 27.858621], [85.10672, 27.858621], [85.10672, 27.858639], [85.106761, 27.85864], [85.10676, 27.858658], [85.106781, 27.858658], [85.10678, 27.858676], [85.106801, 27.858676], [85.1068, 27.858694], [85.106821, 27.858695], [85.10682, 27.858731], [85.10684, 27.858731], [85.10684, 27.858767], [85.10686, 27.858767], [85.10686, 27.858785], [85.10688, 27.858786], [85.10688, 27.858804], [85.10692, 27.858804], [85.10692, 27.858822], [85.10694, 27.858823], [85.10694, 27.858841], [85.10696, 27.858841], [85.10696, 27.858859], [85.10698, 27.858859], [85.10698, 27.858877], [85.107, 27.858878], [85.107, 27.858896], [85.10702, 27.858896], [85.107019, 27.858932], [85.10704, 27.858932], [85.107039, 27.858986], [85.107059, 27.858987], [85.107059, 27.859023], [85.107079, 27.859023], [85.107079, 27.859041], [85.107058, 27.859041], [85.107058, 27.859059], [85.107038, 27.859059], [85.107036, 27.859131], [85.107057, 27.859131], [85.107055, 27.859203], [85.107076, 27.859203], [85.107075, 27.859222], [85.107096, 27.859222], [85.107095, 27.859276], [85.107115, 27.859276], [85.107114, 27.859312], [85.107135, 27.859313], [85.107134, 27.859331], [85.107155, 27.859331], [85.107154, 27.859385], [85.107174, 27.859385], [85.107173, 27.859439], [85.107193, 27.85944], [85.107193, 27.859458], [85.107213, 27.859458], [85.107213, 27.859476], [85.107193, 27.859476], [85.107193, 27.859494], [85.107172, 27.859494], [85.107172, 27.859512], [85.107152, 27.859511], [85.107152, 27.859493], [85.107091, 27.859492], [85.107091, 27.859474], [85.107051, 27.859474], [85.10705, 27.859492], [85.10703, 27.859492], [85.10703, 27.85951], [85.107009, 27.859509]]]}, "properties": {"layer": "stripped vegetation, day 2", "note": "cloud-free 59% of corridor only"}}, {"type": "Feature", "geometry": {"type": "Polygon", "coordinates": [[[85.089459, 27.860892], [85.089459, 27.860874], [85.089439, 27.860873], [85.089439, 27.860855], [85.089419, 27.860855], [85.089419, 27.860837], [85.089399, 27.860837], [85.0894, 27.860801], [85.089379, 27.8608], [85.08938, 27.860782], [85.089359, 27.860782], [85.08936, 27.860746], [85.08934, 27.860746], [85.08934, 27.860728], [85.08932, 27.860727], [85.08932, 27.860709], [85.089259, 27.860709], [85.089259, 27.86069], [85.089178, 27.860689], [85.089178, 27.860671], [85.089138, 27.860671], [85.089138, 27.860653], [85.089118, 27.860652], [85.089118, 27.86067], [85.089097, 27.86067], [85.089097, 27.860688], [85.089077, 27.860688], [85.089076, 27.860706], [85.089056, 27.860706], [85.089056, 27.860688], [85.089036, 27.860687], [85.089036, 27.860669], [85.089016, 27.860669], [85.089017, 27.860633], [85.088996, 27.860633], [85.088997, 27.860615], [85.089017, 27.860615], [85.089017, 27.860597], [85.089038, 27.860597], [85.089038, 27.860579], [85.089099, 27.86058], [85.089099, 27.860544], [85.089079, 27.860544], [85.089079, 27.860526], [85.089059, 27.860525], [85.089059, 27.860507], [85.089039, 27.860507], [85.089039, 27.860525], [85.089019, 27.860525], [85.089018, 27.860561], [85.088998, 27.860561], [85.088997, 27.860579], [85.088977, 27.860578], [85.088977, 27.860596], [85.088956, 27.860596], [85.088956, 27.860614], [85.088936, 27.860614], [85.088936, 27.860596], [85.088916, 27.860595], [85.088916, 27.860577], [85.088896, 27.860577], [85.088896, 27.860559], [85.088916, 27.860559], [85.088917, 27.860541], [85.088876, 27.860541], [85.088876, 27.860523], [85.088856, 27.860522], [85.088856, 27.860504], [85.088836, 27.860504], [85.088837, 27.860468], [85.088857, 27.860468], [85.088857, 27.86045], [85.088878, 27.860451], [85.088878, 27.860433], [85.088898, 27.860433], [85.088899, 27.860379], [85.08892, 27.860379], [85.08892, 27.860361], [85.08894, 27.860361], [85.088941, 27.860343], [85.088961, 27.860343], [85.08896, 27.860361], [85.088981, 27.860362], [85.08898, 27.86038], [85.089001, 27.86038], [85.089001, 27.860362], [85.089021, 27.860362], [85.089023, 27.86029], [85.089043, 27.86029], [85.089043, 27.860272], [85.089064, 27.860273], [85.089064, 27.860255], [85.089084, 27.860255], [85.089084, 27.860273], [85.089185, 27.860274], [85.089185, 27.860292], [85.089266, 27.860293], [85.089267, 27.860257], [85.089165, 27.860256], [85.089166, 27.860238], [85.089145, 27.860238], [85.089146, 27.86022], [85.089125, 27.860219], [85.089126, 27.860201], [85.089105, 27.860201], [85.089106, 27.860165], [85.089126, 27.860165], [85.089127, 27.860147], [85.089147, 27.860147], [85.089147, 27.860129], [85.089168, 27.86013], [85.089168, 27.860094], [85.089107, 27.860093], [85.089108, 27.860075], [85.089087, 27.860074], [85.089088, 27.860056], [85.089067, 27.860056], [85.089068, 27.86002], [85.089088, 27.86002], [85.089089, 27.860002], [85.089048, 27.860002], [85.089048, 27.86002], [85.089027, 27.860019], [85.089028, 27.860001], [85.089007, 27.860001], [85.089008, 27.859983], [85.088987, 27.859983], [85.088988, 27.859965], [85.088947, 27.859964], [85.088947, 27.859946], [85.088887, 27.859945], [85.088887, 27.859927], [85.088867, 27.859927], [85.088867, 27.859909], [85.088847, 27.859909], [85.088847, 27.859873], [85.088827, 27.859872], [85.088828, 27.859836], [85.088787, 27.859836], [85.088787, 27.859818], [85.088767, 27.859817], [85.088767, 27.859799], [85.088747, 27.859799], [85.088747, 27.859781], [85.088707, 27.85978], [85.088707, 27.859762], [85.088687, 27.859762], [85.088687, 27.859744], [85.088667, 27.859744], [85.088667, 27.859726], [85.088647, 27.859725], [85.088647, 27.859689], [85.088627, 27.859689], [85.088627, 27.859671], [85.088607, 27.859671], [85.088607, 27.859653], [85.088587, 27.859652], [85.088588, 27.859598], [85.088608, 27.859599], [85.08861, 27.85949], [85.08859, 27.85949], [85.08859, 27.859472], [85.08857, 27.859472], [85.08857, 27.859454], [85.08855, 27.859453], [85.08855, 27.859435], [85.088571, 27.859436], [85.088571, 27.859417], [85.088591, 27.859418], [85.088592, 27.8594], [85.088632, 27.8594], [85.088633, 27.859346], [85.088653, 27.859346], [85.088655, 27.859274], [85.088634, 27.859274], [85.088635, 27.859256], [85.088614, 27.859256], [85.088615, 27.85922], [85.088595, 27.859219], [85.088595, 27.859201], [85.088575, 27.859201], [85.088575, 27.859183], [85.088534, 27.859182], [85.088535, 27.859164], [85.088514, 27.859164], [85.088515, 27.859146], [85.088494, 27.859146], [85.088495, 27.85911], [85.088515, 27.85911], [85.088516, 27.859092], [85.088536, 27.859092], [85.088536, 27.859074], [85.088557, 27.859074], [85.088557, 27.859056], [85.088577, 27.859057], [85.088578, 27.859002], [85.088558, 27.859002], [85.088559, 27.858948], [85.088539, 27.858948], [85.088541, 27.858821], [85.08852, 27.858821], [85.088521, 27.858785], [85.088501, 27.858785], [85.088502, 27.858713], [85.088482, 27.858712], [85.088482, 27.858676], [85.088462, 27.858676], [85.088462, 27.858658], [85.088422, 27.858657], [85.088422, 27.858639], [85.088402, 27.858639], [85.088402, 27.858621], [85.088382, 27.858621], [85.088385, 27.858458], [85.088364, 27.858458], [85.088365, 27.85844], [85.088344, 27.85844], [85.088345, 27.858386], [85.088325, 27.858385], [85.088326, 27.858349], [85.088305, 27.858349], [85.088306, 27.858331], [85.088285, 27.858331], [85.088286, 27.858276], [85.088266, 27.858276], [85.088266, 27.858258], [85.088246, 27.858258], [85.088247, 27.858222], [85.088226, 27.858221], [85.088227, 27.858203], [85.088206, 27.858203], [85.088208, 27.858131], [85.088187, 27.858131], [85.088188, 27.858113], [85.088167, 27.858112], [85.08817, 27.857986], [85.08819, 27.857986], [85.088191, 27.857932], [85.08817, 27.857932], [85.088171, 27.857914], [85.08815, 27.857914], [85.088151, 27.857896], [85.088131, 27.857895], [85.088132, 27.857787], [85.088153, 27.857787], [85.088153, 27.857769], [85.088173, 27.85777], [85.088174, 27.857751], [85.088194, 27.857752], [85.088194, 27.85777], [85.088214, 27.85777], [85.088214, 27.857788], [85.088254, 27.857789], [85.088255, 27.857771], [85.088275, 27.857771], [85.088275, 27.857789], [85.088295, 27.857789], [85.088296, 27.857717], [85.088255, 27.857716], [85.088256, 27.857698], [85.088236, 27.857698], [85.088236, 27.85768], [85.088216, 27.85768], [85.088216, 27.857662], [85.088236, 27.857662], [85.088236, 27.857644], [85.088257, 27.857644], [85.088257, 27.857626], [85.088338, 27.857627], [85.088339, 27.857609], [85.088359, 27.85761], [85.088359, 27.857592], [85.08838, 27.857592], [85.08838, 27.857574], [85.088441, 27.857575], [85.08844, 27.857593], [85.088461, 27.857593], [85.08846, 27.857611], [85.088481, 27.857611], [85.08848, 27.857629], [85.088501, 27.85763], [85.0885, 27.857648], [85.088521, 27.857648], [85.08852, 27.857666], [85.088541, 27.857666], [85.08854, 27.857684], [85.088561, 27.857685], [85.08856, 27.857703], [85.088581, 27.857703], [85.08858, 27.857739], [85.0886, 27.857739], [85.0886, 27.857757], [85.08862, 27.857758], [85.08862, 27.857776], [85.08864, 27.857776], [85.088639, 27.857848], [85.088659, 27.857848], [85.088659, 27.857866], [85.088679, 27.857867], [85.088679, 27.857885], [85.088699, 27.857885], [85.088699, 27.857903], [85.088719, 27.857903], [85.088719, 27.85794], [85.088698, 27.857939], [85.088698, 27.857975], [85.088718, 27.857976], [85.088717, 27.85803], [85.088737, 27.85803], [85.088736, 27.858084], [85.088757, 27.858084], [85.088756, 27.858102], [85.088777, 27.858103], [85.088776, 27.858121], [85.088797, 27.858121], [85.088796, 27.858139], [85.088817, 27.858139], [85.088816, 27.858175], [85.088857, 27.858176], [85.088856, 27.858194], [85.088877, 27.858194], [85.088876, 27.858212], [85.088897, 27.858213], [85.088896, 27.858231], [85.088917, 27.858231], [85.088917, 27.858195], [85.088938, 27.858195], [85.088938, 27.858177], [85.088958, 27.858177], [85.088959, 27.858159], [85.088979, 27.85816], [85.088978, 27.858178], [85.089019, 27.858178], [85.08902, 27.858142], [85.08904, 27.858143], [85.08904, 27.858124], [85.089061, 27.858125], [85.089061, 27.858089], [85.089041, 27.858088], [85.089041, 27.85807], [85.089021, 27.85807], [85.089021, 27.858052], [85.089001, 27.858052], [85.089002, 27.85798], [85.089023, 27.85798], [85.089023, 27.857944], [85.089044, 27.857944], [85.089044, 27.857926], [85.089064, 27.857926], [85.089064, 27.857908], [85.089105, 27.857909], [85.089105, 27.857927], [85.089145, 27.857927], [85.089145, 27.857945], [85.089165, 27.857946], [85.089165, 27.857964], [85.089185, 27.857964], [85.089184, 27.858036], [85.089164, 27.858036], [85.089163, 27.85809], [85.089183, 27.85809], [85.089182, 27.858144], [85.089162, 27.858144], [85.089162, 27.858162], [85.089141, 27.858162], [85.089141, 27.858198], [85.089161, 27.858198], [85.08916, 27.858234], [85.08914, 27.858234], [85.089139, 27.858288], [85.089119, 27.858288], [85.089117, 27.858396], [85.089097, 27.858396], [85.089096, 27.858414], [85.089076, 27.858414], [85.089075, 27.858486], [85.089054, 27.858486], [85.089053, 27.858558], [85.089073, 27.858558], [85.089073, 27.858594], [85.089052, 27.858594], [85.089051, 27.858702], [85.08903, 27.858702], [85.089029, 27.858774], [85.089009, 27.858774], [85.089006, 27.858936], [85.089026, 27.858936], [85.089024, 27.859045], [85.089004, 27.859044], [85.089003, 27.859117], [85.089023, 27.859117], [85.08902, 27.859261], [85.089041, 27.859262], [85.08904, 27.859316], [85.08906, 27.859316], [85.089058, 27.85946], [85.089078, 27.859461], [85.089077, 27.859497], [85.089098, 27.859497], [85.089097, 27.859533], [85.089117, 27.859533], [85.089116, 27.859587], [85.089137, 27.859588], [85.089136, 27.859606], [85.089157, 27.859606], [85.089156, 27.85966], [85.089176, 27.859661], [85.089175, 27.859697], [85.089196, 27.859697], [85.089195, 27.859715], [85.089216, 27.859715], [85.089215, 27.859733], [85.089236, 27.859734], [85.089235, 27.859752], [85.089256, 27.859752], [85.089255, 27.85977], [85.089275, 27.85977], [85.089275, 27.859806], [85.089295, 27.859807], [85.089295, 27.859843], [85.089315, 27.859843], [85.089314, 27.859879], [85.089335, 27.859879], [85.089334, 27.859897], [85.089354, 27.859898], [85.089354, 27.859916], [85.089374, 27.859916], [85.089374, 27.859952], [85.089394, 27.859952], [85.089394, 27.859988], [85.089414, 27.859989], [85.089413, 27.860025], [85.089433, 27.860025], [85.089432, 27.860097], [85.089453, 27.860098], [85.089452, 27.860152], [85.089472, 27.860152], [85.089471, 27.860206], [85.089491, 27.860206], [85.089491, 27.860242], [85.089511, 27.860243], [85.089509, 27.860333], [85.08953, 27.860333], [85.089529, 27.860369], [85.08961, 27.86037], [85.08961, 27.860389], [85.089651, 27.860389], [85.08965, 27.860407], [85.08967, 27.860407], [85.08967, 27.860425], [85.08969, 27.860426], [85.08969, 27.860444], [85.08971, 27.860444], [85.08971, 27.86048], [85.08973, 27.86048], [85.08973, 27.860498], [85.08977, 27.860499], [85.089771, 27.860481], [85.089791, 27.860481], [85.089792, 27.860445], [85.089812, 27.860445], [85.089812, 27.860427], [85.089833, 27.860428], [85.089833, 27.86041], [85.089914, 27.860411], [85.089914, 27.860429], [85.089954, 27.860429], [85.089955, 27.860411], [85.089975, 27.860412], [85.089975, 27.860394], [85.090016, 27.860394], [85.090016, 27.860376], [85.090037, 27.860376], [85.090036, 27.860394], [85.090057, 27.860395], [85.090056, 27.860413], [85.090178, 27.860414], [85.090178, 27.860396], [85.090219, 27.860397], [85.090219, 27.860415], [85.090239, 27.860415], [85.090239, 27.860433], [85.09032, 27.860434], [85.09032, 27.860416], [85.090381, 27.860417], [85.090381, 27.860435], [85.090442, 27.860436], [85.090441, 27.860454], [85.090584, 27.860456], [85.090584, 27.860438], [85.090645, 27.860439], [85.090645, 27.860421], [85.090706, 27.860422], [85.090706, 27.860404], [85.090727, 27.860404], [85.090727, 27.860386], [85.090808, 27.860387], [85.090808, 27.860369], [85.090829, 27.860369], [85.090828, 27.860387], [85.090849, 27.860388], [85.090848, 27.860406], [85.090869, 27.860406], [85.090868, 27.860442], [85.090909, 27.860443], [85.090908, 27.860461], [85.09099, 27.860462], [85.090989, 27.86048], [85.091294, 27.860484], [85.091294, 27.860466], [85.091355, 27.860467], [85.091355, 27.860485], [85.091375, 27.860485], [85.091375, 27.860503], [85.091415, 27.860504], [85.091415, 27.860522], [85.091557, 27.860524], [85.091557, 27.860542], [85.09176, 27.860545], [85.09176, 27.860563], [85.091902, 27.860565], [85.091901, 27.860583], [85.091922, 27.860583], [85.091921, 27.860601], [85.091942, 27.860601], [85.091941, 27.860655], [85.092002, 27.860656], [85.092002, 27.860638], [85.092022, 27.860638], [85.092023, 27.86062], [85.092043, 27.860621], [85.092043, 27.860603], [85.092124, 27.860604], [85.092124, 27.860622], [85.092165, 27.860622], [85.092164, 27.86064], [85.092307, 27.860642], [85.092306, 27.86066], [85.092326, 27.860661], [85.092326, 27.860679], [85.092346, 27.860679], [85.092346, 27.860697], [85.092326, 27.860697], [85.092326, 27.860715], [85.092305, 27.860715], [85.092305, 27.860733], [85.092285, 27.860732], [85.092284, 27.860768], [85.092304, 27.860769], [85.092304, 27.860805], [85.092283, 27.860805], [85.092283, 27.860823], [85.092263, 27.860822], [85.092262, 27.86084], [85.092181, 27.860839], [85.092182, 27.860821], [85.092161, 27.860821], [85.092162, 27.860803], [85.092141, 27.860803], [85.092142, 27.860785], [85.092121, 27.860784], [85.092122, 27.86073], [85.092102, 27.86073], [85.092103, 27.860694], [85.092062, 27.860693], [85.092061, 27.860729], [85.092041, 27.860729], [85.092041, 27.860747], [85.09202, 27.860747], [85.09202, 27.860765], [85.09204, 27.860765], [85.09204, 27.860783], [85.09202, 27.860783], [85.092019, 27.860801], [85.091999, 27.860801], [85.091999, 27.860819], [85.091958, 27.860818], [85.091958, 27.8608], [85.091938, 27.8608], [85.091939, 27.860782], [85.091837, 27.86078], [85.091837, 27.860762], [85.091776, 27.860761], [85.091776, 27.860779], [85.091756, 27.860779], [85.091755, 27.860797], [85.091695, 27.860796], [85.091695, 27.860778], [85.091593, 27.860777], [85.091594, 27.860759], [85.091573, 27.860759], [85.091574, 27.860741], [85.091553, 27.86074], [85.091554, 27.860722], [85.091533, 27.860722], [85.091533, 27.86074], [85.091432, 27.860739], [85.091431, 27.860757], [85.09135, 27.860756], [85.09135, 27.860774], [85.091329, 27.860773], [85.09133, 27.860755], [85.091228, 27.860754], [85.091229, 27.860736], [85.091208, 27.860736], [85.091209, 27.860717], [85.091188, 27.860717], [85.091189, 27.860699], [85.091148, 27.860699], [85.091148, 27.860717], [85.091127, 27.860716], [85.091127, 27.860734], [85.091086, 27.860734], [85.091087, 27.860716], [85.091066, 27.860716], [85.091067, 27.860697], [85.090965, 27.860696], [85.090965, 27.860714], [85.090945, 27.860714], [85.090944, 27.860732], [85.090924, 27.860732], [85.090924, 27.86075], [85.090903, 27.860749], [85.090903, 27.860767], [85.090842, 27.860767], [85.090842, 27.860785], [85.090821, 27.860784], [85.090821, 27.860802], [85.090781, 27.860802], [85.090781, 27.860784], [85.090761, 27.860783], [85.090761, 27.860765], [85.090741, 27.860765], [85.090741, 27.860747], [85.090639, 27.860746], [85.09064, 27.860728], [85.090619, 27.860727], [85.090619, 27.860745], [85.090578, 27.860745], [85.090579, 27.860727], [85.090538, 27.860726], [85.090538, 27.860744], [85.090518, 27.860744], [85.090517, 27.860762], [85.090497, 27.860762], [85.090497, 27.860744], [85.090477, 27.860743], [85.090477, 27.860725], [85.090457, 27.860725], [85.090457, 27.860707], [85.090396, 27.860706], [85.090396, 27.860724], [85.090355, 27.860724], [85.090355, 27.860742], [85.090335, 27.860741], [85.090335, 27.86076], [85.090233, 27.860758], [85.090233, 27.860776], [85.090192, 27.860776], [85.090192, 27.860758], [85.090131, 27.860757], [85.090131, 27.860775], [85.090111, 27.860774], [85.090111, 27.860793], [85.09007, 27.860792], [85.09007, 27.86081], [85.090009, 27.860809], [85.090008, 27.860827], [85.089947, 27.860826], [85.089947, 27.860844], [85.089846, 27.860843], [85.089845, 27.860861], [85.089723, 27.860859], [85.089723, 27.860877], [85.089683, 27.860877], [85.089682, 27.860895], [85.089662, 27.860895], [85.089662, 27.860877], [85.089561, 27.860875], [85.08956, 27.860893], [85.089459, 27.860892]], [[85.089807, 27.860734], [85.089848, 27.860735], [85.089848, 27.860717], [85.089828, 27.860716], [85.089828, 27.86068], [85.089848, 27.860681], [85.089849, 27.860645], [85.089829, 27.860644], [85.089829, 27.860626], [85.089809, 27.860626], [85.089809, 27.860608], [85.089789, 27.860608], [85.089789, 27.86059], [85.089769, 27.860589], [85.089769, 27.860571], [85.089749, 27.860571], [85.089749, 27.860553], [85.089729, 27.860553], [85.089729, 27.860535], [85.089709, 27.860534], [85.089709, 27.860552], [85.089688, 27.860552], [85.089689, 27.860534], [85.089668, 27.860534], [85.089669, 27.860516], [85.089648, 27.860515], [85.089649, 27.860479], [85.089629, 27.860479], [85.089628, 27.860497], [85.089608, 27.860497], [85.089607, 27.860533], [85.089648, 27.860533], [85.089648, 27.860551], [85.089668, 27.860552], [85.089668, 27.86057], [85.089688, 27.86057], [85.089687, 27.860606], [85.089708, 27.860606], [85.089707, 27.860624], [85.089728, 27.860625], [85.089726, 27.860715], [85.089807, 27.860716], [85.089807, 27.860734]]]}, "properties": {"layer": "stripped vegetation, day 2", "note": "cloud-free 59% of corridor only"}}, {"type": "Feature", "geometry": {"type": "Polygon", "coordinates": [[[85.083851, 27.857601], [85.083851, 27.857583], [85.083831, 27.857583], [85.083831, 27.857565], [85.083811, 27.857565], [85.083811, 27.857547], [85.083831, 27.857547], [85.083832, 27.857493], [85.083853, 27.857493], [85.083853, 27.857475], [85.083873, 27.857475], [85.083873, 27.857457], [85.083914, 27.857458], [85.083914, 27.857476], [85.083934, 27.857476], [85.083934, 27.857494], [85.083954, 27.857494], [85.083954, 27.857512], [85.083933, 27.857512], [85.083933, 27.857548], [85.083913, 27.857548], [85.083912, 27.857566], [85.083892, 27.857566], [85.083892, 27.857584], [85.083871, 27.857583], [85.083871, 27.857601], [85.083851, 27.857601]]]}, "properties": {"layer": "stripped vegetation, day 2", "note": "cloud-free 59% of corridor only"}}, {"type": "Feature", "geometry": {"type": "Polygon", "coordinates": [[[85.085069, 27.857618], [85.085069, 27.8576], [85.085049, 27.8576], [85.085049, 27.857582], [85.085029, 27.857581], [85.085029, 27.857545], [85.085009, 27.857545], [85.08501, 27.857527], [85.08503, 27.857527], [85.08503, 27.857509], [85.08505, 27.85751], [85.085051, 27.857492], [85.085091, 27.857492], [85.085092, 27.857474], [85.085112, 27.857474], [85.085112, 27.857492], [85.085132, 27.857493], [85.085132, 27.857511], [85.085152, 27.857511], [85.085151, 27.857583], [85.08513, 27.857583], [85.08513, 27.857601], [85.08511, 27.857601], [85.085109, 27.857619], [85.085069, 27.857618]]]}, "properties": {"layer": "stripped vegetation, day 2", "note": "cloud-free 59% of corridor only"}}, {"type": "Feature", "geometry": {"type": "Polygon", "coordinates": [[[85.08239, 27.857491], [85.082391, 27.857473], [85.08237, 27.857472], [85.082371, 27.857454], [85.08235, 27.857454], [85.082351, 27.857436], [85.082371, 27.857436], [85.082371, 27.857418], [85.082392, 27.857418], [85.082392, 27.8574], [85.082412, 27.857401], [85.082412, 27.857419], [85.082432, 27.857419], [85.082432, 27.857437], [85.082452, 27.857437], [85.082452, 27.857455], [85.082432, 27.857455], [85.082431, 27.857473], [85.082411, 27.857473], [85.082411, 27.857491], [85.08239, 27.857491]]]}, "properties": {"layer": "stripped vegetation, day 2", "note": "cloud-free 59% of corridor only"}}, {"type": "Feature", "geometry": {"type": "Polygon", "coordinates": [[[85.084055, 27.857514], [85.084056, 27.857496], [85.084035, 27.857495], [85.084036, 27.857477], [85.084015, 27.857477], [85.084016, 27.857459], [85.084036, 27.857459], [85.084036, 27.857441], [85.084057, 27.857442], [85.084057, 27.857424], [85.084077, 27.857424], [85.084077, 27.857442], [85.084097, 27.857442], [85.084097, 27.85746], [85.084117, 27.857461], [85.084117, 27.857479], [85.084097, 27.857478], [85.084096, 27.857496], [85.084076, 27.857496], [85.084076, 27.857514], [85.084055, 27.857514]]]}, "properties": {"layer": "stripped vegetation, day 2", "note": "cloud-free 59% of corridor only"}}, {"type": "Feature", "geometry": {"type": "Polygon", "coordinates": [[[85.082208, 27.857488], [85.082208, 27.85747], [85.082188, 27.85747], [85.082188, 27.857452], [85.082168, 27.857451], [85.082168, 27.857433], [85.082148, 27.857433], [85.082148, 27.857415], [85.082168, 27.857415], [85.082169, 27.857397], [85.082189, 27.857398], [85.082189, 27.85738], [85.08221, 27.85738], [85.082209, 27.857398], [85.08227, 27.857399], [85.08227, 27.857417], [85.08229, 27.857417], [85.08229, 27.857435], [85.08231, 27.857435], [85.08231, 27.857453], [85.08229, 27.857453], [85.082289, 27.857471], [85.082269, 27.857471], [85.082269, 27.857489], [85.082208, 27.857488]]]}, "properties": {"layer": "stripped vegetation, day 2", "note": "cloud-free 59% of corridor only"}}, {"type": "Feature", "geometry": {"type": "Polygon", "coordinates": [[[85.082065, 27.857522], [85.082065, 27.857504], [85.082045, 27.857504], [85.082045, 27.857486], [85.082025, 27.857486], [85.082025, 27.857468], [85.082005, 27.857467], [85.082005, 27.857449], [85.082026, 27.85745], [85.082026, 27.857431], [85.082006, 27.857431], [85.082006, 27.857413], [85.081986, 27.857413], [85.081986, 27.857395], [85.082006, 27.857395], [85.082007, 27.857377], [85.082027, 27.857377], [85.082027, 27.857359], [85.082088, 27.85736], [85.082088, 27.857378], [85.082108, 27.857378], [85.082108, 27.857396], [85.082128, 27.857397], [85.082126, 27.857487], [85.082106, 27.857487], [85.082106, 27.857505], [85.082086, 27.857504], [85.082085, 27.857523], [85.082065, 27.857522]]]}, "properties": {"layer": "stripped vegetation, day 2", "note": "cloud-free 59% of corridor only"}}, {"type": "Feature", "geometry": {"type": "Polygon", "coordinates": [[[85.083914, 27.85744], [85.083915, 27.857422], [85.083894, 27.857421], [85.083895, 27.857403], [85.083874, 27.857403], [85.083875, 27.857385], [85.083895, 27.857385], [85.083895, 27.857367], [85.083916, 27.857367], [85.083916, 27.857349], [85.083936, 27.85735], [85.083936, 27.857368], [85.083956, 27.857368], [85.083956, 27.857386], [85.083976, 27.857386], [85.083976, 27.857404], [85.083956, 27.857404], [85.083955, 27.857422], [85.083935, 27.857422], [85.083935, 27.85744], [85.083914, 27.85744]]]}, "properties": {"layer": "stripped vegetation, day 2", "note": "cloud-free 59% of corridor only"}}, {"type": "Feature", "geometry": {"type": "Polygon", "coordinates": [[[85.103142, 27.857705], [85.103142, 27.857687], [85.103122, 27.857687], [85.103122, 27.857669], [85.103102, 27.857669], [85.103102, 27.857633], [85.103123, 27.857633], [85.103123, 27.857615], [85.103143, 27.857615], [85.103144, 27.857597], [85.103164, 27.857597], [85.103163, 27.857616], [85.103184, 27.857616], [85.103183, 27.857634], [85.103204, 27.857634], [85.103203, 27.85767], [85.103183, 27.85767], [85.103183, 27.857688], [85.103162, 27.857688], [85.103162, 27.857706], [85.103142, 27.857705]]]}, "properties": {"layer": "stripped vegetation, day 2", "note": "cloud-free 59% of corridor only"}}, {"type": "Feature", "geometry": {"type": "Polygon", "coordinates": [[[85.103263, 27.857707], [85.103264, 27.857689], [85.103243, 27.857689], [85.103244, 27.857671], [85.103223, 27.85767], [85.103224, 27.857616], [85.103245, 27.857617], [85.103245, 27.857599], [85.103265, 27.857599], [85.103266, 27.857581], [85.103347, 27.857582], [85.103347, 27.8576], [85.103367, 27.8576], [85.103367, 27.857618], [85.103387, 27.857619], [85.103387, 27.857637], [85.103366, 27.857636], [85.103366, 27.857654], [85.103346, 27.857654], [85.103345, 27.857672], [85.103325, 27.857672], [85.103325, 27.85769], [85.103304, 27.85769], [85.103304, 27.857708], [85.103263, 27.857707]]]}, "properties": {"layer": "stripped vegetation, day 2", "note": "cloud-free 59% of corridor only"}}, {"type": "Feature", "geometry": {"type": "Polygon", "coordinates": [[[85.083794, 27.857384], [85.083794, 27.857366], [85.083774, 27.857366], [85.083774, 27.857347], [85.083754, 27.857347], [85.083754, 27.857329], [85.083774, 27.857329], [85.083775, 27.857311], [85.083795, 27.857312], [85.083795, 27.857294], [85.083815, 27.857294], [85.083816, 27.857276], [85.083836, 27.857276], [85.083836, 27.857294], [85.083856, 27.857294], [85.083856, 27.857312], [85.083876, 27.857313], [85.083875, 27.857349], [85.083855, 27.857349], [85.083855, 27.857367], [85.083834, 27.857366], [85.083834, 27.857384], [85.083794, 27.857384]]]}, "properties": {"layer": "stripped vegetation, day 2", "note": "cloud-free 59% of corridor only"}}, {"type": "Feature", "geometry": {"type": "Polygon", "coordinates": [[[85.068851, 27.857157], [85.068851, 27.857139], [85.068831, 27.857139], [85.068831, 27.857121], [85.068811, 27.857121], [85.068811, 27.857103], [85.068831, 27.857103], [85.068832, 27.857085], [85.068852, 27.857085], [85.068852, 27.857067], [85.068873, 27.857067], [85.068872, 27.857085], [85.068893, 27.857086], [85.068892, 27.857104], [85.068913, 27.857104], [85.068912, 27.857122], [85.068892, 27.857122], [85.068892, 27.85714], [85.068871, 27.85714], [85.068871, 27.857158], [85.068851, 27.857157]]]}, "properties": {"layer": "stripped vegetation, day 2", "note": "cloud-free 59% of corridor only"}}, {"type": "Feature", "geometry": {"type": "Polygon", "coordinates": [[[85.086959, 27.857518], [85.08696, 27.8575], [85.086939, 27.8575], [85.08694, 27.857482], [85.086919, 27.857481], [85.08692, 27.857463], [85.086899, 27.857463], [85.0869, 27.857445], [85.086879, 27.857445], [85.086879, 27.857463], [85.086859, 27.857462], [85.086858, 27.857481], [85.086838, 27.85748], [85.086838, 27.857498], [85.086817, 27.857498], [85.086818, 27.85748], [85.086797, 27.85748], [85.086798, 27.857462], [85.086777, 27.857461], [85.086778, 27.857443], [85.086798, 27.857444], [85.086798, 27.857426], [85.086778, 27.857425], [85.086778, 27.857407], [85.086758, 27.857407], [85.086758, 27.857389], [85.086779, 27.857389], [85.086779, 27.857371], [85.086799, 27.857371], [85.0868, 27.857335], [85.08678, 27.857335], [85.08678, 27.857317], [85.0868, 27.857317], [85.086801, 27.857299], [85.086821, 27.8573], [85.086821, 27.857281], [85.086842, 27.857282], [85.086841, 27.8573], [85.086862, 27.8573], [85.086861, 27.857318], [85.086882, 27.857318], [85.086882, 27.8573], [85.086902, 27.857301], [85.086902, 27.857283], [85.086923, 27.857283], [85.086922, 27.857301], [85.086943, 27.857301], [85.086942, 27.857319], [85.086963, 27.85732], [85.086962, 27.857338], [85.086983, 27.857338], [85.086982, 27.857356], [85.086962, 27.857356], [85.086961, 27.857392], [85.086982, 27.857392], [85.086981, 27.85741], [85.086961, 27.85741], [85.086961, 27.857428], [85.086981, 27.857428], [85.086981, 27.857446], [85.087001, 27.857446], [85.087001, 27.857464], [85.087021, 27.857465], [85.087021, 27.857483], [85.087, 27.857483], [85.087, 27.857501], [85.08698, 27.8575], [85.08698, 27.857518], [85.086959, 27.857518]], [[85.08686, 27.857408], [85.08688, 27.857409], [85.08688, 27.857391], [85.086901, 27.857391], [85.086901, 27.857355], [85.086881, 27.857354], [85.086881, 27.857336], [85.086861, 27.857336], [85.086861, 27.857354], [85.08684, 27.857354], [85.08684, 27.85739], [85.08686, 27.85739], [85.08686, 27.857408]]]}, "properties": {"layer": "stripped vegetation, day 2", "note": "cloud-free 59% of corridor only"}}, {"type": "Feature", "geometry": {"type": "Polygon", "coordinates": [[[85.101256, 27.857535], [85.101256, 27.857517], [85.101236, 27.857517], [85.101236, 27.857499], [85.101216, 27.857498], [85.101216, 27.85748], [85.101237, 27.857481], [85.101237, 27.857463], [85.101257, 27.857463], [85.101257, 27.857445], [85.101298, 27.857445], [85.101298, 27.857463], [85.101318, 27.857464], [85.101318, 27.857482], [85.101338, 27.857482], [85.101338, 27.8575], [85.101317, 27.8575], [85.101317, 27.857518], [85.101297, 27.857518], [85.101297, 27.857536], [85.101256, 27.857535]]]}, "properties": {"layer": "stripped vegetation, day 2", "note": "cloud-free 59% of corridor only"}}, {"type": "Feature", "geometry": {"type": "Polygon", "coordinates": [[[85.084384, 27.857302], [85.084384, 27.857284], [85.084364, 27.857283], [85.084364, 27.857265], [85.084344, 27.857265], [85.084344, 27.857247], [85.084324, 27.857247], [85.084325, 27.857193], [85.084345, 27.857193], [85.084346, 27.857175], [85.084366, 27.857175], [85.084366, 27.857157], [85.084427, 27.857158], [85.084427, 27.857176], [85.084447, 27.857176], [85.084447, 27.857194], [85.084467, 27.857195], [85.084466, 27.857267], [85.084445, 27.857267], [85.084445, 27.857285], [85.084425, 27.857284], [85.084425, 27.857302], [85.084384, 27.857302]]]}, "properties": {"layer": "stripped vegetation, day 2", "note": "cloud-free 59% of corridor only"}}, {"type": "Feature", "geometry": {"type": "Polygon", "coordinates": [[[85.086049, 27.857307], [85.086049, 27.857289], [85.086029, 27.857289], [85.086029, 27.85727], [85.086009, 27.85727], [85.08601, 27.857216], [85.08603, 27.857216], [85.086031, 27.857198], [85.086051, 27.857199], [85.086051, 27.857181], [85.086072, 27.857181], [85.086071, 27.857199], [85.086092, 27.857199], [85.086091, 27.857217], [85.086112, 27.857217], [85.086111, 27.857272], [85.08609, 27.857271], [85.08609, 27.857289], [85.08607, 27.857289], [85.086069, 27.857307], [85.086049, 27.857307]]]}, "properties": {"layer": "stripped vegetation, day 2", "note": "cloud-free 59% of corridor only"}}, {"type": "Feature", "geometry": {"type": "Polygon", "coordinates": [[[85.103511, 27.857494], [85.103511, 27.857476], [85.103491, 27.857476], [85.103491, 27.857458], [85.103471, 27.857457], [85.103471, 27.857439], [85.103491, 27.85744], [85.103492, 27.857421], [85.103512, 27.857422], [85.103512, 27.857404], [85.103533, 27.857404], [85.103532, 27.857422], [85.103553, 27.857422], [85.103552, 27.85744], [85.103573, 27.857441], [85.103572, 27.857459], [85.103552, 27.857458], [85.103552, 27.857476], [85.103531, 27.857476], [85.103531, 27.857494], [85.103511, 27.857494]]]}, "properties": {"layer": "stripped vegetation, day 2", "note": "cloud-free 59% of corridor only"}}, {"type": "Feature", "geometry": {"type": "Polygon", "coordinates": [[[85.068504, 27.857225], [85.068505, 27.857207], [85.068484, 27.857206], [85.068485, 27.857188], [85.068464, 27.857188], [85.068465, 27.85717], [85.068485, 27.85717], [85.068486, 27.857116], [85.068506, 27.857116], [85.068507, 27.85708], [85.068527, 27.857081], [85.068528, 27.857045], [85.068548, 27.857045], [85.068549, 27.856991], [85.068569, 27.856991], [85.06857, 27.856955], [85.06859, 27.856955], [85.068591, 27.856937], [85.068611, 27.856937], [85.068611, 27.856919], [85.068632, 27.85692], [85.068632, 27.856902], [85.068652, 27.856902], [85.068652, 27.85692], [85.068672, 27.85692], [85.068672, 27.856938], [85.068692, 27.856939], [85.068692, 27.856957], [85.068712, 27.856957], [85.068712, 27.856993], [85.068691, 27.856993], [85.068691, 27.857011], [85.068671, 27.85701], [85.06867, 27.857047], [85.06865, 27.857046], [85.068649, 27.8571], [85.068628, 27.8571], [85.068628, 27.857154], [85.068607, 27.857154], [85.068607, 27.857172], [85.068587, 27.857172], [85.068586, 27.85719], [85.068566, 27.857189], [85.068566, 27.857208], [85.068545, 27.857207], [85.068545, 27.857225], [85.068504, 27.857225]]]}, "properties": {"layer": "stripped vegetation, day 2", "note": "cloud-free 59% of corridor only"}}, {"type": "Feature", "geometry": {"type": "Polygon", "coordinates": [[[85.069279, 27.857055], [85.069279, 27.857037], [85.069259, 27.857037], [85.069259, 27.857019], [85.069239, 27.857018], [85.069239, 27.857], [85.069219, 27.857], [85.069219, 27.856982], [85.06924, 27.856982], [85.06924, 27.856946], [85.069261, 27.856946], [85.069261, 27.856928], [85.069281, 27.856929], [85.069282, 27.856893], [85.069302, 27.856893], [85.069303, 27.856875], [85.069323, 27.856875], [85.069323, 27.856857], [85.069344, 27.856857], [85.069344, 27.856839], [85.069405, 27.85684], [85.069404, 27.856858], [85.069425, 27.856859], [85.069424, 27.856877], [85.069445, 27.856877], [85.069444, 27.856895], [85.069465, 27.856895], [85.069464, 27.856913], [85.069444, 27.856913], [85.069444, 27.856931], [85.069423, 27.856931], [85.069423, 27.856949], [85.069403, 27.856948], [85.069403, 27.856967], [85.069382, 27.856966], [85.069382, 27.856984], [85.069362, 27.856984], [85.069361, 27.857002], [85.069341, 27.857002], [85.069341, 27.85702], [85.06932, 27.85702], [85.06932, 27.857038], [85.0693, 27.857037], [85.069299, 27.857055], [85.069279, 27.857055]]]}, "properties": {"layer": "stripped vegetation, day 2", "note": "cloud-free 59% of corridor only"}}, {"type": "Feature", "geometry": {"type": "Polygon", "coordinates": [[[85.101361, 27.857338], [85.101361, 27.85732], [85.101341, 27.85732], [85.101341, 27.857302], [85.101321, 27.857301], [85.101321, 27.857283], [85.101342, 27.857284], [85.101342, 27.857266], [85.101362, 27.857266], [85.101362, 27.857248], [85.101383, 27.857248], [85.101382, 27.857266], [85.101403, 27.857266], [85.101402, 27.857284], [85.101423, 27.857285], [85.101422, 27.857303], [85.101402, 27.857302], [85.101402, 27.857321], [85.101382, 27.85732], [85.101381, 27.857338], [85.101361, 27.857338]]]}, "properties": {"layer": "stripped vegetation, day 2", "note": "cloud-free 59% of corridor only"}}, {"type": "Feature", "geometry": {"type": "Polygon", "coordinates": [[[85.100691, 27.857329], [85.100691, 27.857311], [85.100671, 27.85731], [85.100671, 27.857292], [85.100651, 27.857292], [85.100652, 27.857256], [85.100672, 27.857256], [85.100672, 27.857238], [85.100692, 27.857239], [85.100693, 27.857221], [85.100713, 27.857221], [85.100713, 27.857203], [85.100734, 27.857203], [85.100733, 27.857221], [85.100754, 27.857221], [85.100753, 27.857239], [85.100774, 27.85724], [85.100773, 27.857276], [85.100753, 27.857275], [85.100752, 27.857294], [85.100732, 27.857293], [85.100732, 27.857311], [85.100712, 27.857311], [85.100711, 27.857329], [85.100691, 27.857329]]]}, "properties": {"layer": "stripped vegetation, day 2", "note": "cloud-free 59% of corridor only"}}, {"type": "Feature", "geometry": {"type": "Polygon", "coordinates": [[[85.102722, 27.857303], [85.102722, 27.857285], [85.102702, 27.857284], [85.102702, 27.857266], [85.102682, 27.857266], [85.102682, 27.857248], [85.102703, 27.857248], [85.102703, 27.85723], [85.102723, 27.85723], [85.102724, 27.857212], [85.102744, 27.857213], [85.102744, 27.857231], [85.102764, 27.857231], [85.102764, 27.857249], [85.102784, 27.857249], [85.102784, 27.857267], [85.102763, 27.857267], [85.102763, 27.857285], [85.102743, 27.857285], [85.102742, 27.857303], [85.102722, 27.857303]]]}, "properties": {"layer": "stripped vegetation, day 2", "note": "cloud-free 59% of corridor only"}}, {"type": "Feature", "geometry": {"type": "Polygon", "coordinates": [[[85.100853, 27.857367], [85.100853, 27.857349], [85.100833, 27.857349], [85.100833, 27.857331], [85.100813, 27.85733], [85.100813, 27.857312], [85.100833, 27.857313], [85.100834, 27.857295], [85.100854, 27.857295], [85.100854, 27.857277], [85.100875, 27.857277], [85.100875, 27.857259], [85.100895, 27.857259], [85.100896, 27.857223], [85.100916, 27.857224], [85.100916, 27.857206], [85.100937, 27.857206], [85.100937, 27.857188], [85.100957, 27.857188], [85.100958, 27.85717], [85.100998, 27.857171], [85.100998, 27.857189], [85.101018, 27.857189], [85.101018, 27.857207], [85.101038, 27.857207], [85.101038, 27.857225], [85.101018, 27.857225], [85.101017, 27.857243], [85.100997, 27.857243], [85.100997, 27.857261], [85.100956, 27.85726], [85.100955, 27.857296], [85.100935, 27.857296], [85.100935, 27.857314], [85.100915, 27.857314], [85.100914, 27.857332], [85.100894, 27.857332], [85.100894, 27.85735], [85.100873, 27.857349], [85.100873, 27.857367], [85.100853, 27.857367]]]}, "properties": {"layer": "stripped vegetation, day 2", "note": "cloud-free 59% of corridor only"}}, {"type": "Feature", "geometry": {"type": "Polygon", "coordinates": [[[85.069485, 27.856877], [85.069486, 27.856859], [85.069465, 27.856859], [85.069466, 27.856841], [85.069445, 27.856841], [85.069446, 27.856823], [85.069425, 27.856822], [85.069426, 27.856768], [85.069447, 27.856769], [85.069447, 27.856751], [85.069467, 27.856751], [85.069468, 27.856733], [85.069488, 27.856733], [85.069488, 27.856751], [85.069508, 27.856751], [85.069508, 27.856769], [85.069528, 27.85677], [85.069528, 27.856788], [85.069548, 27.856788], [85.069548, 27.856806], [85.069568, 27.856806], [85.069568, 27.856824], [85.069547, 27.856824], [85.069547, 27.856842], [85.069527, 27.856842], [85.069526, 27.85686], [85.069506, 27.85686], [85.069506, 27.856878], [85.069485, 27.856877]]]}, "properties": {"layer": "stripped vegetation, day 2", "note": "cloud-free 59% of corridor only"}}, {"type": "Feature", "geometry": {"type": "Polygon", "coordinates": [[[85.10451, 27.857273], [85.10451, 27.857255], [85.10449, 27.857255], [85.10449, 27.857237], [85.10447, 27.857236], [85.10447, 27.857218], [85.10449, 27.857219], [85.104491, 27.857201], [85.104511, 27.857201], [85.104511, 27.857183], [85.104532, 27.857183], [85.104531, 27.857201], [85.104552, 27.857201], [85.104551, 27.857219], [85.104572, 27.85722], [85.104571, 27.857238], [85.104551, 27.857237], [85.104551, 27.857256], [85.10453, 27.857255], [85.10453, 27.857273], [85.10451, 27.857273]]]}, "properties": {"layer": "stripped vegetation, day 2", "note": "cloud-free 59% of corridor only"}}, {"type": "Feature", "geometry": {"type": "Polygon", "coordinates": [[[85.068714, 27.856849], [85.068714, 27.856831], [85.068654, 27.85683], [85.068654, 27.856812], [85.068634, 27.856811], [85.068634, 27.856793], [85.068614, 27.856793], [85.068614, 27.856775], [85.068594, 27.856775], [85.068595, 27.856721], [85.068615, 27.856721], [85.068615, 27.856703], [85.068636, 27.856703], [85.068636, 27.856685], [85.068656, 27.856685], [85.068656, 27.856667], [85.068717, 27.856668], [85.068717, 27.856686], [85.068798, 27.856687], [85.068798, 27.856705], [85.068818, 27.856706], [85.068818, 27.856724], [85.068838, 27.856724], [85.068838, 27.856742], [85.068858, 27.856742], [85.068858, 27.85676], [85.068838, 27.85676], [85.068837, 27.856814], [85.068816, 27.856814], [85.068816, 27.856832], [85.068796, 27.856832], [85.068795, 27.85685], [85.068714, 27.856849]]]}, "properties": {"layer": "stripped vegetation, day 2", "note": "cloud-free 59% of corridor only"}}, {"type": "Feature", "geometry": {"type": "Polygon", "coordinates": [[[85.103268, 27.857436], [85.103268, 27.857418], [85.103248, 27.857418], [85.103248, 27.8574], [85.103228, 27.8574], [85.103228, 27.857382], [85.103249, 27.857382], [85.103249, 27.857364], [85.103269, 27.857364], [85.10327, 27.85731], [85.103291, 27.85731], [85.103291, 27.857292], [85.103311, 27.857293], [85.103312, 27.857275], [85.103332, 27.857275], [85.103332, 27.857257], [85.103353, 27.857257], [85.103353, 27.857239], [85.103373, 27.857239], [85.103373, 27.857221], [85.103353, 27.857221], [85.103353, 27.857203], [85.103374, 27.857203], [85.103374, 27.857185], [85.103394, 27.857185], [85.103395, 27.857167], [85.103415, 27.857168], [85.103415, 27.857186], [85.103435, 27.857186], [85.103435, 27.857168], [85.103476, 27.857169], [85.103476, 27.857187], [85.103536, 27.857187], [85.103537, 27.857169], [85.103557, 27.85717], [85.103557, 27.857152], [85.103578, 27.857152], [85.103577, 27.85717], [85.103598, 27.85717], [85.103597, 27.857188], [85.103618, 27.857189], [85.103617, 27.857207], [85.103597, 27.857206], [85.103597, 27.857224], [85.103576, 27.857224], [85.103576, 27.857242], [85.103556, 27.857242], [85.103555, 27.857278], [85.103576, 27.857278], [85.103576, 27.85726], [85.103596, 27.85726], [85.103596, 27.857242], [85.103617, 27.857243], [85.103617, 27.857225], [85.103637, 27.857225], [85.103637, 27.857243], [85.103657, 27.857243], [85.103657, 27.857261], [85.103677, 27.857262], [85.103676, 27.857316], [85.103656, 27.857315], [85.103656, 27.857333], [85.103635, 27.857333], [85.103635, 27.857351], [85.103615, 27.857351], [85.103615, 27.857333], [85.103595, 27.857333], [85.103595, 27.857315], [85.103575, 27.857314], [85.103575, 27.857332], [85.103554, 27.857332], [85.103554, 27.85735], [85.103452, 27.857349], [85.103452, 27.857367], [85.10333, 27.857365], [85.10333, 27.857401], [85.103309, 27.857401], [85.103309, 27.857419], [85.103289, 27.857419], [85.103288, 27.857437], [85.103268, 27.857436]]]}, "properties": {"layer": "stripped vegetation, day 2", "note": "cloud-free 59% of corridor only"}}, {"type": "Feature", "geometry": {"type": "Polygon", "coordinates": [[[85.100774, 27.857204], [85.100775, 27.857186], [85.100754, 27.857185], [85.100755, 27.857167], [85.100734, 27.857167], [85.100735, 27.857149], [85.100714, 27.857149], [85.100715, 27.857131], [85.100735, 27.857131], [85.100735, 27.857113], [85.100756, 27.857113], [85.100756, 27.857095], [85.100776, 27.857095], [85.100777, 27.857077], [85.100797, 27.857078], [85.100796, 27.857096], [85.100817, 27.857096], [85.100816, 27.857114], [85.100837, 27.857114], [85.100836, 27.857168], [85.100816, 27.857168], [85.100815, 27.857186], [85.100795, 27.857186], [85.100795, 27.857204], [85.100774, 27.857204]]]}, "properties": {"layer": "stripped vegetation, day 2", "note": "cloud-free 59% of corridor only"}}, {"type": "Feature", "geometry": {"type": "Polygon", "coordinates": [[[85.103066, 27.85738], [85.103066, 27.857361], [85.103046, 27.857361], [85.103046, 27.857343], [85.103026, 27.857343], [85.103026, 27.857325], [85.103047, 27.857325], [85.103047, 27.857289], [85.103027, 27.857289], [85.103027, 27.857271], [85.103048, 27.857271], [85.103048, 27.857253], [85.103068, 27.857253], [85.103069, 27.857235], [85.103109, 27.857236], [85.103109, 27.857218], [85.103089, 27.857217], [85.10309, 27.857199], [85.103069, 27.857199], [85.10307, 27.857163], [85.10305, 27.857163], [85.10305, 27.857127], [85.10307, 27.857127], [85.103071, 27.857109], [85.103091, 27.857109], [85.103091, 27.857091], [85.103112, 27.857091], [85.103111, 27.857109], [85.103152, 27.85711], [85.103152, 27.857128], [85.103172, 27.857128], [85.103172, 27.857146], [85.103192, 27.857147], [85.103191, 27.857219], [85.10317, 27.857219], [85.10317, 27.857237], [85.10319, 27.857237], [85.10319, 27.857255], [85.10321, 27.857255], [85.10321, 27.857273], [85.10323, 27.857273], [85.103229, 27.857328], [85.103209, 27.857327], [85.103209, 27.857345], [85.103189, 27.857345], [85.103188, 27.857363], [85.103168, 27.857363], [85.103168, 27.857345], [85.103107, 27.857344], [85.103107, 27.857362], [85.103087, 27.857362], [85.103086, 27.85738], [85.103066, 27.85738]]]}, "properties": {"layer": "stripped vegetation, day 2", "note": "cloud-free 59% of corridor only"}}, {"type": "Feature", "geometry": {"type": "Polygon", "coordinates": [[[85.069568, 27.856788], [85.069568, 27.85677], [85.069548, 27.85677], [85.069548, 27.856752], [85.069528, 27.856752], [85.069529, 27.856698], [85.069509, 27.856697], [85.069509, 27.856679], [85.069489, 27.856679], [85.069489, 27.856661], [85.069509, 27.856661], [85.06951, 27.856643], [85.06953, 27.856643], [85.06953, 27.856625], [85.069551, 27.856626], [85.06955, 27.856644], [85.069571, 27.856644], [85.06957, 27.856662], [85.069611, 27.856663], [85.069611, 27.856681], [85.069631, 27.856681], [85.069631, 27.856699], [85.069651, 27.856699], [85.069651, 27.856717], [85.069671, 27.856718], [85.069671, 27.856736], [85.06965, 27.856735], [85.06965, 27.856753], [85.06963, 27.856753], [85.069629, 27.856771], [85.069609, 27.856771], [85.069609, 27.856789], [85.069568, 27.856788]]]}, "properties": {"layer": "stripped vegetation, day 2", "note": "cloud-free 59% of corridor only"}}, {"type": "Feature", "geometry": {"type": "Polygon", "coordinates": [[[85.102298, 27.85717], [85.102298, 27.857152], [85.102278, 27.857152], [85.102278, 27.857134], [85.102258, 27.857134], [85.102258, 27.857116], [85.102279, 27.857116], [85.102279, 27.857098], [85.102299, 27.857098], [85.1023, 27.85708], [85.10232, 27.85708], [85.10232, 27.857099], [85.10234, 27.857099], [85.10234, 27.857117], [85.10236, 27.857117], [85.10236, 27.857135], [85.102339, 27.857135], [85.102339, 27.857153], [85.102319, 27.857153], [85.102318, 27.857171], [85.102298, 27.85717]]]}, "properties": {"layer": "stripped vegetation, day 2", "note": "cloud-free 59% of corridor only"}}, {"type": "Feature", "geometry": {"type": "Polygon", "coordinates": [[[85.103659, 27.857171], [85.103659, 27.857153], [85.103639, 27.857153], [85.103639, 27.857135], [85.103619, 27.857134], [85.103619, 27.857116], [85.103639, 27.857117], [85.10364, 27.857099], [85.10366, 27.857099], [85.10366, 27.857081], [85.103701, 27.857081], [85.1037, 27.857099], [85.103721, 27.8571], [85.10372, 27.857118], [85.103741, 27.857118], [85.10374, 27.857136], [85.10372, 27.857136], [85.10372, 27.857154], [85.1037, 27.857154], [85.103699, 27.857172], [85.103659, 27.857171]]]}, "properties": {"layer": "stripped vegetation, day 2", "note": "cloud-free 59% of corridor only"}}, {"type": "Feature", "geometry": {"type": "Polygon", "coordinates": [[[85.105405, 27.857177], [85.105405, 27.857159], [85.105385, 27.857159], [85.105385, 27.857141], [85.105365, 27.85714], [85.105365, 27.857122], [85.105386, 27.857123], [85.105386, 27.857105], [85.105406, 27.857105], [85.105407, 27.857087], [85.105427, 27.857087], [85.105427, 27.857105], [85.105447, 27.857105], [85.105447, 27.857123], [85.105467, 27.857124], [85.105467, 27.857142], [85.105446, 27.857142], [85.105446, 27.85716], [85.105426, 27.857159], [85.105425, 27.857177], [85.105405, 27.857177]]]}, "properties": {"layer": "stripped vegetation, day 2", "note": "cloud-free 59% of corridor only"}}, {"type": "Feature", "geometry": {"type": "Polygon", "coordinates": [[[85.103998, 27.857537], [85.103998, 27.857519], [85.103917, 27.857518], [85.103917, 27.8575], [85.103876, 27.857499], [85.103876, 27.857517], [85.103835, 27.857516], [85.103836, 27.857498], [85.103795, 27.857498], [85.103795, 27.85748], [85.103775, 27.85748], [85.103775, 27.857461], [85.103755, 27.857461], [85.103755, 27.857443], [85.103776, 27.857443], [85.103776, 27.857425], [85.103796, 27.857426], [85.103797, 27.857408], [85.103817, 27.857408], [85.103817, 27.85739], [85.103838, 27.85739], [85.103837, 27.857408], [85.103858, 27.857408], [85.103857, 27.857427], [85.103878, 27.857427], [85.103877, 27.857445], [85.103918, 27.857445], [85.103918, 27.857427], [85.103938, 27.857428], [85.103939, 27.85741], [85.103979, 27.85741], [85.10398, 27.857392], [85.104, 27.857392], [85.104, 27.85741], [85.10402, 27.857411], [85.10402, 27.857393], [85.104041, 27.857393], [85.104041, 27.857357], [85.104021, 27.857357], [85.104021, 27.857339], [85.104001, 27.857338], [85.104001, 27.85732], [85.10394, 27.857319], [85.103941, 27.857301], [85.10392, 27.857301], [85.103921, 27.857283], [85.10388, 27.857282], [85.10388, 27.857264], [85.10386, 27.857264], [85.10386, 27.857246], [85.10382, 27.857245], [85.10382, 27.857227], [85.1038, 27.857227], [85.1038, 27.857209], [85.10378, 27.857209], [85.10378, 27.857191], [85.10376, 27.857191], [85.10376, 27.857172], [85.10378, 27.857173], [85.103781, 27.857155], [85.103801, 27.857155], [85.103801, 27.857137], [85.103822, 27.857137], [85.103821, 27.857155], [85.103842, 27.857156], [85.103841, 27.857174], [85.103902, 27.857174], [85.103902, 27.857192], [85.103922, 27.857193], [85.103922, 27.857211], [85.103942, 27.857211], [85.103943, 27.857175], [85.103923, 27.857175], [85.103923, 27.857157], [85.103903, 27.857156], [85.103903, 27.857138], [85.103883, 27.857138], [85.103883, 27.85712], [85.103903, 27.85712], [85.103904, 27.857102], [85.103924, 27.857103], [85.103924, 27.857084], [85.103985, 27.857085], [85.103985, 27.857103], [85.104005, 27.857104], [85.104005, 27.857122], [85.104025, 27.857122], [85.104024, 27.857158], [85.104004, 27.857158], [85.104004, 27.857176], [85.104024, 27.857176], [85.104024, 27.857194], [85.104085, 27.857195], [85.104085, 27.857177], [85.104105, 27.857177], [85.104106, 27.857159], [85.104085, 27.857159], [85.104086, 27.857141], [85.104065, 27.857141], [85.104066, 27.857123], [85.104045, 27.857122], [85.104046, 27.857086], [85.104066, 27.857086], [85.104067, 27.857068], [85.104087, 27.857069], [85.104087, 27.857051], [85.104107, 27.857051], [85.104107, 27.857069], [85.104127, 27.857069], [85.104127, 27.857087], [85.104168, 27.857088], [85.104168, 27.85707], [85.104188, 27.85707], [85.104189, 27.857052], [85.104209, 27.857052], [85.104209, 27.85707], [85.104229, 27.857071], [85.104229, 27.857089], [85.104249, 27.857089], [85.104249, 27.857107], [85.104228, 27.857107], [85.104228, 27.857143], [85.104207, 27.857143], [85.104207, 27.857161], [85.104187, 27.85716], [85.104187, 27.857178], [85.104166, 27.857178], [85.104166, 27.857196], [85.104125, 27.857196], [85.104125, 27.857214], [85.104145, 27.857214], [85.104145, 27.857232], [85.104165, 27.857232], [85.104165, 27.85725], [85.104185, 27.857251], [85.104185, 27.857269], [85.104165, 27.857268], [85.104164, 27.857286], [85.104144, 27.857286], [85.104144, 27.857304], [85.104123, 27.857304], [85.104123, 27.85734], [85.104143, 27.85734], [85.104142, 27.857376], [85.104183, 27.857377], [85.104183, 27.857395], [85.104203, 27.857395], [85.104203, 27.857413], [85.104223, 27.857413], [85.104223, 27.857432], [85.104243, 27.857432], [85.104242, 27.857468], [85.104222, 27.857468], [85.104222, 27.857486], [85.104201, 27.857485], [85.104201, 27.857503], [85.104181, 27.857503], [85.104181, 27.857485], [85.104161, 27.857485], [85.104161, 27.857467], [85.104121, 27.857466], [85.10412, 27.857484], [85.1041, 27.857484], [85.1041, 27.857502], [85.104079, 27.857502], [85.10408, 27.857484], [85.104059, 27.857483], [85.104059, 27.857501], [85.104039, 27.857501], [85.104038, 27.857519], [85.104018, 27.857519], [85.104018, 27.857537], [85.103998, 27.857537]]]}, "properties": {"layer": "stripped vegetation, day 2", "note": "cloud-free 59% of corridor only"}}, {"type": "Feature", "geometry": {"type": "Polygon", "coordinates": [[[85.103233, 27.857147], [85.103233, 27.857129], [85.103213, 27.857129], [85.103213, 27.857111], [85.103193, 27.857111], [85.103193, 27.857074], [85.103214, 27.857075], [85.103214, 27.857057], [85.103234, 27.857057], [85.103234, 27.857039], [85.103255, 27.857039], [85.103255, 27.857021], [85.103296, 27.857022], [85.103295, 27.85704], [85.103316, 27.85704], [85.103315, 27.857058], [85.103336, 27.857058], [85.103335, 27.857094], [85.103315, 27.857094], [85.103314, 27.857112], [85.103294, 27.857112], [85.103294, 27.85713], [85.103273, 27.85713], [85.103273, 27.857148], [85.103233, 27.857147]]]}, "properties": {"layer": "stripped vegetation, day 2", "note": "cloud-free 59% of corridor only"}}, {"type": "Feature", "geometry": {"type": "Polygon", "coordinates": [[[85.10433, 27.857108], [85.10433, 27.85709], [85.10431, 27.85709], [85.10431, 27.857072], [85.10429, 27.857071], [85.10429, 27.857053], [85.104311, 27.857054], [85.104311, 27.857036], [85.104331, 27.857036], [85.104331, 27.857018], [85.104352, 27.857018], [85.104351, 27.857036], [85.104372, 27.857036], [85.104371, 27.857055], [85.104392, 27.857055], [85.104391, 27.857073], [85.104371, 27.857073], [85.104371, 27.857091], [85.104351, 27.85709], [85.10435, 27.857108], [85.10433, 27.857108]]]}, "properties": {"layer": "stripped vegetation, day 2", "note": "cloud-free 59% of corridor only"}}, {"type": "Feature", "geometry": {"type": "Polygon", "coordinates": [[[85.101001, 27.857026], [85.101001, 27.857008], [85.100981, 27.857008], [85.100981, 27.85699], [85.100961, 27.85699], [85.100961, 27.856972], [85.100981, 27.856972], [85.100982, 27.856954], [85.101002, 27.856954], [85.101002, 27.856936], [85.101023, 27.856936], [85.101022, 27.856954], [85.101043, 27.856955], [85.101042, 27.856973], [85.101063, 27.856973], [85.101062, 27.856991], [85.101042, 27.856991], [85.101042, 27.857009], [85.101021, 27.857008], [85.101021, 27.857026], [85.101001, 27.857026]]]}, "properties": {"layer": "stripped vegetation, day 2", "note": "cloud-free 59% of corridor only"}}, {"type": "Feature", "geometry": {"type": "Polygon", "coordinates": [[[85.104209, 27.857052], [85.104209, 27.857034], [85.104189, 27.857034], [85.104189, 27.857016], [85.104169, 27.857016], [85.104169, 27.856998], [85.104149, 27.856997], [85.104149, 27.856979], [85.10417, 27.85698], [85.10417, 27.856962], [85.10419, 27.856962], [85.104191, 27.856944], [85.104211, 27.856944], [85.104211, 27.856962], [85.104231, 27.856962], [85.104231, 27.85698], [85.104251, 27.856981], [85.104251, 27.856999], [85.104271, 27.856999], [85.104271, 27.857017], [85.10425, 27.857017], [85.10425, 27.857035], [85.10423, 27.857035], [85.104229, 27.857053], [85.104209, 27.857052]]]}, "properties": {"layer": "stripped vegetation, day 2", "note": "cloud-free 59% of corridor only"}}, {"type": "Feature", "geometry": {"type": "Polygon", "coordinates": [[[85.104453, 27.85702], [85.104454, 27.857002], [85.104433, 27.857001], [85.104434, 27.856983], [85.104413, 27.856983], [85.104414, 27.856965], [85.104393, 27.856965], [85.104394, 27.856947], [85.104414, 27.856947], [85.104414, 27.856929], [85.104435, 27.856929], [85.104435, 27.856911], [85.104475, 27.856912], [85.104475, 27.85693], [85.104495, 27.85693], [85.104495, 27.856948], [85.104515, 27.856948], [85.104515, 27.856966], [85.104535, 27.856967], [85.104535, 27.856985], [85.104515, 27.856984], [85.104515, 27.857002], [85.104494, 27.857002], [85.104494, 27.85702], [85.104453, 27.85702]]]}, "properties": {"layer": "stripped vegetation, day 2", "note": "cloud-free 59% of corridor only"}}, {"type": "Feature", "geometry": {"type": "Polygon", "coordinates": [[[85.069794, 27.856629], [85.069795, 27.856611], [85.069774, 27.856611], [85.069775, 27.856593], [85.069754, 27.856592], [85.069755, 27.856574], [85.069734, 27.856574], [85.069735, 27.856556], [85.069714, 27.856556], [85.069715, 27.856538], [85.069694, 27.856537], [85.069695, 27.856519], [85.069674, 27.856519], [85.069675, 27.856501], [85.069654, 27.856501], [85.069655, 27.856447], [85.069635, 27.856446], [85.069635, 27.856428], [85.069615, 27.856428], [85.069616, 27.856392], [85.069636, 27.856392], [85.069636, 27.856374], [85.069657, 27.856374], [85.069657, 27.856356], [85.069677, 27.856357], [85.069678, 27.856339], [85.069698, 27.856339], [85.069698, 27.856357], [85.069718, 27.856357], [85.069718, 27.856375], [85.069738, 27.856376], [85.069738, 27.856394], [85.069717, 27.856393], [85.069717, 27.856429], [85.069737, 27.85643], [85.069737, 27.856448], [85.069757, 27.856448], [85.069757, 27.856466], [85.069777, 27.856466], [85.069776, 27.856521], [85.069796, 27.856521], [85.069796, 27.856539], [85.069816, 27.856539], [85.069816, 27.856557], [85.069836, 27.856557], [85.069836, 27.856576], [85.069856, 27.856576], [85.069856, 27.856594], [85.069836, 27.856594], [85.069835, 27.856612], [85.069815, 27.856611], [85.069815, 27.856629], [85.069794, 27.856629]]]}, "properties": {"layer": "stripped vegetation, day 2", "note": "cloud-free 59% of corridor only"}}, {"type": "Feature", "geometry": {"type": "Polygon", "coordinates": [[[85.069852, 27.85681], [85.069852, 27.856792], [85.069832, 27.856792], [85.069832, 27.856774], [85.069812, 27.856774], [85.069813, 27.85672], [85.069793, 27.856719], [85.069793, 27.856701], [85.069813, 27.856702], [85.069814, 27.856684], [85.069834, 27.856684], [85.069834, 27.856666], [85.069855, 27.856666], [85.069855, 27.856648], [85.069875, 27.856648], [85.069876, 27.85663], [85.069936, 27.856631], [85.069937, 27.856595], [85.069957, 27.856595], [85.069958, 27.856577], [85.069978, 27.856578], [85.069978, 27.856559], [85.069999, 27.85656], [85.069999, 27.856542], [85.07008, 27.856543], [85.070081, 27.856525], [85.070202, 27.856526], [85.070203, 27.85649], [85.070223, 27.856491], [85.070224, 27.856473], [85.070244, 27.856473], [85.070244, 27.856455], [85.070325, 27.856456], [85.070326, 27.856438], [85.070346, 27.856438], [85.070346, 27.85642], [85.070367, 27.856421], [85.070367, 27.856402], [85.070428, 27.856403], [85.070428, 27.856421], [85.070448, 27.856422], [85.070448, 27.85644], [85.070508, 27.856441], [85.070509, 27.856422], [85.070529, 27.856423], [85.07053, 27.856387], [85.07055, 27.856387], [85.07055, 27.856369], [85.070571, 27.856369], [85.070571, 27.856351], [85.070632, 27.856352], [85.070632, 27.856334], [85.070673, 27.856335], [85.070673, 27.856353], [85.070693, 27.856353], [85.070692, 27.856371], [85.070713, 27.856371], [85.070712, 27.856389], [85.070733, 27.85639], [85.070732, 27.856408], [85.070712, 27.856407], [85.070712, 27.856425], [85.070692, 27.856425], [85.070691, 27.856461], [85.070671, 27.856461], [85.07067, 27.856479], [85.07065, 27.856479], [85.07065, 27.856497], [85.070629, 27.856496], [85.070629, 27.856514], [85.070588, 27.856514], [85.070589, 27.856496], [85.070548, 27.856495], [85.070548, 27.856513], [85.070528, 27.856513], [85.070527, 27.856531], [85.070507, 27.856531], [85.070507, 27.856549], [85.070486, 27.856549], [85.070487, 27.85653], [85.070405, 27.856529], [85.070405, 27.856547], [85.070364, 27.856547], [85.070363, 27.856601], [85.070384, 27.856601], [85.070383, 27.856619], [85.070404, 27.85662], [85.070403, 27.856638], [85.070383, 27.856637], [85.070383, 27.856655], [85.070363, 27.856655], [85.070362, 27.856673], [85.070342, 27.856673], [85.070342, 27.856691], [85.070321, 27.856691], [85.070322, 27.856673], [85.070301, 27.856672], [85.070302, 27.856654], [85.070261, 27.856654], [85.070261, 27.856672], [85.07022, 27.856671], [85.07022, 27.856689], [85.070159, 27.856688], [85.070159, 27.85667], [85.070139, 27.85667], [85.070139, 27.856688], [85.070118, 27.856688], [85.070119, 27.85667], [85.070098, 27.856669], [85.070098, 27.856687], [85.070078, 27.856687], [85.070077, 27.856705], [85.070037, 27.856705], [85.070036, 27.856723], [85.070016, 27.856722], [85.070016, 27.856704], [85.069976, 27.856704], [85.069975, 27.85674], [85.069955, 27.85674], [85.069955, 27.856758], [85.069934, 27.856757], [85.069934, 27.856775], [85.069914, 27.856775], [85.069913, 27.856793], [85.069893, 27.856793], [85.069893, 27.856811], [85.069852, 27.85681]]]}, "properties": {"layer": "stripped vegetation, day 2", "note": "cloud-free 59% of corridor only"}}, {"type": "Feature", "geometry": {"type": "Polygon", "coordinates": [[[85.069391, 27.856479], [85.069391, 27.856461], [85.069371, 27.856461], [85.069371, 27.856443], [85.069351, 27.856442], [85.069352, 27.856406], [85.069331, 27.856406], [85.069332, 27.856388], [85.069311, 27.856388], [85.069312, 27.85637], [85.069332, 27.85637], [85.069332, 27.856352], [85.069353, 27.856352], [85.069353, 27.856334], [85.069393, 27.856335], [85.069394, 27.856317], [85.069414, 27.856317], [85.069414, 27.856335], [85.069454, 27.856336], [85.069454, 27.856354], [85.069474, 27.856354], [85.069474, 27.856372], [85.069494, 27.856372], [85.069494, 27.856408], [85.069473, 27.856408], [85.069473, 27.856426], [85.069453, 27.856426], [85.069452, 27.856444], [85.069432, 27.856444], [85.069432, 27.856462], [85.069411, 27.856461], [85.069411, 27.856479], [85.069391, 27.856479]]]}, "properties": {"layer": "stripped vegetation, day 2", "note": "cloud-free 59% of corridor only"}}, {"type": "Feature", "geometry": {"type": "Polygon", "coordinates": [[[85.068983, 27.856582], [85.068983, 27.856564], [85.068963, 27.856563], [85.068963, 27.856545], [85.068943, 27.856545], [85.068943, 27.856527], [85.068923, 27.856527], [85.068923, 27.856509], [85.068903, 27.856508], [85.068903, 27.85649], [85.068863, 27.85649], [85.068863, 27.856472], [85.068802, 27.856471], [85.068802, 27.856489], [85.068781, 27.856489], [85.068781, 27.856507], [85.068761, 27.856506], [85.068761, 27.856488], [85.068741, 27.856488], [85.068741, 27.85647], [85.068721, 27.85647], [85.068721, 27.856452], [85.068742, 27.856452], [85.068742, 27.856434], [85.068722, 27.856434], [85.068722, 27.856416], [85.068702, 27.856415], [85.068702, 27.856361], [85.068723, 27.856361], [85.068723, 27.856343], [85.068743, 27.856344], [85.068744, 27.856326], [85.068764, 27.856326], [85.068764, 27.856308], [85.068785, 27.856308], [85.068785, 27.85629], [85.068826, 27.856291], [85.068825, 27.856309], [85.068846, 27.856309], [85.068845, 27.856327], [85.068866, 27.856327], [85.068865, 27.856345], [85.068906, 27.856346], [85.068906, 27.856364], [85.068926, 27.856364], [85.068926, 27.856382], [85.068946, 27.856383], [85.068945, 27.856437], [85.068965, 27.856437], [85.068965, 27.856455], [85.069005, 27.856456], [85.069005, 27.856474], [85.069066, 27.856474], [85.069066, 27.856493], [85.069086, 27.856493], [85.069086, 27.856511], [85.069106, 27.856511], [85.069105, 27.856547], [85.069085, 27.856547], [85.069085, 27.856565], [85.069064, 27.856565], [85.069064, 27.856583], [85.068983, 27.856582]]]}, "properties": {"layer": "stripped vegetation, day 2", "note": "cloud-free 59% of corridor only"}}, {"type": "Feature", "geometry": {"type": "Polygon", "coordinates": [[[85.099173, 27.857055], [85.099173, 27.857037], [85.099153, 27.857037], [85.099153, 27.857019], [85.099133, 27.857019], [85.099134, 27.856964], [85.099154, 27.856965], [85.099154, 27.856929], [85.099134, 27.856928], [85.099135, 27.856892], [85.099155, 27.856892], [85.099156, 27.856856], [85.099176, 27.856857], [85.099177, 27.856821], [85.099156, 27.85682], [85.099157, 27.856802], [85.099136, 27.856802], [85.099137, 27.856766], [85.099117, 27.856766], [85.099117, 27.856748], [85.099137, 27.856748], [85.099138, 27.85673], [85.099158, 27.85673], [85.099158, 27.856712], [85.099199, 27.856713], [85.099199, 27.856731], [85.099219, 27.856731], [85.099219, 27.856749], [85.099239, 27.856749], [85.099238, 27.856803], [85.099258, 27.856804], [85.099258, 27.856822], [85.099238, 27.856821], [85.099237, 27.856858], [85.099257, 27.856858], [85.099256, 27.856912], [85.099277, 27.856912], [85.099276, 27.856966], [85.099255, 27.856966], [85.099255, 27.857002], [85.099234, 27.857002], [85.099234, 27.85702], [85.099214, 27.85702], [85.099213, 27.857038], [85.099193, 27.857037], [85.099193, 27.857055], [85.099173, 27.857055]]]}, "properties": {"layer": "stripped vegetation, day 2", "note": "cloud-free 59% of corridor only"}}, {"type": "Feature", "geometry": {"type": "Polygon", "coordinates": [[[85.103055, 27.85682], [85.103056, 27.856802], [85.103036, 27.856802], [85.103036, 27.856783], [85.103016, 27.856783], [85.103016, 27.856765], [85.102996, 27.856765], [85.102996, 27.856747], [85.102976, 27.856747], [85.102976, 27.856729], [85.102996, 27.856729], [85.102996, 27.856711], [85.103017, 27.856711], [85.103017, 27.856693], [85.103037, 27.856693], [85.103037, 27.856711], [85.103057, 27.856712], [85.103057, 27.85673], [85.103077, 27.85673], [85.103077, 27.856748], [85.103097, 27.856748], [85.103097, 27.856766], [85.103117, 27.856767], [85.103117, 27.856785], [85.103097, 27.856784], [85.103096, 27.856802], [85.103076, 27.856802], [85.103076, 27.85682], [85.103055, 27.85682]]]}, "properties": {"layer": "stripped vegetation, day 2", "note": "cloud-free 59% of corridor only"}}, {"type": "Feature", "geometry": {"type": "Polygon", "coordinates": [[[85.070186, 27.856328], [85.070186, 27.85631], [85.070166, 27.856309], [85.070166, 27.856291], [85.070146, 27.856291], [85.070146, 27.856273], [85.070166, 27.856273], [85.070167, 27.856255], [85.070187, 27.856256], [85.070187, 27.856237], [85.070207, 27.856238], [85.070208, 27.85622], [85.070228, 27.85622], [85.070228, 27.856238], [85.070248, 27.856238], [85.070248, 27.85622], [85.070269, 27.856221], [85.070268, 27.856239], [85.070289, 27.856239], [85.070288, 27.856257], [85.070309, 27.856257], [85.070308, 27.856275], [85.070329, 27.856276], [85.070328, 27.856294], [85.070308, 27.856293], [85.070308, 27.856311], [85.070287, 27.856311], [85.070287, 27.856329], [85.070267, 27.856329], [85.070267, 27.856311], [85.070247, 27.856311], [85.070247, 27.856292], [85.070227, 27.856292], [85.070226, 27.85631], [85.070206, 27.85631], [85.070206, 27.856328], [85.070186, 27.856328]]]}, "properties": {"layer": "stripped vegetation, day 2", "note": "cloud-free 59% of corridor only"}}, {"type": "Feature", "geometry": {"type": "Polygon", "coordinates": [[[85.069333, 27.856298], [85.069333, 27.85628], [85.069313, 27.856279], [85.069313, 27.856261], [85.069293, 27.856261], [85.069294, 27.856243], [85.069314, 27.856243], [85.069314, 27.856225], [85.069334, 27.856226], [85.069335, 27.856208], [85.069355, 27.856208], [85.069355, 27.856226], [85.069375, 27.856226], [85.069375, 27.856244], [85.069395, 27.856244], [85.069395, 27.856263], [85.069374, 27.856262], [85.069374, 27.85628], [85.069354, 27.85628], [85.069353, 27.856298], [85.069333, 27.856298]]]}, "properties": {"layer": "stripped vegetation, day 2", "note": "cloud-free 59% of corridor only"}}, {"type": "Feature", "geometry": {"type": "Polygon", "coordinates": [[[85.099437, 27.857005], [85.099438, 27.856987], [85.099397, 27.856986], [85.099397, 27.856968], [85.099377, 27.856968], [85.099377, 27.85695], [85.099337, 27.856949], [85.099337, 27.856931], [85.099317, 27.856931], [85.099317, 27.856913], [85.099297, 27.856912], [85.099299, 27.856804], [85.099278, 27.856804], [85.099279, 27.85675], [85.099259, 27.85675], [85.099261, 27.856659], [85.09924, 27.856659], [85.099241, 27.856641], [85.099261, 27.856641], [85.099261, 27.856623], [85.099282, 27.856623], [85.099282, 27.856605], [85.099302, 27.856606], [85.099303, 27.856588], [85.099323, 27.856588], [85.099323, 27.85657], [85.099343, 27.85657], [85.099343, 27.856588], [85.099363, 27.856589], [85.099363, 27.856607], [85.099383, 27.856607], [85.099383, 27.856625], [85.099403, 27.856625], [85.099403, 27.856661], [85.099423, 27.856662], [85.099422, 27.856698], [85.099443, 27.856698], [85.099441, 27.856824], [85.099461, 27.856825], [85.09946, 27.856861], [85.099481, 27.856861], [85.09948, 27.856915], [85.0995, 27.856915], [85.099499, 27.856969], [85.099479, 27.856969], [85.099478, 27.856987], [85.099458, 27.856987], [85.099458, 27.857005], [85.099437, 27.857005]]]}, "properties": {"layer": "stripped vegetation, day 2", "note": "cloud-free 59% of corridor only"}}, {"type": "Feature", "geometry": {"type": "Polygon", "coordinates": [[[85.082815, 27.856432], [85.082816, 27.856414], [85.082795, 27.856413], [85.082796, 27.856395], [85.082775, 27.856395], [85.082776, 27.856377], [85.082796, 27.856377], [85.082796, 27.856359], [85.082816, 27.856359], [85.082817, 27.856341], [85.082837, 27.856342], [85.082837, 27.85636], [85.082857, 27.85636], [85.082857, 27.856378], [85.082877, 27.856378], [85.082877, 27.856396], [85.082856, 27.856396], [85.082856, 27.856414], [85.082836, 27.856414], [85.082836, 27.856432], [85.082815, 27.856432]]]}, "properties": {"layer": "stripped vegetation, day 2", "note": "cloud-free 59% of corridor only"}}, {"type": "Feature", "geometry": {"type": "Polygon", "coordinates": [[[85.083444, 27.856495], [85.083444, 27.856477], [85.083424, 27.856476], [85.083424, 27.856458], [85.083363, 27.856457], [85.083363, 27.856439], [85.083323, 27.856439], [85.083323, 27.856421], [85.083303, 27.85642], [85.083303, 27.856402], [85.083283, 27.856402], [85.083283, 27.856384], [85.083303, 27.856384], [85.083304, 27.856366], [85.083324, 27.856367], [85.083324, 27.856349], [85.083385, 27.856349], [85.083385, 27.856367], [85.083426, 27.856368], [85.083426, 27.85635], [85.083446, 27.85635], [85.083447, 27.856332], [85.083487, 27.856333], [85.083487, 27.856351], [85.083527, 27.856351], [85.083527, 27.856369], [85.083547, 27.85637], [85.083547, 27.856388], [85.083567, 27.856388], [85.083567, 27.856406], [85.083547, 27.856406], [85.083546, 27.856424], [85.083526, 27.856424], [85.083526, 27.856442], [85.083506, 27.856441], [85.083505, 27.856459], [85.083485, 27.856459], [85.083485, 27.856477], [85.083464, 27.856477], [85.083464, 27.856495], [85.083444, 27.856495]]]}, "properties": {"layer": "stripped vegetation, day 2", "note": "cloud-free 59% of corridor only"}}, {"type": "Feature", "geometry": {"type": "Polygon", "coordinates": [[[85.103239, 27.856768], [85.103239, 27.85675], [85.103219, 27.85675], [85.103219, 27.856732], [85.103199, 27.856732], [85.1032, 27.856714], [85.10322, 27.856714], [85.10322, 27.856678], [85.1032, 27.856677], [85.1032, 27.856659], [85.10318, 27.856659], [85.10318, 27.856641], [85.103201, 27.856641], [85.103201, 27.856623], [85.103221, 27.856624], [85.103222, 27.856606], [85.103242, 27.856606], [85.103242, 27.856624], [85.103262, 27.856624], [85.103262, 27.856642], [85.103282, 27.856642], [85.103282, 27.856661], [85.103261, 27.85666], [85.103261, 27.856696], [85.103281, 27.856697], [85.103281, 27.856715], [85.103301, 27.856715], [85.103301, 27.856733], [85.10328, 27.856733], [85.10328, 27.856751], [85.10326, 27.85675], [85.103259, 27.856769], [85.103239, 27.856768]]]}, "properties": {"layer": "stripped vegetation, day 2", "note": "cloud-free 59% of corridor only"}}, {"type": "Feature", "geometry": {"type": "Polygon", "coordinates": [[[85.106916, 27.85671], [85.106916, 27.856692], [85.106896, 27.856692], [85.106896, 27.856674], [85.106876, 27.856674], [85.106876, 27.856656], [85.106897, 27.856656], [85.106897, 27.856638], [85.106917, 27.856638], [85.106918, 27.85662], [85.106938, 27.856621], [85.106938, 27.856639], [85.106958, 27.856639], [85.106957, 27.856657], [85.106978, 27.856657], [85.106977, 27.856675], [85.106957, 27.856675], [85.106957, 27.856693], [85.106937, 27.856693], [85.106936, 27.856711], [85.106916, 27.85671]]]}, "properties": {"layer": "stripped vegetation, day 2", "note": "cloud-free 59% of corridor only"}}, {"type": "Feature", "geometry": {"type": "Polygon", "coordinates": [[[85.070915, 27.856446], [85.070915, 27.856428], [85.070895, 27.856428], [85.070895, 27.85641], [85.070875, 27.85641], [85.070875, 27.856392], [85.070834, 27.856391], [85.070835, 27.856373], [85.070814, 27.856373], [85.070815, 27.856355], [85.070794, 27.856354], [85.070795, 27.856336], [85.070815, 27.856337], [85.070817, 27.856246], [85.070796, 27.856246], [85.070797, 27.856228], [85.070776, 27.856228], [85.070777, 27.856174], [85.070757, 27.856173], [85.070757, 27.856155], [85.070778, 27.856156], [85.070778, 27.856137], [85.070798, 27.856138], [85.070798, 27.85612], [85.070839, 27.85612], [85.070839, 27.856102], [85.07086, 27.856103], [85.070859, 27.856121], [85.07088, 27.856121], [85.070879, 27.856139], [85.0709, 27.856139], [85.070899, 27.856157], [85.070879, 27.856157], [85.070878, 27.856193], [85.070899, 27.856193], [85.070898, 27.856211], [85.070919, 27.856212], [85.070918, 27.85623], [85.070939, 27.85623], [85.070938, 27.856248], [85.070918, 27.856248], [85.070918, 27.856266], [85.070938, 27.856266], [85.070938, 27.856284], [85.070958, 27.856284], [85.070958, 27.856302], [85.070978, 27.856303], [85.070976, 27.856411], [85.070956, 27.856411], [85.070955, 27.856429], [85.070935, 27.856428], [85.070935, 27.856447], [85.070915, 27.856446]]]}, "properties": {"layer": "stripped vegetation, day 2", "note": "cloud-free 59% of corridor only"}}, {"type": "Feature", "geometry": {"type": "Polygon", "coordinates": [[[85.084562, 27.856402], [85.084563, 27.856384], [85.084542, 27.856383], [85.084543, 27.856365], [85.084522, 27.856365], [85.084523, 27.856329], [85.084543, 27.856329], [85.084543, 27.856311], [85.084564, 27.856312], [85.084564, 27.856294], [85.084584, 27.856294], [85.084584, 27.856312], [85.084645, 27.856313], [85.084645, 27.856295], [85.084706, 27.856296], [85.084706, 27.856314], [85.084726, 27.856314], [85.084726, 27.856332], [85.084746, 27.856332], [85.084746, 27.85635], [85.084766, 27.85635], [85.084766, 27.856369], [85.084746, 27.856368], [85.084745, 27.856386], [85.084725, 27.856386], [85.084725, 27.856404], [85.084562, 27.856402]]]}, "properties": {"layer": "stripped vegetation, day 2", "note": "cloud-free 59% of corridor only"}}, {"type": "Feature", "geometry": {"type": "Polygon", "coordinates": [[[85.084277, 27.856434], [85.084278, 27.856416], [85.084257, 27.856416], [85.084258, 27.856398], [85.084237, 27.856397], [85.084238, 27.856343], [85.084218, 27.856343], [85.084218, 27.856325], [85.084239, 27.856325], [85.084239, 27.856307], [85.084259, 27.856307], [85.08426, 27.856289], [85.0843, 27.85629], [85.0843, 27.856308], [85.08432, 27.856308], [85.08432, 27.856326], [85.08434, 27.856327], [85.08434, 27.856345], [85.08436, 27.856345], [85.084359, 27.856381], [85.084339, 27.856381], [85.084339, 27.856399], [85.084319, 27.856398], [85.084318, 27.856416], [85.084298, 27.856416], [85.084298, 27.856434], [85.084277, 27.856434]]]}, "properties": {"layer": "stripped vegetation, day 2", "note": "cloud-free 59% of corridor only"}}, {"type": "Feature", "geometry": {"type": "Polygon", "coordinates": [[[85.068624, 27.856234], [85.068624, 27.856216], [85.068583, 27.856215], [85.068584, 27.856197], [85.068563, 27.856197], [85.068564, 27.856179], [85.068543, 27.856178], [85.068544, 27.856142], [85.068524, 27.856142], [85.068524, 27.856106], [85.068545, 27.856106], [85.068546, 27.856034], [85.068566, 27.856034], [85.068566, 27.856016], [85.068587, 27.856017], [85.068587, 27.855999], [85.068628, 27.855999], [85.068627, 27.856017], [85.068648, 27.856017], [85.068647, 27.856035], [85.068668, 27.856036], [85.068668, 27.856018], [85.068729, 27.856019], [85.068729, 27.856037], [85.068789, 27.856037], [85.068789, 27.856055], [85.068809, 27.856056], [85.068809, 27.856074], [85.068829, 27.856074], [85.068829, 27.85611], [85.068849, 27.85611], [85.068849, 27.856129], [85.068828, 27.856128], [85.068828, 27.856146], [85.068808, 27.856146], [85.068808, 27.856164], [85.068747, 27.856163], [85.068746, 27.856181], [85.068726, 27.856181], [85.068726, 27.856199], [85.068705, 27.856199], [85.068705, 27.856217], [85.068664, 27.856216], [85.068664, 27.856234], [85.068624, 27.856234]]]}, "properties": {"layer": "stripped vegetation, day 2", "note": "cloud-free 59% of corridor only"}}, {"type": "Feature", "geometry": {"type": "Polygon", "coordinates": [[[85.083892, 27.856411], [85.083892, 27.856392], [85.083872, 27.856392], [85.083872, 27.856374], [85.083852, 27.856374], [85.083852, 27.856356], [85.083873, 27.856356], [85.083873, 27.856338], [85.083893, 27.856338], [85.083893, 27.85632], [85.083995, 27.856322], [85.083996, 27.85625], [85.083976, 27.856249], [85.083976, 27.856231], [85.083997, 27.856232], [85.083997, 27.856213], [85.084017, 27.856214], [85.084018, 27.856196], [85.084058, 27.856196], [85.084058, 27.856214], [85.084078, 27.856215], [85.084078, 27.856233], [85.084098, 27.856233], [85.084097, 27.856269], [85.084118, 27.856269], [85.084117, 27.856287], [85.084138, 27.856288], [85.084137, 27.856306], [85.084158, 27.856306], [85.084157, 27.856324], [85.084178, 27.856324], [85.084177, 27.85636], [85.084157, 27.85636], [85.084156, 27.856378], [85.084136, 27.856378], [85.084136, 27.856396], [85.084055, 27.856395], [85.084054, 27.856413], [85.083892, 27.856411]]]}, "properties": {"layer": "stripped vegetation, day 2", "note": "cloud-free 59% of corridor only"}}, {"type": "Feature", "geometry": {"type": "Polygon", "coordinates": [[[85.069172, 27.856241], [85.069172, 27.856223], [85.069111, 27.856222], [85.069111, 27.856204], [85.069091, 27.856204], [85.069091, 27.856186], [85.069071, 27.856186], [85.069071, 27.856168], [85.069092, 27.856168], [85.069092, 27.85615], [85.069112, 27.85615], [85.069113, 27.856114], [85.069093, 27.856114], [85.069093, 27.856096], [85.069073, 27.856096], [85.069073, 27.856059], [85.069053, 27.856059], [85.069054, 27.856005], [85.069074, 27.856005], [85.069075, 27.855987], [85.069095, 27.855988], [85.069095, 27.85597], [85.069136, 27.85597], [85.069136, 27.855988], [85.069156, 27.855988], [85.069156, 27.856006], [85.069176, 27.856007], [85.069176, 27.856025], [85.069196, 27.856025], [85.069196, 27.856043], [85.069175, 27.856043], [85.069174, 27.856097], [85.069154, 27.856097], [85.069153, 27.856133], [85.069235, 27.856134], [85.069234, 27.856152], [85.069275, 27.856153], [85.069275, 27.856134], [85.069295, 27.856135], [85.069295, 27.856153], [85.069315, 27.856153], [85.069315, 27.856171], [85.069335, 27.856171], [85.069335, 27.856189], [85.069315, 27.856189], [85.069314, 27.856207], [85.069294, 27.856207], [85.069294, 27.856225], [85.069274, 27.856225], [85.069274, 27.856207], [85.069233, 27.856206], [85.069233, 27.856224], [85.069192, 27.856224], [85.069192, 27.856242], [85.069172, 27.856241]]]}, "properties": {"layer": "stripped vegetation, day 2", "note": "cloud-free 59% of corridor only"}}, {"type": "Feature", "geometry": {"type": "Polygon", "coordinates": [[[85.069438, 27.856101], [85.069439, 27.856083], [85.069418, 27.856082], [85.069419, 27.856064], [85.069398, 27.856064], [85.069399, 27.856028], [85.069419, 27.856028], [85.069419, 27.85601], [85.06944, 27.85601], [85.06944, 27.855992], [85.06946, 27.855993], [85.069461, 27.855975], [85.069481, 27.855975], [85.069481, 27.855993], [85.069501, 27.855993], [85.069501, 27.856011], [85.069521, 27.856012], [85.069521, 27.85603], [85.069541, 27.85603], [85.06954, 27.856066], [85.06952, 27.856066], [85.06952, 27.856084], [85.069499, 27.856083], [85.069499, 27.856102], [85.069438, 27.856101]]]}, "properties": {"layer": "stripped vegetation, day 2", "note": "cloud-free 59% of corridor only"}}, {"type": "Feature", "geometry": {"type": "Polygon", "coordinates": [[[85.069236, 27.856062], [85.069236, 27.856044], [85.069216, 27.856043], [85.069216, 27.856025], [85.069196, 27.856025], [85.069196, 27.856007], [85.069216, 27.856007], [85.069217, 27.855989], [85.069237, 27.85599], [85.069237, 27.855972], [85.069258, 27.855972], [85.069257, 27.85599], [85.069278, 27.85599], [85.069277, 27.856008], [85.069298, 27.856008], [85.069297, 27.856027], [85.069277, 27.856026], [85.069277, 27.856044], [85.069256, 27.856044], [85.069256, 27.856062], [85.069236, 27.856062]]]}, "properties": {"layer": "stripped vegetation, day 2", "note": "cloud-free 59% of corridor only"}}, {"type": "Feature", "geometry": {"type": "Polygon", "coordinates": [[[85.071165, 27.856071], [85.071165, 27.856053], [85.071145, 27.856052], [85.071145, 27.856034], [85.071125, 27.856034], [85.071125, 27.856016], [85.071146, 27.856016], [85.071146, 27.855998], [85.071166, 27.855999], [85.071166, 27.85598], [85.071187, 27.855981], [85.071186, 27.855999], [85.071207, 27.855999], [85.071206, 27.856017], [85.071227, 27.856017], [85.071226, 27.856035], [85.071206, 27.856035], [85.071206, 27.856053], [85.071186, 27.856053], [85.071185, 27.856071], [85.071165, 27.856071]]]}, "properties": {"layer": "stripped vegetation, day 2", "note": "cloud-free 59% of corridor only"}}, {"type": "Feature", "geometry": {"type": "Polygon", "coordinates": [[[85.070719, 27.856046], [85.070719, 27.856028], [85.070699, 27.856028], [85.070699, 27.85601], [85.070679, 27.85601], [85.070679, 27.855992], [85.070659, 27.855991], [85.070659, 27.855973], [85.070679, 27.855974], [85.07068, 27.855956], [85.0707, 27.855956], [85.0707, 27.855938], [85.07072, 27.855938], [85.07072, 27.855956], [85.07074, 27.855956], [85.07074, 27.855974], [85.07076, 27.855975], [85.07076, 27.855993], [85.07078, 27.855993], [85.07078, 27.856011], [85.07076, 27.856011], [85.070759, 27.856029], [85.070739, 27.856029], [85.070739, 27.856047], [85.070719, 27.856046]]]}, "properties": {"layer": "stripped vegetation, day 2", "note": "cloud-free 59% of corridor only"}}, {"type": "Feature", "geometry": {"type": "Polygon", "coordinates": [[[85.068929, 27.856166], [85.06893, 27.856148], [85.068909, 27.856147], [85.06891, 27.856129], [85.068889, 27.856129], [85.06889, 27.856111], [85.068869, 27.856111], [85.06887, 27.856075], [85.06885, 27.856074], [85.06885, 27.856056], [85.06883, 27.856056], [85.06883, 27.856038], [85.06881, 27.856038], [85.068811, 27.855984], [85.06879, 27.855983], [85.068791, 27.855965], [85.06875, 27.855965], [85.06875, 27.855983], [85.06873, 27.855982], [85.06873, 27.855964], [85.06871, 27.855964], [85.06871, 27.855946], [85.06869, 27.855946], [85.06869, 27.855928], [85.06871, 27.855928], [85.06871, 27.85591], [85.068731, 27.85591], [85.068731, 27.855892], [85.068751, 27.855893], [85.068751, 27.855911], [85.068771, 27.855911], [85.068771, 27.855929], [85.068812, 27.855929], [85.068812, 27.855911], [85.068832, 27.855912], [85.068833, 27.855894], [85.068853, 27.855894], [85.068853, 27.855876], [85.068874, 27.855876], [85.068873, 27.855894], [85.068894, 27.855895], [85.068893, 27.855913], [85.068914, 27.855913], [85.068913, 27.855967], [85.068933, 27.855967], [85.068933, 27.855985], [85.068953, 27.855986], [85.068952, 27.85604], [85.068992, 27.85604], [85.068992, 27.856058], [85.069012, 27.856059], [85.069012, 27.856077], [85.069032, 27.856077], [85.069032, 27.856113], [85.069012, 27.856113], [85.069011, 27.856131], [85.068991, 27.856131], [85.068991, 27.856149], [85.06895, 27.856148], [85.06895, 27.856166], [85.068929, 27.856166]]]}, "properties": {"layer": "stripped vegetation, day 2", "note": "cloud-free 59% of corridor only"}}, {"type": "Feature", "geometry": {"type": "Polygon", "coordinates": [[[85.069779, 27.85634], [85.069779, 27.856322], [85.069759, 27.856322], [85.06976, 27.856304], [85.069739, 27.856303], [85.06974, 27.856249], [85.06976, 27.85625], [85.069761, 27.856232], [85.069781, 27.856232], [85.069781, 27.856214], [85.069822, 27.856214], [85.069822, 27.856196], [85.069843, 27.856197], [85.069842, 27.856215], [85.069863, 27.856215], [85.069862, 27.856233], [85.069883, 27.856233], [85.069883, 27.856215], [85.069903, 27.856215], [85.069904, 27.856197], [85.069924, 27.856198], [85.069924, 27.85618], [85.069904, 27.856179], [85.069904, 27.856161], [85.069884, 27.856161], [85.069884, 27.856143], [85.069864, 27.856143], [85.069864, 27.856125], [85.069885, 27.856125], [85.069885, 27.856107], [85.069905, 27.856107], [85.069905, 27.856089], [85.069946, 27.85609], [85.069946, 27.856108], [85.069966, 27.856108], [85.069966, 27.856126], [85.069986, 27.856126], [85.069986, 27.856144], [85.070006, 27.856145], [85.070006, 27.856163], [85.070026, 27.856163], [85.070027, 27.856127], [85.070047, 27.856127], [85.070047, 27.856109], [85.070027, 27.856109], [85.070027, 27.856091], [85.070007, 27.856091], [85.070007, 27.856073], [85.070028, 27.856073], [85.070028, 27.856055], [85.070008, 27.856054], [85.070008, 27.856036], [85.069988, 27.856036], [85.069988, 27.856018], [85.070008, 27.856018], [85.070009, 27.856], [85.070029, 27.856001], [85.070029, 27.855983], [85.07005, 27.855983], [85.07005, 27.855965], [85.07007, 27.855965], [85.070071, 27.855911], [85.070051, 27.855911], [85.070051, 27.855893], [85.070031, 27.855892], [85.070031, 27.855874], [85.070051, 27.855875], [85.070052, 27.855857], [85.070072, 27.855857], [85.070072, 27.855839], [85.070113, 27.855839], [85.070113, 27.855857], [85.070153, 27.855858], [85.070154, 27.85584], [85.070194, 27.855841], [85.070194, 27.855859], [85.070214, 27.855859], [85.070214, 27.855877], [85.070234, 27.855877], [85.070234, 27.855895], [85.070214, 27.855895], [85.070213, 27.855913], [85.070274, 27.855914], [85.070274, 27.855932], [85.070314, 27.855932], [85.070315, 27.855914], [85.070335, 27.855915], [85.070335, 27.855897], [85.070376, 27.855897], [85.070376, 27.855915], [85.070396, 27.855916], [85.070396, 27.855934], [85.070416, 27.855934], [85.070416, 27.855952], [85.070477, 27.855953], [85.070477, 27.855935], [85.070497, 27.855935], [85.070497, 27.855953], [85.070517, 27.855953], [85.070517, 27.855971], [85.070537, 27.855972], [85.070537, 27.85599], [85.070557, 27.85599], [85.070556, 27.856062], [85.070576, 27.856062], [85.070576, 27.85608], [85.070555, 27.85608], [85.070555, 27.856098], [85.070535, 27.856098], [85.070535, 27.856116], [85.070514, 27.856116], [85.070514, 27.856134], [85.070494, 27.856133], [85.070493, 27.856152], [85.070473, 27.856151], [85.070473, 27.856169], [85.070513, 27.85617], [85.070513, 27.856188], [85.070533, 27.856188], [85.070533, 27.856206], [85.070553, 27.856207], [85.070553, 27.856225], [85.070573, 27.856225], [85.070574, 27.856207], [85.070594, 27.856207], [85.070594, 27.856225], [85.070614, 27.856225], [85.070614, 27.856243], [85.070634, 27.856244], [85.070633, 27.856262], [85.070613, 27.856262], [85.070613, 27.85628], [85.070593, 27.856279], [85.070592, 27.856297], [85.070572, 27.856297], [85.070572, 27.856315], [85.070511, 27.856314], [85.070511, 27.856296], [85.07047, 27.856296], [85.070471, 27.856278], [85.07045, 27.856277], [85.070451, 27.856259], [85.07043, 27.856259], [85.070431, 27.856241], [85.070451, 27.856241], [85.070451, 27.856223], [85.070411, 27.856223], [85.070411, 27.856205], [85.070371, 27.856204], [85.07037, 27.856222], [85.070289, 27.856221], [85.070289, 27.856203], [85.070269, 27.856203], [85.070269, 27.856185], [85.070249, 27.856184], [85.070249, 27.856166], [85.070229, 27.856166], [85.070229, 27.856148], [85.070209, 27.856148], [85.070209, 27.856166], [85.070188, 27.856165], [85.070188, 27.856183], [85.070168, 27.856183], [85.070167, 27.856201], [85.070147, 27.856201], [85.070147, 27.856219], [85.070127, 27.856219], [85.070126, 27.856237], [85.070106, 27.856236], [85.070106, 27.856218], [85.070045, 27.856217], [85.070046, 27.856199], [85.070025, 27.856199], [85.070025, 27.856217], [85.070005, 27.856217], [85.070004, 27.856235], [85.069984, 27.856235], [85.069984, 27.856253], [85.069964, 27.856252], [85.069963, 27.85627], [85.069923, 27.85627], [85.069923, 27.856252], [85.069903, 27.856252], [85.069902, 27.85627], [85.069882, 27.856269], [85.069882, 27.856287], [85.069861, 27.856287], [85.069861, 27.856305], [85.069841, 27.856305], [85.06984, 27.856323], [85.06982, 27.856323], [85.06982, 27.856341], [85.069779, 27.85634]]]}, "properties": {"layer": "stripped vegetation, day 2", "note": "cloud-free 59% of corridor only"}}, {"type": "Feature", "geometry": {"type": "Polygon", "coordinates": [[[85.083004, 27.856073], [85.083005, 27.856055], [85.082984, 27.856055], [85.082985, 27.856037], [85.082964, 27.856037], [85.082965, 27.856019], [85.082985, 27.856019], [85.082985, 27.856001], [85.083006, 27.856001], [85.083006, 27.855983], [85.083026, 27.855983], [85.083026, 27.856001], [85.083046, 27.856002], [85.083046, 27.85602], [85.083066, 27.85602], [85.083066, 27.856038], [85.083046, 27.856038], [85.083045, 27.856056], [85.083025, 27.856056], [85.083025, 27.856074], [85.083004, 27.856073]]]}, "properties": {"layer": "stripped vegetation, day 2", "note": "cloud-free 59% of corridor only"}}, {"type": "Feature", "geometry": {"type": "Polygon", "coordinates": [[[85.106231, 27.856376], [85.106232, 27.856358], [85.106191, 27.856358], [85.106191, 27.85634], [85.106171, 27.856339], [85.106171, 27.856321], [85.106151, 27.856321], [85.106152, 27.856285], [85.106172, 27.856285], [85.106172, 27.856267], [85.106193, 27.856267], [85.106193, 27.856249], [85.106213, 27.85625], [85.106213, 27.856232], [85.106254, 27.856232], [85.106254, 27.85625], [85.106274, 27.85625], [85.106274, 27.856268], [85.106294, 27.856269], [85.106294, 27.856287], [85.106314, 27.856287], [85.106313, 27.856341], [85.106293, 27.856341], [85.106293, 27.856359], [85.106272, 27.856359], [85.106272, 27.856377], [85.106231, 27.856376]]]}, "properties": {"layer": "stripped vegetation, day 2", "note": "cloud-free 59% of corridor only"}}, {"type": "Feature", "geometry": {"type": "Polygon", "coordinates": [[[85.068875, 27.855786], [85.068875, 27.855768], [85.068855, 27.855768], [85.068855, 27.85575], [85.068835, 27.855749], [85.068836, 27.855731], [85.068856, 27.855732], [85.068856, 27.855713], [85.068876, 27.855714], [85.068877, 27.855696], [85.068897, 27.855696], [85.068897, 27.855678], [85.068918, 27.855678], [85.068917, 27.855696], [85.068938, 27.855697], [85.068937, 27.855715], [85.068958, 27.855715], [85.068957, 27.855733], [85.068937, 27.855733], [85.068937, 27.855751], [85.068916, 27.85575], [85.068916, 27.855768], [85.068896, 27.855768], [85.068895, 27.855786], [85.068875, 27.855786]]]}, "properties": {"layer": "stripped vegetation, day 2", "note": "cloud-free 59% of corridor only"}}, {"type": "Feature", "geometry": {"type": "Polygon", "coordinates": [[[85.069665, 27.855923], [85.069665, 27.855905], [85.069645, 27.855905], [85.069645, 27.855887], [85.069564, 27.855886], [85.069564, 27.855904], [85.069523, 27.855903], [85.069523, 27.855885], [85.069503, 27.855885], [85.069503, 27.855867], [85.069483, 27.855867], [85.069483, 27.855849], [85.069504, 27.855849], [85.069504, 27.855831], [85.069524, 27.855831], [85.069525, 27.855813], [85.069545, 27.855813], [85.069545, 27.855795], [85.069565, 27.855796], [85.069566, 27.85576], [85.069586, 27.85576], [85.069587, 27.855742], [85.069607, 27.855742], [85.069607, 27.855724], [85.069648, 27.855725], [85.069648, 27.855707], [85.069872, 27.85571], [85.069872, 27.855692], [85.069892, 27.855692], [85.069893, 27.855674], [85.069913, 27.855674], [85.069913, 27.855692], [85.069933, 27.855692], [85.069932, 27.855711], [85.069953, 27.855711], [85.069952, 27.855747], [85.069932, 27.855747], [85.069931, 27.855801], [85.069951, 27.855801], [85.069951, 27.855819], [85.069971, 27.855819], [85.069971, 27.855837], [85.069951, 27.855837], [85.06995, 27.855855], [85.06993, 27.855855], [85.06993, 27.855873], [85.069889, 27.855872], [85.069889, 27.855854], [85.069869, 27.855854], [85.069869, 27.855836], [85.069849, 27.855836], [85.069849, 27.855818], [85.069829, 27.855817], [85.069829, 27.855799], [85.069789, 27.855799], [85.069788, 27.855817], [85.069768, 27.855817], [85.069768, 27.855835], [85.069727, 27.855834], [85.069726, 27.855888], [85.069706, 27.855888], [85.069706, 27.855906], [85.069685, 27.855906], [85.069685, 27.855924], [85.069665, 27.855923]]]}, "properties": {"layer": "stripped vegetation, day 2", "note": "cloud-free 59% of corridor only"}}, {"type": "Feature", "geometry": {"type": "Polygon", "coordinates": [[[85.069486, 27.855704], [85.069486, 27.855686], [85.069466, 27.855686], [85.069466, 27.855668], [85.069446, 27.855668], [85.069446, 27.85565], [85.069466, 27.85565], [85.069467, 27.855632], [85.069487, 27.855632], [85.069487, 27.855614], [85.069508, 27.855614], [85.069507, 27.855632], [85.069528, 27.855633], [85.069527, 27.855651], [85.069548, 27.855651], [85.069547, 27.855669], [85.069527, 27.855669], [85.069527, 27.855687], [85.069506, 27.855686], [85.069506, 27.855705], [85.069486, 27.855704]]]}, "properties": {"layer": "stripped vegetation, day 2", "note": "cloud-free 59% of corridor only"}}, {"type": "Feature", "geometry": {"type": "Polygon", "coordinates": [[[85.082764, 27.855889], [85.082764, 27.855871], [85.082744, 27.855871], [85.082744, 27.855853], [85.082724, 27.855853], [85.082724, 27.855835], [85.082744, 27.855835], [85.082745, 27.855817], [85.082765, 27.855817], [85.082765, 27.855799], [85.082786, 27.8558], [85.082785, 27.855818], [85.082806, 27.855818], [85.082805, 27.855836], [85.082826, 27.855836], [85.082825, 27.855854], [85.082805, 27.855854], [85.082805, 27.855872], [85.082784, 27.855872], [85.082784, 27.85589], [85.082764, 27.855889]]]}, "properties": {"layer": "stripped vegetation, day 2", "note": "cloud-free 59% of corridor only"}}, {"type": "Feature", "geometry": {"type": "Polygon", "coordinates": [[[85.069159, 27.855808], [85.069159, 27.85579], [85.069139, 27.85579], [85.069139, 27.855772], [85.069119, 27.855771], [85.069119, 27.855753], [85.069099, 27.855753], [85.069099, 27.855735], [85.069079, 27.855735], [85.069079, 27.855717], [85.069059, 27.855716], [85.069059, 27.855698], [85.069039, 27.855698], [85.06904, 27.855662], [85.06902, 27.855662], [85.06902, 27.855626], [85.06904, 27.855626], [85.069041, 27.855608], [85.069061, 27.855608], [85.069061, 27.85559], [85.069082, 27.85559], [85.069081, 27.855608], [85.069102, 27.855609], [85.069101, 27.855627], [85.069142, 27.855627], [85.069142, 27.855645], [85.069223, 27.855646], [85.069223, 27.855664], [85.069243, 27.855665], [85.069243, 27.855683], [85.069263, 27.855683], [85.069263, 27.855701], [85.069283, 27.855701], [85.069282, 27.855719], [85.069303, 27.85572], [85.069302, 27.855738], [85.069323, 27.855738], [85.069322, 27.855756], [85.069302, 27.855756], [85.069302, 27.855774], [85.069282, 27.855774], [85.069281, 27.855792], [85.069261, 27.855791], [85.069261, 27.855809], [85.069159, 27.855808]]]}, "properties": {"layer": "stripped vegetation, day 2", "note": "cloud-free 59% of corridor only"}}, {"type": "Feature", "geometry": {"type": "Polygon", "coordinates": [[[85.070116, 27.855659], [85.070116, 27.855641], [85.070096, 27.855641], [85.070097, 27.855623], [85.070076, 27.855622], [85.070077, 27.855604], [85.070097, 27.855605], [85.070097, 27.855586], [85.070117, 27.855587], [85.070118, 27.855569], [85.070138, 27.855569], [85.070138, 27.855587], [85.070158, 27.855587], [85.070158, 27.855605], [85.070178, 27.855606], [85.070178, 27.855624], [85.070157, 27.855623], [85.070157, 27.855641], [85.070137, 27.855641], [85.070136, 27.855659], [85.070116, 27.855659]]]}, "properties": {"layer": "stripped vegetation, day 2", "note": "cloud-free 59% of corridor only"}}, {"type": "Feature", "geometry": {"type": "Polygon", "coordinates": [[[85.082237, 27.855846], [85.082237, 27.855828], [85.082217, 27.855828], [85.082217, 27.85581], [85.082197, 27.855809], [85.082197, 27.855773], [85.082218, 27.855774], [85.082218, 27.855738], [85.082238, 27.855738], [85.082239, 27.85572], [85.082259, 27.85572], [85.082259, 27.855702], [85.08228, 27.855702], [85.082279, 27.85572], [85.0823, 27.855721], [85.082299, 27.855739], [85.08232, 27.855739], [85.082319, 27.855757], [85.08234, 27.855757], [85.082339, 27.855793], [85.082319, 27.855793], [85.082318, 27.855811], [85.082298, 27.855811], [85.082298, 27.855829], [85.082278, 27.855829], [85.082277, 27.855847], [85.082237, 27.855846]]]}, "properties": {"layer": "stripped vegetation, day 2", "note": "cloud-free 59% of corridor only"}}, {"type": "Feature", "geometry": {"type": "Polygon", "coordinates": [[[85.071348, 27.856073], [85.071348, 27.856055], [85.071328, 27.856055], [85.071328, 27.856037], [85.071308, 27.856037], [85.071308, 27.856], [85.071288, 27.856], [85.071289, 27.855964], [85.071268, 27.855964], [85.071269, 27.855928], [85.071228, 27.855927], [85.071228, 27.855945], [85.071208, 27.855945], [85.071208, 27.855927], [85.071188, 27.855927], [85.071188, 27.855909], [85.071168, 27.855908], [85.071167, 27.855926], [85.071147, 27.855926], [85.071147, 27.855944], [85.071106, 27.855944], [85.071107, 27.855925], [85.071086, 27.855925], [85.071087, 27.855907], [85.071066, 27.855907], [85.071067, 27.855889], [85.071046, 27.855889], [85.071047, 27.85587], [85.071026, 27.85587], [85.071027, 27.855852], [85.071006, 27.855852], [85.071007, 27.855834], [85.070986, 27.855834], [85.070987, 27.855797], [85.070967, 27.855797], [85.070966, 27.855815], [85.070926, 27.855815], [85.070925, 27.855833], [85.070905, 27.855832], [85.070905, 27.85585], [85.070884, 27.85585], [85.070885, 27.855832], [85.070864, 27.855832], [85.070865, 27.855814], [85.070845, 27.855814], [85.070845, 27.855777], [85.070825, 27.855777], [85.070825, 27.855759], [85.070845, 27.855759], [85.070846, 27.855741], [85.070866, 27.855742], [85.070866, 27.855724], [85.070948, 27.855725], [85.070948, 27.855707], [85.070968, 27.855707], [85.070969, 27.855653], [85.070949, 27.855653], [85.07095, 27.85558], [85.07093, 27.85558], [85.070931, 27.855508], [85.070951, 27.855508], [85.070952, 27.85549], [85.070972, 27.85549], [85.070972, 27.855472], [85.070993, 27.855473], [85.070993, 27.855455], [85.071013, 27.855455], [85.071013, 27.855473], [85.071054, 27.855474], [85.071054, 27.855455], [85.071074, 27.855456], [85.071074, 27.855474], [85.071094, 27.855474], [85.071095, 27.855456], [85.071115, 27.855456], [85.071115, 27.855474], [85.071135, 27.855475], [85.071134, 27.855493], [85.071155, 27.855493], [85.071154, 27.855529], [85.071174, 27.855529], [85.071174, 27.855547], [85.071194, 27.855548], [85.071193, 27.855602], [85.071214, 27.855602], [85.071213, 27.855656], [85.071193, 27.855656], [85.071192, 27.855674], [85.071172, 27.855674], [85.071172, 27.855692], [85.071131, 27.855691], [85.071131, 27.855673], [85.071111, 27.855673], [85.07111, 27.855727], [85.07113, 27.855727], [85.07113, 27.855745], [85.07115, 27.855746], [85.071151, 27.855728], [85.071171, 27.855728], [85.071171, 27.85571], [85.071212, 27.85571], [85.071212, 27.855728], [85.071252, 27.855729], [85.071252, 27.855711], [85.071273, 27.855711], [85.071272, 27.855729], [85.071293, 27.85573], [85.071292, 27.855748], [85.071313, 27.855748], [85.071312, 27.855784], [85.071332, 27.855784], [85.071334, 27.855694], [85.071354, 27.855694], [85.071355, 27.855676], [85.071375, 27.855677], [85.071375, 27.855658], [85.071396, 27.855659], [85.071396, 27.855641], [85.071457, 27.855642], [85.071456, 27.85566], [85.071477, 27.85566], [85.071476, 27.855678], [85.071497, 27.855678], [85.071496, 27.855714], [85.071516, 27.855715], [85.071515, 27.855805], [85.071535, 27.855805], [85.071534, 27.855841], [85.071514, 27.855841], [85.071514, 27.855859], [85.071494, 27.855859], [85.071493, 27.855877], [85.071453, 27.855876], [85.071452, 27.855894], [85.071412, 27.855894], [85.071411, 27.855912], [85.071432, 27.855912], [85.071431, 27.85593], [85.071452, 27.85593], [85.071451, 27.855948], [85.071472, 27.855949], [85.071471, 27.855985], [85.071451, 27.855984], [85.07145, 27.856002], [85.07143, 27.856002], [85.07143, 27.85602], [85.071409, 27.85602], [85.071409, 27.856038], [85.071389, 27.856038], [85.071389, 27.856056], [85.071368, 27.856055], [85.071368, 27.856074], [85.071348, 27.856073]]]}, "properties": {"layer": "stripped vegetation, day 2", "note": "cloud-free 59% of corridor only"}}, {"type": "Feature", "geometry": {"type": "Polygon", "coordinates": [[[85.072245, 27.855833], [85.072246, 27.855815], [85.072225, 27.855815], [85.072226, 27.855797], [85.072205, 27.855796], [85.072206, 27.855778], [85.072185, 27.855778], [85.072186, 27.85576], [85.072165, 27.85576], [85.072166, 27.855742], [85.072145, 27.855741], [85.072146, 27.855723], [85.072125, 27.855723], [85.072126, 27.855705], [85.072085, 27.855705], [85.072085, 27.855723], [85.072065, 27.855722], [85.072064, 27.85574], [85.072044, 27.85574], [85.072044, 27.855758], [85.072023, 27.855758], [85.072023, 27.855776], [85.072003, 27.855776], [85.072003, 27.855758], [85.071983, 27.855757], [85.071983, 27.855739], [85.071882, 27.855738], [85.071882, 27.85572], [85.071862, 27.855719], [85.071862, 27.855701], [85.071842, 27.855701], [85.071842, 27.855683], [85.071822, 27.855683], [85.071822, 27.855665], [85.071802, 27.855664], [85.071802, 27.855646], [85.071782, 27.855646], [85.071784, 27.85552], [85.071764, 27.85552], [85.071764, 27.855501], [85.071744, 27.855501], [85.071744, 27.855483], [85.071764, 27.855483], [85.071765, 27.855465], [85.071785, 27.855466], [85.071785, 27.855448], [85.071846, 27.855448], [85.071846, 27.85543], [85.071867, 27.855431], [85.071867, 27.855413], [85.071887, 27.855413], [85.071887, 27.855431], [85.071907, 27.855431], [85.071907, 27.855449], [85.071927, 27.85545], [85.071927, 27.855468], [85.071947, 27.855468], [85.071947, 27.855486], [85.071927, 27.855486], [85.071926, 27.855504], [85.071906, 27.855503], [85.071905, 27.855558], [85.072007, 27.855559], [85.072007, 27.855541], [85.072047, 27.855542], [85.072048, 27.855487], [85.072069, 27.855488], [85.072069, 27.85547], [85.072089, 27.85547], [85.07209, 27.855452], [85.072151, 27.855453], [85.072151, 27.855435], [85.072171, 27.855435], [85.072172, 27.855417], [85.072192, 27.855417], [85.072192, 27.855435], [85.072212, 27.855436], [85.072211, 27.855454], [85.072232, 27.855454], [85.072231, 27.85549], [85.072211, 27.85549], [85.07221, 27.855526], [85.072231, 27.855526], [85.07223, 27.855544], [85.072251, 27.855544], [85.07225, 27.85558], [85.07223, 27.85558], [85.072228, 27.85567], [85.072208, 27.85567], [85.072207, 27.855706], [85.072268, 27.855707], [85.072268, 27.855725], [85.072288, 27.855725], [85.072288, 27.855743], [85.072308, 27.855744], [85.072308, 27.855762], [85.072328, 27.855762], [85.072328, 27.85578], [85.072307, 27.85578], [85.072307, 27.855798], [85.072287, 27.855798], [85.072286, 27.855816], [85.072266, 27.855815], [85.072266, 27.855833], [85.072245, 27.855833]]]}, "properties": {"layer": "stripped vegetation, day 2", "note": "cloud-free 59% of corridor only"}}, {"type": "Feature", "geometry": {"type": "Polygon", "coordinates": [[[85.071314, 27.855658], [85.071315, 27.85564], [85.071294, 27.855639], [85.071295, 27.855621], [85.071274, 27.855621], [85.071275, 27.855603], [85.071254, 27.855603], [85.071256, 27.85553], [85.071276, 27.855531], [85.071276, 27.855513], [85.071297, 27.855513], [85.071297, 27.855495], [85.071277, 27.855495], [85.071277, 27.855459], [85.071257, 27.855458], [85.071258, 27.855422], [85.071278, 27.855422], [85.071278, 27.855404], [85.071299, 27.855405], [85.071299, 27.855387], [85.071339, 27.855387], [85.071339, 27.855405], [85.071359, 27.855406], [85.07136, 27.855388], [85.07138, 27.855388], [85.07138, 27.855406], [85.0714, 27.855406], [85.0714, 27.855424], [85.07142, 27.855424], [85.071418, 27.855515], [85.071439, 27.855515], [85.071437, 27.855587], [85.071417, 27.855587], [85.071417, 27.855605], [85.071397, 27.855605], [85.071396, 27.855623], [85.071376, 27.855622], [85.071376, 27.85564], [85.071355, 27.85564], [85.071355, 27.855658], [85.071314, 27.855658]]]}, "properties": {"layer": "stripped vegetation, day 2", "note": "cloud-free 59% of corridor only"}}, {"type": "Feature", "geometry": {"type": "Polygon", "coordinates": [[[85.081789, 27.855912], [85.081789, 27.855894], [85.081769, 27.855894], [85.081769, 27.855876], [85.081749, 27.855875], [85.081749, 27.855857], [85.081729, 27.855857], [85.081729, 27.855839], [85.081709, 27.855839], [85.081709, 27.855821], [85.081729, 27.855821], [85.08173, 27.855803], [85.081709, 27.855803], [85.08171, 27.855785], [85.08173, 27.855785], [85.08173, 27.855767], [85.08171, 27.855767], [85.081711, 27.85573], [85.08169, 27.85573], [85.081691, 27.855712], [85.08167, 27.855712], [85.08167, 27.85573], [85.081629, 27.855729], [85.08163, 27.855711], [85.081609, 27.855711], [85.08161, 27.855693], [85.081589, 27.855693], [85.08159, 27.855657], [85.08157, 27.855656], [85.08157, 27.855638], [85.081509, 27.855637], [85.081509, 27.855619], [85.081489, 27.855619], [85.08149, 27.855601], [85.081429, 27.8556], [85.081429, 27.855582], [85.081409, 27.855582], [85.081409, 27.855564], [85.081389, 27.855564], [85.081389, 27.855545], [85.081409, 27.855546], [85.08141, 27.855528], [85.08143, 27.855528], [85.08143, 27.85551], [85.081552, 27.855512], [85.081552, 27.855494], [85.081573, 27.855494], [85.081572, 27.855512], [85.081593, 27.855512], [85.081592, 27.85553], [85.081613, 27.855531], [85.081612, 27.855549], [85.081653, 27.855549], [85.081653, 27.855531], [85.081674, 27.855531], [85.081674, 27.855513], [85.081755, 27.855514], [85.081755, 27.855533], [85.081775, 27.855533], [85.081775, 27.855551], [85.081795, 27.855551], [85.081794, 27.855587], [85.081815, 27.855587], [85.081814, 27.855624], [85.081834, 27.855624], [85.081835, 27.855606], [85.081855, 27.855606], [85.081855, 27.855624], [85.081875, 27.855624], [85.081875, 27.855642], [85.081895, 27.855643], [85.081895, 27.855661], [85.081874, 27.855661], [85.081874, 27.855679], [85.081854, 27.855678], [85.081853, 27.855696], [85.081833, 27.855696], [85.081833, 27.855678], [85.081813, 27.855678], [85.081813, 27.85566], [85.081793, 27.855659], [85.081793, 27.855677], [85.081772, 27.855677], [85.081772, 27.855695], [85.081792, 27.855695], [85.081792, 27.855714], [85.081812, 27.855714], [85.081812, 27.855732], [85.081832, 27.855732], [85.081832, 27.85575], [85.081852, 27.85575], [85.081852, 27.855769], [85.081872, 27.855769], [85.081872, 27.855787], [85.081852, 27.855787], [85.081851, 27.855805], [85.081872, 27.855805], [85.081871, 27.855823], [85.081851, 27.855823], [85.081851, 27.855841], [85.081871, 27.855841], [85.081871, 27.855859], [85.081891, 27.855859], [85.081891, 27.855877], [85.08187, 27.855877], [85.08187, 27.855895], [85.08185, 27.855895], [85.08185, 27.855913], [85.081789, 27.855912]]]}, "properties": {"layer": "stripped vegetation, day 2", "note": "cloud-free 59% of corridor only"}}, {"type": "Feature", "geometry": {"type": "Polygon", "coordinates": [[[85.071501, 27.855426], [85.071502, 27.855408], [85.071481, 27.855407], [85.071482, 27.855389], [85.071461, 27.855389], [85.071462, 27.855335], [85.071483, 27.855335], [85.071483, 27.855317], [85.071503, 27.855317], [85.071503, 27.855299], [85.071524, 27.8553], [85.071523, 27.855318], [85.071544, 27.855318], [85.071543, 27.855336], [85.071564, 27.855336], [85.071563, 27.855354], [85.071584, 27.855355], [85.071583, 27.855373], [85.071563, 27.855372], [85.071563, 27.85539], [85.071542, 27.85539], [85.071542, 27.855408], [85.071522, 27.855408], [85.071522, 27.855426], [85.071501, 27.855426]]]}, "properties": {"layer": "stripped vegetation, day 2", "note": "cloud-free 59% of corridor only"}}, {"type": "Feature", "geometry": {"type": "Polygon", "coordinates": [[[85.083724, 27.855542], [85.083725, 27.855524], [85.083704, 27.855524], [85.083705, 27.855505], [85.083684, 27.855505], [85.083685, 27.855487], [85.083705, 27.855487], [85.083705, 27.855469], [85.083726, 27.85547], [85.083726, 27.855452], [85.083746, 27.855452], [85.083746, 27.85547], [85.083766, 27.85547], [85.083766, 27.855488], [85.083786, 27.855489], [85.083786, 27.855507], [85.083766, 27.855506], [85.083765, 27.855524], [85.083745, 27.855524], [85.083745, 27.855542], [85.083724, 27.855542]]]}, "properties": {"layer": "stripped vegetation, day 2", "note": "cloud-free 59% of corridor only"}}, {"type": "Feature", "geometry": {"type": "Polygon", "coordinates": [[[85.083493, 27.85599], [85.083493, 27.855972], [85.083473, 27.855972], [85.083473, 27.855953], [85.083453, 27.855953], [85.083453, 27.855935], [85.083433, 27.855935], [85.083434, 27.855917], [85.083454, 27.855917], [85.083454, 27.855899], [85.083474, 27.855899], [85.083475, 27.855881], [85.083495, 27.855882], [85.083495, 27.855864], [85.083516, 27.855864], [85.083516, 27.855846], [85.083536, 27.855846], [85.083537, 27.855828], [85.083557, 27.855828], [85.083557, 27.85581], [85.083598, 27.855811], [85.083598, 27.855775], [85.083517, 27.855774], [85.083517, 27.855792], [85.083476, 27.855791], [85.083476, 27.855809], [85.083374, 27.855808], [85.083374, 27.855826], [85.083334, 27.855825], [85.083333, 27.855843], [85.083272, 27.855842], [85.083272, 27.85586], [85.083008, 27.855857], [85.083007, 27.855893], [85.082987, 27.855893], [85.082987, 27.855911], [85.082967, 27.85591], [85.082966, 27.855928], [85.082865, 27.855927], [85.082865, 27.855909], [85.082845, 27.855909], [85.082845, 27.855891], [85.082825, 27.85589], [85.082825, 27.855872], [85.082845, 27.855873], [85.082846, 27.855855], [85.082866, 27.855855], [85.082866, 27.855837], [85.082927, 27.855838], [85.082928, 27.85582], [85.082968, 27.85582], [85.082968, 27.855802], [85.083009, 27.855803], [85.083009, 27.855785], [85.08303, 27.855785], [85.08303, 27.855767], [85.08305, 27.855767], [85.083051, 27.855749], [85.083091, 27.85575], [85.083091, 27.855768], [85.083131, 27.855768], [85.083132, 27.855732], [85.083112, 27.855732], [85.083112, 27.855714], [85.083132, 27.855714], [85.083133, 27.855696], [85.083153, 27.855696], [85.083153, 27.855678], [85.083174, 27.855679], [85.083173, 27.855697], [85.083194, 27.855697], [85.083194, 27.855679], [85.083214, 27.855679], [85.083215, 27.855661], [85.083276, 27.855662], [85.083275, 27.85568], [85.083296, 27.85568], [85.083295, 27.855698], [85.083336, 27.855699], [85.083336, 27.855681], [85.083356, 27.855681], [85.083357, 27.855663], [85.083418, 27.855664], [85.083417, 27.855682], [85.083438, 27.855682], [85.083438, 27.855664], [85.083458, 27.855664], [85.083459, 27.855646], [85.083479, 27.855647], [85.083479, 27.855629], [85.08352, 27.855629], [85.08352, 27.855611], [85.083581, 27.855612], [85.083581, 27.85563], [85.083703, 27.855632], [85.083703, 27.855596], [85.083723, 27.855596], [85.083724, 27.855578], [85.083744, 27.855578], [85.083744, 27.85556], [85.083765, 27.85556], [85.083764, 27.855579], [85.083785, 27.855579], [85.083784, 27.855597], [85.083805, 27.855597], [85.083804, 27.855615], [85.083845, 27.855616], [85.083845, 27.855634], [85.083865, 27.855634], [85.083865, 27.855652], [85.083885, 27.855652], [85.083885, 27.85567], [85.083905, 27.855671], [85.083905, 27.855689], [85.083884, 27.855688], [85.083884, 27.855707], [85.083945, 27.855707], [85.083945, 27.855689], [85.083966, 27.85569], [85.083965, 27.855708], [85.084006, 27.855708], [85.084006, 27.855672], [85.083986, 27.855672], [85.083986, 27.855654], [85.083966, 27.855654], [85.083966, 27.855672], [85.083925, 27.855671], [85.083926, 27.855653], [85.083905, 27.855653], [85.083906, 27.855635], [85.083885, 27.855634], [85.083886, 27.855616], [85.083865, 27.855616], [85.083866, 27.855598], [85.083886, 27.855598], [85.083886, 27.85558], [85.083906, 27.85558], [85.083907, 27.855562], [85.083927, 27.855563], [85.083927, 27.855545], [85.083968, 27.855545], [85.083968, 27.855527], [85.083989, 27.855527], [85.083989, 27.855509], [85.084009, 27.85551], [85.08401, 27.855492], [85.08403, 27.855492], [85.08403, 27.85551], [85.08407, 27.855511], [85.08407, 27.855529], [85.08409, 27.855529], [85.08409, 27.855547], [85.08413, 27.855547], [85.084131, 27.855529], [85.084151, 27.85553], [85.084151, 27.855512], [85.084314, 27.855514], [85.084314, 27.855496], [85.084334, 27.855496], [85.084335, 27.855478], [85.084396, 27.855479], [85.084396, 27.855461], [85.084437, 27.855461], [85.084437, 27.855443], [85.084478, 27.855444], [85.084477, 27.855462], [85.084497, 27.855462], [85.084497, 27.85548], [85.084517, 27.855481], [85.084517, 27.855499], [85.084537, 27.855499], [85.084537, 27.855517], [85.084557, 27.855517], [85.084557, 27.855535], [85.084577, 27.855536], [85.084577, 27.855554], [85.084557, 27.855553], [85.084557, 27.855571], [85.084536, 27.855571], [85.084536, 27.855589], [85.084516, 27.855589], [85.084515, 27.855607], [85.084495, 27.855607], [85.084495, 27.855625], [85.084474, 27.855624], [85.084474, 27.855643], [85.084433, 27.855642], [85.084433, 27.85566], [85.084392, 27.855659], [85.084392, 27.855677], [85.084331, 27.855677], [85.084332, 27.855659], [85.084311, 27.855658], [85.084312, 27.85564], [85.084291, 27.85564], [85.084291, 27.855676], [85.08427, 27.855676], [85.08427, 27.855694], [85.08425, 27.855694], [85.084249, 27.855712], [85.084229, 27.855711], [85.084229, 27.855729], [85.084148, 27.855728], [85.084148, 27.85571], [85.084128, 27.85571], [85.084128, 27.855692], [85.084108, 27.855692], [85.084108, 27.855674], [85.084128, 27.855674], [85.084129, 27.855656], [85.084088, 27.855655], [85.084088, 27.855673], [85.084067, 27.855673], [85.084067, 27.855691], [85.084047, 27.855691], [85.084046, 27.855727], [85.084066, 27.855727], [85.084066, 27.855745], [85.084086, 27.855745], [85.084085, 27.8558], [85.084065, 27.855799], [85.084065, 27.855817], [85.084044, 27.855817], [85.084044, 27.855835], [85.083963, 27.855834], [85.083963, 27.855852], [85.083942, 27.855852], [85.083942, 27.85587], [85.083901, 27.855869], [85.083901, 27.855887], [85.08386, 27.855887], [85.08386, 27.855905], [85.083799, 27.855904], [85.083799, 27.855922], [85.083779, 27.855922], [85.083778, 27.85594], [85.083697, 27.855939], [85.083697, 27.855957], [85.083616, 27.855955], [85.083615, 27.855974], [85.083534, 27.855972], [85.083534, 27.85599], [85.083493, 27.85599]], [[85.083761, 27.855795], [85.083781, 27.855795], [85.083781, 27.855777], [85.083822, 27.855778], [85.083822, 27.855742], [85.083802, 27.855741], [85.083802, 27.855723], [85.083742, 27.855723], [85.083741, 27.855777], [85.083761, 27.855777], [85.083761, 27.855795]]]}, "properties": {"layer": "stripped vegetation, day 2", "note": "cloud-free 59% of corridor only"}}, {"type": "Feature", "geometry": {"type": "Polygon", "coordinates": [[[85.072008, 27.855451], [85.072009, 27.855433], [85.071988, 27.855432], [85.071989, 27.855414], [85.071969, 27.855414], [85.071969, 27.855378], [85.071949, 27.855378], [85.071949, 27.85536], [85.071929, 27.855359], [85.071929, 27.855341], [85.071949, 27.855342], [85.07195, 27.855306], [85.07197, 27.855306], [85.071971, 27.855288], [85.071991, 27.855288], [85.071991, 27.85527], [85.072052, 27.855271], [85.072053, 27.855253], [85.072073, 27.855253], [85.072073, 27.855235], [85.072114, 27.855236], [85.072113, 27.855254], [85.072134, 27.855254], [85.072133, 27.855272], [85.072154, 27.855272], [85.072153, 27.85529], [85.072174, 27.855291], [85.072173, 27.855309], [85.072194, 27.855309], [85.072193, 27.855327], [85.072173, 27.855327], [85.072173, 27.855345], [85.072153, 27.855344], [85.072152, 27.855363], [85.072112, 27.855362], [85.072111, 27.855416], [85.07209, 27.855416], [85.07209, 27.855434], [85.07207, 27.855434], [85.072069, 27.855452], [85.072008, 27.855451]]]}, "properties": {"layer": "stripped vegetation, day 2", "note": "cloud-free 59% of corridor only"}}, {"type": "Feature", "geometry": {"type": "Polygon", "coordinates": [[[85.071624, 27.855373], [85.071624, 27.855355], [85.071604, 27.855355], [85.071604, 27.855337], [85.071584, 27.855337], [85.071585, 27.855264], [85.071606, 27.855265], [85.071606, 27.855247], [85.071626, 27.855247], [85.071627, 27.855229], [85.071647, 27.855229], [85.071647, 27.855247], [85.071667, 27.855247], [85.071667, 27.855265], [85.071687, 27.855266], [85.071687, 27.855284], [85.071707, 27.855284], [85.071706, 27.855338], [85.071686, 27.855338], [85.071685, 27.855356], [85.071665, 27.855356], [85.071665, 27.855374], [85.071624, 27.855373]]]}, "properties": {"layer": "stripped vegetation, day 2", "note": "cloud-free 59% of corridor only"}}, {"type": "Feature", "geometry": {"type": "Polygon", "coordinates": [[[85.080638, 27.855535], [85.080638, 27.855517], [85.080618, 27.855517], [85.080618, 27.855499], [85.080598, 27.855498], [85.080598, 27.855462], [85.080619, 27.855463], [85.080619, 27.855445], [85.080639, 27.855445], [85.08064, 27.855427], [85.080619, 27.855426], [85.08062, 27.855408], [85.080599, 27.855408], [85.0806, 27.85539], [85.080579, 27.85539], [85.08058, 27.855372], [85.0806, 27.855372], [85.0806, 27.855354], [85.080621, 27.855354], [85.080621, 27.855336], [85.080662, 27.855337], [85.080661, 27.855355], [85.080682, 27.855355], [85.080681, 27.855373], [85.080702, 27.855373], [85.080701, 27.855392], [85.080681, 27.855391], [85.080681, 27.855409], [85.08066, 27.855409], [85.08066, 27.855427], [85.08068, 27.855427], [85.08068, 27.855445], [85.0807, 27.855446], [85.0807, 27.855464], [85.08072, 27.855464], [85.08072, 27.855482], [85.0807, 27.855482], [85.080699, 27.8555], [85.080679, 27.855499], [85.080679, 27.855518], [85.080658, 27.855517], [85.080658, 27.855535], [85.080638, 27.855535]]]}, "properties": {"layer": "stripped vegetation, day 2", "note": "cloud-free 59% of corridor only"}}, {"type": "Feature", "geometry": {"type": "Polygon", "coordinates": [[[85.080497, 27.855443], [85.080498, 27.855425], [85.080477, 27.855424], [85.080478, 27.855406], [85.080457, 27.855406], [85.080458, 27.855388], [85.080417, 27.855388], [85.080417, 27.85537], [85.080397, 27.855369], [85.080397, 27.855351], [85.080377, 27.855351], [85.080377, 27.855333], [85.080398, 27.855333], [85.080398, 27.855315], [85.080418, 27.855315], [85.080419, 27.855297], [85.080439, 27.855298], [85.080439, 27.855316], [85.08054, 27.855317], [85.08054, 27.855335], [85.08056, 27.855335], [85.08056, 27.855353], [85.08058, 27.855354], [85.08058, 27.855372], [85.080559, 27.855371], [85.080559, 27.855408], [85.080538, 27.855407], [85.080538, 27.855425], [85.080518, 27.855425], [85.080518, 27.855443], [85.080497, 27.855443]]]}, "properties": {"layer": "stripped vegetation, day 2", "note": "cloud-free 59% of corridor only"}}, {"type": "Feature", "geometry": {"type": "Polygon", "coordinates": [[[85.0703, 27.855625], [85.0703, 27.855607], [85.07028, 27.855607], [85.07028, 27.855589], [85.07026, 27.855589], [85.07026, 27.855571], [85.07024, 27.85557], [85.07024, 27.855552], [85.07026, 27.855553], [85.070261, 27.855535], [85.070281, 27.855535], [85.070281, 27.855499], [85.070302, 27.855499], [85.070302, 27.855463], [85.070323, 27.855463], [85.070323, 27.855445], [85.070343, 27.855446], [85.070344, 27.855427], [85.070364, 27.855428], [85.070364, 27.855446], [85.070404, 27.855446], [85.070405, 27.85541], [85.070425, 27.855411], [85.070426, 27.855374], [85.070406, 27.855374], [85.070406, 27.855356], [85.070426, 27.855356], [85.070426, 27.855338], [85.070447, 27.855339], [85.070447, 27.855321], [85.070467, 27.855321], [85.070468, 27.855303], [85.070488, 27.855303], [85.070488, 27.855321], [85.070508, 27.855321], [85.070508, 27.85534], [85.070528, 27.85534], [85.070528, 27.855358], [85.070548, 27.855358], [85.070548, 27.85534], [85.070569, 27.85534], [85.070569, 27.855322], [85.070589, 27.855323], [85.07059, 27.855305], [85.07063, 27.855305], [85.07063, 27.855287], [85.070651, 27.855287], [85.070651, 27.855269], [85.070712, 27.85527], [85.070712, 27.855288], [85.070732, 27.855289], [85.070732, 27.855307], [85.070752, 27.855307], [85.070752, 27.855325], [85.070792, 27.855325], [85.070793, 27.855271], [85.070813, 27.855272], [85.070814, 27.855254], [85.070834, 27.855254], [85.070834, 27.855236], [85.070855, 27.855236], [85.070855, 27.855218], [85.070916, 27.855219], [85.070916, 27.855201], [85.070937, 27.855201], [85.070937, 27.855183], [85.070957, 27.855183], [85.070958, 27.855165], [85.070998, 27.855166], [85.070998, 27.855148], [85.071019, 27.855148], [85.071018, 27.855166], [85.071039, 27.855166], [85.071039, 27.855148], [85.07108, 27.855149], [85.071079, 27.855167], [85.0711, 27.855167], [85.071099, 27.855185], [85.07112, 27.855186], [85.071119, 27.855204], [85.071099, 27.855203], [85.071098, 27.855258], [85.071078, 27.855257], [85.071077, 27.855293], [85.071057, 27.855293], [85.071056, 27.855311], [85.071036, 27.855311], [85.071036, 27.855329], [85.071016, 27.855329], [85.071015, 27.855347], [85.070954, 27.855346], [85.070954, 27.855364], [85.070934, 27.855364], [85.070933, 27.855382], [85.070872, 27.855381], [85.070872, 27.855399], [85.070852, 27.855398], [85.070852, 27.855417], [85.070831, 27.855416], [85.070831, 27.855434], [85.07079, 27.855434], [85.07079, 27.855452], [85.070749, 27.855451], [85.070749, 27.855469], [85.070708, 27.855469], [85.070708, 27.855487], [85.070647, 27.855486], [85.070647, 27.855504], [85.070545, 27.855502], [85.070545, 27.855521], [85.070525, 27.85552], [85.070524, 27.855538], [85.070504, 27.855538], [85.070504, 27.855556], [85.070484, 27.855556], [85.070484, 27.855538], [85.070423, 27.855537], [85.070423, 27.855555], [85.070402, 27.855555], [85.070402, 27.855573], [85.070382, 27.855572], [85.070381, 27.85559], [85.070341, 27.85559], [85.07034, 27.855608], [85.07032, 27.855608], [85.07032, 27.855626], [85.0703, 27.855625]]]}, "properties": {"layer": "stripped vegetation, day 2", "note": "cloud-free 59% of corridor only"}}, {"type": "Feature", "geometry": {"type": "Polygon", "coordinates": [[[85.068475, 27.855437], [85.068475, 27.855419], [85.068455, 27.855419], [85.068456, 27.855401], [85.068435, 27.855401], [85.068436, 27.855383], [85.068415, 27.855382], [85.068417, 27.855274], [85.068437, 27.855274], [85.068438, 27.855238], [85.068458, 27.855239], [85.068459, 27.855221], [85.068479, 27.855221], [85.068479, 27.855203], [85.0685, 27.855203], [85.0685, 27.855185], [85.068541, 27.855186], [85.06854, 27.855204], [85.068561, 27.855204], [85.06856, 27.855222], [85.068581, 27.855222], [85.068581, 27.855204], [85.068601, 27.855205], [85.068602, 27.855168], [85.068622, 27.855169], [85.068623, 27.855133], [85.068643, 27.855133], [85.068643, 27.855115], [85.068664, 27.855115], [85.068664, 27.855097], [85.068725, 27.855098], [85.068725, 27.855116], [85.068745, 27.855116], [85.068745, 27.855134], [85.068765, 27.855135], [85.068764, 27.855189], [85.068784, 27.855189], [85.068784, 27.855207], [85.068764, 27.855207], [85.068763, 27.855225], [85.068743, 27.855225], [85.068743, 27.855243], [85.068722, 27.855242], [85.068722, 27.85526], [85.068702, 27.85526], [85.068701, 27.855278], [85.068681, 27.855278], [85.068681, 27.855296], [85.06866, 27.855296], [85.06866, 27.855314], [85.06864, 27.855313], [85.06864, 27.855331], [85.068619, 27.855331], [85.068619, 27.855349], [85.068558, 27.855348], [85.068557, 27.855384], [85.068537, 27.855384], [85.068537, 27.855402], [85.068516, 27.855402], [85.068516, 27.85542], [85.068496, 27.85542], [85.068495, 27.855438], [85.068475, 27.855437]]]}, "properties": {"layer": "stripped vegetation, day 2", "note": "cloud-free 59% of corridor only"}}, {"type": "Feature", "geometry": {"type": "Polygon", "coordinates": [[[85.083565, 27.855359], [85.083565, 27.855341], [85.083545, 27.855341], [85.083545, 27.855323], [85.083525, 27.855322], [85.083526, 27.855304], [85.083546, 27.855305], [85.083546, 27.855287], [85.083566, 27.855287], [85.083567, 27.855269], [85.083587, 27.855269], [85.083587, 27.855287], [85.083607, 27.855288], [85.083607, 27.855306], [85.083627, 27.855306], [85.083627, 27.855324], [85.083606, 27.855324], [85.083606, 27.855342], [85.083586, 27.855341], [85.083585, 27.855359], [85.083565, 27.855359]]]}, "properties": {"layer": "stripped vegetation, day 2", "note": "cloud-free 59% of corridor only"}}, {"type": "Feature", "geometry": {"type": "Polygon", "coordinates": [[[85.070326, 27.855301], [85.070326, 27.855283], [85.070285, 27.855282], [85.070286, 27.855264], [85.070265, 27.855264], [85.070266, 27.855246], [85.070245, 27.855246], [85.070246, 27.855228], [85.070225, 27.855227], [85.070226, 27.855209], [85.070205, 27.855209], [85.070206, 27.855191], [85.070226, 27.855191], [85.070226, 27.855173], [85.070247, 27.855173], [85.070247, 27.855155], [85.070328, 27.855157], [85.070329, 27.85512], [85.070308, 27.85512], [85.070309, 27.855102], [85.070329, 27.855102], [85.070329, 27.855084], [85.07035, 27.855085], [85.07035, 27.855067], [85.07037, 27.855067], [85.07037, 27.855085], [85.07039, 27.855085], [85.07039, 27.855103], [85.07041, 27.855104], [85.07041, 27.855122], [85.07043, 27.855122], [85.070428, 27.855248], [85.070408, 27.855248], [85.070407, 27.855266], [85.070387, 27.855266], [85.070387, 27.855284], [85.070367, 27.855283], [85.070366, 27.855301], [85.070326, 27.855301]]]}, "properties": {"layer": "stripped vegetation, day 2", "note": "cloud-free 59% of corridor only"}}, {"type": "Feature", "geometry": {"type": "Polygon", "coordinates": [[[85.072033, 27.855198], [85.072034, 27.85518], [85.072013, 27.85518], [85.072014, 27.855162], [85.071993, 27.855162], [85.071994, 27.855144], [85.072014, 27.855144], [85.072014, 27.855126], [85.072035, 27.855126], [85.072035, 27.855108], [85.072055, 27.855108], [85.072055, 27.85509], [85.072076, 27.855091], [85.072076, 27.855073], [85.072117, 27.855073], [85.072116, 27.855091], [85.072137, 27.855092], [85.072136, 27.85511], [85.072157, 27.85511], [85.072156, 27.855146], [85.072136, 27.855146], [85.072135, 27.855164], [85.072115, 27.855163], [85.072115, 27.855182], [85.072074, 27.855181], [85.072074, 27.855199], [85.072033, 27.855198]]]}, "properties": {"layer": "stripped vegetation, day 2", "note": "cloud-free 59% of corridor only"}}, {"type": "Feature", "geometry": {"type": "Polygon", "coordinates": [[[85.079422, 27.855356], [85.079423, 27.855338], [85.079402, 27.855337], [85.079403, 27.855319], [85.079382, 27.855319], [85.079383, 27.855301], [85.079403, 27.855301], [85.079403, 27.855283], [85.079383, 27.855283], [85.079383, 27.855265], [85.079363, 27.855265], [85.079364, 27.855229], [85.079384, 27.855229], [85.079384, 27.855211], [85.079405, 27.855211], [85.079405, 27.855193], [85.079425, 27.855193], [85.079426, 27.855175], [85.079446, 27.855175], [85.079446, 27.855194], [85.079466, 27.855194], [85.079466, 27.855212], [85.079486, 27.855212], [85.079486, 27.855194], [85.079507, 27.855194], [85.079507, 27.855176], [85.079527, 27.855177], [85.079527, 27.855195], [85.079547, 27.855195], [85.079547, 27.855213], [85.079567, 27.855213], [85.079566, 27.855249], [85.079546, 27.855249], [85.079546, 27.855267], [85.079526, 27.855267], [85.079525, 27.855285], [85.079485, 27.855284], [85.079484, 27.855302], [85.079505, 27.855303], [85.079504, 27.855321], [85.079484, 27.85532], [85.079484, 27.855338], [85.079463, 27.855338], [85.079463, 27.855356], [85.079422, 27.855356]]]}, "properties": {"layer": "stripped vegetation, day 2", "note": "cloud-free 59% of corridor only"}}, {"type": "Feature", "geometry": {"type": "Polygon", "coordinates": [[[85.071727, 27.855266], [85.071728, 27.855248], [85.071687, 27.855248], [85.071687, 27.85523], [85.071667, 27.855229], [85.071667, 27.855211], [85.071647, 27.855211], [85.071648, 27.855175], [85.071668, 27.855175], [85.071668, 27.855157], [85.071689, 27.855158], [85.071689, 27.855139], [85.071709, 27.85514], [85.07171, 27.855122], [85.07173, 27.855122], [85.07173, 27.855104], [85.071771, 27.855105], [85.071771, 27.855086], [85.071812, 27.855087], [85.071812, 27.855069], [85.071832, 27.855069], [85.071833, 27.855051], [85.071853, 27.855052], [85.071853, 27.855033], [85.071894, 27.855034], [85.071894, 27.855016], [85.071955, 27.855017], [85.071955, 27.855035], [85.071975, 27.855035], [85.071975, 27.855053], [85.071995, 27.855053], [85.071994, 27.855108], [85.071974, 27.855107], [85.071974, 27.855125], [85.071953, 27.855125], [85.071953, 27.855143], [85.071912, 27.855143], [85.071912, 27.855161], [85.071892, 27.85516], [85.071891, 27.855178], [85.071871, 27.855178], [85.071871, 27.855196], [85.071851, 27.855196], [85.07185, 27.855214], [85.07181, 27.855213], [85.071809, 27.855231], [85.071769, 27.855231], [85.071768, 27.855249], [85.071748, 27.855249], [85.071748, 27.855267], [85.071727, 27.855266]]]}, "properties": {"layer": "stripped vegetation, day 2", "note": "cloud-free 59% of corridor only"}}, {"type": "Feature", "geometry": {"type": "Polygon", "coordinates": [[[85.080724, 27.855247], [85.080724, 27.855229], [85.080704, 27.855229], [85.080704, 27.855211], [85.080684, 27.855211], [85.080685, 27.855157], [85.080705, 27.855157], [85.080706, 27.855139], [85.080726, 27.855139], [85.080726, 27.855121], [85.080747, 27.855121], [85.080746, 27.855139], [85.080767, 27.85514], [85.080766, 27.855158], [85.080787, 27.855158], [85.080786, 27.855212], [85.080765, 27.855212], [85.080765, 27.85523], [85.080745, 27.85523], [85.080744, 27.855248], [85.080724, 27.855247]]]}, "properties": {"layer": "stripped vegetation, day 2", "note": "cloud-free 59% of corridor only"}}, {"type": "Feature", "geometry": {"type": "Polygon", "coordinates": [[[85.06895, 27.855011], [85.06895, 27.854993], [85.06893, 27.854993], [85.06893, 27.854975], [85.06891, 27.854974], [85.06891, 27.854956], [85.06893, 27.854956], [85.068931, 27.854938], [85.068951, 27.854939], [85.068951, 27.854921], [85.068992, 27.854921], [85.068992, 27.854939], [85.069012, 27.85494], [85.069012, 27.854958], [85.069032, 27.854958], [85.069032, 27.854976], [85.069011, 27.854976], [85.069011, 27.854994], [85.068991, 27.854993], [85.06899, 27.855011], [85.06895, 27.855011]]]}, "properties": {"layer": "stripped vegetation, day 2", "note": "cloud-free 59% of corridor only"}}, {"type": "Feature", "geometry": {"type": "Polygon", "coordinates": [[[85.07969, 27.855179], [85.07969, 27.855161], [85.07967, 27.855161], [85.07967, 27.855143], [85.07965, 27.855142], [85.07965, 27.855124], [85.07963, 27.855124], [85.07963, 27.855106], [85.07965, 27.855106], [85.079651, 27.855088], [85.079671, 27.855088], [85.079671, 27.85507], [85.079691, 27.855071], [85.079691, 27.855089], [85.079711, 27.855089], [85.079711, 27.855107], [85.079731, 27.855107], [85.079731, 27.855125], [85.079751, 27.855126], [85.079751, 27.855144], [85.079731, 27.855143], [85.07973, 27.855161], [85.07971, 27.855161], [85.07971, 27.855179], [85.07969, 27.855179]]]}, "properties": {"layer": "stripped vegetation, day 2", "note": "cloud-free 59% of corridor only"}}, {"type": "Feature", "geometry": {"type": "Polygon", "coordinates": [[[85.079788, 27.855379], [85.079788, 27.855361], [85.079768, 27.85536], [85.079768, 27.855342], [85.079727, 27.855342], [85.079728, 27.855324], [85.079707, 27.855324], [85.079708, 27.855305], [85.079687, 27.855305], [85.079688, 27.855287], [85.079708, 27.855287], [85.079708, 27.855269], [85.079729, 27.85527], [85.079729, 27.855252], [85.079749, 27.855252], [85.079749, 27.85527], [85.079769, 27.85527], [85.07977, 27.855252], [85.07979, 27.855252], [85.079791, 27.855198], [85.07977, 27.855198], [85.079771, 27.85518], [85.07975, 27.85518], [85.079751, 27.855162], [85.079771, 27.855162], [85.079771, 27.855144], [85.079792, 27.855144], [85.079792, 27.855126], [85.079812, 27.855126], [85.079812, 27.855144], [85.079832, 27.855145], [85.079833, 27.855127], [85.079853, 27.855127], [85.079854, 27.855091], [85.079874, 27.855091], [85.079874, 27.855073], [85.079894, 27.855073], [85.079895, 27.855055], [85.079915, 27.855056], [85.079915, 27.855074], [85.079955, 27.855074], [85.079956, 27.855056], [85.079976, 27.855057], [85.079976, 27.855075], [85.079996, 27.855075], [85.079996, 27.855093], [85.080016, 27.855093], [85.080016, 27.855111], [85.080036, 27.855112], [85.080036, 27.85513], [85.080056, 27.85513], [85.080056, 27.855148], [85.080035, 27.855148], [85.080035, 27.855166], [85.080015, 27.855165], [85.080014, 27.855183], [85.079994, 27.855183], [85.079994, 27.855201], [85.080014, 27.855201], [85.080014, 27.85522], [85.080034, 27.85522], [85.080034, 27.855238], [85.080054, 27.855238], [85.080054, 27.855256], [85.080074, 27.855256], [85.080074, 27.855274], [85.080053, 27.855274], [85.080053, 27.85531], [85.080032, 27.85531], [85.080032, 27.855328], [85.080012, 27.855328], [85.080012, 27.855346], [85.079951, 27.855345], [85.07995, 27.855363], [85.07993, 27.855363], [85.07993, 27.855381], [85.079788, 27.855379]]]}, "properties": {"layer": "stripped vegetation, day 2", "note": "cloud-free 59% of corridor only"}}, {"type": "Feature", "geometry": {"type": "Polygon", "coordinates": [[[85.072056, 27.855072], [85.072056, 27.855054], [85.072036, 27.855054], [85.072036, 27.855036], [85.072016, 27.855036], [85.072017, 27.854982], [85.072037, 27.854982], [85.072037, 27.854964], [85.072058, 27.854964], [85.072058, 27.854946], [85.072078, 27.854946], [85.072078, 27.854964], [85.072098, 27.854965], [85.072098, 27.854983], [85.072118, 27.854983], [85.072117, 27.855037], [85.072097, 27.855037], [85.072097, 27.855055], [85.072076, 27.855055], [85.072076, 27.855073], [85.072056, 27.855072]]]}, "properties": {"layer": "stripped vegetation, day 2", "note": "cloud-free 59% of corridor only"}}, {"type": "Feature", "geometry": {"type": "Polygon", "coordinates": [[[85.080581, 27.855282], [85.080582, 27.855264], [85.080561, 27.855263], [85.080562, 27.855245], [85.080541, 27.855245], [85.080542, 27.855227], [85.080521, 27.855227], [85.080522, 27.855209], [85.080542, 27.855209], [85.080542, 27.855191], [85.080563, 27.855191], [85.080563, 27.855173], [85.080583, 27.855173], [85.080584, 27.855137], [85.080564, 27.855137], [85.080564, 27.855119], [85.080544, 27.855119], [85.080544, 27.855101], [85.080564, 27.855101], [85.080564, 27.855083], [85.080585, 27.855083], [85.080585, 27.855065], [85.080605, 27.855065], [85.080605, 27.855083], [85.080625, 27.855084], [85.080625, 27.855102], [85.080645, 27.855102], [85.080645, 27.85512], [85.080665, 27.85512], [85.080665, 27.855138], [85.080645, 27.855138], [85.080644, 27.855174], [85.080664, 27.855174], [85.080664, 27.855211], [85.080684, 27.855211], [85.080684, 27.855229], [85.080663, 27.855229], [85.080663, 27.855247], [85.080643, 27.855246], [85.080643, 27.855264], [85.080622, 27.855264], [85.080622, 27.855282], [85.080581, 27.855282]]]}, "properties": {"layer": "stripped vegetation, day 2", "note": "cloud-free 59% of corridor only"}}, {"type": "Feature", "geometry": {"type": "Polygon", "coordinates": [[[85.07023, 27.854939], [85.070231, 27.854921], [85.07021, 27.85492], [85.070211, 27.854902], [85.070191, 27.854902], [85.070191, 27.854884], [85.070171, 27.854884], [85.070171, 27.854847], [85.070191, 27.854848], [85.070192, 27.85483], [85.070212, 27.85483], [85.070212, 27.854812], [85.070233, 27.854812], [85.070232, 27.85483], [85.070253, 27.854831], [85.070252, 27.854849], [85.070273, 27.854849], [85.070272, 27.854867], [85.070293, 27.854867], [85.070292, 27.854903], [85.070272, 27.854903], [85.070271, 27.854921], [85.070251, 27.854921], [85.070251, 27.854939], [85.07023, 27.854939]]]}, "properties": {"layer": "stripped vegetation, day 2", "note": "cloud-free 59% of corridor only"}}, {"type": "Feature", "geometry": {"type": "Polygon", "coordinates": [[[85.079301, 27.855354], [85.079301, 27.855336], [85.07926, 27.855335], [85.079261, 27.855317], [85.07924, 27.855317], [85.079241, 27.855299], [85.07922, 27.855299], [85.079221, 27.855281], [85.0792, 27.85528], [85.079201, 27.855262], [85.07918, 27.855262], [85.079181, 27.855244], [85.07914, 27.855243], [85.07914, 27.855225], [85.07912, 27.855225], [85.07912, 27.855207], [85.07906, 27.855206], [85.07906, 27.855188], [85.07904, 27.855188], [85.07904, 27.85517], [85.07902, 27.85517], [85.07902, 27.855152], [85.07904, 27.855152], [85.079041, 27.855134], [85.07902, 27.855133], [85.079021, 27.855115], [85.079, 27.855115], [85.079002, 27.855025], [85.079022, 27.855025], [85.079023, 27.854971], [85.079043, 27.854971], [85.079044, 27.854953], [85.079064, 27.854954], [85.079065, 27.854917], [85.079085, 27.854918], [85.079085, 27.8549], [85.079106, 27.8549], [85.079106, 27.854882], [85.079086, 27.854882], [85.079086, 27.854846], [85.079107, 27.854846], [85.079107, 27.854828], [85.079127, 27.854828], [85.079127, 27.85481], [85.079148, 27.85481], [85.079148, 27.854792], [85.079229, 27.854793], [85.079229, 27.854811], [85.079249, 27.854812], [85.079249, 27.85483], [85.079269, 27.85483], [85.079269, 27.854848], [85.079289, 27.854848], [85.079286, 27.855011], [85.079307, 27.855011], [85.079304, 27.855155], [85.079284, 27.855155], [85.079283, 27.855191], [85.079303, 27.855192], [85.079303, 27.85521], [85.079323, 27.85521], [85.079323, 27.855228], [85.079343, 27.855228], [85.079343, 27.855264], [85.079323, 27.855264], [85.079322, 27.855282], [85.079343, 27.855282], [85.079342, 27.8553], [85.079362, 27.855301], [85.079362, 27.855319], [85.079342, 27.855318], [85.079342, 27.855336], [85.079321, 27.855336], [85.079321, 27.855354], [85.079301, 27.855354]]]}, "properties": {"layer": "stripped vegetation, day 2", "note": "cloud-free 59% of corridor only"}}, {"type": "Feature", "geometry": {"type": "Polygon", "coordinates": [[[85.070898, 27.855092], [85.070898, 27.855074], [85.070878, 27.855074], [85.070878, 27.855056], [85.070858, 27.855056], [85.070858, 27.855038], [85.070838, 27.855037], [85.070839, 27.854983], [85.070819, 27.854983], [85.070819, 27.854965], [85.070799, 27.854965], [85.070798, 27.854983], [85.070758, 27.854982], [85.070757, 27.855], [85.070717, 27.855], [85.070717, 27.854981], [85.070697, 27.854981], [85.070696, 27.854999], [85.070656, 27.854999], [85.070656, 27.854981], [85.070616, 27.85498], [85.070616, 27.854962], [85.070596, 27.854962], [85.070596, 27.854944], [85.070576, 27.854943], [85.070576, 27.854925], [85.070556, 27.854925], [85.070556, 27.854907], [85.070576, 27.854907], [85.070577, 27.854871], [85.070597, 27.854872], [85.070598, 27.854853], [85.070618, 27.854854], [85.070618, 27.854836], [85.070638, 27.854836], [85.070639, 27.8548], [85.070659, 27.8548], [85.07066, 27.854782], [85.070619, 27.854782], [85.070619, 27.854764], [85.070599, 27.854763], [85.070599, 27.854745], [85.070579, 27.854745], [85.07058, 27.854709], [85.0706, 27.854709], [85.0706, 27.854691], [85.070621, 27.854691], [85.070621, 27.854673], [85.070641, 27.854674], [85.070642, 27.854656], [85.070703, 27.854656], [85.070703, 27.854638], [85.070723, 27.854639], [85.070723, 27.854621], [85.070764, 27.854621], [85.070764, 27.854639], [85.070784, 27.854639], [85.070784, 27.854658], [85.070804, 27.854658], [85.070804, 27.854676], [85.070824, 27.854676], [85.070824, 27.854694], [85.070844, 27.854694], [85.070844, 27.854713], [85.070864, 27.854713], [85.070863, 27.854749], [85.070884, 27.854749], [85.070883, 27.854785], [85.070903, 27.854786], [85.070903, 27.854822], [85.070923, 27.854822], [85.070922, 27.854894], [85.070942, 27.854894], [85.070942, 27.854912], [85.070962, 27.854913], [85.070961, 27.854967], [85.070981, 27.854967], [85.070981, 27.854985], [85.071001, 27.854985], [85.071001, 27.855022], [85.07098, 27.855021], [85.07098, 27.855057], [85.070959, 27.855057], [85.070959, 27.855075], [85.070939, 27.855075], [85.070939, 27.855093], [85.070898, 27.855092]]]}, "properties": {"layer": "stripped vegetation, day 2", "note": "cloud-free 59% of corridor only"}}, {"type": "Feature", "geometry": {"type": "Polygon", "coordinates": [[[85.081045, 27.855468], [85.081045, 27.85545], [85.081025, 27.85545], [85.081025, 27.855432], [85.081005, 27.855432], [85.081006, 27.855378], [85.080986, 27.855377], [85.080986, 27.855359], [85.080966, 27.855359], [85.080966, 27.855341], [85.080946, 27.855341], [85.080947, 27.855287], [85.080926, 27.855286], [85.080927, 27.855268], [85.080947, 27.855269], [85.080947, 27.855251], [85.080968, 27.855251], [85.080968, 27.855215], [85.080948, 27.855214], [85.080949, 27.855178], [85.080969, 27.855179], [85.08097, 27.855143], [85.080949, 27.855142], [85.08095, 27.855124], [85.08097, 27.855125], [85.08097, 27.855106], [85.080991, 27.855107], [85.080991, 27.855089], [85.081011, 27.855089], [85.081011, 27.855071], [85.080991, 27.855071], [85.080991, 27.855053], [85.081012, 27.855053], [85.081012, 27.855035], [85.081032, 27.855035], [85.081033, 27.855017], [85.081053, 27.855017], [85.081053, 27.854999], [85.081074, 27.855], [85.081074, 27.854982], [85.081054, 27.854981], [85.081054, 27.854945], [85.081034, 27.854945], [85.081034, 27.854963], [85.081013, 27.854963], [85.081014, 27.854945], [85.080993, 27.854944], [85.080994, 27.854926], [85.080973, 27.854926], [85.080974, 27.854908], [85.080994, 27.854908], [85.080994, 27.85489], [85.081015, 27.85489], [85.081015, 27.854854], [85.081036, 27.854855], [85.081036, 27.854837], [85.081056, 27.854837], [85.081057, 27.854819], [85.081077, 27.854819], [85.081077, 27.854783], [85.081098, 27.854783], [85.081098, 27.854765], [85.081118, 27.854766], [85.081119, 27.854748], [85.081139, 27.854748], [85.081139, 27.854766], [85.081159, 27.854766], [85.081159, 27.854784], [85.081179, 27.854784], [85.081178, 27.854821], [85.081199, 27.854821], [85.081198, 27.854839], [85.081239, 27.854839], [85.081239, 27.854858], [85.081259, 27.854858], [85.081259, 27.854876], [85.081279, 27.854876], [85.081277, 27.854966], [85.081257, 27.854966], [85.081257, 27.854984], [85.081236, 27.854984], [85.081236, 27.855002], [85.081256, 27.855002], [85.081256, 27.85502], [85.081297, 27.855021], [85.081296, 27.855039], [85.081317, 27.855039], [85.081316, 27.855057], [85.081337, 27.855057], [85.081336, 27.855094], [85.081316, 27.855093], [85.081315, 27.855111], [85.081336, 27.855112], [85.081335, 27.855148], [85.081315, 27.855147], [85.081314, 27.855165], [85.081335, 27.855166], [85.081334, 27.855184], [85.081314, 27.855183], [85.081314, 27.855201], [85.081293, 27.855201], [85.081293, 27.855219], [85.081273, 27.855219], [85.081273, 27.855237], [85.081252, 27.855237], [85.081251, 27.855291], [85.081231, 27.855291], [85.081231, 27.855309], [85.08121, 27.855308], [85.08121, 27.855326], [85.081169, 27.855326], [85.081169, 27.855344], [85.081149, 27.855344], [85.081148, 27.855362], [85.081128, 27.855361], [85.081129, 27.855343], [85.081108, 27.855343], [85.081109, 27.855325], [85.081088, 27.855325], [85.081089, 27.855307], [85.081068, 27.855306], [85.081068, 27.855342], [85.081088, 27.855343], [85.081087, 27.855397], [85.081107, 27.855397], [85.081107, 27.855433], [85.081086, 27.855433], [85.081086, 27.855451], [85.081066, 27.855451], [85.081065, 27.855469], [85.081045, 27.855468]], [[85.081132, 27.855163], [85.081152, 27.855163], [85.081153, 27.855127], [85.081173, 27.855127], [85.081173, 27.855109], [85.081153, 27.855109], [85.081153, 27.855091], [85.081133, 27.855091], [85.081133, 27.855073], [85.081113, 27.855072], [85.081112, 27.855126], [85.081132, 27.855127], [85.081132, 27.855163]]]}, "properties": {"layer": "stripped vegetation, day 2", "note": "cloud-free 59% of corridor only"}}, {"type": "Feature", "geometry": {"type": "Polygon", "coordinates": [[[85.080686, 27.855084], [85.080687, 27.855066], [85.080605, 27.855065], [85.080606, 27.855047], [85.080585, 27.855047], [85.080586, 27.855029], [85.080565, 27.855029], [85.080566, 27.854993], [85.080586, 27.854993], [85.080587, 27.854975], [85.080607, 27.854975], [85.080608, 27.854939], [85.080587, 27.854939], [85.080588, 27.854903], [85.080568, 27.854902], [85.080569, 27.854848], [85.080548, 27.854848], [85.080549, 27.85483], [85.080528, 27.85483], [85.080529, 27.854812], [85.080549, 27.854812], [85.08055, 27.854776], [85.08057, 27.854776], [85.08057, 27.854758], [85.080591, 27.854758], [85.080591, 27.85474], [85.080631, 27.854741], [85.080631, 27.854759], [85.080651, 27.854759], [85.080651, 27.854777], [85.080671, 27.854777], [85.080671, 27.854795], [85.080691, 27.854796], [85.080691, 27.854832], [85.08067, 27.854832], [85.08067, 27.85485], [85.08069, 27.85485], [85.080689, 27.85494], [85.080669, 27.85494], [85.080668, 27.854976], [85.080729, 27.854977], [85.080728, 27.854995], [85.080749, 27.854995], [85.080748, 27.855013], [85.080769, 27.855013], [85.080768, 27.855031], [85.080748, 27.855031], [85.080748, 27.855049], [85.080728, 27.855049], [85.080727, 27.855067], [85.080707, 27.855067], [85.080707, 27.855085], [85.080686, 27.855084]]]}, "properties": {"layer": "stripped vegetation, day 2", "note": "cloud-free 59% of corridor only"}}, {"type": "Feature", "geometry": {"type": "Polygon", "coordinates": [[[85.071179, 27.855295], [85.071179, 27.855277], [85.071159, 27.855276], [85.071159, 27.855258], [85.071139, 27.855258], [85.071139, 27.855222], [85.07116, 27.855222], [85.07116, 27.855204], [85.07118, 27.855205], [85.071181, 27.855186], [85.071201, 27.855187], [85.071201, 27.855205], [85.071221, 27.855205], [85.071221, 27.855187], [85.071241, 27.855187], [85.071242, 27.855169], [85.071221, 27.855169], [85.071222, 27.855151], [85.071181, 27.85515], [85.071181, 27.855132], [85.071161, 27.855132], [85.071161, 27.85515], [85.071141, 27.85515], [85.071141, 27.855132], [85.071121, 27.855132], [85.071121, 27.855113], [85.07108, 27.855113], [85.071081, 27.855095], [85.07106, 27.855095], [85.071061, 27.855077], [85.07104, 27.855076], [85.071041, 27.855058], [85.07102, 27.855058], [85.071021, 27.855022], [85.071041, 27.855022], [85.071042, 27.855004], [85.071062, 27.855004], [85.071062, 27.854986], [85.071083, 27.854987], [85.071082, 27.855005], [85.071103, 27.855005], [85.071102, 27.855023], [85.071123, 27.855023], [85.071122, 27.855041], [85.071142, 27.855042], [85.071143, 27.855024], [85.071204, 27.855024], [85.071204, 27.855006], [85.071184, 27.855006], [85.071184, 27.85497], [85.071164, 27.85497], [85.071164, 27.854952], [85.071185, 27.854952], [85.071185, 27.854934], [85.071205, 27.854934], [85.071206, 27.854916], [85.071226, 27.854916], [85.071226, 27.854898], [85.071206, 27.854898], [85.071206, 27.85488], [85.071186, 27.85488], [85.071187, 27.854826], [85.071167, 27.854825], [85.071167, 27.854789], [85.071147, 27.854789], [85.071147, 27.854771], [85.071086, 27.85477], [85.071087, 27.854752], [85.071066, 27.854752], [85.071066, 27.85477], [85.071025, 27.854769], [85.071026, 27.854751], [85.071005, 27.854751], [85.071006, 27.854733], [85.070985, 27.854733], [85.070986, 27.854714], [85.071006, 27.854715], [85.071006, 27.854697], [85.071027, 27.854697], [85.071027, 27.854679], [85.071068, 27.85468], [85.071069, 27.854625], [85.071028, 27.854625], [85.071028, 27.854643], [85.071007, 27.854643], [85.071007, 27.854661], [85.070987, 27.85466], [85.070987, 27.854642], [85.070967, 27.854642], [85.070967, 27.854624], [85.070947, 27.854624], [85.070947, 27.854606], [85.070927, 27.854605], [85.070927, 27.854587], [85.070947, 27.854588], [85.070948, 27.85457], [85.070968, 27.85457], [85.070968, 27.854552], [85.070989, 27.854552], [85.070989, 27.854534], [85.071009, 27.854534], [85.07101, 27.854516], [85.07105, 27.854517], [85.07105, 27.854535], [85.07107, 27.854535], [85.07107, 27.854553], [85.07109, 27.854554], [85.07109, 27.854572], [85.07111, 27.854572], [85.07111, 27.85459], [85.07113, 27.85459], [85.07113, 27.854608], [85.07115, 27.854608], [85.07115, 27.854627], [85.07117, 27.854627], [85.07117, 27.854645], [85.07119, 27.854645], [85.07119, 27.854663], [85.07121, 27.854663], [85.07121, 27.854682], [85.07123, 27.854682], [85.07123, 27.8547], [85.07125, 27.8547], [85.07125, 27.854718], [85.07127, 27.854718], [85.07127, 27.854737], [85.071331, 27.854737], [85.071331, 27.854719], [85.071351, 27.85472], [85.071352, 27.854702], [85.071372, 27.854702], [85.071372, 27.85472], [85.071392, 27.85472], [85.071392, 27.854738], [85.071412, 27.854739], [85.071412, 27.854757], [85.071391, 27.854756], [85.071391, 27.854792], [85.071431, 27.854793], [85.071432, 27.854775], [85.071472, 27.854775], [85.071472, 27.854793], [85.071492, 27.854794], [85.071492, 27.854812], [85.071512, 27.854812], [85.071512, 27.85483], [85.071532, 27.85483], [85.07153, 27.854921], [85.071551, 27.854921], [85.07155, 27.854939], [85.071571, 27.854939], [85.07157, 27.854957], [85.071591, 27.854958], [85.07159, 27.854976], [85.071611, 27.854976], [85.07161, 27.854994], [85.071631, 27.854994], [85.07163, 27.855012], [85.07161, 27.855012], [85.07161, 27.85503], [85.071589, 27.85503], [85.071589, 27.855048], [85.071569, 27.855048], [85.071569, 27.855066], [85.071548, 27.855065], [85.071547, 27.855119], [85.071527, 27.855119], [85.071527, 27.855137], [85.071506, 27.855137], [85.071506, 27.855155], [85.071486, 27.855155], [85.071485, 27.855173], [85.071445, 27.855172], [85.071445, 27.855154], [85.071425, 27.855154], [85.071425, 27.855136], [85.071405, 27.855135], [85.071405, 27.855099], [85.071385, 27.855099], [85.071385, 27.855081], [85.071365, 27.855081], [85.071365, 27.855099], [85.071345, 27.855099], [85.071344, 27.855117], [85.071324, 27.855116], [85.071324, 27.855134], [85.071303, 27.855134], [85.071303, 27.855152], [85.071283, 27.855152], [85.071282, 27.85517], [85.071262, 27.85517], [85.071262, 27.855188], [85.071282, 27.855188], [85.071282, 27.855206], [85.071302, 27.855206], [85.071302, 27.855224], [85.071281, 27.855224], [85.071281, 27.855242], [85.071261, 27.855242], [85.07126, 27.85526], [85.07124, 27.85526], [85.07124, 27.855278], [85.071199, 27.855277], [85.071199, 27.855295], [85.071179, 27.855295]], [[85.071345, 27.855062], [85.071386, 27.855063], [85.071386, 27.855027], [85.071366, 27.855027], [85.071366, 27.855009], [85.071346, 27.855008], [85.071346, 27.85499], [85.071326, 27.85499], [85.071326, 27.854972], [85.071306, 27.854972], [85.071306, 27.855008], [85.071326, 27.855008], [85.071326, 27.855026], [85.071346, 27.855026], [85.071345, 27.855062]]]}, "properties": {"layer": "stripped vegetation, day 2", "note": "cloud-free 59% of corridor only"}}, {"type": "Feature", "geometry": {"type": "Polygon", "coordinates": [[[85.072127, 27.854514], [85.072127, 27.854496], [85.072107, 27.854496], [85.072107, 27.854477], [85.072087, 27.854477], [85.072087, 27.854459], [85.072107, 27.854459], [85.072108, 27.854441], [85.072128, 27.854442], [85.072128, 27.854424], [85.072148, 27.854424], [85.072148, 27.854442], [85.072168, 27.854442], [85.072168, 27.85446], [85.072188, 27.854461], [85.072188, 27.854479], [85.072168, 27.854478], [85.072168, 27.854496], [85.072147, 27.854496], [85.072147, 27.854514], [85.072127, 27.854514]]]}, "properties": {"layer": "stripped vegetation, day 2", "note": "cloud-free 59% of corridor only"}}, {"type": "Feature", "geometry": {"type": "Polygon", "coordinates": [[[85.080552, 27.854631], [85.080552, 27.854613], [85.080532, 27.854613], [85.080532, 27.854595], [85.080512, 27.854595], [85.080512, 27.854577], [85.080533, 27.854577], [85.080533, 27.854559], [85.080553, 27.854559], [85.080554, 27.854541], [85.080574, 27.854541], [85.080574, 27.854559], [85.080594, 27.85456], [85.080594, 27.854578], [85.080614, 27.854578], [85.080614, 27.854596], [85.080593, 27.854596], [85.080593, 27.854614], [85.080573, 27.854614], [85.080572, 27.854632], [85.080552, 27.854631]]]}, "properties": {"layer": "stripped vegetation, day 2", "note": "cloud-free 59% of corridor only"}}, {"type": "Feature", "geometry": {"type": "Polygon", "coordinates": [[[85.071859, 27.854709], [85.071859, 27.854691], [85.071839, 27.85469], [85.071839, 27.854672], [85.071819, 27.854672], [85.07182, 27.854636], [85.0718, 27.854636], [85.0718, 27.854581], [85.071821, 27.854582], [85.071821, 27.854564], [85.071841, 27.854564], [85.071842, 27.854528], [85.071801, 27.854527], [85.071801, 27.854545], [85.071761, 27.854545], [85.071761, 27.854527], [85.071741, 27.854527], [85.071741, 27.854508], [85.071721, 27.854508], [85.071721, 27.85449], [85.071701, 27.85449], [85.071701, 27.854454], [85.071681, 27.854453], [85.071681, 27.854435], [85.071661, 27.854435], [85.071662, 27.854399], [85.071641, 27.854399], [85.071642, 27.854363], [85.071662, 27.854363], [85.071663, 27.854327], [85.071622, 27.854326], [85.071623, 27.854308], [85.071602, 27.854308], [85.071603, 27.85429], [85.071582, 27.85429], [85.071583, 27.854254], [85.071603, 27.854254], [85.071604, 27.854236], [85.071624, 27.854236], [85.071624, 27.854218], [85.071644, 27.854218], [85.071645, 27.8542], [85.071665, 27.854201], [85.071665, 27.854183], [85.071686, 27.854183], [85.071686, 27.854165], [85.071706, 27.854165], [85.071707, 27.854147], [85.071768, 27.854148], [85.071767, 27.854166], [85.071788, 27.854166], [85.071787, 27.854184], [85.071807, 27.854185], [85.071807, 27.854203], [85.071827, 27.854203], [85.071827, 27.854221], [85.071847, 27.854221], [85.071847, 27.854239], [85.071867, 27.854239], [85.071867, 27.854258], [85.071887, 27.854258], [85.071887, 27.854276], [85.071867, 27.854276], [85.071866, 27.854348], [85.071886, 27.854348], [85.071886, 27.854366], [85.071906, 27.854366], [85.071906, 27.854348], [85.071926, 27.854349], [85.071927, 27.854331], [85.071947, 27.854331], [85.071947, 27.854349], [85.071967, 27.854349], [85.071967, 27.854367], [85.071987, 27.854368], [85.071987, 27.854386], [85.071966, 27.854385], [85.071964, 27.854494], [85.071985, 27.854494], [85.071984, 27.854512], [85.072005, 27.854512], [85.072004, 27.854548], [85.072024, 27.854549], [85.072024, 27.854585], [85.072003, 27.854584], [85.072003, 27.85462], [85.071983, 27.85462], [85.071982, 27.854638], [85.071962, 27.854638], [85.071962, 27.854656], [85.071941, 27.854656], [85.071941, 27.854674], [85.071921, 27.854673], [85.07192, 27.854691], [85.0719, 27.854691], [85.0719, 27.854709], [85.071859, 27.854709]]]}, "properties": {"layer": "stripped vegetation, day 2", "note": "cloud-free 59% of corridor only"}}, {"type": "Feature", "geometry": {"type": "Polygon", "coordinates": [[[85.072088, 27.854387], [85.072089, 27.854369], [85.072028, 27.854368], [85.072028, 27.85435], [85.072008, 27.85435], [85.072008, 27.854332], [85.071988, 27.854331], [85.071989, 27.854259], [85.071948, 27.854259], [85.071949, 27.854241], [85.071928, 27.85424], [85.071929, 27.854222], [85.071908, 27.854222], [85.071909, 27.854168], [85.071889, 27.854168], [85.071889, 27.85415], [85.07191, 27.85415], [85.07191, 27.854132], [85.07193, 27.854132], [85.071931, 27.854114], [85.071951, 27.854114], [85.071951, 27.854132], [85.071991, 27.854133], [85.071991, 27.854115], [85.072012, 27.854115], [85.072011, 27.854133], [85.072032, 27.854133], [85.072031, 27.854152], [85.072052, 27.854152], [85.072051, 27.85417], [85.072072, 27.85417], [85.072071, 27.854188], [85.072092, 27.854188], [85.072091, 27.854225], [85.072111, 27.854225], [85.072111, 27.854261], [85.072131, 27.854261], [85.07213, 27.854315], [85.07215, 27.854316], [85.07215, 27.854352], [85.072129, 27.854351], [85.072129, 27.854369], [85.072109, 27.854369], [85.072109, 27.854387], [85.072088, 27.854387]]]}, "properties": {"layer": "stripped vegetation, day 2", "note": "cloud-free 59% of corridor only"}}, {"type": "Feature", "geometry": {"type": "Polygon", "coordinates": [[[85.076477, 27.854268], [85.076477, 27.85425], [85.076457, 27.854249], [85.076457, 27.854231], [85.076437, 27.854231], [85.076437, 27.854213], [85.076457, 27.854213], [85.076458, 27.854195], [85.076478, 27.854196], [85.076478, 27.854178], [85.076499, 27.854178], [85.076498, 27.854196], [85.076519, 27.854196], [85.076518, 27.854214], [85.076539, 27.854214], [85.076538, 27.854233], [85.076518, 27.854232], [85.076518, 27.85425], [85.076497, 27.85425], [85.076497, 27.854268], [85.076477, 27.854268]]]}, "properties": {"layer": "stripped vegetation, day 2", "note": "cloud-free 59% of corridor only"}}, {"type": "Feature", "geometry": {"type": "Polygon", "coordinates": [[[85.080419, 27.856398], [85.08042, 27.85638], [85.080339, 27.856379], [85.080339, 27.856361], [85.080055, 27.856357], [85.080055, 27.856339], [85.080035, 27.856339], [85.080035, 27.856321], [85.079954, 27.85632], [85.079954, 27.856302], [85.079873, 27.8563], [85.079873, 27.856282], [85.079772, 27.856281], [85.079771, 27.856299], [85.07971, 27.856298], [85.07971, 27.856316], [85.07969, 27.856316], [85.07969, 27.856334], [85.079669, 27.856334], [85.079669, 27.856352], [85.079649, 27.856352], [85.079649, 27.856333], [85.079568, 27.856332], [85.079568, 27.856314], [85.079548, 27.856314], [85.079548, 27.856296], [85.079507, 27.856295], [85.079507, 27.856313], [85.079487, 27.856313], [85.079486, 27.856331], [85.079466, 27.856331], [85.079466, 27.856349], [85.079425, 27.856348], [85.079426, 27.85633], [85.079405, 27.85633], [85.079406, 27.856312], [85.079385, 27.856312], [85.079386, 27.856294], [85.079365, 27.856293], [85.079366, 27.856275], [85.079345, 27.856275], [85.079346, 27.856257], [85.079285, 27.856256], [85.079284, 27.856274], [85.079264, 27.856274], [85.079264, 27.856292], [85.079243, 27.856292], [85.079243, 27.85631], [85.079142, 27.856308], [85.079142, 27.85629], [85.078939, 27.856287], [85.078939, 27.856269], [85.078878, 27.856269], [85.078879, 27.856251], [85.078838, 27.85625], [85.078838, 27.856232], [85.078798, 27.856231], [85.078798, 27.856213], [85.078778, 27.856213], [85.078778, 27.856195], [85.078738, 27.856194], [85.078738, 27.856176], [85.078718, 27.856176], [85.078718, 27.856158], [85.078698, 27.856158], [85.078698, 27.85614], [85.078718, 27.85614], [85.078718, 27.856122], [85.078739, 27.856122], [85.078739, 27.856104], [85.07878, 27.856105], [85.078779, 27.856123], [85.07884, 27.856124], [85.078841, 27.856088], [85.078861, 27.856088], [85.078862, 27.85607], [85.078882, 27.85607], [85.078882, 27.856052], [85.078842, 27.856051], [85.078842, 27.856033], [85.078781, 27.856033], [85.078781, 27.856015], [85.078761, 27.856014], [85.078761, 27.855996], [85.07868, 27.855995], [85.07868, 27.855977], [85.078599, 27.855976], [85.0786, 27.855958], [85.078559, 27.855957], [85.078559, 27.855939], [85.078519, 27.855939], [85.078519, 27.855921], [85.078438, 27.85592], [85.078438, 27.855901], [85.078377, 27.855901], [85.078377, 27.855883], [85.078357, 27.855882], [85.078357, 27.855864], [85.078317, 27.855864], [85.078317, 27.855846], [85.078256, 27.855845], [85.078257, 27.855827], [85.078196, 27.855826], [85.078196, 27.855808], [85.078176, 27.855808], [85.078176, 27.85579], [85.078135, 27.855789], [85.078136, 27.855771], [85.078115, 27.855771], [85.078116, 27.855753], [85.078095, 27.855752], [85.078096, 27.855734], [85.078075, 27.855734], [85.078076, 27.855716], [85.078035, 27.855715], [85.078035, 27.855697], [85.078015, 27.855697], [85.078016, 27.855679], [85.077995, 27.855679], [85.077996, 27.855643], [85.077915, 27.855641], [85.077915, 27.855623], [85.077895, 27.855623], [85.077895, 27.855605], [85.077875, 27.855605], [85.077875, 27.855587], [85.077855, 27.855587], [85.077856, 27.855514], [85.077836, 27.855514], [85.077836, 27.855496], [85.077795, 27.855495], [85.077796, 27.855477], [85.077775, 27.855477], [85.077776, 27.855459], [85.077755, 27.855459], [85.077756, 27.855441], [85.077735, 27.85544], [85.077736, 27.855422], [85.077695, 27.855422], [85.077695, 27.855404], [85.077635, 27.855403], [85.077635, 27.855385], [85.077554, 27.855384], [85.077554, 27.855366], [85.077493, 27.855365], [85.077493, 27.855347], [85.077392, 27.855345], [85.077392, 27.855327], [85.077372, 27.855327], [85.077372, 27.855309], [85.077352, 27.855309], [85.077353, 27.855273], [85.077312, 27.855272], [85.077312, 27.855254], [85.077272, 27.855253], [85.077271, 27.855272], [85.077251, 27.855271], [85.077251, 27.855253], [85.077211, 27.855253], [85.077211, 27.855235], [85.077191, 27.855234], [85.077191, 27.855216], [85.077171, 27.855216], [85.077171, 27.855198], [85.077191, 27.855198], [85.077192, 27.85518], [85.077212, 27.85518], [85.077212, 27.855162], [85.077253, 27.855163], [85.077254, 27.855109], [85.077234, 27.855109], [85.077234, 27.855091], [85.077214, 27.85509], [85.077214, 27.855072], [85.077194, 27.855072], [85.077194, 27.855054], [85.077174, 27.855054], [85.077174, 27.855036], [85.077154, 27.855035], [85.077154, 27.855017], [85.077113, 27.855017], [85.077113, 27.855053], [85.077133, 27.855053], [85.077133, 27.855071], [85.077153, 27.855071], [85.077153, 27.855089], [85.077173, 27.85509], [85.077173, 27.855108], [85.077193, 27.855108], [85.077192, 27.855144], [85.077172, 27.855144], [85.077172, 27.855162], [85.077151, 27.855162], [85.077151, 27.85518], [85.07711, 27.855179], [85.077111, 27.855161], [85.077091, 27.855161], [85.077091, 27.855143], [85.077071, 27.855142], [85.077071, 27.855106], [85.077051, 27.855106], [85.077051, 27.85507], [85.077031, 27.85507], [85.077032, 27.855052], [85.077011, 27.855051], [85.077012, 27.855015], [85.077032, 27.855016], [85.077033, 27.854961], [85.076992, 27.854961], [85.076993, 27.854943], [85.076973, 27.854942], [85.076973, 27.854924], [85.076953, 27.854924], [85.076953, 27.854888], [85.076811, 27.854886], [85.076811, 27.854904], [85.07677, 27.854904], [85.07677, 27.854886], [85.07673, 27.854885], [85.07673, 27.854903], [85.076648, 27.854902], [85.076648, 27.85492], [85.076628, 27.85492], [85.076627, 27.854938], [85.076607, 27.854937], [85.076607, 27.854919], [85.076567, 27.854919], [85.076567, 27.854901], [85.076547, 27.8549], [85.076547, 27.854882], [85.076527, 27.854882], [85.076527, 27.854864], [85.076507, 27.854864], [85.076508, 27.85481], [85.076528, 27.85481], [85.076528, 27.854792], [85.076549, 27.854792], [85.076549, 27.854774], [85.07659, 27.854775], [85.076589, 27.854793], [85.07661, 27.854793], [85.076609, 27.854811], [85.07665, 27.854812], [85.076651, 27.854776], [85.07663, 27.854775], [85.076631, 27.854757], [85.07661, 27.854757], [85.076611, 27.854721], [85.07655, 27.85472], [85.07655, 27.854738], [85.076529, 27.854738], [85.076529, 27.854756], [85.076509, 27.854756], [85.076508, 27.854774], [85.076488, 27.854773], [85.076488, 27.854791], [85.076467, 27.854791], [85.076467, 27.854809], [85.076447, 27.854809], [85.076447, 27.854791], [85.076427, 27.85479], [85.076427, 27.854772], [85.076407, 27.854772], [85.076407, 27.854754], [85.076387, 27.854754], [85.076387, 27.854736], [85.076367, 27.854736], [85.076367, 27.854754], [85.076326, 27.854753], [85.076326, 27.854735], [85.076306, 27.854735], [85.076306, 27.854753], [85.076265, 27.854752], [85.076265, 27.854734], [85.076245, 27.854734], [85.076245, 27.854716], [85.076225, 27.854715], [85.076225, 27.854697], [85.076124, 27.854696], [85.076124, 27.854678], [85.076063, 27.854677], [85.076064, 27.854659], [85.076043, 27.854659], [85.076044, 27.854641], [85.075983, 27.85464], [85.075983, 27.854622], [85.075963, 27.854622], [85.075963, 27.854604], [85.075923, 27.854603], [85.075923, 27.854585], [85.075882, 27.854584], [85.075883, 27.854566], [85.075862, 27.854566], [85.075863, 27.854548], [85.075842, 27.854548], [85.075843, 27.85453], [85.075822, 27.854529], [85.075823, 27.854511], [85.075843, 27.854512], [85.075843, 27.854494], [85.075864, 27.854494], [85.075864, 27.854476], [85.075904, 27.854476], [85.075904, 27.854494], [85.075924, 27.854495], [85.075924, 27.854513], [85.075944, 27.854513], [85.075944, 27.854531], [85.076025, 27.854532], [85.076025, 27.85455], [85.076126, 27.854552], [85.076127, 27.854534], [85.076147, 27.854534], [85.076147, 27.854516], [85.076208, 27.854517], [85.076209, 27.854499], [85.076229, 27.854499], [85.076229, 27.854481], [85.076209, 27.854481], [85.076209, 27.854463], [85.076169, 27.854462], [85.076169, 27.854444], [85.076149, 27.854444], [85.076149, 27.854426], [85.076129, 27.854425], [85.076129, 27.854407], [85.076109, 27.854407], [85.076109, 27.854389], [85.076089, 27.854389], [85.076089, 27.854371], [85.076069, 27.85437], [85.076069, 27.854352], [85.076049, 27.854352], [85.076049, 27.854334], [85.076029, 27.854334], [85.076028, 27.854352], [85.075968, 27.854351], [85.075968, 27.854333], [85.075907, 27.854332], [85.075907, 27.854314], [85.075867, 27.854313], [85.075867, 27.854295], [85.075826, 27.854295], [85.075827, 27.854277], [85.075806, 27.854276], [85.075807, 27.854258], [85.075786, 27.854258], [85.075787, 27.85424], [85.075766, 27.85424], [85.075767, 27.854222], [85.075746, 27.854221], [85.075747, 27.854203], [85.075727, 27.854203], [85.075727, 27.854185], [85.075666, 27.854184], [85.075666, 27.854166], [85.075646, 27.854166], [85.075646, 27.854148], [85.075626, 27.854148], [85.075627, 27.854075], [85.075648, 27.854076], [85.075648, 27.854058], [85.075668, 27.854058], [85.07567, 27.853968], [85.075649, 27.853967], [85.07565, 27.853949], [85.075629, 27.853949], [85.07563, 27.853931], [85.075609, 27.853931], [85.07561, 27.853895], [85.07563, 27.853895], [85.075631, 27.853877], [85.075651, 27.853877], [85.075651, 27.853859], [85.075733, 27.85386], [85.075732, 27.853878], [85.075753, 27.853879], [85.075752, 27.853897], [85.075773, 27.853897], [85.075772, 27.853915], [85.075752, 27.853915], [85.075751, 27.853969], [85.075771, 27.853969], [85.075772, 27.853951], [85.075792, 27.853951], [85.075792, 27.853933], [85.075853, 27.853934], [85.075853, 27.853952], [85.075873, 27.853952], [85.075873, 27.853971], [85.075934, 27.853971], [85.075933, 27.853989], [85.075954, 27.85399], [85.075953, 27.854008], [85.075974, 27.854008], [85.075973, 27.854026], [85.076034, 27.854027], [85.076035, 27.854009], [85.076055, 27.854009], [85.076055, 27.853973], [85.076035, 27.853973], [85.076036, 27.853919], [85.076016, 27.853918], [85.076016, 27.8539], [85.075996, 27.8539], [85.075996, 27.853882], [85.075976, 27.853882], [85.075977, 27.853846], [85.075997, 27.853846], [85.075997, 27.853828], [85.076017, 27.853828], [85.076018, 27.85381], [85.076079, 27.853811], [85.076078, 27.853829], [85.076119, 27.85383], [85.076119, 27.853848], [85.076139, 27.853848], [85.076139, 27.853866], [85.076159, 27.853866], [85.076159, 27.853884], [85.076179, 27.853885], [85.076179, 27.853903], [85.076219, 27.853903], [85.076219, 27.853921], [85.076239, 27.853922], [85.076239, 27.85394], [85.076259, 27.85394], [85.076259, 27.853976], [85.076279, 27.853976], [85.076278, 27.853994], [85.076339, 27.853995], [85.076339, 27.854013], [85.076359, 27.854013], [85.076359, 27.854031], [85.076379, 27.854032], [85.076379, 27.854068], [85.076358, 27.854068], [85.076358, 27.854086], [85.076338, 27.854085], [85.076337, 27.854103], [85.076317, 27.854103], [85.076317, 27.854121], [85.076297, 27.854121], [85.076297, 27.854103], [85.076277, 27.854103], [85.076277, 27.854084], [85.076257, 27.854084], [85.076257, 27.854048], [85.076237, 27.854048], [85.076237, 27.85403], [85.076217, 27.854029], [85.076217, 27.854048], [85.076196, 27.854047], [85.076196, 27.854065], [85.076176, 27.854065], [85.076175, 27.854101], [85.076195, 27.854101], [85.076195, 27.854119], [85.076215, 27.85412], [85.076215, 27.854156], [85.076194, 27.854156], [85.076194, 27.854174], [85.076214, 27.854174], [85.076214, 27.85421], [85.076234, 27.85421], [85.076234, 27.854228], [85.076254, 27.854229], [85.076252, 27.854319], [85.076293, 27.854319], [85.076293, 27.854337], [85.076313, 27.854338], [85.076313, 27.854356], [85.076333, 27.854356], [85.076333, 27.854374], [85.076353, 27.854374], [85.076353, 27.854356], [85.076374, 27.854357], [85.076373, 27.854375], [85.076394, 27.854375], [85.076393, 27.854393], [85.076434, 27.854394], [85.076434, 27.854412], [85.076454, 27.854412], [85.076454, 27.85443], [85.076474, 27.85443], [85.076474, 27.854448], [85.076494, 27.854448], [85.076494, 27.854467], [85.076656, 27.854469], [85.076656, 27.854451], [85.076616, 27.85445], [85.076616, 27.854432], [85.076596, 27.854432], [85.076596, 27.854414], [85.076576, 27.854414], [85.076576, 27.854395], [85.076556, 27.854395], [85.076556, 27.854359], [85.076536, 27.854359], [85.076537, 27.854305], [85.076557, 27.854305], [85.076558, 27.854287], [85.076578, 27.854287], [85.076578, 27.854269], [85.076599, 27.854269], [85.076598, 27.854288], [85.076639, 27.854288], [85.076639, 27.854306], [85.076659, 27.854306], [85.076659, 27.854324], [85.076679, 27.854325], [85.076678, 27.854343], [85.076699, 27.854343], [85.076698, 27.854361], [85.076719, 27.854361], [85.076718, 27.854397], [85.07684, 27.854399], [85.07684, 27.854417], [85.07686, 27.854417], [85.07686, 27.854436], [85.07688, 27.854436], [85.076879, 27.854472], [85.07692, 27.854472], [85.07692, 27.854491], [85.07694, 27.854491], [85.07694, 27.854509], [85.07696, 27.854509], [85.07696, 27.854527], [85.07698, 27.854527], [85.07698, 27.854546], [85.077, 27.854546], [85.077, 27.854564], [85.07704, 27.854564], [85.07704, 27.854582], [85.07706, 27.854583], [85.07706, 27.854601], [85.07708, 27.854601], [85.07708, 27.854583], [85.077101, 27.854583], [85.077101, 27.854565], [85.077121, 27.854566], [85.077121, 27.854584], [85.077162, 27.854584], [85.077161, 27.854602], [85.077182, 27.854602], [85.077181, 27.854621], [85.077202, 27.854621], [85.077201, 27.854639], [85.077222, 27.854639], [85.077221, 27.854657], [85.077242, 27.854657], [85.077241, 27.854675], [85.077282, 27.854676], [85.077282, 27.854694], [85.077302, 27.854694], [85.077301, 27.854712], [85.077322, 27.854713], [85.077321, 27.854749], [85.077362, 27.854749], [85.077361, 27.854767], [85.077382, 27.854768], [85.077381, 27.854786], [85.077402, 27.854786], [85.077401, 27.854804], [85.077422, 27.854804], [85.077421, 27.85484], [85.077441, 27.854841], [85.077441, 27.854859], [85.077461, 27.854859], [85.077461, 27.854877], [85.077481, 27.854877], [85.077481, 27.854895], [85.077501, 27.854896], [85.077501, 27.854914], [85.077521, 27.854914], [85.077521, 27.854932], [85.077541, 27.854932], [85.07754, 27.855005], [85.077581, 27.855005], [85.07758, 27.855023], [85.077601, 27.855023], [85.0776, 27.855041], [85.077621, 27.855042], [85.07762, 27.85506], [85.0776, 27.85506], [85.0776, 27.855078], [85.07764, 27.855078], [85.07764, 27.855096], [85.07766, 27.855096], [85.07766, 27.855115], [85.07768, 27.855115], [85.07768, 27.855133], [85.07766, 27.855133], [85.077659, 27.855151], [85.0777, 27.855151], [85.0777, 27.855169], [85.07772, 27.855169], [85.07772, 27.855188], [85.07774, 27.855188], [85.07774, 27.855206], [85.07776, 27.855206], [85.07776, 27.855224], [85.0778, 27.855225], [85.0778, 27.855243], [85.07782, 27.855243], [85.07782, 27.855261], [85.077881, 27.855262], [85.07788, 27.85528], [85.077901, 27.85528], [85.0779, 27.855298], [85.077921, 27.855299], [85.07792, 27.855317], [85.0779, 27.855316], [85.077899, 27.855352], [85.07792, 27.855353], [85.077919, 27.855371], [85.07794, 27.855371], [85.07794, 27.855353], [85.077981, 27.855354], [85.07798, 27.855372], [85.078001, 27.855372], [85.078, 27.85539], [85.078021, 27.85539], [85.07802, 27.855408], [85.078, 27.855408], [85.078, 27.855426], [85.078081, 27.855427], [85.078081, 27.855445], [85.078101, 27.855446], [85.078101, 27.855464], [85.078121, 27.855464], [85.07812, 27.8555], [85.078141, 27.8555], [85.078139, 27.855572], [85.07816, 27.855573], [85.078159, 27.855609], [85.07824, 27.85561], [85.07824, 27.855592], [85.078261, 27.855592], [85.07826, 27.85561], [85.078362, 27.855612], [85.078362, 27.85563], [85.078382, 27.85563], [85.078382, 27.855648], [85.078402, 27.855648], [85.078402, 27.855666], [85.078442, 27.855667], [85.078442, 27.855685], [85.078462, 27.855685], [85.078462, 27.855703], [85.078502, 27.855704], [85.078503, 27.855686], [85.078523, 27.855686], [85.078523, 27.855668], [85.078645, 27.85567], [85.078645, 27.855688], [85.078665, 27.855688], [85.078665, 27.855706], [85.078705, 27.855707], [85.078706, 27.855689], [85.078746, 27.855689], [85.078747, 27.855671], [85.078808, 27.855672], [85.078808, 27.855654], [85.078869, 27.855655], [85.078869, 27.855673], [85.078889, 27.855673], [85.078889, 27.855691], [85.078909, 27.855691], [85.078909, 27.855709], [85.078969, 27.85571], [85.07897, 27.855674], [85.07899, 27.855675], [85.078991, 27.855656], [85.079011, 27.855657], [85.079011, 27.855639], [85.079032, 27.855639], [85.079031, 27.855657], [85.079072, 27.855658], [85.079072, 27.85564], [85.079093, 27.85564], [85.079093, 27.855622], [85.079113, 27.855622], [85.079113, 27.85564], [85.079133, 27.85564], [85.079133, 27.855658], [85.079153, 27.855659], [85.079153, 27.855677], [85.079193, 27.855677], [85.079193, 27.855695], [85.079213, 27.855696], [85.079213, 27.855714], [85.079233, 27.855714], [85.079233, 27.855732], [85.079253, 27.855732], [85.079252, 27.855805], [85.079313, 27.855805], [85.079313, 27.855787], [85.079334, 27.855788], [85.079334, 27.85577], [85.079375, 27.85577], [85.079374, 27.855788], [85.079435, 27.855789], [85.079435, 27.855771], [85.079496, 27.855772], [85.079496, 27.85579], [85.079537, 27.85579], [85.079537, 27.855772], [85.079557, 27.855773], [85.079557, 27.855791], [85.079577, 27.855791], [85.079577, 27.855809], [85.079597, 27.855809], [85.079597, 27.855827], [85.079759, 27.85583], [85.079759, 27.855848], [85.079779, 27.855848], [85.079779, 27.855866], [85.07984, 27.855867], [85.07984, 27.855885], [85.07988, 27.855885], [85.079881, 27.855867], [85.079921, 27.855868], [85.079921, 27.855886], [85.079982, 27.855887], [85.079982, 27.855869], [85.080002, 27.855869], [85.080003, 27.855851], [85.080064, 27.855852], [85.080063, 27.85587], [85.080084, 27.85587], [85.080083, 27.855888], [85.080104, 27.855889], [85.080103, 27.855925], [85.080204, 27.855926], [85.080205, 27.855908], [85.080245, 27.855909], [85.080246, 27.855891], [85.080307, 27.855891], [85.080306, 27.855909], [85.080367, 27.85591], [85.080367, 27.855928], [85.080428, 27.855929], [85.080428, 27.855911], [85.080489, 27.855912], [85.080489, 27.85593], [85.080509, 27.85593], [85.080509, 27.855948], [85.08063, 27.85595], [85.08063, 27.855968], [85.080732, 27.85597], [85.080731, 27.855988], [85.080853, 27.855989], [85.080853, 27.856007], [85.080873, 27.856008], [85.080873, 27.85599], [85.080995, 27.855991], [85.080995, 27.856009], [85.081015, 27.85601], [85.081015, 27.856028], [85.081035, 27.856028], [85.081035, 27.856046], [85.081157, 27.856048], [85.081156, 27.856066], [85.081197, 27.856066], [85.081197, 27.856084], [85.081319, 27.856086], [85.081318, 27.856104], [85.081704, 27.856109], [85.081704, 27.856127], [85.081825, 27.856129], [85.081826, 27.856111], [85.081887, 27.856112], [85.081886, 27.85613], [85.081907, 27.85613], [85.081907, 27.856112], [85.082008, 27.856114], [85.082008, 27.856132], [85.082028, 27.856132], [85.082028, 27.85615], [85.082048, 27.85615], [85.082048, 27.856168], [85.082068, 27.856169], [85.082068, 27.856187], [85.082088, 27.856187], [85.082089, 27.856169], [85.08215, 27.85617], [85.08215, 27.856152], [85.082191, 27.856152], [85.08219, 27.85617], [85.082211, 27.856171], [85.08221, 27.856189], [85.082291, 27.85619], [85.082291, 27.856208], [85.082332, 27.856208], [85.082332, 27.85619], [85.082393, 27.856191], [85.082393, 27.856209], [85.082413, 27.856209], [85.082413, 27.856228], [85.082433, 27.856228], [85.082432, 27.856264], [85.082453, 27.856264], [85.082453, 27.856246], [85.082494, 27.856247], [85.082493, 27.856265], [85.082514, 27.856265], [85.082513, 27.856283], [85.082534, 27.856283], [85.082533, 27.856301], [85.082553, 27.856302], [85.082553, 27.85632], [85.082573, 27.85632], [85.082573, 27.856338], [85.082593, 27.856338], [85.082593, 27.856356], [85.082573, 27.856356], [85.082573, 27.856374], [85.082552, 27.856374], [85.082552, 27.856392], [85.082389, 27.85639], [85.08239, 27.856372], [85.082369, 27.856371], [85.08237, 27.856353], [85.08235, 27.856353], [85.08235, 27.856335], [85.08233, 27.856335], [85.082329, 27.856353], [85.082268, 27.856352], [85.082269, 27.856334], [85.082248, 27.856334], [85.082249, 27.856316], [85.082228, 27.856315], [85.082229, 27.856261], [85.082168, 27.85626], [85.082168, 27.856278], [85.082148, 27.856278], [85.082148, 27.85626], [85.082128, 27.85626], [85.082127, 27.856278], [85.082107, 27.856277], [85.082107, 27.856295], [85.082087, 27.856295], [85.082086, 27.856313], [85.082066, 27.856313], [85.082066, 27.856331], [85.081944, 27.856329], [85.081944, 27.856311], [85.081924, 27.856311], [85.081924, 27.856293], [85.081883, 27.856292], [85.081883, 27.856328], [85.081863, 27.856328], [85.081862, 27.856346], [85.081842, 27.856346], [85.081842, 27.856364], [85.081821, 27.856364], [85.081822, 27.856346], [85.081781, 27.856345], [85.081781, 27.856363], [85.08176, 27.856363], [85.081761, 27.856345], [85.08174, 27.856345], [85.081741, 27.856326], [85.08172, 27.856326], [85.081721, 27.856308], [85.0817, 27.856308], [85.0817, 27.856326], [85.08168, 27.856326], [85.08168, 27.856344], [85.081659, 27.856343], [85.081659, 27.856361], [85.081639, 27.856361], [85.081638, 27.856379], [85.081354, 27.856375], [85.081354, 27.856357], [85.081334, 27.856357], [85.081334, 27.856375], [85.081313, 27.856375], [85.081313, 27.856393], [85.081293, 27.856392], [85.081292, 27.85641], [85.081211, 27.856409], [85.081212, 27.856391], [85.081151, 27.85639], [85.08115, 27.856409], [85.080927, 27.856405], [85.080927, 27.856387], [85.080826, 27.856386], [85.080826, 27.856368], [85.080745, 27.856367], [85.080745, 27.856385], [85.080704, 27.856384], [85.080704, 27.856366], [85.080583, 27.856365], [85.080583, 27.856346], [85.080542, 27.856346], [85.080542, 27.856364], [85.080522, 27.856364], [85.080521, 27.856382], [85.080501, 27.856381], [85.080501, 27.856399], [85.080419, 27.856398]], [[85.079043, 27.856145], [85.079104, 27.856145], [85.079104, 27.856127], [85.079125, 27.856128], [85.079125, 27.856073], [85.079065, 27.856073], [85.079064, 27.856091], [85.079044, 27.85609], [85.079043, 27.856145]], [[85.076894, 27.854797], [85.076914, 27.854797], [85.076914, 27.854779], [85.076935, 27.85478], [85.076935, 27.854761], [85.076996, 27.854762], [85.076997, 27.854726], [85.076976, 27.854726], [85.076977, 27.85469], [85.076896, 27.854689], [85.076894, 27.854797]], [[85.076388, 27.8547], [85.076428, 27.8547], [85.076429, 27.854682], [85.076449, 27.854683], [85.076449, 27.854664], [85.076531, 27.854666], [85.076531, 27.854648], [85.076572, 27.854648], [85.076572, 27.85463], [85.076592, 27.85463], [85.076593, 27.854576], [85.076553, 27.854576], [85.076552, 27.854594], [85.076512, 27.854593], [85.076512, 27.854575], [85.076492, 27.854575], [85.076492, 27.854557], [85.076472, 27.854556], [85.076471, 27.854575], [85.076451, 27.854574], [85.076451, 27.854592], [85.07643, 27.854592], [85.07643, 27.85461], [85.07645, 27.85461], [85.07645, 27.854628], [85.07643, 27.854628], [85.076429, 27.854646], [85.076409, 27.854646], [85.076409, 27.854664], [85.076389, 27.854664], [85.076388, 27.8547]], [[85.076308, 27.854626], [85.076349, 27.854627], [85.076349, 27.854609], [85.076369, 27.854609], [85.076369, 27.854591], [85.07639, 27.854591], [85.07639, 27.854573], [85.07637, 27.854573], [85.07637, 27.854537], [85.07631, 27.854536], [85.076309, 27.854554], [85.076289, 27.854554], [85.076288, 27.85459], [85.076309, 27.85459], [85.076308, 27.854626]], [[85.076755, 27.854615], [85.076796, 27.854615], [85.076796, 27.854597], [85.076816, 27.854597], [85.076817, 27.854543], [85.076797, 27.854543], [85.076797, 27.854525], [85.076736, 27.854524], [85.076735, 27.854596], [85.076755, 27.854597], [85.076755, 27.854615]]]}, "properties": {"layer": "stripped vegetation, day 2", "note": "cloud-free 59% of corridor only"}}, {"type": "Feature", "geometry": {"type": "Polygon", "coordinates": [[[85.07557, 27.853876], [85.07557, 27.853858], [85.07555, 27.853858], [85.07555, 27.85384], [85.07553, 27.853839], [85.07553, 27.853821], [85.07551, 27.853821], [85.07551, 27.853803], [85.07549, 27.853803], [85.07549, 27.853785], [85.07547, 27.853784], [85.07547, 27.853766], [85.07543, 27.853766], [85.075429, 27.853784], [85.075409, 27.853784], [85.075409, 27.853802], [85.075388, 27.853801], [85.075389, 27.853783], [85.075368, 27.853783], [85.075369, 27.853765], [85.075348, 27.853765], [85.075349, 27.853747], [85.075369, 27.853747], [85.075369, 27.853729], [85.07539, 27.853729], [85.07539, 27.853711], [85.07541, 27.853711], [85.07541, 27.853729], [85.07543, 27.85373], [85.07543, 27.853748], [85.075471, 27.853748], [85.075471, 27.85373], [85.075491, 27.853731], [85.075491, 27.853713], [85.075512, 27.853713], [85.075511, 27.853731], [85.075532, 27.853731], [85.075531, 27.853749], [85.075552, 27.853749], [85.075551, 27.853768], [85.075572, 27.853768], [85.075571, 27.853786], [85.075592, 27.853786], [85.075591, 27.853804], [85.075612, 27.853804], [85.075611, 27.853823], [85.075632, 27.853823], [85.075631, 27.853841], [85.075611, 27.853841], [85.075611, 27.853859], [85.07559, 27.853858], [85.07559, 27.853876], [85.07557, 27.853876]]]}, "properties": {"layer": "stripped vegetation, day 2", "note": "cloud-free 59% of corridor only"}}, {"type": "Feature", "geometry": {"type": "Polygon", "coordinates": [[[85.075288, 27.853728], [85.075288, 27.85371], [85.075268, 27.853709], [85.075268, 27.853691], [85.075248, 27.853691], [85.075248, 27.853673], [85.075228, 27.853673], [85.075229, 27.853655], [85.075208, 27.853654], [85.075209, 27.853636], [85.075229, 27.853637], [85.075229, 27.853619], [85.075249, 27.853619], [85.07525, 27.853601], [85.07527, 27.853601], [85.07527, 27.853619], [85.07529, 27.853619], [85.07529, 27.853638], [85.07531, 27.853638], [85.07531, 27.853656], [85.07533, 27.853656], [85.07533, 27.853674], [85.07535, 27.853674], [85.07535, 27.853693], [85.075329, 27.853692], [85.075329, 27.85371], [85.075309, 27.85371], [85.075308, 27.853728], [85.075288, 27.853728]]]}, "properties": {"layer": "stripped vegetation, day 2", "note": "cloud-free 59% of corridor only"}}, {"type": "Feature", "geometry": {"type": "Polygon", "coordinates": [[[85.077748, 27.8536], [85.077748, 27.853582], [85.077728, 27.853581], [85.077728, 27.853563], [85.077708, 27.853563], [85.077708, 27.853545], [85.077688, 27.853545], [85.077688, 27.853509], [85.077668, 27.853508], [85.077669, 27.853472], [85.077689, 27.853472], [85.077689, 27.853454], [85.07771, 27.853455], [85.07771, 27.853437], [85.07773, 27.853437], [85.07773, 27.853455], [85.07775, 27.853455], [85.07775, 27.853473], [85.07779, 27.853474], [85.07779, 27.853492], [85.07781, 27.853492], [85.07781, 27.85351], [85.07783, 27.853511], [85.07783, 27.853529], [85.07785, 27.853529], [85.07785, 27.853547], [85.07787, 27.853547], [85.07787, 27.853565], [85.07785, 27.853565], [85.077849, 27.853583], [85.077829, 27.853583], [85.077829, 27.853601], [85.077748, 27.8536]]]}, "properties": {"layer": "stripped vegetation, day 2", "note": "cloud-free 59% of corridor only"}}, {"type": "Feature", "geometry": {"type": "Polygon", "coordinates": [[[85.069749, 27.854607], [85.069749, 27.854589], [85.069729, 27.854589], [85.069729, 27.854571], [85.069709, 27.85457], [85.069709, 27.854552], [85.069689, 27.854552], [85.069689, 27.854534], [85.069669, 27.854534], [85.069669, 27.854516], [85.069649, 27.854515], [85.069649, 27.854497], [85.069629, 27.854497], [85.069629, 27.854479], [85.069609, 27.854479], [85.069609, 27.854461], [85.069589, 27.85446], [85.069589, 27.854442], [85.06961, 27.854443], [85.06961, 27.854425], [85.06963, 27.854425], [85.069631, 27.854407], [85.069651, 27.854407], [85.069651, 27.854389], [85.069672, 27.854389], [85.069672, 27.854371], [85.069692, 27.854372], [85.069693, 27.854353], [85.069713, 27.854354], [85.069713, 27.854336], [85.069733, 27.854336], [85.069734, 27.854318], [85.069754, 27.854318], [85.069754, 27.8543], [85.069775, 27.8543], [85.069775, 27.854282], [85.069795, 27.854283], [85.069796, 27.854265], [85.069816, 27.854265], [85.069817, 27.854229], [85.069796, 27.854229], [85.069797, 27.854211], [85.069776, 27.85421], [85.069777, 27.854192], [85.069756, 27.854192], [85.069757, 27.854174], [85.069736, 27.854174], [85.069737, 27.854156], [85.069716, 27.854155], [85.069717, 27.854137], [85.069696, 27.854137], [85.069697, 27.854119], [85.069717, 27.854119], [85.069717, 27.854101], [85.069738, 27.854101], [85.069738, 27.854083], [85.069758, 27.854084], [85.069759, 27.854066], [85.069779, 27.854066], [85.069779, 27.85403], [85.0698, 27.85403], [85.0698, 27.854012], [85.06982, 27.854012], [85.069821, 27.853994], [85.069841, 27.853995], [85.069841, 27.853977], [85.069862, 27.853977], [85.069862, 27.853959], [85.069943, 27.85396], [85.069944, 27.853942], [85.070004, 27.853943], [85.070005, 27.853925], [85.070025, 27.853925], [85.070025, 27.853907], [85.070046, 27.853907], [85.070046, 27.853889], [85.070087, 27.85389], [85.070086, 27.853908], [85.070107, 27.853908], [85.070106, 27.853926], [85.070127, 27.853926], [85.070126, 27.853944], [85.070147, 27.853945], [85.070146, 27.853963], [85.070167, 27.853963], [85.070166, 27.853981], [85.070187, 27.853981], [85.070187, 27.853963], [85.070207, 27.853964], [85.070207, 27.853946], [85.070228, 27.853946], [85.070228, 27.853928], [85.070248, 27.853928], [85.070249, 27.85391], [85.070269, 27.85391], [85.070269, 27.853892], [85.07029, 27.853893], [85.07029, 27.853874], [85.07031, 27.853875], [85.070311, 27.853857], [85.070331, 27.853857], [85.070331, 27.853839], [85.070351, 27.853839], [85.070352, 27.853821], [85.070372, 27.853821], [85.070372, 27.853803], [85.070393, 27.853804], [85.070393, 27.853786], [85.070413, 27.853786], [85.070414, 27.853768], [85.070434, 27.853768], [85.070434, 27.85375], [85.070455, 27.85375], [85.070455, 27.853732], [85.070475, 27.853733], [85.070476, 27.853715], [85.070496, 27.853715], [85.070496, 27.853697], [85.070537, 27.853697], [85.070536, 27.853716], [85.070557, 27.853716], [85.070556, 27.853734], [85.070577, 27.853734], [85.070576, 27.853752], [85.070597, 27.853752], [85.070596, 27.85377], [85.070617, 27.853771], [85.070617, 27.853753], [85.070637, 27.853753], [85.070637, 27.853771], [85.070657, 27.853771], [85.070657, 27.853789], [85.070677, 27.85379], [85.070677, 27.853808], [85.070778, 27.853809], [85.070779, 27.853791], [85.070799, 27.853791], [85.070799, 27.853773], [85.07082, 27.853774], [85.07082, 27.853756], [85.07084, 27.853756], [85.070841, 27.853738], [85.070861, 27.853738], [85.070861, 27.85372], [85.070882, 27.85372], [85.070882, 27.853702], [85.070902, 27.853703], [85.070903, 27.853685], [85.070923, 27.853685], [85.070923, 27.853667], [85.070943, 27.853667], [85.070944, 27.853649], [85.070964, 27.853649], [85.070964, 27.853631], [85.070985, 27.853632], [85.070985, 27.853613], [85.071005, 27.853614], [85.071006, 27.853596], [85.071026, 27.853596], [85.071026, 27.853578], [85.071047, 27.853578], [85.071047, 27.85356], [85.071067, 27.85356], [85.071067, 27.853542], [85.071088, 27.853543], [85.071088, 27.853525], [85.071108, 27.853525], [85.071109, 27.853507], [85.071088, 27.853507], [85.071089, 27.853471], [85.071109, 27.853471], [85.07111, 27.853453], [85.071089, 27.853453], [85.07109, 27.853434], [85.07111, 27.853435], [85.07111, 27.853417], [85.071131, 27.853417], [85.071131, 27.853399], [85.071111, 27.853399], [85.071111, 27.853381], [85.071131, 27.853381], [85.071132, 27.853363], [85.071152, 27.853363], [85.071152, 27.853345], [85.071193, 27.853346], [85.071192, 27.853364], [85.071213, 27.853364], [85.071212, 27.853382], [85.071253, 27.853383], [85.071253, 27.853365], [85.071274, 27.853365], [85.071274, 27.853347], [85.071335, 27.853348], [85.071335, 27.853366], [85.071355, 27.853366], [85.071355, 27.853384], [85.071375, 27.853384], [85.071374, 27.85342], [85.071354, 27.85342], [85.071354, 27.853438], [85.071333, 27.853438], [85.071333, 27.853456], [85.071374, 27.853456], [85.071373, 27.853475], [85.071394, 27.853475], [85.071393, 27.853493], [85.071414, 27.853493], [85.071413, 27.853511], [85.071434, 27.853511], [85.071433, 27.85353], [85.071454, 27.85353], [85.071453, 27.853548], [85.071474, 27.853548], [85.071472, 27.853638], [85.071452, 27.853638], [85.071451, 27.853656], [85.071472, 27.853656], [85.071471, 27.853674], [85.071492, 27.853675], [85.071491, 27.853693], [85.071471, 27.853692], [85.071471, 27.853711], [85.07145, 27.85371], [85.07145, 27.853728], [85.071389, 27.853727], [85.071389, 27.853745], [85.071328, 27.853745], [85.071328, 27.853763], [85.071287, 27.853762], [85.071287, 27.853744], [85.071267, 27.853744], [85.071267, 27.853762], [85.071226, 27.853761], [85.071226, 27.853779], [85.071205, 27.853779], [85.071205, 27.853797], [85.071185, 27.853797], [85.071185, 27.853815], [85.071164, 27.853815], [85.071164, 27.853833], [85.071083, 27.853831], [85.071082, 27.853849], [85.071062, 27.853849], [85.071062, 27.853867], [85.071041, 27.853867], [85.071042, 27.853849], [85.071001, 27.853848], [85.071001, 27.853866], [85.070981, 27.853866], [85.07098, 27.853884], [85.07096, 27.853884], [85.07096, 27.853902], [85.070939, 27.853902], [85.07094, 27.853884], [85.070838, 27.853882], [85.070837, 27.853936], [85.070817, 27.853936], [85.070817, 27.853954], [85.070796, 27.853954], [85.070796, 27.853972], [85.070674, 27.85397], [85.070673, 27.854024], [85.070653, 27.854024], [85.070652, 27.854042], [85.070632, 27.854042], [85.070632, 27.85406], [85.070612, 27.854059], [85.070611, 27.854078], [85.07055, 27.854077], [85.07055, 27.854113], [85.070529, 27.854112], [85.070529, 27.854131], [85.070509, 27.85413], [85.070508, 27.854148], [85.070488, 27.854148], [85.070488, 27.854166], [85.070468, 27.854166], [85.070467, 27.854184], [85.070406, 27.854183], [85.070406, 27.854201], [85.070386, 27.854201], [85.070385, 27.854219], [85.070345, 27.854218], [85.070344, 27.854236], [85.070324, 27.854236], [85.070323, 27.854308], [85.070303, 27.854308], [85.070302, 27.854326], [85.070282, 27.854326], [85.070282, 27.854344], [85.070221, 27.854343], [85.07022, 27.854361], [85.070058, 27.854359], [85.070057, 27.854431], [85.070077, 27.854431], [85.070077, 27.854449], [85.070056, 27.854449], [85.070056, 27.854467], [85.070036, 27.854467], [85.070035, 27.854485], [85.069995, 27.854484], [85.069995, 27.854502], [85.069974, 27.854502], [85.069974, 27.85452], [85.069933, 27.854519], [85.069933, 27.854537], [85.069892, 27.854537], [85.069893, 27.854519], [85.069872, 27.854518], [85.069872, 27.854555], [85.069851, 27.854554], [85.069851, 27.854572], [85.069831, 27.854572], [85.06983, 27.85459], [85.06981, 27.85459], [85.069811, 27.854572], [85.06979, 27.854571], [85.06979, 27.854589], [85.06977, 27.854589], [85.069769, 27.854607], [85.069749, 27.854607]]]}, "properties": {"layer": "stripped vegetation, day 2", "note": "cloud-free 59% of corridor only"}}, {"type": "Feature", "geometry": {"type": "Polygon", "coordinates": [[[85.077612, 27.853237], [85.077612, 27.853219], [85.077592, 27.853218], [85.077592, 27.8532], [85.077572, 27.8532], [85.077572, 27.853182], [85.077592, 27.853182], [85.077593, 27.853164], [85.077613, 27.853165], [85.077613, 27.853147], [85.077634, 27.853147], [85.077633, 27.853165], [85.077654, 27.853165], [85.077653, 27.853183], [85.077674, 27.853183], [85.077673, 27.853201], [85.077653, 27.853201], [85.077653, 27.853219], [85.077632, 27.853219], [85.077632, 27.853237], [85.077612, 27.853237]]]}, "properties": {"layer": "stripped vegetation, day 2", "note": "cloud-free 59% of corridor only"}}, {"type": "Feature", "geometry": {"type": "Polygon", "coordinates": [[[85.077593, 27.853146], [85.077593, 27.853128], [85.077553, 27.853128], [85.077553, 27.85311], [85.077533, 27.853109], [85.077533, 27.853091], [85.077513, 27.853091], [85.077514, 27.853019], [85.077534, 27.853019], [85.077535, 27.853001], [85.077555, 27.853001], [85.077556, 27.852965], [85.077576, 27.852965], [85.077576, 27.852947], [85.077597, 27.852948], [85.077597, 27.85293], [85.077617, 27.85293], [85.077617, 27.852948], [85.077637, 27.852948], [85.077638, 27.85293], [85.077658, 27.852931], [85.077658, 27.852912], [85.077678, 27.852913], [85.077678, 27.852931], [85.077698, 27.852931], [85.077698, 27.852949], [85.077718, 27.852949], [85.077718, 27.852967], [85.077738, 27.852968], [85.077738, 27.852986], [85.077718, 27.852986], [85.077717, 27.853004], [85.077697, 27.853003], [85.077697, 27.853021], [85.077677, 27.853021], [85.077677, 27.853003], [85.077657, 27.853003], [85.077657, 27.852985], [85.077637, 27.852984], [85.077636, 27.853002], [85.077616, 27.853002], [85.077615, 27.853038], [85.077636, 27.853039], [85.077635, 27.853057], [85.077656, 27.853057], [85.077655, 27.853111], [85.077634, 27.853111], [85.077634, 27.853129], [85.077614, 27.853128], [85.077613, 27.853147], [85.077593, 27.853146]]]}, "properties": {"layer": "stripped vegetation, day 2", "note": "cloud-free 59% of corridor only"}}, {"type": "Feature", "geometry": {"type": "Polygon", "coordinates": [[[85.071574, 27.853622], [85.071574, 27.853604], [85.071554, 27.853603], [85.071554, 27.853585], [85.071534, 27.853585], [85.071534, 27.853567], [85.071514, 27.853567], [85.071514, 27.853549], [85.071494, 27.853548], [85.071494, 27.853512], [85.071474, 27.853512], [85.071474, 27.853494], [85.071454, 27.853494], [85.071455, 27.853422], [85.071435, 27.853421], [85.071435, 27.853403], [85.071415, 27.853403], [85.071416, 27.853349], [85.071396, 27.853348], [85.071396, 27.85333], [85.071376, 27.85333], [85.071376, 27.853312], [85.071356, 27.853312], [85.071357, 27.853276], [85.071377, 27.853276], [85.071377, 27.853258], [85.071397, 27.853258], [85.071398, 27.85324], [85.071418, 27.853241], [85.071418, 27.853222], [85.0715, 27.853224], [85.0715, 27.853206], [85.07152, 27.853206], [85.071521, 27.853188], [85.071541, 27.853188], [85.071541, 27.85317], [85.071561, 27.85317], [85.071562, 27.853152], [85.071582, 27.853153], [85.071582, 27.853171], [85.071663, 27.853172], [85.071663, 27.85319], [85.071683, 27.85319], [85.071683, 27.853208], [85.071703, 27.853208], [85.071703, 27.853226], [85.071682, 27.853226], [85.071682, 27.853244], [85.071662, 27.853244], [85.071661, 27.853262], [85.071641, 27.853262], [85.071641, 27.85328], [85.071702, 27.853281], [85.071702, 27.853263], [85.071722, 27.853263], [85.071723, 27.853245], [85.071743, 27.853245], [85.071743, 27.853227], [85.071764, 27.853227], [85.071764, 27.853209], [85.071804, 27.85321], [85.071805, 27.853192], [85.071886, 27.853193], [85.071886, 27.853175], [85.071927, 27.853175], [85.071927, 27.853157], [85.071948, 27.853158], [85.071948, 27.85314], [85.071968, 27.85314], [85.071968, 27.853122], [85.071989, 27.853122], [85.071988, 27.85314], [85.072009, 27.85314], [85.072009, 27.853104], [85.071989, 27.853104], [85.071989, 27.853086], [85.071969, 27.853086], [85.071969, 27.853068], [85.07199, 27.853068], [85.07199, 27.85305], [85.07201, 27.85305], [85.072011, 27.853032], [85.072031, 27.853032], [85.072031, 27.853051], [85.072051, 27.853051], [85.072051, 27.853033], [85.072072, 27.853033], [85.072072, 27.853015], [85.072092, 27.853015], [85.072092, 27.853033], [85.072153, 27.853034], [85.072152, 27.853052], [85.072193, 27.853053], [85.072193, 27.853035], [85.072214, 27.853035], [85.072214, 27.853017], [85.072295, 27.853018], [85.072295, 27.853036], [85.072315, 27.853036], [85.072316, 27.853018], [85.072356, 27.853019], [85.072356, 27.853037], [85.072376, 27.853037], [85.072376, 27.853019], [85.072417, 27.85302], [85.072417, 27.853002], [85.072438, 27.853002], [85.072438, 27.852984], [85.072458, 27.852984], [85.072459, 27.852966], [85.072479, 27.852967], [85.072479, 27.852949], [85.07252, 27.852949], [85.072519, 27.852967], [85.072601, 27.852968], [85.072601, 27.85295], [85.072662, 27.852951], [85.072662, 27.852933], [85.072865, 27.852936], [85.072865, 27.852954], [85.072885, 27.852954], [85.072885, 27.852972], [85.072905, 27.852973], [85.072905, 27.852991], [85.072885, 27.85299], [85.072884, 27.853008], [85.072945, 27.853009], [85.072946, 27.852991], [85.072966, 27.852991], [85.072966, 27.852955], [85.072987, 27.852956], [85.072987, 27.852938], [85.073007, 27.852938], [85.073008, 27.85292], [85.073048, 27.85292], [85.073049, 27.852902], [85.07313, 27.852903], [85.07313, 27.852885], [85.073232, 27.852887], [85.073231, 27.852905], [85.073272, 27.852905], [85.073273, 27.852869], [85.073252, 27.852869], [85.073253, 27.852833], [85.073273, 27.852833], [85.073274, 27.852815], [85.073294, 27.852815], [85.073294, 27.852797], [85.073314, 27.852798], [85.073314, 27.852816], [85.073334, 27.852816], [85.073334, 27.852834], [85.073354, 27.852834], [85.073354, 27.852852], [85.073374, 27.852853], [85.073375, 27.852835], [85.073436, 27.852836], [85.073435, 27.852854], [85.073456, 27.852854], [85.073455, 27.852872], [85.073476, 27.852872], [85.073475, 27.85289], [85.073516, 27.852891], [85.073516, 27.852909], [85.073536, 27.852909], [85.073536, 27.852927], [85.073556, 27.852927], [85.073556, 27.852945], [85.073535, 27.852945], [85.073535, 27.852963], [85.073596, 27.852964], [85.073596, 27.852982], [85.073616, 27.852982], [85.073616, 27.852964], [85.073657, 27.852965], [85.073657, 27.852947], [85.073698, 27.852947], [85.073697, 27.852966], [85.073718, 27.852966], [85.073717, 27.852984], [85.073778, 27.852985], [85.073778, 27.853003], [85.073879, 27.853004], [85.073879, 27.853022], [85.073899, 27.853022], [85.073899, 27.853041], [85.073919, 27.853041], [85.07392, 27.853023], [85.074021, 27.853024], [85.074021, 27.853042], [85.074102, 27.853043], [85.074102, 27.853061], [85.074163, 27.853062], [85.074162, 27.85308], [85.074223, 27.853081], [85.074223, 27.853099], [85.074243, 27.853099], [85.074243, 27.853118], [85.074304, 27.853118], [85.074304, 27.853136], [85.074344, 27.853137], [85.074344, 27.853155], [85.074364, 27.853155], [85.074364, 27.853173], [85.074384, 27.853174], [85.074384, 27.853192], [85.074404, 27.853192], [85.074404, 27.85321], [85.074383, 27.85321], [85.074383, 27.853228], [85.074363, 27.853228], [85.074363, 27.853246], [85.074383, 27.853246], [85.074383, 27.853264], [85.074443, 27.853265], [85.074444, 27.853247], [85.074464, 27.853247], [85.074464, 27.853229], [85.074546, 27.85323], [85.074545, 27.853248], [85.074586, 27.853249], [85.074586, 27.853267], [85.074646, 27.853268], [85.074646, 27.853286], [85.074687, 27.853286], [85.074686, 27.853304], [85.074707, 27.853305], [85.074706, 27.853323], [85.074767, 27.853323], [85.074767, 27.853341], [85.074808, 27.853342], [85.074807, 27.85336], [85.074848, 27.853361], [85.074848, 27.853379], [85.074868, 27.853379], [85.074868, 27.853397], [85.074888, 27.853397], [85.074888, 27.853415], [85.074908, 27.853416], [85.074907, 27.853434], [85.074928, 27.853434], [85.074927, 27.853452], [85.074948, 27.853452], [85.074947, 27.85347], [85.074968, 27.853471], [85.074967, 27.853489], [85.075008, 27.853489], [85.075008, 27.853471], [85.075049, 27.853472], [85.075049, 27.85349], [85.075069, 27.85349], [85.075069, 27.853508], [85.07513, 27.853509], [85.075129, 27.853527], [85.07515, 27.853527], [85.075149, 27.853545], [85.07517, 27.853546], [85.075169, 27.853564], [85.075189, 27.853564], [85.075189, 27.853582], [85.075209, 27.853582], [85.075209, 27.8536], [85.075189, 27.8536], [85.075189, 27.853618], [85.075168, 27.853618], [85.075168, 27.853636], [85.075066, 27.853634], [85.075067, 27.853616], [85.075006, 27.853616], [85.075005, 27.853634], [85.074985, 27.853633], [85.074985, 27.853651], [85.074965, 27.853651], [85.074964, 27.853669], [85.074924, 27.853669], [85.074924, 27.85365], [85.074883, 27.85365], [85.074884, 27.853632], [85.074823, 27.853631], [85.074823, 27.853613], [85.074782, 27.853612], [85.074783, 27.853594], [85.074763, 27.853594], [85.074763, 27.853576], [85.074702, 27.853575], [85.074702, 27.853557], [85.074682, 27.853557], [85.074682, 27.853539], [85.07456, 27.853537], [85.074561, 27.853519], [85.07452, 27.853518], [85.07452, 27.8535], [85.0745, 27.8535], [85.0745, 27.853482], [85.074399, 27.853481], [85.074399, 27.853463], [85.074379, 27.853462], [85.074379, 27.853444], [85.074298, 27.853443], [85.074298, 27.853425], [85.074156, 27.853423], [85.074157, 27.853405], [85.074096, 27.853404], [85.074096, 27.853386], [85.073974, 27.853385], [85.073975, 27.853366], [85.073873, 27.853365], [85.073873, 27.853347], [85.073853, 27.853347], [85.073853, 27.853329], [85.073813, 27.853328], [85.073812, 27.853346], [85.073772, 27.853346], [85.073772, 27.853328], [85.07365, 27.853326], [85.073651, 27.853308], [85.07361, 27.853307], [85.07361, 27.853289], [85.073387, 27.853286], [85.073387, 27.853268], [85.073347, 27.853267], [85.073347, 27.853249], [85.073327, 27.853249], [85.073327, 27.853231], [85.073307, 27.853231], [85.073307, 27.853213], [85.073287, 27.853212], [85.073287, 27.853194], [85.073267, 27.853194], [85.073267, 27.853176], [85.073247, 27.853176], [85.073247, 27.853158], [85.073267, 27.853158], [85.073268, 27.85314], [85.073288, 27.85314], [85.073289, 27.853086], [85.073269, 27.853086], [85.073269, 27.853068], [85.073228, 27.853067], [85.073228, 27.853085], [85.073208, 27.853085], [85.073208, 27.853103], [85.073187, 27.853103], [85.073187, 27.853121], [85.073167, 27.853121], [85.073167, 27.853103], [85.073126, 27.853102], [85.073127, 27.853084], [85.073106, 27.853084], [85.073106, 27.853102], [85.073086, 27.853101], [85.073086, 27.853083], [85.073005, 27.853082], [85.073005, 27.8531], [85.072984, 27.8531], [85.072984, 27.853118], [85.072943, 27.853117], [85.072943, 27.853135], [85.072923, 27.853135], [85.072922, 27.853153], [85.072902, 27.853153], [85.072902, 27.853135], [85.072882, 27.853135], [85.072882, 27.853117], [85.072801, 27.853115], [85.072801, 27.853097], [85.072781, 27.853097], [85.072781, 27.853115], [85.07272, 27.853114], [85.07272, 27.853132], [85.072699, 27.853132], [85.072699, 27.85315], [85.072557, 27.853148], [85.072557, 27.853166], [85.072516, 27.853166], [85.072516, 27.853184], [85.072475, 27.853183], [85.072475, 27.853165], [85.072455, 27.853165], [85.072455, 27.853183], [85.072434, 27.853183], [85.072434, 27.853201], [85.072394, 27.8532], [85.072394, 27.853182], [85.072374, 27.853182], [85.072373, 27.8532], [85.072353, 27.853199], [85.072353, 27.853217], [85.072332, 27.853217], [85.072332, 27.853235], [85.072312, 27.853235], [85.072312, 27.853217], [85.072292, 27.853217], [85.072292, 27.853199], [85.072272, 27.853198], [85.072272, 27.853162], [85.072293, 27.853162], [85.072293, 27.853144], [85.072313, 27.853145], [85.072314, 27.853109], [85.072273, 27.853108], [85.072273, 27.853126], [85.072253, 27.853126], [85.072252, 27.853144], [85.072232, 27.853144], [85.072232, 27.853126], [85.072212, 27.853125], [85.072212, 27.853107], [85.072172, 27.853107], [85.072171, 27.853125], [85.072192, 27.853125], [85.072191, 27.853143], [85.072212, 27.853143], [85.072211, 27.853161], [85.072232, 27.853162], [85.072231, 27.85318], [85.072252, 27.85318], [85.072249, 27.853306], [85.072229, 27.853306], [85.072229, 27.853324], [85.072209, 27.853324], [85.072208, 27.853342], [85.072188, 27.853342], [85.072188, 27.85336], [85.072167, 27.853359], [85.072167, 27.853377], [85.072126, 27.853377], [85.072127, 27.853359], [85.072086, 27.853358], [85.072086, 27.853376], [85.072065, 27.853376], [85.072065, 27.853412], [85.072045, 27.853412], [85.072044, 27.85343], [85.072024, 27.853429], [85.072024, 27.853448], [85.071922, 27.853446], [85.071922, 27.853464], [85.071881, 27.853464], [85.071881, 27.853482], [85.071739, 27.85348], [85.071738, 27.853516], [85.071758, 27.853516], [85.071758, 27.853534], [85.071738, 27.853534], [85.071737, 27.853552], [85.071717, 27.853552], [85.071717, 27.85357], [85.071697, 27.853569], [85.071696, 27.853587], [85.071615, 27.853586], [85.071615, 27.853604], [85.071594, 27.853604], [85.071594, 27.853622], [85.071574, 27.853622]]]}, "properties": {"layer": "stripped vegetation, day 2", "note": "cloud-free 59% of corridor only"}}]}